[2025-10-30T15:52:54.281+0000] {processor.py:161} INFO - Started process (PID=222) to work on /opt/airflow/dags/reddit_pipeline_dag.py
[2025-10-30T15:52:54.283+0000] {processor.py:830} INFO - Processing file /opt/airflow/dags/reddit_pipeline_dag.py for tasks to queue
[2025-10-30T15:52:54.284+0000] {logging_mixin.py:188} INFO - [2025-10-30T15:52:54.284+0000] {dagbag.py:538} INFO - Filling up the DagBag from /opt/airflow/dags/reddit_pipeline_dag.py
[2025-10-30T15:52:54.311+0000] {processor.py:840} INFO - DAG(s) 'reddit_pipeline_dag' retrieved from /opt/airflow/dags/reddit_pipeline_dag.py
[2025-10-30T15:52:54.341+0000] {logging_mixin.py:188} INFO - [2025-10-30T15:52:54.341+0000] {dag.py:3036} INFO - Sync 1 DAGs
[2025-10-30T15:52:54.404+0000] {processor.py:183} INFO - Processing /opt/airflow/dags/reddit_pipeline_dag.py took 0.126 seconds
[2025-10-30T15:53:25.068+0000] {processor.py:161} INFO - Started process (PID=306) to work on /opt/airflow/dags/reddit_pipeline_dag.py
[2025-10-30T15:53:25.069+0000] {processor.py:830} INFO - Processing file /opt/airflow/dags/reddit_pipeline_dag.py for tasks to queue
[2025-10-30T15:53:25.070+0000] {logging_mixin.py:188} INFO - [2025-10-30T15:53:25.069+0000] {dagbag.py:538} INFO - Filling up the DagBag from /opt/airflow/dags/reddit_pipeline_dag.py
[2025-10-30T15:53:25.087+0000] {processor.py:840} INFO - DAG(s) 'reddit_pipeline_dag' retrieved from /opt/airflow/dags/reddit_pipeline_dag.py
[2025-10-30T15:53:25.238+0000] {logging_mixin.py:188} INFO - [2025-10-30T15:53:25.238+0000] {dag.py:3036} INFO - Sync 1 DAGs
[2025-10-30T15:53:25.271+0000] {processor.py:183} INFO - Processing /opt/airflow/dags/reddit_pipeline_dag.py took 0.205 seconds
[2025-10-30T15:53:55.894+0000] {processor.py:161} INFO - Started process (PID=389) to work on /opt/airflow/dags/reddit_pipeline_dag.py
[2025-10-30T15:53:55.895+0000] {processor.py:830} INFO - Processing file /opt/airflow/dags/reddit_pipeline_dag.py for tasks to queue
[2025-10-30T15:53:55.896+0000] {logging_mixin.py:188} INFO - [2025-10-30T15:53:55.896+0000] {dagbag.py:538} INFO - Filling up the DagBag from /opt/airflow/dags/reddit_pipeline_dag.py
[2025-10-30T15:53:55.917+0000] {processor.py:840} INFO - DAG(s) 'reddit_pipeline_dag' retrieved from /opt/airflow/dags/reddit_pipeline_dag.py
[2025-10-30T15:53:55.944+0000] {logging_mixin.py:188} INFO - [2025-10-30T15:53:55.944+0000] {dag.py:3036} INFO - Sync 1 DAGs
[2025-10-30T15:53:55.993+0000] {processor.py:183} INFO - Processing /opt/airflow/dags/reddit_pipeline_dag.py took 0.102 seconds
[2025-10-30T15:54:26.693+0000] {processor.py:161} INFO - Started process (PID=394) to work on /opt/airflow/dags/reddit_pipeline_dag.py
[2025-10-30T15:54:26.695+0000] {processor.py:830} INFO - Processing file /opt/airflow/dags/reddit_pipeline_dag.py for tasks to queue
[2025-10-30T15:54:26.697+0000] {logging_mixin.py:188} INFO - [2025-10-30T15:54:26.696+0000] {dagbag.py:538} INFO - Filling up the DagBag from /opt/airflow/dags/reddit_pipeline_dag.py
[2025-10-30T15:54:26.718+0000] {processor.py:840} INFO - DAG(s) 'reddit_pipeline_dag' retrieved from /opt/airflow/dags/reddit_pipeline_dag.py
[2025-10-30T15:54:26.748+0000] {logging_mixin.py:188} INFO - [2025-10-30T15:54:26.748+0000] {dag.py:3036} INFO - Sync 1 DAGs
[2025-10-30T15:54:26.792+0000] {processor.py:183} INFO - Processing /opt/airflow/dags/reddit_pipeline_dag.py took 0.102 seconds
[2025-10-30T15:54:57.517+0000] {processor.py:161} INFO - Started process (PID=399) to work on /opt/airflow/dags/reddit_pipeline_dag.py
[2025-10-30T15:54:57.519+0000] {processor.py:830} INFO - Processing file /opt/airflow/dags/reddit_pipeline_dag.py for tasks to queue
[2025-10-30T15:54:57.520+0000] {logging_mixin.py:188} INFO - [2025-10-30T15:54:57.519+0000] {dagbag.py:538} INFO - Filling up the DagBag from /opt/airflow/dags/reddit_pipeline_dag.py
[2025-10-30T15:54:57.555+0000] {processor.py:840} INFO - DAG(s) 'reddit_pipeline_dag' retrieved from /opt/airflow/dags/reddit_pipeline_dag.py
[2025-10-30T15:54:57.587+0000] {logging_mixin.py:188} INFO - [2025-10-30T15:54:57.586+0000] {dag.py:3036} INFO - Sync 1 DAGs
[2025-10-30T15:54:57.632+0000] {processor.py:183} INFO - Processing /opt/airflow/dags/reddit_pipeline_dag.py took 0.118 seconds
[2025-10-30T15:55:29.295+0000] {processor.py:161} INFO - Started process (PID=404) to work on /opt/airflow/dags/reddit_pipeline_dag.py
[2025-10-30T15:55:29.297+0000] {processor.py:830} INFO - Processing file /opt/airflow/dags/reddit_pipeline_dag.py for tasks to queue
[2025-10-30T15:55:29.298+0000] {logging_mixin.py:188} INFO - [2025-10-30T15:55:29.298+0000] {dagbag.py:538} INFO - Filling up the DagBag from /opt/airflow/dags/reddit_pipeline_dag.py
[2025-10-30T15:55:29.318+0000] {processor.py:840} INFO - DAG(s) 'reddit_pipeline_dag' retrieved from /opt/airflow/dags/reddit_pipeline_dag.py
[2025-10-30T15:55:29.348+0000] {logging_mixin.py:188} INFO - [2025-10-30T15:55:29.348+0000] {dag.py:3036} INFO - Sync 1 DAGs
[2025-10-30T15:55:29.395+0000] {processor.py:183} INFO - Processing /opt/airflow/dags/reddit_pipeline_dag.py took 0.104 seconds
[2025-10-30T15:56:00.220+0000] {processor.py:161} INFO - Started process (PID=409) to work on /opt/airflow/dags/reddit_pipeline_dag.py
[2025-10-30T15:56:00.221+0000] {processor.py:830} INFO - Processing file /opt/airflow/dags/reddit_pipeline_dag.py for tasks to queue
[2025-10-30T15:56:00.221+0000] {logging_mixin.py:188} INFO - [2025-10-30T15:56:00.221+0000] {dagbag.py:538} INFO - Filling up the DagBag from /opt/airflow/dags/reddit_pipeline_dag.py
[2025-10-30T15:56:00.238+0000] {processor.py:840} INFO - DAG(s) 'reddit_pipeline_dag' retrieved from /opt/airflow/dags/reddit_pipeline_dag.py
[2025-10-30T15:56:00.261+0000] {logging_mixin.py:188} INFO - [2025-10-30T15:56:00.261+0000] {dag.py:3036} INFO - Sync 1 DAGs
[2025-10-30T15:56:00.297+0000] {processor.py:183} INFO - Processing /opt/airflow/dags/reddit_pipeline_dag.py took 0.080 seconds
[2025-10-30T15:56:31.986+0000] {processor.py:161} INFO - Started process (PID=414) to work on /opt/airflow/dags/reddit_pipeline_dag.py
[2025-10-30T15:56:31.988+0000] {processor.py:830} INFO - Processing file /opt/airflow/dags/reddit_pipeline_dag.py for tasks to queue
[2025-10-30T15:56:31.990+0000] {logging_mixin.py:188} INFO - [2025-10-30T15:56:31.989+0000] {dagbag.py:538} INFO - Filling up the DagBag from /opt/airflow/dags/reddit_pipeline_dag.py
[2025-10-30T15:56:32.021+0000] {processor.py:840} INFO - DAG(s) 'reddit_pipeline_dag' retrieved from /opt/airflow/dags/reddit_pipeline_dag.py
[2025-10-30T15:56:32.070+0000] {logging_mixin.py:188} INFO - [2025-10-30T15:56:32.070+0000] {dag.py:3036} INFO - Sync 1 DAGs
[2025-10-30T15:56:32.121+0000] {processor.py:183} INFO - Processing /opt/airflow/dags/reddit_pipeline_dag.py took 0.139 seconds
[2025-10-30T15:57:03.835+0000] {processor.py:161} INFO - Started process (PID=419) to work on /opt/airflow/dags/reddit_pipeline_dag.py
[2025-10-30T15:57:03.837+0000] {processor.py:830} INFO - Processing file /opt/airflow/dags/reddit_pipeline_dag.py for tasks to queue
[2025-10-30T15:57:03.838+0000] {logging_mixin.py:188} INFO - [2025-10-30T15:57:03.838+0000] {dagbag.py:538} INFO - Filling up the DagBag from /opt/airflow/dags/reddit_pipeline_dag.py
[2025-10-30T15:57:03.860+0000] {processor.py:840} INFO - DAG(s) 'reddit_pipeline_dag' retrieved from /opt/airflow/dags/reddit_pipeline_dag.py
[2025-10-30T15:57:03.883+0000] {logging_mixin.py:188} INFO - [2025-10-30T15:57:03.883+0000] {dag.py:3036} INFO - Sync 1 DAGs
[2025-10-30T15:57:03.919+0000] {processor.py:183} INFO - Processing /opt/airflow/dags/reddit_pipeline_dag.py took 0.086 seconds
[2025-10-30T15:57:35.673+0000] {processor.py:161} INFO - Started process (PID=424) to work on /opt/airflow/dags/reddit_pipeline_dag.py
[2025-10-30T15:57:35.674+0000] {processor.py:830} INFO - Processing file /opt/airflow/dags/reddit_pipeline_dag.py for tasks to queue
[2025-10-30T15:57:35.675+0000] {logging_mixin.py:188} INFO - [2025-10-30T15:57:35.675+0000] {dagbag.py:538} INFO - Filling up the DagBag from /opt/airflow/dags/reddit_pipeline_dag.py
[2025-10-30T15:57:35.696+0000] {processor.py:840} INFO - DAG(s) 'reddit_pipeline_dag' retrieved from /opt/airflow/dags/reddit_pipeline_dag.py
[2025-10-30T15:57:35.722+0000] {logging_mixin.py:188} INFO - [2025-10-30T15:57:35.722+0000] {dag.py:3036} INFO - Sync 1 DAGs
[2025-10-30T15:57:35.759+0000] {processor.py:183} INFO - Processing /opt/airflow/dags/reddit_pipeline_dag.py took 0.090 seconds
[2025-10-30T15:58:06.462+0000] {processor.py:161} INFO - Started process (PID=429) to work on /opt/airflow/dags/reddit_pipeline_dag.py
[2025-10-30T15:58:06.465+0000] {processor.py:830} INFO - Processing file /opt/airflow/dags/reddit_pipeline_dag.py for tasks to queue
[2025-10-30T15:58:06.466+0000] {logging_mixin.py:188} INFO - [2025-10-30T15:58:06.465+0000] {dagbag.py:538} INFO - Filling up the DagBag from /opt/airflow/dags/reddit_pipeline_dag.py
[2025-10-30T15:58:06.483+0000] {processor.py:840} INFO - DAG(s) 'reddit_pipeline_dag' retrieved from /opt/airflow/dags/reddit_pipeline_dag.py
[2025-10-30T15:58:06.504+0000] {logging_mixin.py:188} INFO - [2025-10-30T15:58:06.504+0000] {dag.py:3036} INFO - Sync 1 DAGs
[2025-10-30T15:58:06.536+0000] {processor.py:183} INFO - Processing /opt/airflow/dags/reddit_pipeline_dag.py took 0.076 seconds
[2025-10-30T15:58:38.288+0000] {processor.py:161} INFO - Started process (PID=434) to work on /opt/airflow/dags/reddit_pipeline_dag.py
[2025-10-30T15:58:38.289+0000] {processor.py:830} INFO - Processing file /opt/airflow/dags/reddit_pipeline_dag.py for tasks to queue
[2025-10-30T15:58:38.290+0000] {logging_mixin.py:188} INFO - [2025-10-30T15:58:38.290+0000] {dagbag.py:538} INFO - Filling up the DagBag from /opt/airflow/dags/reddit_pipeline_dag.py
[2025-10-30T15:58:38.306+0000] {processor.py:840} INFO - DAG(s) 'reddit_pipeline_dag' retrieved from /opt/airflow/dags/reddit_pipeline_dag.py
[2025-10-30T15:58:38.328+0000] {logging_mixin.py:188} INFO - [2025-10-30T15:58:38.328+0000] {dag.py:3036} INFO - Sync 1 DAGs
[2025-10-30T15:58:38.362+0000] {processor.py:183} INFO - Processing /opt/airflow/dags/reddit_pipeline_dag.py took 0.076 seconds
[2025-10-30T15:59:10.086+0000] {processor.py:161} INFO - Started process (PID=465) to work on /opt/airflow/dags/reddit_pipeline_dag.py
[2025-10-30T15:59:10.087+0000] {processor.py:830} INFO - Processing file /opt/airflow/dags/reddit_pipeline_dag.py for tasks to queue
[2025-10-30T15:59:10.088+0000] {logging_mixin.py:188} INFO - [2025-10-30T15:59:10.088+0000] {dagbag.py:538} INFO - Filling up the DagBag from /opt/airflow/dags/reddit_pipeline_dag.py
[2025-10-30T15:59:10.113+0000] {processor.py:840} INFO - DAG(s) 'reddit_pipeline_dag' retrieved from /opt/airflow/dags/reddit_pipeline_dag.py
[2025-10-30T15:59:10.136+0000] {logging_mixin.py:188} INFO - [2025-10-30T15:59:10.136+0000] {dag.py:3036} INFO - Sync 1 DAGs
[2025-10-30T15:59:10.155+0000] {logging_mixin.py:188} INFO - [2025-10-30T15:59:10.154+0000] {dag.py:3823} INFO - Setting next_dagrun for reddit_pipeline_dag to 2025-10-30 14:00:00+00:00, run_after=2025-10-30 15:00:00+00:00
[2025-10-30T15:59:10.170+0000] {processor.py:183} INFO - Processing /opt/airflow/dags/reddit_pipeline_dag.py took 0.087 seconds
[2025-10-30T15:59:41.848+0000] {processor.py:161} INFO - Started process (PID=548) to work on /opt/airflow/dags/reddit_pipeline_dag.py
[2025-10-30T15:59:41.849+0000] {processor.py:830} INFO - Processing file /opt/airflow/dags/reddit_pipeline_dag.py for tasks to queue
[2025-10-30T15:59:41.850+0000] {logging_mixin.py:188} INFO - [2025-10-30T15:59:41.850+0000] {dagbag.py:538} INFO - Filling up the DagBag from /opt/airflow/dags/reddit_pipeline_dag.py
[2025-10-30T15:59:41.866+0000] {processor.py:840} INFO - DAG(s) 'reddit_pipeline_dag' retrieved from /opt/airflow/dags/reddit_pipeline_dag.py
[2025-10-30T15:59:41.890+0000] {logging_mixin.py:188} INFO - [2025-10-30T15:59:41.890+0000] {dag.py:3036} INFO - Sync 1 DAGs
[2025-10-30T15:59:41.925+0000] {processor.py:183} INFO - Processing /opt/airflow/dags/reddit_pipeline_dag.py took 0.080 seconds
[2025-10-30T16:00:12.684+0000] {processor.py:161} INFO - Started process (PID=553) to work on /opt/airflow/dags/reddit_pipeline_dag.py
[2025-10-30T16:00:12.685+0000] {processor.py:830} INFO - Processing file /opt/airflow/dags/reddit_pipeline_dag.py for tasks to queue
[2025-10-30T16:00:12.686+0000] {logging_mixin.py:188} INFO - [2025-10-30T16:00:12.685+0000] {dagbag.py:538} INFO - Filling up the DagBag from /opt/airflow/dags/reddit_pipeline_dag.py
[2025-10-30T16:00:12.701+0000] {processor.py:840} INFO - DAG(s) 'reddit_pipeline_dag' retrieved from /opt/airflow/dags/reddit_pipeline_dag.py
[2025-10-30T16:00:12.722+0000] {logging_mixin.py:188} INFO - [2025-10-30T16:00:12.722+0000] {dag.py:3036} INFO - Sync 1 DAGs
[2025-10-30T16:00:12.757+0000] {processor.py:183} INFO - Processing /opt/airflow/dags/reddit_pipeline_dag.py took 0.078 seconds
[2025-10-30T16:00:44.489+0000] {processor.py:161} INFO - Started process (PID=558) to work on /opt/airflow/dags/reddit_pipeline_dag.py
[2025-10-30T16:00:44.490+0000] {processor.py:830} INFO - Processing file /opt/airflow/dags/reddit_pipeline_dag.py for tasks to queue
[2025-10-30T16:00:44.491+0000] {logging_mixin.py:188} INFO - [2025-10-30T16:00:44.491+0000] {dagbag.py:538} INFO - Filling up the DagBag from /opt/airflow/dags/reddit_pipeline_dag.py
[2025-10-30T16:00:44.509+0000] {processor.py:840} INFO - DAG(s) 'reddit_pipeline_dag' retrieved from /opt/airflow/dags/reddit_pipeline_dag.py
[2025-10-30T16:00:44.534+0000] {logging_mixin.py:188} INFO - [2025-10-30T16:00:44.533+0000] {dag.py:3036} INFO - Sync 1 DAGs
[2025-10-30T16:00:44.577+0000] {processor.py:183} INFO - Processing /opt/airflow/dags/reddit_pipeline_dag.py took 0.090 seconds
[2025-10-30T16:01:16.258+0000] {processor.py:161} INFO - Started process (PID=563) to work on /opt/airflow/dags/reddit_pipeline_dag.py
[2025-10-30T16:01:16.260+0000] {processor.py:830} INFO - Processing file /opt/airflow/dags/reddit_pipeline_dag.py for tasks to queue
[2025-10-30T16:01:16.262+0000] {logging_mixin.py:188} INFO - [2025-10-30T16:01:16.261+0000] {dagbag.py:538} INFO - Filling up the DagBag from /opt/airflow/dags/reddit_pipeline_dag.py
[2025-10-30T16:01:16.276+0000] {processor.py:840} INFO - DAG(s) 'reddit_pipeline_dag' retrieved from /opt/airflow/dags/reddit_pipeline_dag.py
[2025-10-30T16:01:16.298+0000] {logging_mixin.py:188} INFO - [2025-10-30T16:01:16.298+0000] {dag.py:3036} INFO - Sync 1 DAGs
[2025-10-30T16:01:16.332+0000] {processor.py:183} INFO - Processing /opt/airflow/dags/reddit_pipeline_dag.py took 0.076 seconds
[2025-10-30T16:01:48.089+0000] {processor.py:161} INFO - Started process (PID=568) to work on /opt/airflow/dags/reddit_pipeline_dag.py
[2025-10-30T16:01:48.090+0000] {processor.py:830} INFO - Processing file /opt/airflow/dags/reddit_pipeline_dag.py for tasks to queue
[2025-10-30T16:01:48.091+0000] {logging_mixin.py:188} INFO - [2025-10-30T16:01:48.091+0000] {dagbag.py:538} INFO - Filling up the DagBag from /opt/airflow/dags/reddit_pipeline_dag.py
[2025-10-30T16:01:48.109+0000] {processor.py:840} INFO - DAG(s) 'reddit_pipeline_dag' retrieved from /opt/airflow/dags/reddit_pipeline_dag.py
[2025-10-30T16:01:48.135+0000] {logging_mixin.py:188} INFO - [2025-10-30T16:01:48.135+0000] {dag.py:3036} INFO - Sync 1 DAGs
[2025-10-30T16:01:48.167+0000] {processor.py:183} INFO - Processing /opt/airflow/dags/reddit_pipeline_dag.py took 0.080 seconds
[2025-10-30T16:02:18.837+0000] {processor.py:161} INFO - Started process (PID=573) to work on /opt/airflow/dags/reddit_pipeline_dag.py
[2025-10-30T16:02:18.838+0000] {processor.py:830} INFO - Processing file /opt/airflow/dags/reddit_pipeline_dag.py for tasks to queue
[2025-10-30T16:02:18.839+0000] {logging_mixin.py:188} INFO - [2025-10-30T16:02:18.838+0000] {dagbag.py:538} INFO - Filling up the DagBag from /opt/airflow/dags/reddit_pipeline_dag.py
[2025-10-30T16:02:18.852+0000] {processor.py:840} INFO - DAG(s) 'reddit_pipeline_dag' retrieved from /opt/airflow/dags/reddit_pipeline_dag.py
[2025-10-30T16:02:18.873+0000] {logging_mixin.py:188} INFO - [2025-10-30T16:02:18.873+0000] {dag.py:3036} INFO - Sync 1 DAGs
[2025-10-30T16:02:18.908+0000] {processor.py:183} INFO - Processing /opt/airflow/dags/reddit_pipeline_dag.py took 0.074 seconds
[2025-10-30T16:02:50.671+0000] {processor.py:161} INFO - Started process (PID=578) to work on /opt/airflow/dags/reddit_pipeline_dag.py
[2025-10-30T16:02:50.673+0000] {processor.py:830} INFO - Processing file /opt/airflow/dags/reddit_pipeline_dag.py for tasks to queue
[2025-10-30T16:02:50.674+0000] {logging_mixin.py:188} INFO - [2025-10-30T16:02:50.674+0000] {dagbag.py:538} INFO - Filling up the DagBag from /opt/airflow/dags/reddit_pipeline_dag.py
[2025-10-30T16:02:50.690+0000] {processor.py:840} INFO - DAG(s) 'reddit_pipeline_dag' retrieved from /opt/airflow/dags/reddit_pipeline_dag.py
[2025-10-30T16:02:50.713+0000] {logging_mixin.py:188} INFO - [2025-10-30T16:02:50.713+0000] {dag.py:3036} INFO - Sync 1 DAGs
[2025-10-30T16:02:50.745+0000] {processor.py:183} INFO - Processing /opt/airflow/dags/reddit_pipeline_dag.py took 0.076 seconds
[2025-10-30T16:03:22.497+0000] {processor.py:161} INFO - Started process (PID=583) to work on /opt/airflow/dags/reddit_pipeline_dag.py
[2025-10-30T16:03:22.498+0000] {processor.py:830} INFO - Processing file /opt/airflow/dags/reddit_pipeline_dag.py for tasks to queue
[2025-10-30T16:03:22.500+0000] {logging_mixin.py:188} INFO - [2025-10-30T16:03:22.499+0000] {dagbag.py:538} INFO - Filling up the DagBag from /opt/airflow/dags/reddit_pipeline_dag.py
[2025-10-30T16:03:22.519+0000] {processor.py:840} INFO - DAG(s) 'reddit_pipeline_dag' retrieved from /opt/airflow/dags/reddit_pipeline_dag.py
[2025-10-30T16:03:22.543+0000] {logging_mixin.py:188} INFO - [2025-10-30T16:03:22.542+0000] {dag.py:3036} INFO - Sync 1 DAGs
[2025-10-30T16:03:22.577+0000] {processor.py:183} INFO - Processing /opt/airflow/dags/reddit_pipeline_dag.py took 0.083 seconds
[2025-10-30T16:03:54.346+0000] {processor.py:161} INFO - Started process (PID=588) to work on /opt/airflow/dags/reddit_pipeline_dag.py
[2025-10-30T16:03:54.346+0000] {processor.py:830} INFO - Processing file /opt/airflow/dags/reddit_pipeline_dag.py for tasks to queue
[2025-10-30T16:03:54.347+0000] {logging_mixin.py:188} INFO - [2025-10-30T16:03:54.347+0000] {dagbag.py:538} INFO - Filling up the DagBag from /opt/airflow/dags/reddit_pipeline_dag.py
[2025-10-30T16:03:54.362+0000] {processor.py:840} INFO - DAG(s) 'reddit_pipeline_dag' retrieved from /opt/airflow/dags/reddit_pipeline_dag.py
[2025-10-30T16:03:54.385+0000] {logging_mixin.py:188} INFO - [2025-10-30T16:03:54.385+0000] {dag.py:3036} INFO - Sync 1 DAGs
[2025-10-30T16:03:54.415+0000] {processor.py:183} INFO - Processing /opt/airflow/dags/reddit_pipeline_dag.py took 0.072 seconds
[2025-10-30T16:04:25.105+0000] {processor.py:161} INFO - Started process (PID=669) to work on /opt/airflow/dags/reddit_pipeline_dag.py
[2025-10-30T16:04:25.107+0000] {processor.py:830} INFO - Processing file /opt/airflow/dags/reddit_pipeline_dag.py for tasks to queue
[2025-10-30T16:04:25.108+0000] {logging_mixin.py:188} INFO - [2025-10-30T16:04:25.108+0000] {dagbag.py:538} INFO - Filling up the DagBag from /opt/airflow/dags/reddit_pipeline_dag.py
[2025-10-30T16:04:25.129+0000] {processor.py:840} INFO - DAG(s) 'reddit_pipeline_dag' retrieved from /opt/airflow/dags/reddit_pipeline_dag.py
[2025-10-30T16:04:25.159+0000] {logging_mixin.py:188} INFO - [2025-10-30T16:04:25.158+0000] {dag.py:3036} INFO - Sync 1 DAGs
[2025-10-30T16:04:25.199+0000] {processor.py:183} INFO - Processing /opt/airflow/dags/reddit_pipeline_dag.py took 0.098 seconds
[2025-10-30T16:04:56.896+0000] {processor.py:161} INFO - Started process (PID=702) to work on /opt/airflow/dags/reddit_pipeline_dag.py
[2025-10-30T16:04:56.897+0000] {processor.py:830} INFO - Processing file /opt/airflow/dags/reddit_pipeline_dag.py for tasks to queue
[2025-10-30T16:04:56.899+0000] {logging_mixin.py:188} INFO - [2025-10-30T16:04:56.898+0000] {dagbag.py:538} INFO - Filling up the DagBag from /opt/airflow/dags/reddit_pipeline_dag.py
[2025-10-30T16:04:56.919+0000] {processor.py:840} INFO - DAG(s) 'reddit_pipeline_dag' retrieved from /opt/airflow/dags/reddit_pipeline_dag.py
[2025-10-30T16:04:56.943+0000] {logging_mixin.py:188} INFO - [2025-10-30T16:04:56.943+0000] {dag.py:3036} INFO - Sync 1 DAGs
[2025-10-30T16:04:56.978+0000] {processor.py:183} INFO - Processing /opt/airflow/dags/reddit_pipeline_dag.py took 0.086 seconds
[2025-10-30T16:05:28.761+0000] {processor.py:161} INFO - Started process (PID=707) to work on /opt/airflow/dags/reddit_pipeline_dag.py
[2025-10-30T16:05:28.762+0000] {processor.py:830} INFO - Processing file /opt/airflow/dags/reddit_pipeline_dag.py for tasks to queue
[2025-10-30T16:05:28.763+0000] {logging_mixin.py:188} INFO - [2025-10-30T16:05:28.763+0000] {dagbag.py:538} INFO - Filling up the DagBag from /opt/airflow/dags/reddit_pipeline_dag.py
[2025-10-30T16:05:28.785+0000] {processor.py:840} INFO - DAG(s) 'reddit_pipeline_dag' retrieved from /opt/airflow/dags/reddit_pipeline_dag.py
[2025-10-30T16:05:28.813+0000] {logging_mixin.py:188} INFO - [2025-10-30T16:05:28.813+0000] {dag.py:3036} INFO - Sync 1 DAGs
[2025-10-30T16:05:28.852+0000] {processor.py:183} INFO - Processing /opt/airflow/dags/reddit_pipeline_dag.py took 0.095 seconds
[2025-10-30T16:06:00.561+0000] {processor.py:161} INFO - Started process (PID=712) to work on /opt/airflow/dags/reddit_pipeline_dag.py
[2025-10-30T16:06:00.562+0000] {processor.py:830} INFO - Processing file /opt/airflow/dags/reddit_pipeline_dag.py for tasks to queue
[2025-10-30T16:06:00.563+0000] {logging_mixin.py:188} INFO - [2025-10-30T16:06:00.563+0000] {dagbag.py:538} INFO - Filling up the DagBag from /opt/airflow/dags/reddit_pipeline_dag.py
[2025-10-30T16:06:00.580+0000] {processor.py:840} INFO - DAG(s) 'reddit_pipeline_dag' retrieved from /opt/airflow/dags/reddit_pipeline_dag.py
[2025-10-30T16:06:00.605+0000] {logging_mixin.py:188} INFO - [2025-10-30T16:06:00.605+0000] {dag.py:3036} INFO - Sync 1 DAGs
[2025-10-30T16:06:00.644+0000] {processor.py:183} INFO - Processing /opt/airflow/dags/reddit_pipeline_dag.py took 0.086 seconds
[2025-10-30T16:06:32.410+0000] {processor.py:161} INFO - Started process (PID=717) to work on /opt/airflow/dags/reddit_pipeline_dag.py
[2025-10-30T16:06:32.412+0000] {processor.py:830} INFO - Processing file /opt/airflow/dags/reddit_pipeline_dag.py for tasks to queue
[2025-10-30T16:06:32.413+0000] {logging_mixin.py:188} INFO - [2025-10-30T16:06:32.412+0000] {dagbag.py:538} INFO - Filling up the DagBag from /opt/airflow/dags/reddit_pipeline_dag.py
[2025-10-30T16:06:32.434+0000] {processor.py:840} INFO - DAG(s) 'reddit_pipeline_dag' retrieved from /opt/airflow/dags/reddit_pipeline_dag.py
[2025-10-30T16:06:32.465+0000] {logging_mixin.py:188} INFO - [2025-10-30T16:06:32.465+0000] {dag.py:3036} INFO - Sync 1 DAGs
[2025-10-30T16:06:32.524+0000] {processor.py:183} INFO - Processing /opt/airflow/dags/reddit_pipeline_dag.py took 0.117 seconds
[2025-10-30T16:07:03.166+0000] {processor.py:161} INFO - Started process (PID=722) to work on /opt/airflow/dags/reddit_pipeline_dag.py
[2025-10-30T16:07:03.167+0000] {processor.py:830} INFO - Processing file /opt/airflow/dags/reddit_pipeline_dag.py for tasks to queue
[2025-10-30T16:07:03.168+0000] {logging_mixin.py:188} INFO - [2025-10-30T16:07:03.168+0000] {dagbag.py:538} INFO - Filling up the DagBag from /opt/airflow/dags/reddit_pipeline_dag.py
[2025-10-30T16:07:03.184+0000] {processor.py:840} INFO - DAG(s) 'reddit_pipeline_dag' retrieved from /opt/airflow/dags/reddit_pipeline_dag.py
[2025-10-30T16:07:03.209+0000] {logging_mixin.py:188} INFO - [2025-10-30T16:07:03.209+0000] {dag.py:3036} INFO - Sync 1 DAGs
[2025-10-30T16:07:03.244+0000] {processor.py:183} INFO - Processing /opt/airflow/dags/reddit_pipeline_dag.py took 0.081 seconds
[2025-10-30T16:07:35.081+0000] {processor.py:161} INFO - Started process (PID=727) to work on /opt/airflow/dags/reddit_pipeline_dag.py
[2025-10-30T16:07:35.082+0000] {processor.py:830} INFO - Processing file /opt/airflow/dags/reddit_pipeline_dag.py for tasks to queue
[2025-10-30T16:07:35.083+0000] {logging_mixin.py:188} INFO - [2025-10-30T16:07:35.083+0000] {dagbag.py:538} INFO - Filling up the DagBag from /opt/airflow/dags/reddit_pipeline_dag.py
[2025-10-30T16:07:35.097+0000] {processor.py:840} INFO - DAG(s) 'reddit_pipeline_dag' retrieved from /opt/airflow/dags/reddit_pipeline_dag.py
[2025-10-30T16:07:35.122+0000] {logging_mixin.py:188} INFO - [2025-10-30T16:07:35.122+0000] {dag.py:3036} INFO - Sync 1 DAGs
[2025-10-30T16:07:35.157+0000] {processor.py:183} INFO - Processing /opt/airflow/dags/reddit_pipeline_dag.py took 0.078 seconds
[2025-10-30T16:08:06.919+0000] {processor.py:161} INFO - Started process (PID=732) to work on /opt/airflow/dags/reddit_pipeline_dag.py
[2025-10-30T16:08:06.920+0000] {processor.py:830} INFO - Processing file /opt/airflow/dags/reddit_pipeline_dag.py for tasks to queue
[2025-10-30T16:08:06.921+0000] {logging_mixin.py:188} INFO - [2025-10-30T16:08:06.921+0000] {dagbag.py:538} INFO - Filling up the DagBag from /opt/airflow/dags/reddit_pipeline_dag.py
[2025-10-30T16:08:06.937+0000] {processor.py:840} INFO - DAG(s) 'reddit_pipeline_dag' retrieved from /opt/airflow/dags/reddit_pipeline_dag.py
[2025-10-30T16:08:06.958+0000] {logging_mixin.py:188} INFO - [2025-10-30T16:08:06.958+0000] {dag.py:3036} INFO - Sync 1 DAGs
[2025-10-30T16:08:06.990+0000] {processor.py:183} INFO - Processing /opt/airflow/dags/reddit_pipeline_dag.py took 0.074 seconds
[2025-10-30T16:08:37.691+0000] {processor.py:161} INFO - Started process (PID=737) to work on /opt/airflow/dags/reddit_pipeline_dag.py
[2025-10-30T16:08:37.692+0000] {processor.py:830} INFO - Processing file /opt/airflow/dags/reddit_pipeline_dag.py for tasks to queue
[2025-10-30T16:08:37.693+0000] {logging_mixin.py:188} INFO - [2025-10-30T16:08:37.693+0000] {dagbag.py:538} INFO - Filling up the DagBag from /opt/airflow/dags/reddit_pipeline_dag.py
[2025-10-30T16:08:37.708+0000] {processor.py:840} INFO - DAG(s) 'reddit_pipeline_dag' retrieved from /opt/airflow/dags/reddit_pipeline_dag.py
[2025-10-30T16:08:37.730+0000] {logging_mixin.py:188} INFO - [2025-10-30T16:08:37.730+0000] {dag.py:3036} INFO - Sync 1 DAGs
[2025-10-30T16:08:37.761+0000] {processor.py:183} INFO - Processing /opt/airflow/dags/reddit_pipeline_dag.py took 0.073 seconds
[2025-10-30T16:09:09.475+0000] {processor.py:161} INFO - Started process (PID=742) to work on /opt/airflow/dags/reddit_pipeline_dag.py
[2025-10-30T16:09:09.477+0000] {processor.py:830} INFO - Processing file /opt/airflow/dags/reddit_pipeline_dag.py for tasks to queue
[2025-10-30T16:09:09.478+0000] {logging_mixin.py:188} INFO - [2025-10-30T16:09:09.477+0000] {dagbag.py:538} INFO - Filling up the DagBag from /opt/airflow/dags/reddit_pipeline_dag.py
[2025-10-30T16:09:09.492+0000] {processor.py:840} INFO - DAG(s) 'reddit_pipeline_dag' retrieved from /opt/airflow/dags/reddit_pipeline_dag.py
[2025-10-30T16:09:09.514+0000] {logging_mixin.py:188} INFO - [2025-10-30T16:09:09.513+0000] {dag.py:3036} INFO - Sync 1 DAGs
[2025-10-30T16:09:09.547+0000] {processor.py:183} INFO - Processing /opt/airflow/dags/reddit_pipeline_dag.py took 0.075 seconds
[2025-10-30T16:09:41.296+0000] {processor.py:161} INFO - Started process (PID=773) to work on /opt/airflow/dags/reddit_pipeline_dag.py
[2025-10-30T16:09:41.297+0000] {processor.py:830} INFO - Processing file /opt/airflow/dags/reddit_pipeline_dag.py for tasks to queue
[2025-10-30T16:09:41.298+0000] {logging_mixin.py:188} INFO - [2025-10-30T16:09:41.298+0000] {dagbag.py:538} INFO - Filling up the DagBag from /opt/airflow/dags/reddit_pipeline_dag.py
[2025-10-30T16:09:41.315+0000] {processor.py:840} INFO - DAG(s) 'reddit_pipeline_dag' retrieved from /opt/airflow/dags/reddit_pipeline_dag.py
[2025-10-30T16:09:41.336+0000] {logging_mixin.py:188} INFO - [2025-10-30T16:09:41.336+0000] {dag.py:3036} INFO - Sync 1 DAGs
[2025-10-30T16:09:41.354+0000] {logging_mixin.py:188} INFO - [2025-10-30T16:09:41.354+0000] {dag.py:3823} INFO - Setting next_dagrun for reddit_pipeline_dag to 2025-10-30 16:00:00+00:00, run_after=2025-10-30 17:00:00+00:00
[2025-10-30T16:09:41.371+0000] {processor.py:183} INFO - Processing /opt/airflow/dags/reddit_pipeline_dag.py took 0.078 seconds
[2025-10-30T16:10:13.091+0000] {processor.py:161} INFO - Started process (PID=778) to work on /opt/airflow/dags/reddit_pipeline_dag.py
[2025-10-30T16:10:13.092+0000] {processor.py:830} INFO - Processing file /opt/airflow/dags/reddit_pipeline_dag.py for tasks to queue
[2025-10-30T16:10:13.093+0000] {logging_mixin.py:188} INFO - [2025-10-30T16:10:13.093+0000] {dagbag.py:538} INFO - Filling up the DagBag from /opt/airflow/dags/reddit_pipeline_dag.py
[2025-10-30T16:10:13.109+0000] {processor.py:840} INFO - DAG(s) 'reddit_pipeline_dag' retrieved from /opt/airflow/dags/reddit_pipeline_dag.py
[2025-10-30T16:10:13.136+0000] {logging_mixin.py:188} INFO - [2025-10-30T16:10:13.135+0000] {dag.py:3036} INFO - Sync 1 DAGs
[2025-10-30T16:10:13.155+0000] {logging_mixin.py:188} INFO - [2025-10-30T16:10:13.155+0000] {dag.py:3823} INFO - Setting next_dagrun for reddit_pipeline_dag to 2025-10-30 16:00:00+00:00, run_after=2025-10-30 17:00:00+00:00
[2025-10-30T16:10:13.174+0000] {processor.py:183} INFO - Processing /opt/airflow/dags/reddit_pipeline_dag.py took 0.086 seconds
[2025-10-30T16:10:44.891+0000] {processor.py:161} INFO - Started process (PID=783) to work on /opt/airflow/dags/reddit_pipeline_dag.py
[2025-10-30T16:10:44.892+0000] {processor.py:830} INFO - Processing file /opt/airflow/dags/reddit_pipeline_dag.py for tasks to queue
[2025-10-30T16:10:44.893+0000] {logging_mixin.py:188} INFO - [2025-10-30T16:10:44.892+0000] {dagbag.py:538} INFO - Filling up the DagBag from /opt/airflow/dags/reddit_pipeline_dag.py
[2025-10-30T16:10:44.909+0000] {processor.py:840} INFO - DAG(s) 'reddit_pipeline_dag' retrieved from /opt/airflow/dags/reddit_pipeline_dag.py
[2025-10-30T16:10:44.932+0000] {logging_mixin.py:188} INFO - [2025-10-30T16:10:44.932+0000] {dag.py:3036} INFO - Sync 1 DAGs
[2025-10-30T16:10:44.951+0000] {logging_mixin.py:188} INFO - [2025-10-30T16:10:44.951+0000] {dag.py:3823} INFO - Setting next_dagrun for reddit_pipeline_dag to 2025-10-30 16:00:00+00:00, run_after=2025-10-30 17:00:00+00:00
[2025-10-30T16:10:44.969+0000] {processor.py:183} INFO - Processing /opt/airflow/dags/reddit_pipeline_dag.py took 0.082 seconds
[2025-10-30T16:11:15.666+0000] {processor.py:161} INFO - Started process (PID=788) to work on /opt/airflow/dags/reddit_pipeline_dag.py
[2025-10-30T16:11:15.667+0000] {processor.py:830} INFO - Processing file /opt/airflow/dags/reddit_pipeline_dag.py for tasks to queue
[2025-10-30T16:11:15.668+0000] {logging_mixin.py:188} INFO - [2025-10-30T16:11:15.667+0000] {dagbag.py:538} INFO - Filling up the DagBag from /opt/airflow/dags/reddit_pipeline_dag.py
[2025-10-30T16:11:15.689+0000] {processor.py:840} INFO - DAG(s) 'reddit_pipeline_dag' retrieved from /opt/airflow/dags/reddit_pipeline_dag.py
[2025-10-30T16:11:15.714+0000] {logging_mixin.py:188} INFO - [2025-10-30T16:11:15.714+0000] {dag.py:3036} INFO - Sync 1 DAGs
[2025-10-30T16:11:15.732+0000] {logging_mixin.py:188} INFO - [2025-10-30T16:11:15.731+0000] {dag.py:3823} INFO - Setting next_dagrun for reddit_pipeline_dag to 2025-10-30 16:00:00+00:00, run_after=2025-10-30 17:00:00+00:00
[2025-10-30T16:11:15.748+0000] {processor.py:183} INFO - Processing /opt/airflow/dags/reddit_pipeline_dag.py took 0.085 seconds
[2025-10-30T16:11:47.467+0000] {processor.py:161} INFO - Started process (PID=793) to work on /opt/airflow/dags/reddit_pipeline_dag.py
[2025-10-30T16:11:47.469+0000] {processor.py:830} INFO - Processing file /opt/airflow/dags/reddit_pipeline_dag.py for tasks to queue
[2025-10-30T16:11:47.470+0000] {logging_mixin.py:188} INFO - [2025-10-30T16:11:47.470+0000] {dagbag.py:538} INFO - Filling up the DagBag from /opt/airflow/dags/reddit_pipeline_dag.py
[2025-10-30T16:11:47.486+0000] {processor.py:840} INFO - DAG(s) 'reddit_pipeline_dag' retrieved from /opt/airflow/dags/reddit_pipeline_dag.py
[2025-10-30T16:11:47.514+0000] {logging_mixin.py:188} INFO - [2025-10-30T16:11:47.513+0000] {dag.py:3036} INFO - Sync 1 DAGs
[2025-10-30T16:11:47.534+0000] {logging_mixin.py:188} INFO - [2025-10-30T16:11:47.534+0000] {dag.py:3823} INFO - Setting next_dagrun for reddit_pipeline_dag to 2025-10-30 16:00:00+00:00, run_after=2025-10-30 17:00:00+00:00
[2025-10-30T16:11:47.553+0000] {processor.py:183} INFO - Processing /opt/airflow/dags/reddit_pipeline_dag.py took 0.089 seconds
[2025-10-30T16:12:19.253+0000] {processor.py:161} INFO - Started process (PID=798) to work on /opt/airflow/dags/reddit_pipeline_dag.py
[2025-10-30T16:12:19.254+0000] {processor.py:830} INFO - Processing file /opt/airflow/dags/reddit_pipeline_dag.py for tasks to queue
[2025-10-30T16:12:19.255+0000] {logging_mixin.py:188} INFO - [2025-10-30T16:12:19.255+0000] {dagbag.py:538} INFO - Filling up the DagBag from /opt/airflow/dags/reddit_pipeline_dag.py
[2025-10-30T16:12:19.271+0000] {processor.py:840} INFO - DAG(s) 'reddit_pipeline_dag' retrieved from /opt/airflow/dags/reddit_pipeline_dag.py
[2025-10-30T16:12:19.293+0000] {logging_mixin.py:188} INFO - [2025-10-30T16:12:19.293+0000] {dag.py:3036} INFO - Sync 1 DAGs
[2025-10-30T16:12:19.309+0000] {logging_mixin.py:188} INFO - [2025-10-30T16:12:19.309+0000] {dag.py:3823} INFO - Setting next_dagrun for reddit_pipeline_dag to 2025-10-30 16:00:00+00:00, run_after=2025-10-30 17:00:00+00:00
[2025-10-30T16:12:19.327+0000] {processor.py:183} INFO - Processing /opt/airflow/dags/reddit_pipeline_dag.py took 0.077 seconds
[2025-10-30T16:12:51.056+0000] {processor.py:161} INFO - Started process (PID=803) to work on /opt/airflow/dags/reddit_pipeline_dag.py
[2025-10-30T16:12:51.057+0000] {processor.py:830} INFO - Processing file /opt/airflow/dags/reddit_pipeline_dag.py for tasks to queue
[2025-10-30T16:12:51.058+0000] {logging_mixin.py:188} INFO - [2025-10-30T16:12:51.058+0000] {dagbag.py:538} INFO - Filling up the DagBag from /opt/airflow/dags/reddit_pipeline_dag.py
[2025-10-30T16:12:51.074+0000] {processor.py:840} INFO - DAG(s) 'reddit_pipeline_dag' retrieved from /opt/airflow/dags/reddit_pipeline_dag.py
[2025-10-30T16:12:51.099+0000] {logging_mixin.py:188} INFO - [2025-10-30T16:12:51.099+0000] {dag.py:3036} INFO - Sync 1 DAGs
[2025-10-30T16:12:51.116+0000] {logging_mixin.py:188} INFO - [2025-10-30T16:12:51.116+0000] {dag.py:3823} INFO - Setting next_dagrun for reddit_pipeline_dag to 2025-10-30 16:00:00+00:00, run_after=2025-10-30 17:00:00+00:00
[2025-10-30T16:12:51.134+0000] {processor.py:183} INFO - Processing /opt/airflow/dags/reddit_pipeline_dag.py took 0.080 seconds
[2025-10-30T16:13:21.839+0000] {processor.py:161} INFO - Started process (PID=808) to work on /opt/airflow/dags/reddit_pipeline_dag.py
[2025-10-30T16:13:21.840+0000] {processor.py:830} INFO - Processing file /opt/airflow/dags/reddit_pipeline_dag.py for tasks to queue
[2025-10-30T16:13:21.841+0000] {logging_mixin.py:188} INFO - [2025-10-30T16:13:21.841+0000] {dagbag.py:538} INFO - Filling up the DagBag from /opt/airflow/dags/reddit_pipeline_dag.py
[2025-10-30T16:13:21.856+0000] {processor.py:840} INFO - DAG(s) 'reddit_pipeline_dag' retrieved from /opt/airflow/dags/reddit_pipeline_dag.py
[2025-10-30T16:13:21.878+0000] {logging_mixin.py:188} INFO - [2025-10-30T16:13:21.878+0000] {dag.py:3036} INFO - Sync 1 DAGs
[2025-10-30T16:13:21.895+0000] {logging_mixin.py:188} INFO - [2025-10-30T16:13:21.895+0000] {dag.py:3823} INFO - Setting next_dagrun for reddit_pipeline_dag to 2025-10-30 16:00:00+00:00, run_after=2025-10-30 17:00:00+00:00
[2025-10-30T16:13:21.914+0000] {processor.py:183} INFO - Processing /opt/airflow/dags/reddit_pipeline_dag.py took 0.078 seconds
[2025-10-30T16:13:53.618+0000] {processor.py:161} INFO - Started process (PID=813) to work on /opt/airflow/dags/reddit_pipeline_dag.py
[2025-10-30T16:13:53.619+0000] {processor.py:830} INFO - Processing file /opt/airflow/dags/reddit_pipeline_dag.py for tasks to queue
[2025-10-30T16:13:53.620+0000] {logging_mixin.py:188} INFO - [2025-10-30T16:13:53.620+0000] {dagbag.py:538} INFO - Filling up the DagBag from /opt/airflow/dags/reddit_pipeline_dag.py
[2025-10-30T16:13:53.636+0000] {processor.py:840} INFO - DAG(s) 'reddit_pipeline_dag' retrieved from /opt/airflow/dags/reddit_pipeline_dag.py
[2025-10-30T16:13:53.659+0000] {logging_mixin.py:188} INFO - [2025-10-30T16:13:53.659+0000] {dag.py:3036} INFO - Sync 1 DAGs
[2025-10-30T16:13:53.677+0000] {logging_mixin.py:188} INFO - [2025-10-30T16:13:53.677+0000] {dag.py:3823} INFO - Setting next_dagrun for reddit_pipeline_dag to 2025-10-30 16:00:00+00:00, run_after=2025-10-30 17:00:00+00:00
[2025-10-30T16:13:53.694+0000] {processor.py:183} INFO - Processing /opt/airflow/dags/reddit_pipeline_dag.py took 0.078 seconds
[2025-10-30T16:14:25.467+0000] {processor.py:161} INFO - Started process (PID=818) to work on /opt/airflow/dags/reddit_pipeline_dag.py
[2025-10-30T16:14:25.468+0000] {processor.py:830} INFO - Processing file /opt/airflow/dags/reddit_pipeline_dag.py for tasks to queue
[2025-10-30T16:14:25.469+0000] {logging_mixin.py:188} INFO - [2025-10-30T16:14:25.469+0000] {dagbag.py:538} INFO - Filling up the DagBag from /opt/airflow/dags/reddit_pipeline_dag.py
[2025-10-30T16:14:25.484+0000] {processor.py:840} INFO - DAG(s) 'reddit_pipeline_dag' retrieved from /opt/airflow/dags/reddit_pipeline_dag.py
[2025-10-30T16:14:25.506+0000] {logging_mixin.py:188} INFO - [2025-10-30T16:14:25.506+0000] {dag.py:3036} INFO - Sync 1 DAGs
[2025-10-30T16:14:25.522+0000] {logging_mixin.py:188} INFO - [2025-10-30T16:14:25.522+0000] {dag.py:3823} INFO - Setting next_dagrun for reddit_pipeline_dag to 2025-10-30 16:00:00+00:00, run_after=2025-10-30 17:00:00+00:00
[2025-10-30T16:14:25.537+0000] {processor.py:183} INFO - Processing /opt/airflow/dags/reddit_pipeline_dag.py took 0.072 seconds
[2025-10-30T16:14:57.221+0000] {processor.py:161} INFO - Started process (PID=823) to work on /opt/airflow/dags/reddit_pipeline_dag.py
[2025-10-30T16:14:57.222+0000] {processor.py:830} INFO - Processing file /opt/airflow/dags/reddit_pipeline_dag.py for tasks to queue
[2025-10-30T16:14:57.222+0000] {logging_mixin.py:188} INFO - [2025-10-30T16:14:57.222+0000] {dagbag.py:538} INFO - Filling up the DagBag from /opt/airflow/dags/reddit_pipeline_dag.py
[2025-10-30T16:14:57.239+0000] {processor.py:840} INFO - DAG(s) 'reddit_pipeline_dag' retrieved from /opt/airflow/dags/reddit_pipeline_dag.py
[2025-10-30T16:14:57.263+0000] {logging_mixin.py:188} INFO - [2025-10-30T16:14:57.263+0000] {dag.py:3036} INFO - Sync 1 DAGs
[2025-10-30T16:14:57.279+0000] {logging_mixin.py:188} INFO - [2025-10-30T16:14:57.279+0000] {dag.py:3823} INFO - Setting next_dagrun for reddit_pipeline_dag to 2025-10-30 16:00:00+00:00, run_after=2025-10-30 17:00:00+00:00
[2025-10-30T16:14:57.297+0000] {processor.py:183} INFO - Processing /opt/airflow/dags/reddit_pipeline_dag.py took 0.078 seconds
[2025-10-30T16:15:28.072+0000] {processor.py:161} INFO - Started process (PID=828) to work on /opt/airflow/dags/reddit_pipeline_dag.py
[2025-10-30T16:15:28.074+0000] {processor.py:830} INFO - Processing file /opt/airflow/dags/reddit_pipeline_dag.py for tasks to queue
[2025-10-30T16:15:28.075+0000] {logging_mixin.py:188} INFO - [2025-10-30T16:15:28.075+0000] {dagbag.py:538} INFO - Filling up the DagBag from /opt/airflow/dags/reddit_pipeline_dag.py
[2025-10-30T16:15:28.100+0000] {processor.py:840} INFO - DAG(s) 'reddit_pipeline_dag' retrieved from /opt/airflow/dags/reddit_pipeline_dag.py
[2025-10-30T16:15:28.131+0000] {logging_mixin.py:188} INFO - [2025-10-30T16:15:28.131+0000] {dag.py:3036} INFO - Sync 1 DAGs
[2025-10-30T16:15:28.155+0000] {logging_mixin.py:188} INFO - [2025-10-30T16:15:28.155+0000] {dag.py:3823} INFO - Setting next_dagrun for reddit_pipeline_dag to 2025-10-30 16:00:00+00:00, run_after=2025-10-30 17:00:00+00:00
[2025-10-30T16:15:28.174+0000] {processor.py:183} INFO - Processing /opt/airflow/dags/reddit_pipeline_dag.py took 0.107 seconds
[2025-10-30T16:15:59.804+0000] {processor.py:161} INFO - Started process (PID=833) to work on /opt/airflow/dags/reddit_pipeline_dag.py
[2025-10-30T16:15:59.805+0000] {processor.py:830} INFO - Processing file /opt/airflow/dags/reddit_pipeline_dag.py for tasks to queue
[2025-10-30T16:15:59.806+0000] {logging_mixin.py:188} INFO - [2025-10-30T16:15:59.805+0000] {dagbag.py:538} INFO - Filling up the DagBag from /opt/airflow/dags/reddit_pipeline_dag.py
[2025-10-30T16:15:59.825+0000] {processor.py:840} INFO - DAG(s) 'reddit_pipeline_dag' retrieved from /opt/airflow/dags/reddit_pipeline_dag.py
[2025-10-30T16:15:59.852+0000] {logging_mixin.py:188} INFO - [2025-10-30T16:15:59.852+0000] {dag.py:3036} INFO - Sync 1 DAGs
[2025-10-30T16:15:59.873+0000] {logging_mixin.py:188} INFO - [2025-10-30T16:15:59.873+0000] {dag.py:3823} INFO - Setting next_dagrun for reddit_pipeline_dag to 2025-10-30 16:00:00+00:00, run_after=2025-10-30 17:00:00+00:00
[2025-10-30T16:15:59.906+0000] {processor.py:183} INFO - Processing /opt/airflow/dags/reddit_pipeline_dag.py took 0.105 seconds
[2025-10-30T16:16:31.691+0000] {processor.py:161} INFO - Started process (PID=838) to work on /opt/airflow/dags/reddit_pipeline_dag.py
[2025-10-30T16:16:31.691+0000] {processor.py:830} INFO - Processing file /opt/airflow/dags/reddit_pipeline_dag.py for tasks to queue
[2025-10-30T16:16:31.692+0000] {logging_mixin.py:188} INFO - [2025-10-30T16:16:31.692+0000] {dagbag.py:538} INFO - Filling up the DagBag from /opt/airflow/dags/reddit_pipeline_dag.py
[2025-10-30T16:16:31.715+0000] {processor.py:840} INFO - DAG(s) 'reddit_pipeline_dag' retrieved from /opt/airflow/dags/reddit_pipeline_dag.py
[2025-10-30T16:16:31.742+0000] {logging_mixin.py:188} INFO - [2025-10-30T16:16:31.741+0000] {dag.py:3036} INFO - Sync 1 DAGs
[2025-10-30T16:16:31.761+0000] {logging_mixin.py:188} INFO - [2025-10-30T16:16:31.761+0000] {dag.py:3823} INFO - Setting next_dagrun for reddit_pipeline_dag to 2025-10-30 16:00:00+00:00, run_after=2025-10-30 17:00:00+00:00
[2025-10-30T16:16:31.788+0000] {processor.py:183} INFO - Processing /opt/airflow/dags/reddit_pipeline_dag.py took 0.100 seconds
[2025-10-30T16:17:03.450+0000] {processor.py:161} INFO - Started process (PID=843) to work on /opt/airflow/dags/reddit_pipeline_dag.py
[2025-10-30T16:17:03.452+0000] {processor.py:830} INFO - Processing file /opt/airflow/dags/reddit_pipeline_dag.py for tasks to queue
[2025-10-30T16:17:03.453+0000] {logging_mixin.py:188} INFO - [2025-10-30T16:17:03.453+0000] {dagbag.py:538} INFO - Filling up the DagBag from /opt/airflow/dags/reddit_pipeline_dag.py
[2025-10-30T16:17:03.473+0000] {processor.py:840} INFO - DAG(s) 'reddit_pipeline_dag' retrieved from /opt/airflow/dags/reddit_pipeline_dag.py
[2025-10-30T16:17:03.498+0000] {logging_mixin.py:188} INFO - [2025-10-30T16:17:03.497+0000] {dag.py:3036} INFO - Sync 1 DAGs
[2025-10-30T16:17:03.514+0000] {logging_mixin.py:188} INFO - [2025-10-30T16:17:03.514+0000] {dag.py:3823} INFO - Setting next_dagrun for reddit_pipeline_dag to 2025-10-30 16:00:00+00:00, run_after=2025-10-30 17:00:00+00:00
[2025-10-30T16:17:03.532+0000] {processor.py:183} INFO - Processing /opt/airflow/dags/reddit_pipeline_dag.py took 0.085 seconds
[2025-10-30T16:17:35.271+0000] {processor.py:161} INFO - Started process (PID=848) to work on /opt/airflow/dags/reddit_pipeline_dag.py
[2025-10-30T16:17:35.272+0000] {processor.py:830} INFO - Processing file /opt/airflow/dags/reddit_pipeline_dag.py for tasks to queue
[2025-10-30T16:17:35.273+0000] {logging_mixin.py:188} INFO - [2025-10-30T16:17:35.272+0000] {dagbag.py:538} INFO - Filling up the DagBag from /opt/airflow/dags/reddit_pipeline_dag.py
[2025-10-30T16:17:35.293+0000] {processor.py:840} INFO - DAG(s) 'reddit_pipeline_dag' retrieved from /opt/airflow/dags/reddit_pipeline_dag.py
[2025-10-30T16:17:35.321+0000] {logging_mixin.py:188} INFO - [2025-10-30T16:17:35.320+0000] {dag.py:3036} INFO - Sync 1 DAGs
[2025-10-30T16:17:35.340+0000] {logging_mixin.py:188} INFO - [2025-10-30T16:17:35.340+0000] {dag.py:3823} INFO - Setting next_dagrun for reddit_pipeline_dag to 2025-10-30 16:00:00+00:00, run_after=2025-10-30 17:00:00+00:00
[2025-10-30T16:17:35.359+0000] {processor.py:183} INFO - Processing /opt/airflow/dags/reddit_pipeline_dag.py took 0.091 seconds
[2025-10-30T16:18:06.046+0000] {processor.py:161} INFO - Started process (PID=853) to work on /opt/airflow/dags/reddit_pipeline_dag.py
[2025-10-30T16:18:06.047+0000] {processor.py:830} INFO - Processing file /opt/airflow/dags/reddit_pipeline_dag.py for tasks to queue
[2025-10-30T16:18:06.048+0000] {logging_mixin.py:188} INFO - [2025-10-30T16:18:06.048+0000] {dagbag.py:538} INFO - Filling up the DagBag from /opt/airflow/dags/reddit_pipeline_dag.py
[2025-10-30T16:18:06.073+0000] {processor.py:840} INFO - DAG(s) 'reddit_pipeline_dag' retrieved from /opt/airflow/dags/reddit_pipeline_dag.py
[2025-10-30T16:18:06.094+0000] {logging_mixin.py:188} INFO - [2025-10-30T16:18:06.094+0000] {dag.py:3036} INFO - Sync 1 DAGs
[2025-10-30T16:18:06.111+0000] {logging_mixin.py:188} INFO - [2025-10-30T16:18:06.111+0000] {dag.py:3823} INFO - Setting next_dagrun for reddit_pipeline_dag to 2025-10-30 16:00:00+00:00, run_after=2025-10-30 17:00:00+00:00
[2025-10-30T16:18:06.127+0000] {processor.py:183} INFO - Processing /opt/airflow/dags/reddit_pipeline_dag.py took 0.084 seconds
[2025-10-30T16:18:37.845+0000] {processor.py:161} INFO - Started process (PID=858) to work on /opt/airflow/dags/reddit_pipeline_dag.py
[2025-10-30T16:18:37.846+0000] {processor.py:830} INFO - Processing file /opt/airflow/dags/reddit_pipeline_dag.py for tasks to queue
[2025-10-30T16:18:37.847+0000] {logging_mixin.py:188} INFO - [2025-10-30T16:18:37.846+0000] {dagbag.py:538} INFO - Filling up the DagBag from /opt/airflow/dags/reddit_pipeline_dag.py
[2025-10-30T16:18:37.863+0000] {processor.py:840} INFO - DAG(s) 'reddit_pipeline_dag' retrieved from /opt/airflow/dags/reddit_pipeline_dag.py
[2025-10-30T16:18:37.885+0000] {logging_mixin.py:188} INFO - [2025-10-30T16:18:37.885+0000] {dag.py:3036} INFO - Sync 1 DAGs
[2025-10-30T16:18:37.901+0000] {logging_mixin.py:188} INFO - [2025-10-30T16:18:37.901+0000] {dag.py:3823} INFO - Setting next_dagrun for reddit_pipeline_dag to 2025-10-30 16:00:00+00:00, run_after=2025-10-30 17:00:00+00:00
[2025-10-30T16:18:37.920+0000] {processor.py:183} INFO - Processing /opt/airflow/dags/reddit_pipeline_dag.py took 0.077 seconds
[2025-10-30T16:19:09.646+0000] {processor.py:161} INFO - Started process (PID=863) to work on /opt/airflow/dags/reddit_pipeline_dag.py
[2025-10-30T16:19:09.647+0000] {processor.py:830} INFO - Processing file /opt/airflow/dags/reddit_pipeline_dag.py for tasks to queue
[2025-10-30T16:19:09.647+0000] {logging_mixin.py:188} INFO - [2025-10-30T16:19:09.647+0000] {dagbag.py:538} INFO - Filling up the DagBag from /opt/airflow/dags/reddit_pipeline_dag.py
[2025-10-30T16:19:09.668+0000] {processor.py:840} INFO - DAG(s) 'reddit_pipeline_dag' retrieved from /opt/airflow/dags/reddit_pipeline_dag.py
[2025-10-30T16:19:09.694+0000] {logging_mixin.py:188} INFO - [2025-10-30T16:19:09.694+0000] {dag.py:3036} INFO - Sync 1 DAGs
[2025-10-30T16:19:09.712+0000] {logging_mixin.py:188} INFO - [2025-10-30T16:19:09.712+0000] {dag.py:3823} INFO - Setting next_dagrun for reddit_pipeline_dag to 2025-10-30 16:00:00+00:00, run_after=2025-10-30 17:00:00+00:00
[2025-10-30T16:19:09.729+0000] {processor.py:183} INFO - Processing /opt/airflow/dags/reddit_pipeline_dag.py took 0.085 seconds
[2025-10-30T16:19:41.413+0000] {processor.py:161} INFO - Started process (PID=868) to work on /opt/airflow/dags/reddit_pipeline_dag.py
[2025-10-30T16:19:41.414+0000] {processor.py:830} INFO - Processing file /opt/airflow/dags/reddit_pipeline_dag.py for tasks to queue
[2025-10-30T16:19:41.414+0000] {logging_mixin.py:188} INFO - [2025-10-30T16:19:41.414+0000] {dagbag.py:538} INFO - Filling up the DagBag from /opt/airflow/dags/reddit_pipeline_dag.py
[2025-10-30T16:19:41.430+0000] {processor.py:840} INFO - DAG(s) 'reddit_pipeline_dag' retrieved from /opt/airflow/dags/reddit_pipeline_dag.py
[2025-10-30T16:19:41.452+0000] {logging_mixin.py:188} INFO - [2025-10-30T16:19:41.451+0000] {dag.py:3036} INFO - Sync 1 DAGs
[2025-10-30T16:19:41.468+0000] {logging_mixin.py:188} INFO - [2025-10-30T16:19:41.468+0000] {dag.py:3823} INFO - Setting next_dagrun for reddit_pipeline_dag to 2025-10-30 16:00:00+00:00, run_after=2025-10-30 17:00:00+00:00
[2025-10-30T16:19:41.484+0000] {processor.py:183} INFO - Processing /opt/airflow/dags/reddit_pipeline_dag.py took 0.074 seconds
[2025-10-30T16:20:12.225+0000] {processor.py:161} INFO - Started process (PID=873) to work on /opt/airflow/dags/reddit_pipeline_dag.py
[2025-10-30T16:20:12.226+0000] {processor.py:830} INFO - Processing file /opt/airflow/dags/reddit_pipeline_dag.py for tasks to queue
[2025-10-30T16:20:12.227+0000] {logging_mixin.py:188} INFO - [2025-10-30T16:20:12.227+0000] {dagbag.py:538} INFO - Filling up the DagBag from /opt/airflow/dags/reddit_pipeline_dag.py
[2025-10-30T16:20:12.252+0000] {processor.py:840} INFO - DAG(s) 'reddit_pipeline_dag' retrieved from /opt/airflow/dags/reddit_pipeline_dag.py
[2025-10-30T16:20:12.279+0000] {logging_mixin.py:188} INFO - [2025-10-30T16:20:12.279+0000] {dag.py:3036} INFO - Sync 1 DAGs
[2025-10-30T16:20:12.297+0000] {logging_mixin.py:188} INFO - [2025-10-30T16:20:12.297+0000] {dag.py:3823} INFO - Setting next_dagrun for reddit_pipeline_dag to 2025-10-30 16:00:00+00:00, run_after=2025-10-30 17:00:00+00:00
[2025-10-30T16:20:12.314+0000] {processor.py:183} INFO - Processing /opt/airflow/dags/reddit_pipeline_dag.py took 0.091 seconds
[2025-10-30T16:20:43.990+0000] {processor.py:161} INFO - Started process (PID=878) to work on /opt/airflow/dags/reddit_pipeline_dag.py
[2025-10-30T16:20:43.991+0000] {processor.py:830} INFO - Processing file /opt/airflow/dags/reddit_pipeline_dag.py for tasks to queue
[2025-10-30T16:20:43.992+0000] {logging_mixin.py:188} INFO - [2025-10-30T16:20:43.992+0000] {dagbag.py:538} INFO - Filling up the DagBag from /opt/airflow/dags/reddit_pipeline_dag.py
[2025-10-30T16:20:44.007+0000] {processor.py:840} INFO - DAG(s) 'reddit_pipeline_dag' retrieved from /opt/airflow/dags/reddit_pipeline_dag.py
[2025-10-30T16:20:44.030+0000] {logging_mixin.py:188} INFO - [2025-10-30T16:20:44.030+0000] {dag.py:3036} INFO - Sync 1 DAGs
[2025-10-30T16:20:44.047+0000] {logging_mixin.py:188} INFO - [2025-10-30T16:20:44.047+0000] {dag.py:3823} INFO - Setting next_dagrun for reddit_pipeline_dag to 2025-10-30 16:00:00+00:00, run_after=2025-10-30 17:00:00+00:00
[2025-10-30T16:20:44.065+0000] {processor.py:183} INFO - Processing /opt/airflow/dags/reddit_pipeline_dag.py took 0.077 seconds
[2025-10-30T16:21:15.786+0000] {processor.py:161} INFO - Started process (PID=883) to work on /opt/airflow/dags/reddit_pipeline_dag.py
[2025-10-30T16:21:15.787+0000] {processor.py:830} INFO - Processing file /opt/airflow/dags/reddit_pipeline_dag.py for tasks to queue
[2025-10-30T16:21:15.787+0000] {logging_mixin.py:188} INFO - [2025-10-30T16:21:15.787+0000] {dagbag.py:538} INFO - Filling up the DagBag from /opt/airflow/dags/reddit_pipeline_dag.py
[2025-10-30T16:21:15.808+0000] {processor.py:840} INFO - DAG(s) 'reddit_pipeline_dag' retrieved from /opt/airflow/dags/reddit_pipeline_dag.py
[2025-10-30T16:21:15.834+0000] {logging_mixin.py:188} INFO - [2025-10-30T16:21:15.833+0000] {dag.py:3036} INFO - Sync 1 DAGs
[2025-10-30T16:21:15.851+0000] {logging_mixin.py:188} INFO - [2025-10-30T16:21:15.851+0000] {dag.py:3823} INFO - Setting next_dagrun for reddit_pipeline_dag to 2025-10-30 16:00:00+00:00, run_after=2025-10-30 17:00:00+00:00
[2025-10-30T16:21:15.866+0000] {processor.py:183} INFO - Processing /opt/airflow/dags/reddit_pipeline_dag.py took 0.083 seconds
[2025-10-30T16:21:47.539+0000] {processor.py:161} INFO - Started process (PID=888) to work on /opt/airflow/dags/reddit_pipeline_dag.py
[2025-10-30T16:21:47.541+0000] {processor.py:830} INFO - Processing file /opt/airflow/dags/reddit_pipeline_dag.py for tasks to queue
[2025-10-30T16:21:47.543+0000] {logging_mixin.py:188} INFO - [2025-10-30T16:21:47.542+0000] {dagbag.py:538} INFO - Filling up the DagBag from /opt/airflow/dags/reddit_pipeline_dag.py
[2025-10-30T16:21:47.569+0000] {processor.py:840} INFO - DAG(s) 'reddit_pipeline_dag' retrieved from /opt/airflow/dags/reddit_pipeline_dag.py
[2025-10-30T16:21:47.591+0000] {logging_mixin.py:188} INFO - [2025-10-30T16:21:47.591+0000] {dag.py:3036} INFO - Sync 1 DAGs
[2025-10-30T16:21:47.610+0000] {logging_mixin.py:188} INFO - [2025-10-30T16:21:47.610+0000] {dag.py:3823} INFO - Setting next_dagrun for reddit_pipeline_dag to 2025-10-30 16:00:00+00:00, run_after=2025-10-30 17:00:00+00:00
[2025-10-30T16:21:47.628+0000] {processor.py:183} INFO - Processing /opt/airflow/dags/reddit_pipeline_dag.py took 0.093 seconds
[2025-10-30T16:22:18.339+0000] {processor.py:161} INFO - Started process (PID=893) to work on /opt/airflow/dags/reddit_pipeline_dag.py
[2025-10-30T16:22:18.340+0000] {processor.py:830} INFO - Processing file /opt/airflow/dags/reddit_pipeline_dag.py for tasks to queue
[2025-10-30T16:22:18.341+0000] {logging_mixin.py:188} INFO - [2025-10-30T16:22:18.340+0000] {dagbag.py:538} INFO - Filling up the DagBag from /opt/airflow/dags/reddit_pipeline_dag.py
[2025-10-30T16:22:18.363+0000] {processor.py:840} INFO - DAG(s) 'reddit_pipeline_dag' retrieved from /opt/airflow/dags/reddit_pipeline_dag.py
[2025-10-30T16:22:18.392+0000] {logging_mixin.py:188} INFO - [2025-10-30T16:22:18.392+0000] {dag.py:3036} INFO - Sync 1 DAGs
[2025-10-30T16:22:18.410+0000] {logging_mixin.py:188} INFO - [2025-10-30T16:22:18.410+0000] {dag.py:3823} INFO - Setting next_dagrun for reddit_pipeline_dag to 2025-10-30 16:00:00+00:00, run_after=2025-10-30 17:00:00+00:00
[2025-10-30T16:22:18.428+0000] {processor.py:183} INFO - Processing /opt/airflow/dags/reddit_pipeline_dag.py took 0.092 seconds
[2025-10-30T16:22:50.108+0000] {processor.py:161} INFO - Started process (PID=898) to work on /opt/airflow/dags/reddit_pipeline_dag.py
[2025-10-30T16:22:50.113+0000] {processor.py:830} INFO - Processing file /opt/airflow/dags/reddit_pipeline_dag.py for tasks to queue
[2025-10-30T16:22:50.115+0000] {logging_mixin.py:188} INFO - [2025-10-30T16:22:50.115+0000] {dagbag.py:538} INFO - Filling up the DagBag from /opt/airflow/dags/reddit_pipeline_dag.py
[2025-10-30T16:22:50.165+0000] {processor.py:840} INFO - DAG(s) 'reddit_pipeline_dag' retrieved from /opt/airflow/dags/reddit_pipeline_dag.py
[2025-10-30T16:22:50.187+0000] {logging_mixin.py:188} INFO - [2025-10-30T16:22:50.186+0000] {dag.py:3036} INFO - Sync 1 DAGs
[2025-10-30T16:22:50.204+0000] {logging_mixin.py:188} INFO - [2025-10-30T16:22:50.204+0000] {dag.py:3823} INFO - Setting next_dagrun for reddit_pipeline_dag to 2025-10-30 16:00:00+00:00, run_after=2025-10-30 17:00:00+00:00
[2025-10-30T16:22:50.243+0000] {processor.py:183} INFO - Processing /opt/airflow/dags/reddit_pipeline_dag.py took 0.138 seconds
[2025-10-30T16:23:21.886+0000] {processor.py:161} INFO - Started process (PID=903) to work on /opt/airflow/dags/reddit_pipeline_dag.py
[2025-10-30T16:23:21.888+0000] {processor.py:830} INFO - Processing file /opt/airflow/dags/reddit_pipeline_dag.py for tasks to queue
[2025-10-30T16:23:21.890+0000] {logging_mixin.py:188} INFO - [2025-10-30T16:23:21.890+0000] {dagbag.py:538} INFO - Filling up the DagBag from /opt/airflow/dags/reddit_pipeline_dag.py
[2025-10-30T16:23:21.937+0000] {processor.py:840} INFO - DAG(s) 'reddit_pipeline_dag' retrieved from /opt/airflow/dags/reddit_pipeline_dag.py
[2025-10-30T16:23:21.965+0000] {logging_mixin.py:188} INFO - [2025-10-30T16:23:21.965+0000] {dag.py:3036} INFO - Sync 1 DAGs
[2025-10-30T16:23:21.989+0000] {logging_mixin.py:188} INFO - [2025-10-30T16:23:21.989+0000] {dag.py:3823} INFO - Setting next_dagrun for reddit_pipeline_dag to 2025-10-30 16:00:00+00:00, run_after=2025-10-30 17:00:00+00:00
[2025-10-30T16:23:22.012+0000] {processor.py:183} INFO - Processing /opt/airflow/dags/reddit_pipeline_dag.py took 0.129 seconds
[2025-10-30T16:23:53.672+0000] {processor.py:161} INFO - Started process (PID=908) to work on /opt/airflow/dags/reddit_pipeline_dag.py
[2025-10-30T16:23:53.673+0000] {processor.py:830} INFO - Processing file /opt/airflow/dags/reddit_pipeline_dag.py for tasks to queue
[2025-10-30T16:23:53.676+0000] {logging_mixin.py:188} INFO - [2025-10-30T16:23:53.676+0000] {dagbag.py:538} INFO - Filling up the DagBag from /opt/airflow/dags/reddit_pipeline_dag.py
[2025-10-30T16:23:53.695+0000] {processor.py:840} INFO - DAG(s) 'reddit_pipeline_dag' retrieved from /opt/airflow/dags/reddit_pipeline_dag.py
[2025-10-30T16:23:53.720+0000] {logging_mixin.py:188} INFO - [2025-10-30T16:23:53.720+0000] {dag.py:3036} INFO - Sync 1 DAGs
[2025-10-30T16:23:53.742+0000] {logging_mixin.py:188} INFO - [2025-10-30T16:23:53.742+0000] {dag.py:3823} INFO - Setting next_dagrun for reddit_pipeline_dag to 2025-10-30 16:00:00+00:00, run_after=2025-10-30 17:00:00+00:00
[2025-10-30T16:23:53.761+0000] {processor.py:183} INFO - Processing /opt/airflow/dags/reddit_pipeline_dag.py took 0.091 seconds
[2025-10-30T16:24:24.451+0000] {processor.py:161} INFO - Started process (PID=913) to work on /opt/airflow/dags/reddit_pipeline_dag.py
[2025-10-30T16:24:24.452+0000] {processor.py:830} INFO - Processing file /opt/airflow/dags/reddit_pipeline_dag.py for tasks to queue
[2025-10-30T16:24:24.453+0000] {logging_mixin.py:188} INFO - [2025-10-30T16:24:24.453+0000] {dagbag.py:538} INFO - Filling up the DagBag from /opt/airflow/dags/reddit_pipeline_dag.py
[2025-10-30T16:24:24.471+0000] {processor.py:840} INFO - DAG(s) 'reddit_pipeline_dag' retrieved from /opt/airflow/dags/reddit_pipeline_dag.py
[2025-10-30T16:24:24.499+0000] {logging_mixin.py:188} INFO - [2025-10-30T16:24:24.498+0000] {dag.py:3036} INFO - Sync 1 DAGs
[2025-10-30T16:24:24.517+0000] {logging_mixin.py:188} INFO - [2025-10-30T16:24:24.516+0000] {dag.py:3823} INFO - Setting next_dagrun for reddit_pipeline_dag to 2025-10-30 16:00:00+00:00, run_after=2025-10-30 17:00:00+00:00
[2025-10-30T16:24:24.531+0000] {processor.py:183} INFO - Processing /opt/airflow/dags/reddit_pipeline_dag.py took 0.082 seconds
[2025-10-30T16:24:56.210+0000] {processor.py:161} INFO - Started process (PID=918) to work on /opt/airflow/dags/reddit_pipeline_dag.py
[2025-10-30T16:24:56.212+0000] {processor.py:830} INFO - Processing file /opt/airflow/dags/reddit_pipeline_dag.py for tasks to queue
[2025-10-30T16:24:56.212+0000] {logging_mixin.py:188} INFO - [2025-10-30T16:24:56.212+0000] {dagbag.py:538} INFO - Filling up the DagBag from /opt/airflow/dags/reddit_pipeline_dag.py
[2025-10-30T16:24:56.231+0000] {processor.py:840} INFO - DAG(s) 'reddit_pipeline_dag' retrieved from /opt/airflow/dags/reddit_pipeline_dag.py
[2025-10-30T16:24:56.256+0000] {logging_mixin.py:188} INFO - [2025-10-30T16:24:56.255+0000] {dag.py:3036} INFO - Sync 1 DAGs
[2025-10-30T16:24:56.274+0000] {logging_mixin.py:188} INFO - [2025-10-30T16:24:56.274+0000] {dag.py:3823} INFO - Setting next_dagrun for reddit_pipeline_dag to 2025-10-30 16:00:00+00:00, run_after=2025-10-30 17:00:00+00:00
[2025-10-30T16:24:56.290+0000] {processor.py:183} INFO - Processing /opt/airflow/dags/reddit_pipeline_dag.py took 0.082 seconds
[2025-10-30T16:25:27.926+0000] {processor.py:161} INFO - Started process (PID=923) to work on /opt/airflow/dags/reddit_pipeline_dag.py
[2025-10-30T16:25:27.927+0000] {processor.py:830} INFO - Processing file /opt/airflow/dags/reddit_pipeline_dag.py for tasks to queue
[2025-10-30T16:25:27.928+0000] {logging_mixin.py:188} INFO - [2025-10-30T16:25:27.928+0000] {dagbag.py:538} INFO - Filling up the DagBag from /opt/airflow/dags/reddit_pipeline_dag.py
[2025-10-30T16:25:27.959+0000] {processor.py:840} INFO - DAG(s) 'reddit_pipeline_dag' retrieved from /opt/airflow/dags/reddit_pipeline_dag.py
[2025-10-30T16:25:27.988+0000] {logging_mixin.py:188} INFO - [2025-10-30T16:25:27.988+0000] {dag.py:3036} INFO - Sync 1 DAGs
[2025-10-30T16:25:28.008+0000] {logging_mixin.py:188} INFO - [2025-10-30T16:25:28.007+0000] {dag.py:3823} INFO - Setting next_dagrun for reddit_pipeline_dag to 2025-10-30 16:00:00+00:00, run_after=2025-10-30 17:00:00+00:00
[2025-10-30T16:25:28.024+0000] {processor.py:183} INFO - Processing /opt/airflow/dags/reddit_pipeline_dag.py took 0.101 seconds
[2025-10-30T16:25:59.695+0000] {processor.py:161} INFO - Started process (PID=928) to work on /opt/airflow/dags/reddit_pipeline_dag.py
[2025-10-30T16:25:59.696+0000] {processor.py:830} INFO - Processing file /opt/airflow/dags/reddit_pipeline_dag.py for tasks to queue
[2025-10-30T16:25:59.697+0000] {logging_mixin.py:188} INFO - [2025-10-30T16:25:59.697+0000] {dagbag.py:538} INFO - Filling up the DagBag from /opt/airflow/dags/reddit_pipeline_dag.py
[2025-10-30T16:25:59.712+0000] {processor.py:840} INFO - DAG(s) 'reddit_pipeline_dag' retrieved from /opt/airflow/dags/reddit_pipeline_dag.py
[2025-10-30T16:25:59.735+0000] {logging_mixin.py:188} INFO - [2025-10-30T16:25:59.734+0000] {dag.py:3036} INFO - Sync 1 DAGs
[2025-10-30T16:25:59.751+0000] {logging_mixin.py:188} INFO - [2025-10-30T16:25:59.751+0000] {dag.py:3823} INFO - Setting next_dagrun for reddit_pipeline_dag to 2025-10-30 16:00:00+00:00, run_after=2025-10-30 17:00:00+00:00
[2025-10-30T16:25:59.767+0000] {processor.py:183} INFO - Processing /opt/airflow/dags/reddit_pipeline_dag.py took 0.074 seconds
[2025-10-30T16:26:31.444+0000] {processor.py:161} INFO - Started process (PID=933) to work on /opt/airflow/dags/reddit_pipeline_dag.py
[2025-10-30T16:26:31.445+0000] {processor.py:830} INFO - Processing file /opt/airflow/dags/reddit_pipeline_dag.py for tasks to queue
[2025-10-30T16:26:31.446+0000] {logging_mixin.py:188} INFO - [2025-10-30T16:26:31.446+0000] {dagbag.py:538} INFO - Filling up the DagBag from /opt/airflow/dags/reddit_pipeline_dag.py
[2025-10-30T16:26:31.468+0000] {processor.py:840} INFO - DAG(s) 'reddit_pipeline_dag' retrieved from /opt/airflow/dags/reddit_pipeline_dag.py
[2025-10-30T16:26:31.494+0000] {logging_mixin.py:188} INFO - [2025-10-30T16:26:31.494+0000] {dag.py:3036} INFO - Sync 1 DAGs
[2025-10-30T16:26:31.511+0000] {logging_mixin.py:188} INFO - [2025-10-30T16:26:31.510+0000] {dag.py:3823} INFO - Setting next_dagrun for reddit_pipeline_dag to 2025-10-30 16:00:00+00:00, run_after=2025-10-30 17:00:00+00:00
[2025-10-30T16:26:31.526+0000] {processor.py:183} INFO - Processing /opt/airflow/dags/reddit_pipeline_dag.py took 0.084 seconds
[2025-10-30T16:27:02.185+0000] {processor.py:161} INFO - Started process (PID=938) to work on /opt/airflow/dags/reddit_pipeline_dag.py
[2025-10-30T16:27:02.186+0000] {processor.py:830} INFO - Processing file /opt/airflow/dags/reddit_pipeline_dag.py for tasks to queue
[2025-10-30T16:27:02.187+0000] {logging_mixin.py:188} INFO - [2025-10-30T16:27:02.187+0000] {dagbag.py:538} INFO - Filling up the DagBag from /opt/airflow/dags/reddit_pipeline_dag.py
[2025-10-30T16:27:02.203+0000] {processor.py:840} INFO - DAG(s) 'reddit_pipeline_dag' retrieved from /opt/airflow/dags/reddit_pipeline_dag.py
[2025-10-30T16:27:02.226+0000] {logging_mixin.py:188} INFO - [2025-10-30T16:27:02.226+0000] {dag.py:3036} INFO - Sync 1 DAGs
[2025-10-30T16:27:02.244+0000] {logging_mixin.py:188} INFO - [2025-10-30T16:27:02.244+0000] {dag.py:3823} INFO - Setting next_dagrun for reddit_pipeline_dag to 2025-10-30 16:00:00+00:00, run_after=2025-10-30 17:00:00+00:00
[2025-10-30T16:27:02.260+0000] {processor.py:183} INFO - Processing /opt/airflow/dags/reddit_pipeline_dag.py took 0.078 seconds
[2025-10-30T16:27:33.952+0000] {processor.py:161} INFO - Started process (PID=943) to work on /opt/airflow/dags/reddit_pipeline_dag.py
[2025-10-30T16:27:33.953+0000] {processor.py:830} INFO - Processing file /opt/airflow/dags/reddit_pipeline_dag.py for tasks to queue
[2025-10-30T16:27:33.953+0000] {logging_mixin.py:188} INFO - [2025-10-30T16:27:33.953+0000] {dagbag.py:538} INFO - Filling up the DagBag from /opt/airflow/dags/reddit_pipeline_dag.py
[2025-10-30T16:27:33.973+0000] {processor.py:840} INFO - DAG(s) 'reddit_pipeline_dag' retrieved from /opt/airflow/dags/reddit_pipeline_dag.py
[2025-10-30T16:27:34.001+0000] {logging_mixin.py:188} INFO - [2025-10-30T16:27:34.000+0000] {dag.py:3036} INFO - Sync 1 DAGs
[2025-10-30T16:27:34.020+0000] {logging_mixin.py:188} INFO - [2025-10-30T16:27:34.020+0000] {dag.py:3823} INFO - Setting next_dagrun for reddit_pipeline_dag to 2025-10-30 16:00:00+00:00, run_after=2025-10-30 17:00:00+00:00
[2025-10-30T16:27:34.038+0000] {processor.py:183} INFO - Processing /opt/airflow/dags/reddit_pipeline_dag.py took 0.089 seconds
[2025-10-30T16:28:05.652+0000] {processor.py:161} INFO - Started process (PID=948) to work on /opt/airflow/dags/reddit_pipeline_dag.py
[2025-10-30T16:28:05.653+0000] {processor.py:830} INFO - Processing file /opt/airflow/dags/reddit_pipeline_dag.py for tasks to queue
[2025-10-30T16:28:05.654+0000] {logging_mixin.py:188} INFO - [2025-10-30T16:28:05.654+0000] {dagbag.py:538} INFO - Filling up the DagBag from /opt/airflow/dags/reddit_pipeline_dag.py
[2025-10-30T16:28:05.671+0000] {processor.py:840} INFO - DAG(s) 'reddit_pipeline_dag' retrieved from /opt/airflow/dags/reddit_pipeline_dag.py
[2025-10-30T16:28:05.691+0000] {logging_mixin.py:188} INFO - [2025-10-30T16:28:05.691+0000] {dag.py:3036} INFO - Sync 1 DAGs
[2025-10-30T16:28:05.707+0000] {logging_mixin.py:188} INFO - [2025-10-30T16:28:05.707+0000] {dag.py:3823} INFO - Setting next_dagrun for reddit_pipeline_dag to 2025-10-30 16:00:00+00:00, run_after=2025-10-30 17:00:00+00:00
[2025-10-30T16:28:05.725+0000] {processor.py:183} INFO - Processing /opt/airflow/dags/reddit_pipeline_dag.py took 0.076 seconds
[2025-10-30T16:28:37.417+0000] {processor.py:161} INFO - Started process (PID=953) to work on /opt/airflow/dags/reddit_pipeline_dag.py
[2025-10-30T16:28:37.418+0000] {processor.py:830} INFO - Processing file /opt/airflow/dags/reddit_pipeline_dag.py for tasks to queue
[2025-10-30T16:28:37.419+0000] {logging_mixin.py:188} INFO - [2025-10-30T16:28:37.419+0000] {dagbag.py:538} INFO - Filling up the DagBag from /opt/airflow/dags/reddit_pipeline_dag.py
[2025-10-30T16:28:37.439+0000] {processor.py:840} INFO - DAG(s) 'reddit_pipeline_dag' retrieved from /opt/airflow/dags/reddit_pipeline_dag.py
[2025-10-30T16:28:37.465+0000] {logging_mixin.py:188} INFO - [2025-10-30T16:28:37.465+0000] {dag.py:3036} INFO - Sync 1 DAGs
[2025-10-30T16:28:37.482+0000] {logging_mixin.py:188} INFO - [2025-10-30T16:28:37.482+0000] {dag.py:3823} INFO - Setting next_dagrun for reddit_pipeline_dag to 2025-10-30 16:00:00+00:00, run_after=2025-10-30 17:00:00+00:00
[2025-10-30T16:28:37.496+0000] {processor.py:183} INFO - Processing /opt/airflow/dags/reddit_pipeline_dag.py took 0.082 seconds
[2025-10-30T16:29:08.125+0000] {processor.py:161} INFO - Started process (PID=958) to work on /opt/airflow/dags/reddit_pipeline_dag.py
[2025-10-30T16:29:08.127+0000] {processor.py:830} INFO - Processing file /opt/airflow/dags/reddit_pipeline_dag.py for tasks to queue
[2025-10-30T16:29:08.128+0000] {logging_mixin.py:188} INFO - [2025-10-30T16:29:08.127+0000] {dagbag.py:538} INFO - Filling up the DagBag from /opt/airflow/dags/reddit_pipeline_dag.py
[2025-10-30T16:29:08.142+0000] {processor.py:840} INFO - DAG(s) 'reddit_pipeline_dag' retrieved from /opt/airflow/dags/reddit_pipeline_dag.py
[2025-10-30T16:29:08.164+0000] {logging_mixin.py:188} INFO - [2025-10-30T16:29:08.164+0000] {dag.py:3036} INFO - Sync 1 DAGs
[2025-10-30T16:29:08.181+0000] {logging_mixin.py:188} INFO - [2025-10-30T16:29:08.181+0000] {dag.py:3823} INFO - Setting next_dagrun for reddit_pipeline_dag to 2025-10-30 16:00:00+00:00, run_after=2025-10-30 17:00:00+00:00
[2025-10-30T16:29:08.197+0000] {processor.py:183} INFO - Processing /opt/airflow/dags/reddit_pipeline_dag.py took 0.075 seconds
[2025-10-30T16:29:39.859+0000] {processor.py:161} INFO - Started process (PID=963) to work on /opt/airflow/dags/reddit_pipeline_dag.py
[2025-10-30T16:29:39.860+0000] {processor.py:830} INFO - Processing file /opt/airflow/dags/reddit_pipeline_dag.py for tasks to queue
[2025-10-30T16:29:39.861+0000] {logging_mixin.py:188} INFO - [2025-10-30T16:29:39.860+0000] {dagbag.py:538} INFO - Filling up the DagBag from /opt/airflow/dags/reddit_pipeline_dag.py
[2025-10-30T16:29:39.877+0000] {processor.py:840} INFO - DAG(s) 'reddit_pipeline_dag' retrieved from /opt/airflow/dags/reddit_pipeline_dag.py
[2025-10-30T16:29:39.898+0000] {logging_mixin.py:188} INFO - [2025-10-30T16:29:39.898+0000] {dag.py:3036} INFO - Sync 1 DAGs
[2025-10-30T16:29:39.915+0000] {logging_mixin.py:188} INFO - [2025-10-30T16:29:39.915+0000] {dag.py:3823} INFO - Setting next_dagrun for reddit_pipeline_dag to 2025-10-30 16:00:00+00:00, run_after=2025-10-30 17:00:00+00:00
[2025-10-30T16:29:39.933+0000] {processor.py:183} INFO - Processing /opt/airflow/dags/reddit_pipeline_dag.py took 0.076 seconds
[2025-10-30T16:30:11.551+0000] {processor.py:161} INFO - Started process (PID=968) to work on /opt/airflow/dags/reddit_pipeline_dag.py
[2025-10-30T16:30:11.553+0000] {processor.py:830} INFO - Processing file /opt/airflow/dags/reddit_pipeline_dag.py for tasks to queue
[2025-10-30T16:30:11.554+0000] {logging_mixin.py:188} INFO - [2025-10-30T16:30:11.554+0000] {dagbag.py:538} INFO - Filling up the DagBag from /opt/airflow/dags/reddit_pipeline_dag.py
[2025-10-30T16:30:11.574+0000] {processor.py:840} INFO - DAG(s) 'reddit_pipeline_dag' retrieved from /opt/airflow/dags/reddit_pipeline_dag.py
[2025-10-30T16:30:11.599+0000] {logging_mixin.py:188} INFO - [2025-10-30T16:30:11.599+0000] {dag.py:3036} INFO - Sync 1 DAGs
[2025-10-30T16:30:11.617+0000] {logging_mixin.py:188} INFO - [2025-10-30T16:30:11.617+0000] {dag.py:3823} INFO - Setting next_dagrun for reddit_pipeline_dag to 2025-10-30 16:00:00+00:00, run_after=2025-10-30 17:00:00+00:00
[2025-10-30T16:30:11.633+0000] {processor.py:183} INFO - Processing /opt/airflow/dags/reddit_pipeline_dag.py took 0.083 seconds
[2025-10-30T16:30:43.255+0000] {processor.py:161} INFO - Started process (PID=973) to work on /opt/airflow/dags/reddit_pipeline_dag.py
[2025-10-30T16:30:43.256+0000] {processor.py:830} INFO - Processing file /opt/airflow/dags/reddit_pipeline_dag.py for tasks to queue
[2025-10-30T16:30:43.256+0000] {logging_mixin.py:188} INFO - [2025-10-30T16:30:43.256+0000] {dagbag.py:538} INFO - Filling up the DagBag from /opt/airflow/dags/reddit_pipeline_dag.py
[2025-10-30T16:30:43.284+0000] {processor.py:840} INFO - DAG(s) 'reddit_pipeline_dag' retrieved from /opt/airflow/dags/reddit_pipeline_dag.py
[2025-10-30T16:30:43.305+0000] {logging_mixin.py:188} INFO - [2025-10-30T16:30:43.305+0000] {dag.py:3036} INFO - Sync 1 DAGs
[2025-10-30T16:30:43.322+0000] {logging_mixin.py:188} INFO - [2025-10-30T16:30:43.322+0000] {dag.py:3823} INFO - Setting next_dagrun for reddit_pipeline_dag to 2025-10-30 16:00:00+00:00, run_after=2025-10-30 17:00:00+00:00
[2025-10-30T16:30:43.338+0000] {processor.py:183} INFO - Processing /opt/airflow/dags/reddit_pipeline_dag.py took 0.086 seconds
[2025-10-30T16:31:13.965+0000] {processor.py:161} INFO - Started process (PID=978) to work on /opt/airflow/dags/reddit_pipeline_dag.py
[2025-10-30T16:31:13.966+0000] {processor.py:830} INFO - Processing file /opt/airflow/dags/reddit_pipeline_dag.py for tasks to queue
[2025-10-30T16:31:13.968+0000] {logging_mixin.py:188} INFO - [2025-10-30T16:31:13.967+0000] {dagbag.py:538} INFO - Filling up the DagBag from /opt/airflow/dags/reddit_pipeline_dag.py
[2025-10-30T16:31:13.990+0000] {processor.py:840} INFO - DAG(s) 'reddit_pipeline_dag' retrieved from /opt/airflow/dags/reddit_pipeline_dag.py
[2025-10-30T16:31:14.017+0000] {logging_mixin.py:188} INFO - [2025-10-30T16:31:14.017+0000] {dag.py:3036} INFO - Sync 1 DAGs
[2025-10-30T16:31:14.034+0000] {logging_mixin.py:188} INFO - [2025-10-30T16:31:14.034+0000] {dag.py:3823} INFO - Setting next_dagrun for reddit_pipeline_dag to 2025-10-30 16:00:00+00:00, run_after=2025-10-30 17:00:00+00:00
[2025-10-30T16:31:14.051+0000] {processor.py:183} INFO - Processing /opt/airflow/dags/reddit_pipeline_dag.py took 0.088 seconds
[2025-10-30T16:31:45.700+0000] {processor.py:161} INFO - Started process (PID=983) to work on /opt/airflow/dags/reddit_pipeline_dag.py
[2025-10-30T16:31:45.701+0000] {processor.py:830} INFO - Processing file /opt/airflow/dags/reddit_pipeline_dag.py for tasks to queue
[2025-10-30T16:31:45.702+0000] {logging_mixin.py:188} INFO - [2025-10-30T16:31:45.702+0000] {dagbag.py:538} INFO - Filling up the DagBag from /opt/airflow/dags/reddit_pipeline_dag.py
[2025-10-30T16:31:45.717+0000] {processor.py:840} INFO - DAG(s) 'reddit_pipeline_dag' retrieved from /opt/airflow/dags/reddit_pipeline_dag.py
[2025-10-30T16:31:45.738+0000] {logging_mixin.py:188} INFO - [2025-10-30T16:31:45.737+0000] {dag.py:3036} INFO - Sync 1 DAGs
[2025-10-30T16:31:45.756+0000] {logging_mixin.py:188} INFO - [2025-10-30T16:31:45.756+0000] {dag.py:3823} INFO - Setting next_dagrun for reddit_pipeline_dag to 2025-10-30 16:00:00+00:00, run_after=2025-10-30 17:00:00+00:00
[2025-10-30T16:31:45.779+0000] {processor.py:183} INFO - Processing /opt/airflow/dags/reddit_pipeline_dag.py took 0.081 seconds
[2025-10-30T16:32:17.344+0000] {processor.py:161} INFO - Started process (PID=988) to work on /opt/airflow/dags/reddit_pipeline_dag.py
[2025-10-30T16:32:17.345+0000] {processor.py:830} INFO - Processing file /opt/airflow/dags/reddit_pipeline_dag.py for tasks to queue
[2025-10-30T16:32:17.345+0000] {logging_mixin.py:188} INFO - [2025-10-30T16:32:17.345+0000] {dagbag.py:538} INFO - Filling up the DagBag from /opt/airflow/dags/reddit_pipeline_dag.py
[2025-10-30T16:32:17.365+0000] {processor.py:840} INFO - DAG(s) 'reddit_pipeline_dag' retrieved from /opt/airflow/dags/reddit_pipeline_dag.py
[2025-10-30T16:32:17.392+0000] {logging_mixin.py:188} INFO - [2025-10-30T16:32:17.392+0000] {dag.py:3036} INFO - Sync 1 DAGs
[2025-10-30T16:32:17.410+0000] {logging_mixin.py:188} INFO - [2025-10-30T16:32:17.410+0000] {dag.py:3823} INFO - Setting next_dagrun for reddit_pipeline_dag to 2025-10-30 16:00:00+00:00, run_after=2025-10-30 17:00:00+00:00
[2025-10-30T16:32:17.429+0000] {processor.py:183} INFO - Processing /opt/airflow/dags/reddit_pipeline_dag.py took 0.087 seconds
[2025-10-30T16:32:49.007+0000] {processor.py:161} INFO - Started process (PID=993) to work on /opt/airflow/dags/reddit_pipeline_dag.py
[2025-10-30T16:32:49.008+0000] {processor.py:830} INFO - Processing file /opt/airflow/dags/reddit_pipeline_dag.py for tasks to queue
[2025-10-30T16:32:49.009+0000] {logging_mixin.py:188} INFO - [2025-10-30T16:32:49.009+0000] {dagbag.py:538} INFO - Filling up the DagBag from /opt/airflow/dags/reddit_pipeline_dag.py
[2025-10-30T16:32:49.024+0000] {processor.py:840} INFO - DAG(s) 'reddit_pipeline_dag' retrieved from /opt/airflow/dags/reddit_pipeline_dag.py
[2025-10-30T16:32:49.047+0000] {logging_mixin.py:188} INFO - [2025-10-30T16:32:49.047+0000] {dag.py:3036} INFO - Sync 1 DAGs
[2025-10-30T16:32:49.064+0000] {logging_mixin.py:188} INFO - [2025-10-30T16:32:49.063+0000] {dag.py:3823} INFO - Setting next_dagrun for reddit_pipeline_dag to 2025-10-30 16:00:00+00:00, run_after=2025-10-30 17:00:00+00:00
[2025-10-30T16:32:49.080+0000] {processor.py:183} INFO - Processing /opt/airflow/dags/reddit_pipeline_dag.py took 0.075 seconds
[2025-10-30T16:33:19.740+0000] {processor.py:161} INFO - Started process (PID=998) to work on /opt/airflow/dags/reddit_pipeline_dag.py
[2025-10-30T16:33:19.741+0000] {processor.py:830} INFO - Processing file /opt/airflow/dags/reddit_pipeline_dag.py for tasks to queue
[2025-10-30T16:33:19.742+0000] {logging_mixin.py:188} INFO - [2025-10-30T16:33:19.742+0000] {dagbag.py:538} INFO - Filling up the DagBag from /opt/airflow/dags/reddit_pipeline_dag.py
[2025-10-30T16:33:19.762+0000] {processor.py:840} INFO - DAG(s) 'reddit_pipeline_dag' retrieved from /opt/airflow/dags/reddit_pipeline_dag.py
[2025-10-30T16:33:19.788+0000] {logging_mixin.py:188} INFO - [2025-10-30T16:33:19.788+0000] {dag.py:3036} INFO - Sync 1 DAGs
[2025-10-30T16:33:19.805+0000] {logging_mixin.py:188} INFO - [2025-10-30T16:33:19.805+0000] {dag.py:3823} INFO - Setting next_dagrun for reddit_pipeline_dag to 2025-10-30 16:00:00+00:00, run_after=2025-10-30 17:00:00+00:00
[2025-10-30T16:33:19.821+0000] {processor.py:183} INFO - Processing /opt/airflow/dags/reddit_pipeline_dag.py took 0.083 seconds
[2025-10-30T16:33:51.384+0000] {processor.py:161} INFO - Started process (PID=1003) to work on /opt/airflow/dags/reddit_pipeline_dag.py
[2025-10-30T16:33:51.385+0000] {processor.py:830} INFO - Processing file /opt/airflow/dags/reddit_pipeline_dag.py for tasks to queue
[2025-10-30T16:33:51.385+0000] {logging_mixin.py:188} INFO - [2025-10-30T16:33:51.385+0000] {dagbag.py:538} INFO - Filling up the DagBag from /opt/airflow/dags/reddit_pipeline_dag.py
[2025-10-30T16:33:51.402+0000] {processor.py:840} INFO - DAG(s) 'reddit_pipeline_dag' retrieved from /opt/airflow/dags/reddit_pipeline_dag.py
[2025-10-30T16:33:51.425+0000] {logging_mixin.py:188} INFO - [2025-10-30T16:33:51.424+0000] {dag.py:3036} INFO - Sync 1 DAGs
[2025-10-30T16:33:51.444+0000] {logging_mixin.py:188} INFO - [2025-10-30T16:33:51.444+0000] {dag.py:3823} INFO - Setting next_dagrun for reddit_pipeline_dag to 2025-10-30 16:00:00+00:00, run_after=2025-10-30 17:00:00+00:00
[2025-10-30T16:33:51.460+0000] {processor.py:183} INFO - Processing /opt/airflow/dags/reddit_pipeline_dag.py took 0.079 seconds
[2025-10-30T16:34:23.063+0000] {processor.py:161} INFO - Started process (PID=1008) to work on /opt/airflow/dags/reddit_pipeline_dag.py
[2025-10-30T16:34:23.065+0000] {processor.py:830} INFO - Processing file /opt/airflow/dags/reddit_pipeline_dag.py for tasks to queue
[2025-10-30T16:34:23.066+0000] {logging_mixin.py:188} INFO - [2025-10-30T16:34:23.066+0000] {dagbag.py:538} INFO - Filling up the DagBag from /opt/airflow/dags/reddit_pipeline_dag.py
[2025-10-30T16:34:23.086+0000] {processor.py:840} INFO - DAG(s) 'reddit_pipeline_dag' retrieved from /opt/airflow/dags/reddit_pipeline_dag.py
[2025-10-30T16:34:23.114+0000] {logging_mixin.py:188} INFO - [2025-10-30T16:34:23.114+0000] {dag.py:3036} INFO - Sync 1 DAGs
[2025-10-30T16:34:23.133+0000] {logging_mixin.py:188} INFO - [2025-10-30T16:34:23.133+0000] {dag.py:3823} INFO - Setting next_dagrun for reddit_pipeline_dag to 2025-10-30 16:00:00+00:00, run_after=2025-10-30 17:00:00+00:00
[2025-10-30T16:34:23.150+0000] {processor.py:183} INFO - Processing /opt/airflow/dags/reddit_pipeline_dag.py took 0.089 seconds
[2025-10-30T16:34:54.629+0000] {processor.py:161} INFO - Started process (PID=1013) to work on /opt/airflow/dags/reddit_pipeline_dag.py
[2025-10-30T16:34:54.630+0000] {processor.py:830} INFO - Processing file /opt/airflow/dags/reddit_pipeline_dag.py for tasks to queue
[2025-10-30T16:34:54.631+0000] {logging_mixin.py:188} INFO - [2025-10-30T16:34:54.630+0000] {dagbag.py:538} INFO - Filling up the DagBag from /opt/airflow/dags/reddit_pipeline_dag.py
[2025-10-30T16:34:54.646+0000] {processor.py:840} INFO - DAG(s) 'reddit_pipeline_dag' retrieved from /opt/airflow/dags/reddit_pipeline_dag.py
[2025-10-30T16:34:54.666+0000] {logging_mixin.py:188} INFO - [2025-10-30T16:34:54.666+0000] {dag.py:3036} INFO - Sync 1 DAGs
[2025-10-30T16:34:54.682+0000] {logging_mixin.py:188} INFO - [2025-10-30T16:34:54.682+0000] {dag.py:3823} INFO - Setting next_dagrun for reddit_pipeline_dag to 2025-10-30 16:00:00+00:00, run_after=2025-10-30 17:00:00+00:00
[2025-10-30T16:34:54.698+0000] {processor.py:183} INFO - Processing /opt/airflow/dags/reddit_pipeline_dag.py took 0.072 seconds
[2025-10-30T16:35:26.273+0000] {processor.py:161} INFO - Started process (PID=1018) to work on /opt/airflow/dags/reddit_pipeline_dag.py
[2025-10-30T16:35:26.275+0000] {processor.py:830} INFO - Processing file /opt/airflow/dags/reddit_pipeline_dag.py for tasks to queue
[2025-10-30T16:35:26.276+0000] {logging_mixin.py:188} INFO - [2025-10-30T16:35:26.276+0000] {dagbag.py:538} INFO - Filling up the DagBag from /opt/airflow/dags/reddit_pipeline_dag.py
[2025-10-30T16:35:26.296+0000] {processor.py:840} INFO - DAG(s) 'reddit_pipeline_dag' retrieved from /opt/airflow/dags/reddit_pipeline_dag.py
[2025-10-30T16:35:26.323+0000] {logging_mixin.py:188} INFO - [2025-10-30T16:35:26.323+0000] {dag.py:3036} INFO - Sync 1 DAGs
[2025-10-30T16:35:26.340+0000] {logging_mixin.py:188} INFO - [2025-10-30T16:35:26.339+0000] {dag.py:3823} INFO - Setting next_dagrun for reddit_pipeline_dag to 2025-10-30 16:00:00+00:00, run_after=2025-10-30 17:00:00+00:00
[2025-10-30T16:35:26.354+0000] {processor.py:183} INFO - Processing /opt/airflow/dags/reddit_pipeline_dag.py took 0.083 seconds
[2025-10-30T16:35:56.896+0000] {processor.py:161} INFO - Started process (PID=1023) to work on /opt/airflow/dags/reddit_pipeline_dag.py
[2025-10-30T16:35:56.897+0000] {processor.py:830} INFO - Processing file /opt/airflow/dags/reddit_pipeline_dag.py for tasks to queue
[2025-10-30T16:35:56.898+0000] {logging_mixin.py:188} INFO - [2025-10-30T16:35:56.898+0000] {dagbag.py:538} INFO - Filling up the DagBag from /opt/airflow/dags/reddit_pipeline_dag.py
[2025-10-30T16:35:56.916+0000] {processor.py:840} INFO - DAG(s) 'reddit_pipeline_dag' retrieved from /opt/airflow/dags/reddit_pipeline_dag.py
[2025-10-30T16:35:56.937+0000] {logging_mixin.py:188} INFO - [2025-10-30T16:35:56.936+0000] {dag.py:3036} INFO - Sync 1 DAGs
[2025-10-30T16:35:56.954+0000] {logging_mixin.py:188} INFO - [2025-10-30T16:35:56.954+0000] {dag.py:3823} INFO - Setting next_dagrun for reddit_pipeline_dag to 2025-10-30 16:00:00+00:00, run_after=2025-10-30 17:00:00+00:00
[2025-10-30T16:35:56.968+0000] {processor.py:183} INFO - Processing /opt/airflow/dags/reddit_pipeline_dag.py took 0.075 seconds
[2025-10-30T16:36:28.508+0000] {processor.py:161} INFO - Started process (PID=1028) to work on /opt/airflow/dags/reddit_pipeline_dag.py
[2025-10-30T16:36:28.509+0000] {processor.py:830} INFO - Processing file /opt/airflow/dags/reddit_pipeline_dag.py for tasks to queue
[2025-10-30T16:36:28.510+0000] {logging_mixin.py:188} INFO - [2025-10-30T16:36:28.509+0000] {dagbag.py:538} INFO - Filling up the DagBag from /opt/airflow/dags/reddit_pipeline_dag.py
[2025-10-30T16:36:28.530+0000] {processor.py:840} INFO - DAG(s) 'reddit_pipeline_dag' retrieved from /opt/airflow/dags/reddit_pipeline_dag.py
[2025-10-30T16:36:28.561+0000] {logging_mixin.py:188} INFO - [2025-10-30T16:36:28.561+0000] {dag.py:3036} INFO - Sync 1 DAGs
[2025-10-30T16:36:28.580+0000] {logging_mixin.py:188} INFO - [2025-10-30T16:36:28.579+0000] {dag.py:3823} INFO - Setting next_dagrun for reddit_pipeline_dag to 2025-10-30 16:00:00+00:00, run_after=2025-10-30 17:00:00+00:00
[2025-10-30T16:36:28.595+0000] {processor.py:183} INFO - Processing /opt/airflow/dags/reddit_pipeline_dag.py took 0.091 seconds
[2025-10-30T16:37:00.145+0000] {processor.py:161} INFO - Started process (PID=1033) to work on /opt/airflow/dags/reddit_pipeline_dag.py
[2025-10-30T16:37:00.146+0000] {processor.py:830} INFO - Processing file /opt/airflow/dags/reddit_pipeline_dag.py for tasks to queue
[2025-10-30T16:37:00.149+0000] {logging_mixin.py:188} INFO - [2025-10-30T16:37:00.149+0000] {dagbag.py:538} INFO - Filling up the DagBag from /opt/airflow/dags/reddit_pipeline_dag.py
[2025-10-30T16:37:00.168+0000] {processor.py:840} INFO - DAG(s) 'reddit_pipeline_dag' retrieved from /opt/airflow/dags/reddit_pipeline_dag.py
[2025-10-30T16:37:00.194+0000] {logging_mixin.py:188} INFO - [2025-10-30T16:37:00.193+0000] {dag.py:3036} INFO - Sync 1 DAGs
[2025-10-30T16:37:00.211+0000] {logging_mixin.py:188} INFO - [2025-10-30T16:37:00.210+0000] {dag.py:3823} INFO - Setting next_dagrun for reddit_pipeline_dag to 2025-10-30 16:00:00+00:00, run_after=2025-10-30 17:00:00+00:00
[2025-10-30T16:37:00.228+0000] {processor.py:183} INFO - Processing /opt/airflow/dags/reddit_pipeline_dag.py took 0.086 seconds
[2025-10-30T16:37:31.732+0000] {processor.py:161} INFO - Started process (PID=1038) to work on /opt/airflow/dags/reddit_pipeline_dag.py
[2025-10-30T16:37:31.732+0000] {processor.py:830} INFO - Processing file /opt/airflow/dags/reddit_pipeline_dag.py for tasks to queue
[2025-10-30T16:37:31.733+0000] {logging_mixin.py:188} INFO - [2025-10-30T16:37:31.733+0000] {dagbag.py:538} INFO - Filling up the DagBag from /opt/airflow/dags/reddit_pipeline_dag.py
[2025-10-30T16:37:31.755+0000] {processor.py:840} INFO - DAG(s) 'reddit_pipeline_dag' retrieved from /opt/airflow/dags/reddit_pipeline_dag.py
[2025-10-30T16:37:31.784+0000] {logging_mixin.py:188} INFO - [2025-10-30T16:37:31.783+0000] {dag.py:3036} INFO - Sync 1 DAGs
[2025-10-30T16:37:31.801+0000] {logging_mixin.py:188} INFO - [2025-10-30T16:37:31.801+0000] {dag.py:3823} INFO - Setting next_dagrun for reddit_pipeline_dag to 2025-10-30 16:00:00+00:00, run_after=2025-10-30 17:00:00+00:00
[2025-10-30T16:37:31.817+0000] {processor.py:183} INFO - Processing /opt/airflow/dags/reddit_pipeline_dag.py took 0.088 seconds
[2025-10-30T16:38:02.400+0000] {processor.py:161} INFO - Started process (PID=1043) to work on /opt/airflow/dags/reddit_pipeline_dag.py
[2025-10-30T16:38:02.401+0000] {processor.py:830} INFO - Processing file /opt/airflow/dags/reddit_pipeline_dag.py for tasks to queue
[2025-10-30T16:38:02.402+0000] {logging_mixin.py:188} INFO - [2025-10-30T16:38:02.402+0000] {dagbag.py:538} INFO - Filling up the DagBag from /opt/airflow/dags/reddit_pipeline_dag.py
[2025-10-30T16:38:02.431+0000] {processor.py:840} INFO - DAG(s) 'reddit_pipeline_dag' retrieved from /opt/airflow/dags/reddit_pipeline_dag.py
[2025-10-30T16:38:02.456+0000] {logging_mixin.py:188} INFO - [2025-10-30T16:38:02.456+0000] {dag.py:3036} INFO - Sync 1 DAGs
[2025-10-30T16:38:02.476+0000] {logging_mixin.py:188} INFO - [2025-10-30T16:38:02.475+0000] {dag.py:3823} INFO - Setting next_dagrun for reddit_pipeline_dag to 2025-10-30 16:00:00+00:00, run_after=2025-10-30 17:00:00+00:00
[2025-10-30T16:38:02.498+0000] {processor.py:183} INFO - Processing /opt/airflow/dags/reddit_pipeline_dag.py took 0.101 seconds
[2025-10-30T16:38:33.975+0000] {processor.py:161} INFO - Started process (PID=1048) to work on /opt/airflow/dags/reddit_pipeline_dag.py
[2025-10-30T16:38:33.977+0000] {processor.py:830} INFO - Processing file /opt/airflow/dags/reddit_pipeline_dag.py for tasks to queue
[2025-10-30T16:38:33.978+0000] {logging_mixin.py:188} INFO - [2025-10-30T16:38:33.978+0000] {dagbag.py:538} INFO - Filling up the DagBag from /opt/airflow/dags/reddit_pipeline_dag.py
[2025-10-30T16:38:34.014+0000] {processor.py:840} INFO - DAG(s) 'reddit_pipeline_dag' retrieved from /opt/airflow/dags/reddit_pipeline_dag.py
[2025-10-30T16:38:34.054+0000] {logging_mixin.py:188} INFO - [2025-10-30T16:38:34.053+0000] {dag.py:3036} INFO - Sync 1 DAGs
[2025-10-30T16:38:34.073+0000] {logging_mixin.py:188} INFO - [2025-10-30T16:38:34.073+0000] {dag.py:3823} INFO - Setting next_dagrun for reddit_pipeline_dag to 2025-10-30 16:00:00+00:00, run_after=2025-10-30 17:00:00+00:00
[2025-10-30T16:38:34.090+0000] {processor.py:183} INFO - Processing /opt/airflow/dags/reddit_pipeline_dag.py took 0.120 seconds
[2025-10-30T16:39:05.461+0000] {processor.py:161} INFO - Started process (PID=1053) to work on /opt/airflow/dags/reddit_pipeline_dag.py
[2025-10-30T16:39:05.461+0000] {processor.py:830} INFO - Processing file /opt/airflow/dags/reddit_pipeline_dag.py for tasks to queue
[2025-10-30T16:39:05.462+0000] {logging_mixin.py:188} INFO - [2025-10-30T16:39:05.462+0000] {dagbag.py:538} INFO - Filling up the DagBag from /opt/airflow/dags/reddit_pipeline_dag.py
[2025-10-30T16:39:05.479+0000] {processor.py:840} INFO - DAG(s) 'reddit_pipeline_dag' retrieved from /opt/airflow/dags/reddit_pipeline_dag.py
[2025-10-30T16:39:05.509+0000] {logging_mixin.py:188} INFO - [2025-10-30T16:39:05.508+0000] {dag.py:3036} INFO - Sync 1 DAGs
[2025-10-30T16:39:05.525+0000] {logging_mixin.py:188} INFO - [2025-10-30T16:39:05.525+0000] {dag.py:3823} INFO - Setting next_dagrun for reddit_pipeline_dag to 2025-10-30 16:00:00+00:00, run_after=2025-10-30 17:00:00+00:00
[2025-10-30T16:39:05.542+0000] {processor.py:183} INFO - Processing /opt/airflow/dags/reddit_pipeline_dag.py took 0.084 seconds
[2025-10-30T16:39:36.851+0000] {processor.py:161} INFO - Started process (PID=1058) to work on /opt/airflow/dags/reddit_pipeline_dag.py
[2025-10-30T16:39:36.853+0000] {processor.py:830} INFO - Processing file /opt/airflow/dags/reddit_pipeline_dag.py for tasks to queue
[2025-10-30T16:39:36.854+0000] {logging_mixin.py:188} INFO - [2025-10-30T16:39:36.853+0000] {dagbag.py:538} INFO - Filling up the DagBag from /opt/airflow/dags/reddit_pipeline_dag.py
[2025-10-30T16:39:36.880+0000] {processor.py:840} INFO - DAG(s) 'reddit_pipeline_dag' retrieved from /opt/airflow/dags/reddit_pipeline_dag.py
[2025-10-30T16:39:36.906+0000] {logging_mixin.py:188} INFO - [2025-10-30T16:39:36.906+0000] {dag.py:3036} INFO - Sync 1 DAGs
[2025-10-30T16:39:36.923+0000] {logging_mixin.py:188} INFO - [2025-10-30T16:39:36.923+0000] {dag.py:3823} INFO - Setting next_dagrun for reddit_pipeline_dag to 2025-10-30 16:00:00+00:00, run_after=2025-10-30 17:00:00+00:00
[2025-10-30T16:39:36.937+0000] {processor.py:183} INFO - Processing /opt/airflow/dags/reddit_pipeline_dag.py took 0.089 seconds
[2025-10-30T16:40:07.344+0000] {processor.py:161} INFO - Started process (PID=1063) to work on /opt/airflow/dags/reddit_pipeline_dag.py
[2025-10-30T16:40:07.344+0000] {processor.py:830} INFO - Processing file /opt/airflow/dags/reddit_pipeline_dag.py for tasks to queue
[2025-10-30T16:40:07.346+0000] {logging_mixin.py:188} INFO - [2025-10-30T16:40:07.346+0000] {dagbag.py:538} INFO - Filling up the DagBag from /opt/airflow/dags/reddit_pipeline_dag.py
[2025-10-30T16:40:07.361+0000] {processor.py:840} INFO - DAG(s) 'reddit_pipeline_dag' retrieved from /opt/airflow/dags/reddit_pipeline_dag.py
[2025-10-30T16:40:07.381+0000] {logging_mixin.py:188} INFO - [2025-10-30T16:40:07.380+0000] {dag.py:3036} INFO - Sync 1 DAGs
[2025-10-30T16:40:07.398+0000] {logging_mixin.py:188} INFO - [2025-10-30T16:40:07.398+0000] {dag.py:3823} INFO - Setting next_dagrun for reddit_pipeline_dag to 2025-10-30 16:00:00+00:00, run_after=2025-10-30 17:00:00+00:00
[2025-10-30T16:40:07.411+0000] {processor.py:183} INFO - Processing /opt/airflow/dags/reddit_pipeline_dag.py took 0.070 seconds
[2025-10-30T16:40:38.725+0000] {processor.py:161} INFO - Started process (PID=1068) to work on /opt/airflow/dags/reddit_pipeline_dag.py
[2025-10-30T16:40:38.726+0000] {processor.py:830} INFO - Processing file /opt/airflow/dags/reddit_pipeline_dag.py for tasks to queue
[2025-10-30T16:40:38.728+0000] {logging_mixin.py:188} INFO - [2025-10-30T16:40:38.727+0000] {dagbag.py:538} INFO - Filling up the DagBag from /opt/airflow/dags/reddit_pipeline_dag.py
[2025-10-30T16:40:38.748+0000] {processor.py:840} INFO - DAG(s) 'reddit_pipeline_dag' retrieved from /opt/airflow/dags/reddit_pipeline_dag.py
[2025-10-30T16:40:38.774+0000] {logging_mixin.py:188} INFO - [2025-10-30T16:40:38.774+0000] {dag.py:3036} INFO - Sync 1 DAGs
[2025-10-30T16:40:38.792+0000] {logging_mixin.py:188} INFO - [2025-10-30T16:40:38.792+0000] {dag.py:3823} INFO - Setting next_dagrun for reddit_pipeline_dag to 2025-10-30 16:00:00+00:00, run_after=2025-10-30 17:00:00+00:00
[2025-10-30T16:40:38.809+0000] {processor.py:183} INFO - Processing /opt/airflow/dags/reddit_pipeline_dag.py took 0.086 seconds
[2025-10-30T16:41:10.144+0000] {processor.py:161} INFO - Started process (PID=1073) to work on /opt/airflow/dags/reddit_pipeline_dag.py
[2025-10-30T16:41:10.145+0000] {processor.py:830} INFO - Processing file /opt/airflow/dags/reddit_pipeline_dag.py for tasks to queue
[2025-10-30T16:41:10.146+0000] {logging_mixin.py:188} INFO - [2025-10-30T16:41:10.146+0000] {dagbag.py:538} INFO - Filling up the DagBag from /opt/airflow/dags/reddit_pipeline_dag.py
[2025-10-30T16:41:10.163+0000] {processor.py:840} INFO - DAG(s) 'reddit_pipeline_dag' retrieved from /opt/airflow/dags/reddit_pipeline_dag.py
[2025-10-30T16:41:10.188+0000] {logging_mixin.py:188} INFO - [2025-10-30T16:41:10.188+0000] {dag.py:3036} INFO - Sync 1 DAGs
[2025-10-30T16:41:10.205+0000] {logging_mixin.py:188} INFO - [2025-10-30T16:41:10.205+0000] {dag.py:3823} INFO - Setting next_dagrun for reddit_pipeline_dag to 2025-10-30 16:00:00+00:00, run_after=2025-10-30 17:00:00+00:00
[2025-10-30T16:41:10.218+0000] {processor.py:183} INFO - Processing /opt/airflow/dags/reddit_pipeline_dag.py took 0.077 seconds
[2025-10-30T16:41:40.989+0000] {processor.py:161} INFO - Started process (PID=1078) to work on /opt/airflow/dags/reddit_pipeline_dag.py
[2025-10-30T16:41:40.990+0000] {processor.py:830} INFO - Processing file /opt/airflow/dags/reddit_pipeline_dag.py for tasks to queue
[2025-10-30T16:41:40.990+0000] {logging_mixin.py:188} INFO - [2025-10-30T16:41:40.990+0000] {dagbag.py:538} INFO - Filling up the DagBag from /opt/airflow/dags/reddit_pipeline_dag.py
[2025-10-30T16:41:41.007+0000] {processor.py:840} INFO - DAG(s) 'reddit_pipeline_dag' retrieved from /opt/airflow/dags/reddit_pipeline_dag.py
[2025-10-30T16:41:41.027+0000] {logging_mixin.py:188} INFO - [2025-10-30T16:41:41.027+0000] {dag.py:3036} INFO - Sync 1 DAGs
[2025-10-30T16:41:41.041+0000] {logging_mixin.py:188} INFO - [2025-10-30T16:41:41.041+0000] {dag.py:3823} INFO - Setting next_dagrun for reddit_pipeline_dag to 2025-10-30 16:00:00+00:00, run_after=2025-10-30 17:00:00+00:00
[2025-10-30T16:41:41.056+0000] {processor.py:183} INFO - Processing /opt/airflow/dags/reddit_pipeline_dag.py took 0.070 seconds
[2025-10-30T16:42:11.313+0000] {processor.py:161} INFO - Started process (PID=1083) to work on /opt/airflow/dags/reddit_pipeline_dag.py
[2025-10-30T16:42:11.314+0000] {processor.py:830} INFO - Processing file /opt/airflow/dags/reddit_pipeline_dag.py for tasks to queue
[2025-10-30T16:42:11.315+0000] {logging_mixin.py:188} INFO - [2025-10-30T16:42:11.315+0000] {dagbag.py:538} INFO - Filling up the DagBag from /opt/airflow/dags/reddit_pipeline_dag.py
[2025-10-30T16:42:11.332+0000] {processor.py:840} INFO - DAG(s) 'reddit_pipeline_dag' retrieved from /opt/airflow/dags/reddit_pipeline_dag.py
[2025-10-30T16:42:11.355+0000] {logging_mixin.py:188} INFO - [2025-10-30T16:42:11.355+0000] {dag.py:3036} INFO - Sync 1 DAGs
[2025-10-30T16:42:11.370+0000] {logging_mixin.py:188} INFO - [2025-10-30T16:42:11.370+0000] {dag.py:3823} INFO - Setting next_dagrun for reddit_pipeline_dag to 2025-10-30 16:00:00+00:00, run_after=2025-10-30 17:00:00+00:00
[2025-10-30T16:42:11.384+0000] {processor.py:183} INFO - Processing /opt/airflow/dags/reddit_pipeline_dag.py took 0.072 seconds
[2025-10-30T16:42:42.470+0000] {processor.py:161} INFO - Started process (PID=1088) to work on /opt/airflow/dags/reddit_pipeline_dag.py
[2025-10-30T16:42:42.471+0000] {processor.py:830} INFO - Processing file /opt/airflow/dags/reddit_pipeline_dag.py for tasks to queue
[2025-10-30T16:42:42.472+0000] {logging_mixin.py:188} INFO - [2025-10-30T16:42:42.472+0000] {dagbag.py:538} INFO - Filling up the DagBag from /opt/airflow/dags/reddit_pipeline_dag.py
[2025-10-30T16:42:42.486+0000] {processor.py:840} INFO - DAG(s) 'reddit_pipeline_dag' retrieved from /opt/airflow/dags/reddit_pipeline_dag.py
[2025-10-30T16:42:42.506+0000] {logging_mixin.py:188} INFO - [2025-10-30T16:42:42.506+0000] {dag.py:3036} INFO - Sync 1 DAGs
[2025-10-30T16:42:42.523+0000] {logging_mixin.py:188} INFO - [2025-10-30T16:42:42.523+0000] {dag.py:3823} INFO - Setting next_dagrun for reddit_pipeline_dag to 2025-10-30 16:00:00+00:00, run_after=2025-10-30 17:00:00+00:00
[2025-10-30T16:42:42.536+0000] {processor.py:183} INFO - Processing /opt/airflow/dags/reddit_pipeline_dag.py took 0.069 seconds
[2025-10-30T16:43:13.358+0000] {processor.py:161} INFO - Started process (PID=1093) to work on /opt/airflow/dags/reddit_pipeline_dag.py
[2025-10-30T16:43:13.358+0000] {processor.py:830} INFO - Processing file /opt/airflow/dags/reddit_pipeline_dag.py for tasks to queue
[2025-10-30T16:43:13.359+0000] {logging_mixin.py:188} INFO - [2025-10-30T16:43:13.359+0000] {dagbag.py:538} INFO - Filling up the DagBag from /opt/airflow/dags/reddit_pipeline_dag.py
[2025-10-30T16:43:13.372+0000] {processor.py:840} INFO - DAG(s) 'reddit_pipeline_dag' retrieved from /opt/airflow/dags/reddit_pipeline_dag.py
[2025-10-30T16:43:13.391+0000] {logging_mixin.py:188} INFO - [2025-10-30T16:43:13.391+0000] {dag.py:3036} INFO - Sync 1 DAGs
[2025-10-30T16:43:13.405+0000] {logging_mixin.py:188} INFO - [2025-10-30T16:43:13.405+0000] {dag.py:3823} INFO - Setting next_dagrun for reddit_pipeline_dag to 2025-10-30 16:00:00+00:00, run_after=2025-10-30 17:00:00+00:00
[2025-10-30T16:43:13.421+0000] {processor.py:183} INFO - Processing /opt/airflow/dags/reddit_pipeline_dag.py took 0.065 seconds
[2025-10-30T16:43:44.154+0000] {processor.py:161} INFO - Started process (PID=1098) to work on /opt/airflow/dags/reddit_pipeline_dag.py
[2025-10-30T16:43:44.155+0000] {processor.py:830} INFO - Processing file /opt/airflow/dags/reddit_pipeline_dag.py for tasks to queue
[2025-10-30T16:43:44.156+0000] {logging_mixin.py:188} INFO - [2025-10-30T16:43:44.156+0000] {dagbag.py:538} INFO - Filling up the DagBag from /opt/airflow/dags/reddit_pipeline_dag.py
[2025-10-30T16:43:44.171+0000] {processor.py:840} INFO - DAG(s) 'reddit_pipeline_dag' retrieved from /opt/airflow/dags/reddit_pipeline_dag.py
[2025-10-30T16:43:44.191+0000] {logging_mixin.py:188} INFO - [2025-10-30T16:43:44.191+0000] {dag.py:3036} INFO - Sync 1 DAGs
[2025-10-30T16:43:44.207+0000] {logging_mixin.py:188} INFO - [2025-10-30T16:43:44.206+0000] {dag.py:3823} INFO - Setting next_dagrun for reddit_pipeline_dag to 2025-10-30 16:00:00+00:00, run_after=2025-10-30 17:00:00+00:00
[2025-10-30T16:43:44.223+0000] {processor.py:183} INFO - Processing /opt/airflow/dags/reddit_pipeline_dag.py took 0.071 seconds
[2025-10-30T16:44:14.884+0000] {processor.py:161} INFO - Started process (PID=1103) to work on /opt/airflow/dags/reddit_pipeline_dag.py
[2025-10-30T16:44:14.885+0000] {processor.py:830} INFO - Processing file /opt/airflow/dags/reddit_pipeline_dag.py for tasks to queue
[2025-10-30T16:44:14.885+0000] {logging_mixin.py:188} INFO - [2025-10-30T16:44:14.885+0000] {dagbag.py:538} INFO - Filling up the DagBag from /opt/airflow/dags/reddit_pipeline_dag.py
[2025-10-30T16:44:14.901+0000] {processor.py:840} INFO - DAG(s) 'reddit_pipeline_dag' retrieved from /opt/airflow/dags/reddit_pipeline_dag.py
[2025-10-30T16:44:14.922+0000] {logging_mixin.py:188} INFO - [2025-10-30T16:44:14.922+0000] {dag.py:3036} INFO - Sync 1 DAGs
[2025-10-30T16:44:14.937+0000] {logging_mixin.py:188} INFO - [2025-10-30T16:44:14.937+0000] {dag.py:3823} INFO - Setting next_dagrun for reddit_pipeline_dag to 2025-10-30 16:00:00+00:00, run_after=2025-10-30 17:00:00+00:00
[2025-10-30T16:44:14.952+0000] {processor.py:183} INFO - Processing /opt/airflow/dags/reddit_pipeline_dag.py took 0.070 seconds
[2025-10-30T16:44:45.639+0000] {processor.py:161} INFO - Started process (PID=1108) to work on /opt/airflow/dags/reddit_pipeline_dag.py
[2025-10-30T16:44:45.639+0000] {processor.py:830} INFO - Processing file /opt/airflow/dags/reddit_pipeline_dag.py for tasks to queue
[2025-10-30T16:44:45.640+0000] {logging_mixin.py:188} INFO - [2025-10-30T16:44:45.640+0000] {dagbag.py:538} INFO - Filling up the DagBag from /opt/airflow/dags/reddit_pipeline_dag.py
[2025-10-30T16:44:45.655+0000] {processor.py:840} INFO - DAG(s) 'reddit_pipeline_dag' retrieved from /opt/airflow/dags/reddit_pipeline_dag.py
[2025-10-30T16:44:45.674+0000] {logging_mixin.py:188} INFO - [2025-10-30T16:44:45.674+0000] {dag.py:3036} INFO - Sync 1 DAGs
[2025-10-30T16:44:45.690+0000] {logging_mixin.py:188} INFO - [2025-10-30T16:44:45.690+0000] {dag.py:3823} INFO - Setting next_dagrun for reddit_pipeline_dag to 2025-10-30 16:00:00+00:00, run_after=2025-10-30 17:00:00+00:00
[2025-10-30T16:44:45.706+0000] {processor.py:183} INFO - Processing /opt/airflow/dags/reddit_pipeline_dag.py took 0.069 seconds
[2025-10-30T16:45:16.309+0000] {processor.py:161} INFO - Started process (PID=1113) to work on /opt/airflow/dags/reddit_pipeline_dag.py
[2025-10-30T16:45:16.310+0000] {processor.py:830} INFO - Processing file /opt/airflow/dags/reddit_pipeline_dag.py for tasks to queue
[2025-10-30T16:45:16.310+0000] {logging_mixin.py:188} INFO - [2025-10-30T16:45:16.310+0000] {dagbag.py:538} INFO - Filling up the DagBag from /opt/airflow/dags/reddit_pipeline_dag.py
[2025-10-30T16:45:16.323+0000] {processor.py:840} INFO - DAG(s) 'reddit_pipeline_dag' retrieved from /opt/airflow/dags/reddit_pipeline_dag.py
[2025-10-30T16:45:16.342+0000] {logging_mixin.py:188} INFO - [2025-10-30T16:45:16.342+0000] {dag.py:3036} INFO - Sync 1 DAGs
[2025-10-30T16:45:16.359+0000] {logging_mixin.py:188} INFO - [2025-10-30T16:45:16.359+0000] {dag.py:3823} INFO - Setting next_dagrun for reddit_pipeline_dag to 2025-10-30 16:00:00+00:00, run_after=2025-10-30 17:00:00+00:00
[2025-10-30T16:45:16.375+0000] {processor.py:183} INFO - Processing /opt/airflow/dags/reddit_pipeline_dag.py took 0.068 seconds
[2025-10-30T16:45:47.104+0000] {processor.py:161} INFO - Started process (PID=1118) to work on /opt/airflow/dags/reddit_pipeline_dag.py
[2025-10-30T16:45:47.105+0000] {processor.py:830} INFO - Processing file /opt/airflow/dags/reddit_pipeline_dag.py for tasks to queue
[2025-10-30T16:45:47.106+0000] {logging_mixin.py:188} INFO - [2025-10-30T16:45:47.106+0000] {dagbag.py:538} INFO - Filling up the DagBag from /opt/airflow/dags/reddit_pipeline_dag.py
[2025-10-30T16:45:47.118+0000] {processor.py:840} INFO - DAG(s) 'reddit_pipeline_dag' retrieved from /opt/airflow/dags/reddit_pipeline_dag.py
[2025-10-30T16:45:47.136+0000] {logging_mixin.py:188} INFO - [2025-10-30T16:45:47.136+0000] {dag.py:3036} INFO - Sync 1 DAGs
[2025-10-30T16:45:47.151+0000] {logging_mixin.py:188} INFO - [2025-10-30T16:45:47.151+0000] {dag.py:3823} INFO - Setting next_dagrun for reddit_pipeline_dag to 2025-10-30 16:00:00+00:00, run_after=2025-10-30 17:00:00+00:00
[2025-10-30T16:45:47.163+0000] {processor.py:183} INFO - Processing /opt/airflow/dags/reddit_pipeline_dag.py took 0.061 seconds
[2025-10-30T16:46:18.097+0000] {processor.py:161} INFO - Started process (PID=1123) to work on /opt/airflow/dags/reddit_pipeline_dag.py
[2025-10-30T16:46:18.098+0000] {processor.py:830} INFO - Processing file /opt/airflow/dags/reddit_pipeline_dag.py for tasks to queue
[2025-10-30T16:46:18.099+0000] {logging_mixin.py:188} INFO - [2025-10-30T16:46:18.099+0000] {dagbag.py:538} INFO - Filling up the DagBag from /opt/airflow/dags/reddit_pipeline_dag.py
[2025-10-30T16:46:18.116+0000] {processor.py:840} INFO - DAG(s) 'reddit_pipeline_dag' retrieved from /opt/airflow/dags/reddit_pipeline_dag.py
[2025-10-30T16:46:18.138+0000] {logging_mixin.py:188} INFO - [2025-10-30T16:46:18.138+0000] {dag.py:3036} INFO - Sync 1 DAGs
[2025-10-30T16:46:18.157+0000] {logging_mixin.py:188} INFO - [2025-10-30T16:46:18.156+0000] {dag.py:3823} INFO - Setting next_dagrun for reddit_pipeline_dag to 2025-10-30 16:00:00+00:00, run_after=2025-10-30 17:00:00+00:00
[2025-10-30T16:46:18.185+0000] {processor.py:183} INFO - Processing /opt/airflow/dags/reddit_pipeline_dag.py took 0.091 seconds
[2025-10-30T16:46:48.786+0000] {processor.py:161} INFO - Started process (PID=1128) to work on /opt/airflow/dags/reddit_pipeline_dag.py
[2025-10-30T16:46:48.792+0000] {processor.py:830} INFO - Processing file /opt/airflow/dags/reddit_pipeline_dag.py for tasks to queue
[2025-10-30T16:46:48.793+0000] {logging_mixin.py:188} INFO - [2025-10-30T16:46:48.793+0000] {dagbag.py:538} INFO - Filling up the DagBag from /opt/airflow/dags/reddit_pipeline_dag.py
[2025-10-30T16:46:48.816+0000] {processor.py:840} INFO - DAG(s) 'reddit_pipeline_dag' retrieved from /opt/airflow/dags/reddit_pipeline_dag.py
[2025-10-30T16:46:48.836+0000] {logging_mixin.py:188} INFO - [2025-10-30T16:46:48.835+0000] {dag.py:3036} INFO - Sync 1 DAGs
[2025-10-30T16:46:48.851+0000] {logging_mixin.py:188} INFO - [2025-10-30T16:46:48.851+0000] {dag.py:3823} INFO - Setting next_dagrun for reddit_pipeline_dag to 2025-10-30 16:00:00+00:00, run_after=2025-10-30 17:00:00+00:00
[2025-10-30T16:46:48.865+0000] {processor.py:183} INFO - Processing /opt/airflow/dags/reddit_pipeline_dag.py took 0.082 seconds
[2025-10-30T16:47:19.433+0000] {processor.py:161} INFO - Started process (PID=1133) to work on /opt/airflow/dags/reddit_pipeline_dag.py
[2025-10-30T16:47:19.434+0000] {processor.py:830} INFO - Processing file /opt/airflow/dags/reddit_pipeline_dag.py for tasks to queue
[2025-10-30T16:47:19.434+0000] {logging_mixin.py:188} INFO - [2025-10-30T16:47:19.434+0000] {dagbag.py:538} INFO - Filling up the DagBag from /opt/airflow/dags/reddit_pipeline_dag.py
[2025-10-30T16:47:19.456+0000] {processor.py:840} INFO - DAG(s) 'reddit_pipeline_dag' retrieved from /opt/airflow/dags/reddit_pipeline_dag.py
[2025-10-30T16:47:19.481+0000] {logging_mixin.py:188} INFO - [2025-10-30T16:47:19.481+0000] {dag.py:3036} INFO - Sync 1 DAGs
[2025-10-30T16:47:19.497+0000] {logging_mixin.py:188} INFO - [2025-10-30T16:47:19.497+0000] {dag.py:3823} INFO - Setting next_dagrun for reddit_pipeline_dag to 2025-10-30 16:00:00+00:00, run_after=2025-10-30 17:00:00+00:00
[2025-10-30T16:47:19.512+0000] {processor.py:183} INFO - Processing /opt/airflow/dags/reddit_pipeline_dag.py took 0.081 seconds
[2025-10-30T16:47:50.309+0000] {processor.py:161} INFO - Started process (PID=1138) to work on /opt/airflow/dags/reddit_pipeline_dag.py
[2025-10-30T16:47:50.310+0000] {processor.py:830} INFO - Processing file /opt/airflow/dags/reddit_pipeline_dag.py for tasks to queue
[2025-10-30T16:47:50.311+0000] {logging_mixin.py:188} INFO - [2025-10-30T16:47:50.311+0000] {dagbag.py:538} INFO - Filling up the DagBag from /opt/airflow/dags/reddit_pipeline_dag.py
[2025-10-30T16:47:50.324+0000] {processor.py:840} INFO - DAG(s) 'reddit_pipeline_dag' retrieved from /opt/airflow/dags/reddit_pipeline_dag.py
[2025-10-30T16:47:50.343+0000] {logging_mixin.py:188} INFO - [2025-10-30T16:47:50.343+0000] {dag.py:3036} INFO - Sync 1 DAGs
[2025-10-30T16:47:50.359+0000] {logging_mixin.py:188} INFO - [2025-10-30T16:47:50.359+0000] {dag.py:3823} INFO - Setting next_dagrun for reddit_pipeline_dag to 2025-10-30 16:00:00+00:00, run_after=2025-10-30 17:00:00+00:00
[2025-10-30T16:47:50.375+0000] {processor.py:183} INFO - Processing /opt/airflow/dags/reddit_pipeline_dag.py took 0.067 seconds
[2025-10-30T16:48:20.826+0000] {processor.py:161} INFO - Started process (PID=1143) to work on /opt/airflow/dags/reddit_pipeline_dag.py
[2025-10-30T16:48:20.826+0000] {processor.py:830} INFO - Processing file /opt/airflow/dags/reddit_pipeline_dag.py for tasks to queue
[2025-10-30T16:48:20.827+0000] {logging_mixin.py:188} INFO - [2025-10-30T16:48:20.827+0000] {dagbag.py:538} INFO - Filling up the DagBag from /opt/airflow/dags/reddit_pipeline_dag.py
[2025-10-30T16:48:20.840+0000] {processor.py:840} INFO - DAG(s) 'reddit_pipeline_dag' retrieved from /opt/airflow/dags/reddit_pipeline_dag.py
[2025-10-30T16:48:20.860+0000] {logging_mixin.py:188} INFO - [2025-10-30T16:48:20.859+0000] {dag.py:3036} INFO - Sync 1 DAGs
[2025-10-30T16:48:20.874+0000] {logging_mixin.py:188} INFO - [2025-10-30T16:48:20.874+0000] {dag.py:3823} INFO - Setting next_dagrun for reddit_pipeline_dag to 2025-10-30 16:00:00+00:00, run_after=2025-10-30 17:00:00+00:00
[2025-10-30T16:48:20.890+0000] {processor.py:183} INFO - Processing /opt/airflow/dags/reddit_pipeline_dag.py took 0.066 seconds
[2025-10-30T16:48:51.233+0000] {processor.py:161} INFO - Started process (PID=1148) to work on /opt/airflow/dags/reddit_pipeline_dag.py
[2025-10-30T16:48:51.234+0000] {processor.py:830} INFO - Processing file /opt/airflow/dags/reddit_pipeline_dag.py for tasks to queue
[2025-10-30T16:48:51.235+0000] {logging_mixin.py:188} INFO - [2025-10-30T16:48:51.234+0000] {dagbag.py:538} INFO - Filling up the DagBag from /opt/airflow/dags/reddit_pipeline_dag.py
[2025-10-30T16:48:51.248+0000] {processor.py:840} INFO - DAG(s) 'reddit_pipeline_dag' retrieved from /opt/airflow/dags/reddit_pipeline_dag.py
[2025-10-30T16:48:51.266+0000] {logging_mixin.py:188} INFO - [2025-10-30T16:48:51.266+0000] {dag.py:3036} INFO - Sync 1 DAGs
[2025-10-30T16:48:51.281+0000] {logging_mixin.py:188} INFO - [2025-10-30T16:48:51.280+0000] {dag.py:3823} INFO - Setting next_dagrun for reddit_pipeline_dag to 2025-10-30 16:00:00+00:00, run_after=2025-10-30 17:00:00+00:00
[2025-10-30T16:48:51.295+0000] {processor.py:183} INFO - Processing /opt/airflow/dags/reddit_pipeline_dag.py took 0.064 seconds
[2025-10-30T16:49:21.651+0000] {processor.py:161} INFO - Started process (PID=1153) to work on /opt/airflow/dags/reddit_pipeline_dag.py
[2025-10-30T16:49:21.652+0000] {processor.py:830} INFO - Processing file /opt/airflow/dags/reddit_pipeline_dag.py for tasks to queue
[2025-10-30T16:49:21.652+0000] {logging_mixin.py:188} INFO - [2025-10-30T16:49:21.652+0000] {dagbag.py:538} INFO - Filling up the DagBag from /opt/airflow/dags/reddit_pipeline_dag.py
[2025-10-30T16:49:21.669+0000] {processor.py:840} INFO - DAG(s) 'reddit_pipeline_dag' retrieved from /opt/airflow/dags/reddit_pipeline_dag.py
[2025-10-30T16:49:21.688+0000] {logging_mixin.py:188} INFO - [2025-10-30T16:49:21.688+0000] {dag.py:3036} INFO - Sync 1 DAGs
[2025-10-30T16:49:21.706+0000] {logging_mixin.py:188} INFO - [2025-10-30T16:49:21.706+0000] {dag.py:3823} INFO - Setting next_dagrun for reddit_pipeline_dag to 2025-10-30 16:00:00+00:00, run_after=2025-10-30 17:00:00+00:00
[2025-10-30T16:49:21.722+0000] {processor.py:183} INFO - Processing /opt/airflow/dags/reddit_pipeline_dag.py took 0.073 seconds
[2025-10-30T16:49:52.099+0000] {processor.py:161} INFO - Started process (PID=1158) to work on /opt/airflow/dags/reddit_pipeline_dag.py
[2025-10-30T16:49:52.100+0000] {processor.py:830} INFO - Processing file /opt/airflow/dags/reddit_pipeline_dag.py for tasks to queue
[2025-10-30T16:49:52.101+0000] {logging_mixin.py:188} INFO - [2025-10-30T16:49:52.101+0000] {dagbag.py:538} INFO - Filling up the DagBag from /opt/airflow/dags/reddit_pipeline_dag.py
[2025-10-30T16:49:52.114+0000] {processor.py:840} INFO - DAG(s) 'reddit_pipeline_dag' retrieved from /opt/airflow/dags/reddit_pipeline_dag.py
[2025-10-30T16:49:52.133+0000] {logging_mixin.py:188} INFO - [2025-10-30T16:49:52.133+0000] {dag.py:3036} INFO - Sync 1 DAGs
[2025-10-30T16:49:52.148+0000] {logging_mixin.py:188} INFO - [2025-10-30T16:49:52.148+0000] {dag.py:3823} INFO - Setting next_dagrun for reddit_pipeline_dag to 2025-10-30 16:00:00+00:00, run_after=2025-10-30 17:00:00+00:00
[2025-10-30T16:49:52.163+0000] {processor.py:183} INFO - Processing /opt/airflow/dags/reddit_pipeline_dag.py took 0.067 seconds
[2025-10-30T16:50:22.603+0000] {processor.py:161} INFO - Started process (PID=1163) to work on /opt/airflow/dags/reddit_pipeline_dag.py
[2025-10-30T16:50:22.604+0000] {processor.py:830} INFO - Processing file /opt/airflow/dags/reddit_pipeline_dag.py for tasks to queue
[2025-10-30T16:50:22.606+0000] {logging_mixin.py:188} INFO - [2025-10-30T16:50:22.605+0000] {dagbag.py:538} INFO - Filling up the DagBag from /opt/airflow/dags/reddit_pipeline_dag.py
[2025-10-30T16:50:22.619+0000] {processor.py:840} INFO - DAG(s) 'reddit_pipeline_dag' retrieved from /opt/airflow/dags/reddit_pipeline_dag.py
[2025-10-30T16:50:22.638+0000] {logging_mixin.py:188} INFO - [2025-10-30T16:50:22.638+0000] {dag.py:3036} INFO - Sync 1 DAGs
[2025-10-30T16:50:22.652+0000] {logging_mixin.py:188} INFO - [2025-10-30T16:50:22.652+0000] {dag.py:3823} INFO - Setting next_dagrun for reddit_pipeline_dag to 2025-10-30 16:00:00+00:00, run_after=2025-10-30 17:00:00+00:00
[2025-10-30T16:50:22.667+0000] {processor.py:183} INFO - Processing /opt/airflow/dags/reddit_pipeline_dag.py took 0.067 seconds
[2025-10-30T16:50:53.012+0000] {processor.py:161} INFO - Started process (PID=1168) to work on /opt/airflow/dags/reddit_pipeline_dag.py
[2025-10-30T16:50:53.013+0000] {processor.py:830} INFO - Processing file /opt/airflow/dags/reddit_pipeline_dag.py for tasks to queue
[2025-10-30T16:50:53.014+0000] {logging_mixin.py:188} INFO - [2025-10-30T16:50:53.014+0000] {dagbag.py:538} INFO - Filling up the DagBag from /opt/airflow/dags/reddit_pipeline_dag.py
[2025-10-30T16:50:53.028+0000] {processor.py:840} INFO - DAG(s) 'reddit_pipeline_dag' retrieved from /opt/airflow/dags/reddit_pipeline_dag.py
[2025-10-30T16:50:53.049+0000] {logging_mixin.py:188} INFO - [2025-10-30T16:50:53.049+0000] {dag.py:3036} INFO - Sync 1 DAGs
[2025-10-30T16:50:53.066+0000] {logging_mixin.py:188} INFO - [2025-10-30T16:50:53.066+0000] {dag.py:3823} INFO - Setting next_dagrun for reddit_pipeline_dag to 2025-10-30 16:00:00+00:00, run_after=2025-10-30 17:00:00+00:00
[2025-10-30T16:50:53.087+0000] {processor.py:183} INFO - Processing /opt/airflow/dags/reddit_pipeline_dag.py took 0.077 seconds
[2025-10-30T16:51:23.432+0000] {processor.py:161} INFO - Started process (PID=1173) to work on /opt/airflow/dags/reddit_pipeline_dag.py
[2025-10-30T16:51:23.433+0000] {processor.py:830} INFO - Processing file /opt/airflow/dags/reddit_pipeline_dag.py for tasks to queue
[2025-10-30T16:51:23.434+0000] {logging_mixin.py:188} INFO - [2025-10-30T16:51:23.434+0000] {dagbag.py:538} INFO - Filling up the DagBag from /opt/airflow/dags/reddit_pipeline_dag.py
[2025-10-30T16:51:23.454+0000] {processor.py:840} INFO - DAG(s) 'reddit_pipeline_dag' retrieved from /opt/airflow/dags/reddit_pipeline_dag.py
[2025-10-30T16:51:23.474+0000] {logging_mixin.py:188} INFO - [2025-10-30T16:51:23.474+0000] {dag.py:3036} INFO - Sync 1 DAGs
[2025-10-30T16:51:23.491+0000] {logging_mixin.py:188} INFO - [2025-10-30T16:51:23.491+0000] {dag.py:3823} INFO - Setting next_dagrun for reddit_pipeline_dag to 2025-10-30 16:00:00+00:00, run_after=2025-10-30 17:00:00+00:00
[2025-10-30T16:51:23.508+0000] {processor.py:183} INFO - Processing /opt/airflow/dags/reddit_pipeline_dag.py took 0.077 seconds
[2025-10-30T16:51:53.795+0000] {processor.py:161} INFO - Started process (PID=1178) to work on /opt/airflow/dags/reddit_pipeline_dag.py
[2025-10-30T16:51:53.796+0000] {processor.py:830} INFO - Processing file /opt/airflow/dags/reddit_pipeline_dag.py for tasks to queue
[2025-10-30T16:51:53.797+0000] {logging_mixin.py:188} INFO - [2025-10-30T16:51:53.797+0000] {dagbag.py:538} INFO - Filling up the DagBag from /opt/airflow/dags/reddit_pipeline_dag.py
[2025-10-30T16:51:53.845+0000] {processor.py:840} INFO - DAG(s) 'reddit_pipeline_dag' retrieved from /opt/airflow/dags/reddit_pipeline_dag.py
[2025-10-30T16:51:53.867+0000] {logging_mixin.py:188} INFO - [2025-10-30T16:51:53.867+0000] {dag.py:3036} INFO - Sync 1 DAGs
[2025-10-30T16:51:53.884+0000] {logging_mixin.py:188} INFO - [2025-10-30T16:51:53.883+0000] {dag.py:3823} INFO - Setting next_dagrun for reddit_pipeline_dag to 2025-10-30 16:00:00+00:00, run_after=2025-10-30 17:00:00+00:00
[2025-10-30T16:51:53.899+0000] {processor.py:183} INFO - Processing /opt/airflow/dags/reddit_pipeline_dag.py took 0.107 seconds
[2025-10-30T16:52:24.243+0000] {processor.py:161} INFO - Started process (PID=1183) to work on /opt/airflow/dags/reddit_pipeline_dag.py
[2025-10-30T16:52:24.244+0000] {processor.py:830} INFO - Processing file /opt/airflow/dags/reddit_pipeline_dag.py for tasks to queue
[2025-10-30T16:52:24.245+0000] {logging_mixin.py:188} INFO - [2025-10-30T16:52:24.244+0000] {dagbag.py:538} INFO - Filling up the DagBag from /opt/airflow/dags/reddit_pipeline_dag.py
[2025-10-30T16:52:24.267+0000] {processor.py:840} INFO - DAG(s) 'reddit_pipeline_dag' retrieved from /opt/airflow/dags/reddit_pipeline_dag.py
[2025-10-30T16:52:24.289+0000] {logging_mixin.py:188} INFO - [2025-10-30T16:52:24.288+0000] {dag.py:3036} INFO - Sync 1 DAGs
[2025-10-30T16:52:24.304+0000] {logging_mixin.py:188} INFO - [2025-10-30T16:52:24.304+0000] {dag.py:3823} INFO - Setting next_dagrun for reddit_pipeline_dag to 2025-10-30 16:00:00+00:00, run_after=2025-10-30 17:00:00+00:00
[2025-10-30T16:52:24.318+0000] {processor.py:183} INFO - Processing /opt/airflow/dags/reddit_pipeline_dag.py took 0.079 seconds
[2025-10-30T16:52:54.622+0000] {processor.py:161} INFO - Started process (PID=1188) to work on /opt/airflow/dags/reddit_pipeline_dag.py
[2025-10-30T16:52:54.623+0000] {processor.py:830} INFO - Processing file /opt/airflow/dags/reddit_pipeline_dag.py for tasks to queue
[2025-10-30T16:52:54.624+0000] {logging_mixin.py:188} INFO - [2025-10-30T16:52:54.623+0000] {dagbag.py:538} INFO - Filling up the DagBag from /opt/airflow/dags/reddit_pipeline_dag.py
[2025-10-30T16:52:54.640+0000] {processor.py:840} INFO - DAG(s) 'reddit_pipeline_dag' retrieved from /opt/airflow/dags/reddit_pipeline_dag.py
[2025-10-30T16:52:54.660+0000] {logging_mixin.py:188} INFO - [2025-10-30T16:52:54.659+0000] {dag.py:3036} INFO - Sync 1 DAGs
[2025-10-30T16:52:54.674+0000] {logging_mixin.py:188} INFO - [2025-10-30T16:52:54.674+0000] {dag.py:3823} INFO - Setting next_dagrun for reddit_pipeline_dag to 2025-10-30 16:00:00+00:00, run_after=2025-10-30 17:00:00+00:00
[2025-10-30T16:52:54.691+0000] {processor.py:183} INFO - Processing /opt/airflow/dags/reddit_pipeline_dag.py took 0.071 seconds
[2025-10-30T16:53:25.027+0000] {processor.py:161} INFO - Started process (PID=1193) to work on /opt/airflow/dags/reddit_pipeline_dag.py
[2025-10-30T16:53:25.028+0000] {processor.py:830} INFO - Processing file /opt/airflow/dags/reddit_pipeline_dag.py for tasks to queue
[2025-10-30T16:53:25.028+0000] {logging_mixin.py:188} INFO - [2025-10-30T16:53:25.028+0000] {dagbag.py:538} INFO - Filling up the DagBag from /opt/airflow/dags/reddit_pipeline_dag.py
[2025-10-30T16:53:25.042+0000] {processor.py:840} INFO - DAG(s) 'reddit_pipeline_dag' retrieved from /opt/airflow/dags/reddit_pipeline_dag.py
[2025-10-30T16:53:25.063+0000] {logging_mixin.py:188} INFO - [2025-10-30T16:53:25.063+0000] {dag.py:3036} INFO - Sync 1 DAGs
[2025-10-30T16:53:25.080+0000] {logging_mixin.py:188} INFO - [2025-10-30T16:53:25.080+0000] {dag.py:3823} INFO - Setting next_dagrun for reddit_pipeline_dag to 2025-10-30 16:00:00+00:00, run_after=2025-10-30 17:00:00+00:00
[2025-10-30T16:53:25.096+0000] {processor.py:183} INFO - Processing /opt/airflow/dags/reddit_pipeline_dag.py took 0.071 seconds
[2025-10-30T16:53:55.345+0000] {processor.py:161} INFO - Started process (PID=1198) to work on /opt/airflow/dags/reddit_pipeline_dag.py
[2025-10-30T16:53:55.346+0000] {processor.py:830} INFO - Processing file /opt/airflow/dags/reddit_pipeline_dag.py for tasks to queue
[2025-10-30T16:53:55.347+0000] {logging_mixin.py:188} INFO - [2025-10-30T16:53:55.347+0000] {dagbag.py:538} INFO - Filling up the DagBag from /opt/airflow/dags/reddit_pipeline_dag.py
[2025-10-30T16:53:55.362+0000] {processor.py:840} INFO - DAG(s) 'reddit_pipeline_dag' retrieved from /opt/airflow/dags/reddit_pipeline_dag.py
[2025-10-30T16:53:55.383+0000] {logging_mixin.py:188} INFO - [2025-10-30T16:53:55.383+0000] {dag.py:3036} INFO - Sync 1 DAGs
[2025-10-30T16:53:55.401+0000] {logging_mixin.py:188} INFO - [2025-10-30T16:53:55.400+0000] {dag.py:3823} INFO - Setting next_dagrun for reddit_pipeline_dag to 2025-10-30 16:00:00+00:00, run_after=2025-10-30 17:00:00+00:00
[2025-10-30T16:53:55.416+0000] {processor.py:183} INFO - Processing /opt/airflow/dags/reddit_pipeline_dag.py took 0.073 seconds
[2025-10-30T16:54:25.686+0000] {processor.py:161} INFO - Started process (PID=1203) to work on /opt/airflow/dags/reddit_pipeline_dag.py
[2025-10-30T16:54:25.687+0000] {processor.py:830} INFO - Processing file /opt/airflow/dags/reddit_pipeline_dag.py for tasks to queue
[2025-10-30T16:54:25.688+0000] {logging_mixin.py:188} INFO - [2025-10-30T16:54:25.688+0000] {dagbag.py:538} INFO - Filling up the DagBag from /opt/airflow/dags/reddit_pipeline_dag.py
[2025-10-30T16:54:25.701+0000] {processor.py:840} INFO - DAG(s) 'reddit_pipeline_dag' retrieved from /opt/airflow/dags/reddit_pipeline_dag.py
[2025-10-30T16:54:25.722+0000] {logging_mixin.py:188} INFO - [2025-10-30T16:54:25.722+0000] {dag.py:3036} INFO - Sync 1 DAGs
[2025-10-30T16:54:25.739+0000] {logging_mixin.py:188} INFO - [2025-10-30T16:54:25.738+0000] {dag.py:3823} INFO - Setting next_dagrun for reddit_pipeline_dag to 2025-10-30 16:00:00+00:00, run_after=2025-10-30 17:00:00+00:00
[2025-10-30T16:54:25.755+0000] {processor.py:183} INFO - Processing /opt/airflow/dags/reddit_pipeline_dag.py took 0.072 seconds
[2025-10-30T16:54:56.000+0000] {processor.py:161} INFO - Started process (PID=1208) to work on /opt/airflow/dags/reddit_pipeline_dag.py
[2025-10-30T16:54:56.001+0000] {processor.py:830} INFO - Processing file /opt/airflow/dags/reddit_pipeline_dag.py for tasks to queue
[2025-10-30T16:54:56.002+0000] {logging_mixin.py:188} INFO - [2025-10-30T16:54:56.002+0000] {dagbag.py:538} INFO - Filling up the DagBag from /opt/airflow/dags/reddit_pipeline_dag.py
[2025-10-30T16:54:56.014+0000] {processor.py:840} INFO - DAG(s) 'reddit_pipeline_dag' retrieved from /opt/airflow/dags/reddit_pipeline_dag.py
[2025-10-30T16:54:56.035+0000] {logging_mixin.py:188} INFO - [2025-10-30T16:54:56.034+0000] {dag.py:3036} INFO - Sync 1 DAGs
[2025-10-30T16:54:56.049+0000] {logging_mixin.py:188} INFO - [2025-10-30T16:54:56.049+0000] {dag.py:3823} INFO - Setting next_dagrun for reddit_pipeline_dag to 2025-10-30 16:00:00+00:00, run_after=2025-10-30 17:00:00+00:00
[2025-10-30T16:54:56.065+0000] {processor.py:183} INFO - Processing /opt/airflow/dags/reddit_pipeline_dag.py took 0.068 seconds
[2025-10-30T16:55:26.376+0000] {processor.py:161} INFO - Started process (PID=1213) to work on /opt/airflow/dags/reddit_pipeline_dag.py
[2025-10-30T16:55:26.377+0000] {processor.py:830} INFO - Processing file /opt/airflow/dags/reddit_pipeline_dag.py for tasks to queue
[2025-10-30T16:55:26.378+0000] {logging_mixin.py:188} INFO - [2025-10-30T16:55:26.377+0000] {dagbag.py:538} INFO - Filling up the DagBag from /opt/airflow/dags/reddit_pipeline_dag.py
[2025-10-30T16:55:26.392+0000] {processor.py:840} INFO - DAG(s) 'reddit_pipeline_dag' retrieved from /opt/airflow/dags/reddit_pipeline_dag.py
[2025-10-30T16:55:26.413+0000] {logging_mixin.py:188} INFO - [2025-10-30T16:55:26.413+0000] {dag.py:3036} INFO - Sync 1 DAGs
[2025-10-30T16:55:26.430+0000] {logging_mixin.py:188} INFO - [2025-10-30T16:55:26.430+0000] {dag.py:3823} INFO - Setting next_dagrun for reddit_pipeline_dag to 2025-10-30 16:00:00+00:00, run_after=2025-10-30 17:00:00+00:00
[2025-10-30T16:55:26.444+0000] {processor.py:183} INFO - Processing /opt/airflow/dags/reddit_pipeline_dag.py took 0.071 seconds
[2025-10-30T16:55:56.679+0000] {processor.py:161} INFO - Started process (PID=1218) to work on /opt/airflow/dags/reddit_pipeline_dag.py
[2025-10-30T16:55:56.680+0000] {processor.py:830} INFO - Processing file /opt/airflow/dags/reddit_pipeline_dag.py for tasks to queue
[2025-10-30T16:55:56.680+0000] {logging_mixin.py:188} INFO - [2025-10-30T16:55:56.680+0000] {dagbag.py:538} INFO - Filling up the DagBag from /opt/airflow/dags/reddit_pipeline_dag.py
[2025-10-30T16:55:56.694+0000] {processor.py:840} INFO - DAG(s) 'reddit_pipeline_dag' retrieved from /opt/airflow/dags/reddit_pipeline_dag.py
[2025-10-30T16:55:56.714+0000] {logging_mixin.py:188} INFO - [2025-10-30T16:55:56.714+0000] {dag.py:3036} INFO - Sync 1 DAGs
[2025-10-30T16:55:56.728+0000] {logging_mixin.py:188} INFO - [2025-10-30T16:55:56.728+0000] {dag.py:3823} INFO - Setting next_dagrun for reddit_pipeline_dag to 2025-10-30 16:00:00+00:00, run_after=2025-10-30 17:00:00+00:00
[2025-10-30T16:55:56.743+0000] {processor.py:183} INFO - Processing /opt/airflow/dags/reddit_pipeline_dag.py took 0.066 seconds
[2025-10-30T16:56:26.948+0000] {processor.py:161} INFO - Started process (PID=1223) to work on /opt/airflow/dags/reddit_pipeline_dag.py
[2025-10-30T16:56:26.952+0000] {processor.py:830} INFO - Processing file /opt/airflow/dags/reddit_pipeline_dag.py for tasks to queue
[2025-10-30T16:56:26.955+0000] {logging_mixin.py:188} INFO - [2025-10-30T16:56:26.955+0000] {dagbag.py:538} INFO - Filling up the DagBag from /opt/airflow/dags/reddit_pipeline_dag.py
[2025-10-30T16:56:27.028+0000] {processor.py:840} INFO - DAG(s) 'reddit_pipeline_dag' retrieved from /opt/airflow/dags/reddit_pipeline_dag.py
[2025-10-30T16:56:27.051+0000] {logging_mixin.py:188} INFO - [2025-10-30T16:56:27.050+0000] {dag.py:3036} INFO - Sync 1 DAGs
[2025-10-30T16:56:27.070+0000] {logging_mixin.py:188} INFO - [2025-10-30T16:56:27.070+0000] {dag.py:3823} INFO - Setting next_dagrun for reddit_pipeline_dag to 2025-10-30 16:00:00+00:00, run_after=2025-10-30 17:00:00+00:00
[2025-10-30T16:56:27.085+0000] {processor.py:183} INFO - Processing /opt/airflow/dags/reddit_pipeline_dag.py took 0.139 seconds
[2025-10-30T16:56:57.201+0000] {processor.py:161} INFO - Started process (PID=1228) to work on /opt/airflow/dags/reddit_pipeline_dag.py
[2025-10-30T16:56:57.202+0000] {processor.py:830} INFO - Processing file /opt/airflow/dags/reddit_pipeline_dag.py for tasks to queue
[2025-10-30T16:56:57.203+0000] {logging_mixin.py:188} INFO - [2025-10-30T16:56:57.202+0000] {dagbag.py:538} INFO - Filling up the DagBag from /opt/airflow/dags/reddit_pipeline_dag.py
[2025-10-30T16:56:57.220+0000] {processor.py:840} INFO - DAG(s) 'reddit_pipeline_dag' retrieved from /opt/airflow/dags/reddit_pipeline_dag.py
[2025-10-30T16:56:57.241+0000] {logging_mixin.py:188} INFO - [2025-10-30T16:56:57.241+0000] {dag.py:3036} INFO - Sync 1 DAGs
[2025-10-30T16:56:57.255+0000] {logging_mixin.py:188} INFO - [2025-10-30T16:56:57.255+0000] {dag.py:3823} INFO - Setting next_dagrun for reddit_pipeline_dag to 2025-10-30 16:00:00+00:00, run_after=2025-10-30 17:00:00+00:00
[2025-10-30T16:56:57.269+0000] {processor.py:183} INFO - Processing /opt/airflow/dags/reddit_pipeline_dag.py took 0.071 seconds
[2025-10-30T16:57:27.447+0000] {processor.py:161} INFO - Started process (PID=1233) to work on /opt/airflow/dags/reddit_pipeline_dag.py
[2025-10-30T16:57:27.448+0000] {processor.py:830} INFO - Processing file /opt/airflow/dags/reddit_pipeline_dag.py for tasks to queue
[2025-10-30T16:57:27.449+0000] {logging_mixin.py:188} INFO - [2025-10-30T16:57:27.448+0000] {dagbag.py:538} INFO - Filling up the DagBag from /opt/airflow/dags/reddit_pipeline_dag.py
[2025-10-30T16:57:27.462+0000] {processor.py:840} INFO - DAG(s) 'reddit_pipeline_dag' retrieved from /opt/airflow/dags/reddit_pipeline_dag.py
[2025-10-30T16:57:27.483+0000] {logging_mixin.py:188} INFO - [2025-10-30T16:57:27.483+0000] {dag.py:3036} INFO - Sync 1 DAGs
[2025-10-30T16:57:27.501+0000] {logging_mixin.py:188} INFO - [2025-10-30T16:57:27.501+0000] {dag.py:3823} INFO - Setting next_dagrun for reddit_pipeline_dag to 2025-10-30 16:00:00+00:00, run_after=2025-10-30 17:00:00+00:00
[2025-10-30T16:57:27.515+0000] {processor.py:183} INFO - Processing /opt/airflow/dags/reddit_pipeline_dag.py took 0.071 seconds
[2025-10-30T16:57:57.762+0000] {processor.py:161} INFO - Started process (PID=1238) to work on /opt/airflow/dags/reddit_pipeline_dag.py
[2025-10-30T16:57:57.763+0000] {processor.py:830} INFO - Processing file /opt/airflow/dags/reddit_pipeline_dag.py for tasks to queue
[2025-10-30T16:57:57.764+0000] {logging_mixin.py:188} INFO - [2025-10-30T16:57:57.763+0000] {dagbag.py:538} INFO - Filling up the DagBag from /opt/airflow/dags/reddit_pipeline_dag.py
[2025-10-30T16:57:57.784+0000] {processor.py:840} INFO - DAG(s) 'reddit_pipeline_dag' retrieved from /opt/airflow/dags/reddit_pipeline_dag.py
[2025-10-30T16:57:57.806+0000] {logging_mixin.py:188} INFO - [2025-10-30T16:57:57.806+0000] {dag.py:3036} INFO - Sync 1 DAGs
[2025-10-30T16:57:57.823+0000] {logging_mixin.py:188} INFO - [2025-10-30T16:57:57.823+0000] {dag.py:3823} INFO - Setting next_dagrun for reddit_pipeline_dag to 2025-10-30 16:00:00+00:00, run_after=2025-10-30 17:00:00+00:00
[2025-10-30T16:57:57.839+0000] {processor.py:183} INFO - Processing /opt/airflow/dags/reddit_pipeline_dag.py took 0.079 seconds
[2025-10-30T16:58:28.066+0000] {processor.py:161} INFO - Started process (PID=1243) to work on /opt/airflow/dags/reddit_pipeline_dag.py
[2025-10-30T16:58:28.068+0000] {processor.py:830} INFO - Processing file /opt/airflow/dags/reddit_pipeline_dag.py for tasks to queue
[2025-10-30T16:58:28.068+0000] {logging_mixin.py:188} INFO - [2025-10-30T16:58:28.068+0000] {dagbag.py:538} INFO - Filling up the DagBag from /opt/airflow/dags/reddit_pipeline_dag.py
[2025-10-30T16:58:28.087+0000] {processor.py:840} INFO - DAG(s) 'reddit_pipeline_dag' retrieved from /opt/airflow/dags/reddit_pipeline_dag.py
[2025-10-30T16:58:28.109+0000] {logging_mixin.py:188} INFO - [2025-10-30T16:58:28.109+0000] {dag.py:3036} INFO - Sync 1 DAGs
[2025-10-30T16:58:28.124+0000] {logging_mixin.py:188} INFO - [2025-10-30T16:58:28.124+0000] {dag.py:3823} INFO - Setting next_dagrun for reddit_pipeline_dag to 2025-10-30 16:00:00+00:00, run_after=2025-10-30 17:00:00+00:00
[2025-10-30T16:58:28.138+0000] {processor.py:183} INFO - Processing /opt/airflow/dags/reddit_pipeline_dag.py took 0.074 seconds
[2025-10-30T16:58:58.321+0000] {processor.py:161} INFO - Started process (PID=1248) to work on /opt/airflow/dags/reddit_pipeline_dag.py
[2025-10-30T16:58:58.322+0000] {processor.py:830} INFO - Processing file /opt/airflow/dags/reddit_pipeline_dag.py for tasks to queue
[2025-10-30T16:58:58.323+0000] {logging_mixin.py:188} INFO - [2025-10-30T16:58:58.322+0000] {dagbag.py:538} INFO - Filling up the DagBag from /opt/airflow/dags/reddit_pipeline_dag.py
[2025-10-30T16:58:58.343+0000] {processor.py:840} INFO - DAG(s) 'reddit_pipeline_dag' retrieved from /opt/airflow/dags/reddit_pipeline_dag.py
[2025-10-30T16:58:58.366+0000] {logging_mixin.py:188} INFO - [2025-10-30T16:58:58.366+0000] {dag.py:3036} INFO - Sync 1 DAGs
[2025-10-30T16:58:58.384+0000] {logging_mixin.py:188} INFO - [2025-10-30T16:58:58.384+0000] {dag.py:3823} INFO - Setting next_dagrun for reddit_pipeline_dag to 2025-10-30 16:00:00+00:00, run_after=2025-10-30 17:00:00+00:00
[2025-10-30T16:58:58.403+0000] {processor.py:183} INFO - Processing /opt/airflow/dags/reddit_pipeline_dag.py took 0.085 seconds
[2025-10-30T16:59:28.605+0000] {processor.py:161} INFO - Started process (PID=1253) to work on /opt/airflow/dags/reddit_pipeline_dag.py
[2025-10-30T16:59:28.607+0000] {processor.py:830} INFO - Processing file /opt/airflow/dags/reddit_pipeline_dag.py for tasks to queue
[2025-10-30T16:59:28.609+0000] {logging_mixin.py:188} INFO - [2025-10-30T16:59:28.609+0000] {dagbag.py:538} INFO - Filling up the DagBag from /opt/airflow/dags/reddit_pipeline_dag.py
[2025-10-30T16:59:28.644+0000] {processor.py:840} INFO - DAG(s) 'reddit_pipeline_dag' retrieved from /opt/airflow/dags/reddit_pipeline_dag.py
[2025-10-30T16:59:28.684+0000] {logging_mixin.py:188} INFO - [2025-10-30T16:59:28.684+0000] {dag.py:3036} INFO - Sync 1 DAGs
[2025-10-30T16:59:28.713+0000] {logging_mixin.py:188} INFO - [2025-10-30T16:59:28.713+0000] {dag.py:3823} INFO - Setting next_dagrun for reddit_pipeline_dag to 2025-10-30 16:00:00+00:00, run_after=2025-10-30 17:00:00+00:00
[2025-10-30T16:59:28.734+0000] {processor.py:183} INFO - Processing /opt/airflow/dags/reddit_pipeline_dag.py took 0.132 seconds
[2025-10-30T16:59:58.803+0000] {processor.py:161} INFO - Started process (PID=1258) to work on /opt/airflow/dags/reddit_pipeline_dag.py
[2025-10-30T16:59:58.804+0000] {processor.py:830} INFO - Processing file /opt/airflow/dags/reddit_pipeline_dag.py for tasks to queue
[2025-10-30T16:59:58.805+0000] {logging_mixin.py:188} INFO - [2025-10-30T16:59:58.804+0000] {dagbag.py:538} INFO - Filling up the DagBag from /opt/airflow/dags/reddit_pipeline_dag.py
[2025-10-30T16:59:58.818+0000] {processor.py:840} INFO - DAG(s) 'reddit_pipeline_dag' retrieved from /opt/airflow/dags/reddit_pipeline_dag.py
[2025-10-30T16:59:58.840+0000] {logging_mixin.py:188} INFO - [2025-10-30T16:59:58.840+0000] {dag.py:3036} INFO - Sync 1 DAGs
[2025-10-30T16:59:58.856+0000] {logging_mixin.py:188} INFO - [2025-10-30T16:59:58.856+0000] {dag.py:3823} INFO - Setting next_dagrun for reddit_pipeline_dag to 2025-10-30 16:00:00+00:00, run_after=2025-10-30 17:00:00+00:00
[2025-10-30T16:59:58.873+0000] {processor.py:183} INFO - Processing /opt/airflow/dags/reddit_pipeline_dag.py took 0.072 seconds
[2025-10-30T17:00:29.009+0000] {processor.py:161} INFO - Started process (PID=1341) to work on /opt/airflow/dags/reddit_pipeline_dag.py
[2025-10-30T17:00:29.009+0000] {processor.py:830} INFO - Processing file /opt/airflow/dags/reddit_pipeline_dag.py for tasks to queue
[2025-10-30T17:00:29.010+0000] {logging_mixin.py:188} INFO - [2025-10-30T17:00:29.010+0000] {dagbag.py:538} INFO - Filling up the DagBag from /opt/airflow/dags/reddit_pipeline_dag.py
[2025-10-30T17:00:29.026+0000] {processor.py:840} INFO - DAG(s) 'reddit_pipeline_dag' retrieved from /opt/airflow/dags/reddit_pipeline_dag.py
[2025-10-30T17:00:29.050+0000] {logging_mixin.py:188} INFO - [2025-10-30T17:00:29.049+0000] {dag.py:3036} INFO - Sync 1 DAGs
[2025-10-30T17:00:29.079+0000] {processor.py:183} INFO - Processing /opt/airflow/dags/reddit_pipeline_dag.py took 0.073 seconds
[2025-10-30T17:00:59.277+0000] {processor.py:161} INFO - Started process (PID=1346) to work on /opt/airflow/dags/reddit_pipeline_dag.py
[2025-10-30T17:00:59.278+0000] {processor.py:830} INFO - Processing file /opt/airflow/dags/reddit_pipeline_dag.py for tasks to queue
[2025-10-30T17:00:59.278+0000] {logging_mixin.py:188} INFO - [2025-10-30T17:00:59.278+0000] {dagbag.py:538} INFO - Filling up the DagBag from /opt/airflow/dags/reddit_pipeline_dag.py
[2025-10-30T17:00:59.298+0000] {processor.py:840} INFO - DAG(s) 'reddit_pipeline_dag' retrieved from /opt/airflow/dags/reddit_pipeline_dag.py
[2025-10-30T17:00:59.323+0000] {logging_mixin.py:188} INFO - [2025-10-30T17:00:59.322+0000] {dag.py:3036} INFO - Sync 1 DAGs
[2025-10-30T17:00:59.359+0000] {processor.py:183} INFO - Processing /opt/airflow/dags/reddit_pipeline_dag.py took 0.084 seconds
[2025-10-30T17:01:29.502+0000] {processor.py:161} INFO - Started process (PID=1351) to work on /opt/airflow/dags/reddit_pipeline_dag.py
[2025-10-30T17:01:29.503+0000] {processor.py:830} INFO - Processing file /opt/airflow/dags/reddit_pipeline_dag.py for tasks to queue
[2025-10-30T17:01:29.504+0000] {logging_mixin.py:188} INFO - [2025-10-30T17:01:29.504+0000] {dagbag.py:538} INFO - Filling up the DagBag from /opt/airflow/dags/reddit_pipeline_dag.py
[2025-10-30T17:01:29.519+0000] {processor.py:840} INFO - DAG(s) 'reddit_pipeline_dag' retrieved from /opt/airflow/dags/reddit_pipeline_dag.py
[2025-10-30T17:01:29.539+0000] {logging_mixin.py:188} INFO - [2025-10-30T17:01:29.539+0000] {dag.py:3036} INFO - Sync 1 DAGs
[2025-10-30T17:01:29.572+0000] {processor.py:183} INFO - Processing /opt/airflow/dags/reddit_pipeline_dag.py took 0.072 seconds
[2025-10-30T17:01:59.808+0000] {processor.py:161} INFO - Started process (PID=1356) to work on /opt/airflow/dags/reddit_pipeline_dag.py
[2025-10-30T17:01:59.809+0000] {processor.py:830} INFO - Processing file /opt/airflow/dags/reddit_pipeline_dag.py for tasks to queue
[2025-10-30T17:01:59.810+0000] {logging_mixin.py:188} INFO - [2025-10-30T17:01:59.810+0000] {dagbag.py:538} INFO - Filling up the DagBag from /opt/airflow/dags/reddit_pipeline_dag.py
[2025-10-30T17:01:59.823+0000] {processor.py:840} INFO - DAG(s) 'reddit_pipeline_dag' retrieved from /opt/airflow/dags/reddit_pipeline_dag.py
[2025-10-30T17:01:59.841+0000] {logging_mixin.py:188} INFO - [2025-10-30T17:01:59.841+0000] {dag.py:3036} INFO - Sync 1 DAGs
[2025-10-30T17:01:59.873+0000] {processor.py:183} INFO - Processing /opt/airflow/dags/reddit_pipeline_dag.py took 0.068 seconds
[2025-10-30T17:02:30.048+0000] {processor.py:161} INFO - Started process (PID=1361) to work on /opt/airflow/dags/reddit_pipeline_dag.py
[2025-10-30T17:02:30.049+0000] {processor.py:830} INFO - Processing file /opt/airflow/dags/reddit_pipeline_dag.py for tasks to queue
[2025-10-30T17:02:30.050+0000] {logging_mixin.py:188} INFO - [2025-10-30T17:02:30.050+0000] {dagbag.py:538} INFO - Filling up the DagBag from /opt/airflow/dags/reddit_pipeline_dag.py
[2025-10-30T17:02:30.069+0000] {processor.py:840} INFO - DAG(s) 'reddit_pipeline_dag' retrieved from /opt/airflow/dags/reddit_pipeline_dag.py
[2025-10-30T17:02:30.092+0000] {logging_mixin.py:188} INFO - [2025-10-30T17:02:30.092+0000] {dag.py:3036} INFO - Sync 1 DAGs
[2025-10-30T17:02:30.120+0000] {processor.py:183} INFO - Processing /opt/airflow/dags/reddit_pipeline_dag.py took 0.074 seconds
[2025-10-30T17:03:00.293+0000] {processor.py:161} INFO - Started process (PID=1366) to work on /opt/airflow/dags/reddit_pipeline_dag.py
[2025-10-30T17:03:00.294+0000] {processor.py:830} INFO - Processing file /opt/airflow/dags/reddit_pipeline_dag.py for tasks to queue
[2025-10-30T17:03:00.295+0000] {logging_mixin.py:188} INFO - [2025-10-30T17:03:00.295+0000] {dagbag.py:538} INFO - Filling up the DagBag from /opt/airflow/dags/reddit_pipeline_dag.py
[2025-10-30T17:03:00.309+0000] {processor.py:840} INFO - DAG(s) 'reddit_pipeline_dag' retrieved from /opt/airflow/dags/reddit_pipeline_dag.py
[2025-10-30T17:03:00.328+0000] {logging_mixin.py:188} INFO - [2025-10-30T17:03:00.328+0000] {dag.py:3036} INFO - Sync 1 DAGs
[2025-10-30T17:03:00.357+0000] {processor.py:183} INFO - Processing /opt/airflow/dags/reddit_pipeline_dag.py took 0.066 seconds
[2025-10-30T17:03:30.538+0000] {processor.py:161} INFO - Started process (PID=1371) to work on /opt/airflow/dags/reddit_pipeline_dag.py
[2025-10-30T17:03:30.539+0000] {processor.py:830} INFO - Processing file /opt/airflow/dags/reddit_pipeline_dag.py for tasks to queue
[2025-10-30T17:03:30.540+0000] {logging_mixin.py:188} INFO - [2025-10-30T17:03:30.540+0000] {dagbag.py:538} INFO - Filling up the DagBag from /opt/airflow/dags/reddit_pipeline_dag.py
[2025-10-30T17:03:30.555+0000] {processor.py:840} INFO - DAG(s) 'reddit_pipeline_dag' retrieved from /opt/airflow/dags/reddit_pipeline_dag.py
[2025-10-30T17:03:30.573+0000] {logging_mixin.py:188} INFO - [2025-10-30T17:03:30.573+0000] {dag.py:3036} INFO - Sync 1 DAGs
[2025-10-30T17:03:30.603+0000] {processor.py:183} INFO - Processing /opt/airflow/dags/reddit_pipeline_dag.py took 0.067 seconds
[2025-10-30T17:04:00.774+0000] {processor.py:161} INFO - Started process (PID=1376) to work on /opt/airflow/dags/reddit_pipeline_dag.py
[2025-10-30T17:04:00.775+0000] {processor.py:830} INFO - Processing file /opt/airflow/dags/reddit_pipeline_dag.py for tasks to queue
[2025-10-30T17:04:00.776+0000] {logging_mixin.py:188} INFO - [2025-10-30T17:04:00.776+0000] {dagbag.py:538} INFO - Filling up the DagBag from /opt/airflow/dags/reddit_pipeline_dag.py
[2025-10-30T17:04:00.791+0000] {processor.py:840} INFO - DAG(s) 'reddit_pipeline_dag' retrieved from /opt/airflow/dags/reddit_pipeline_dag.py
[2025-10-30T17:04:00.811+0000] {logging_mixin.py:188} INFO - [2025-10-30T17:04:00.811+0000] {dag.py:3036} INFO - Sync 1 DAGs
[2025-10-30T17:04:00.839+0000] {processor.py:183} INFO - Processing /opt/airflow/dags/reddit_pipeline_dag.py took 0.068 seconds
[2025-10-30T17:04:31.023+0000] {processor.py:161} INFO - Started process (PID=1381) to work on /opt/airflow/dags/reddit_pipeline_dag.py
[2025-10-30T17:04:31.024+0000] {processor.py:830} INFO - Processing file /opt/airflow/dags/reddit_pipeline_dag.py for tasks to queue
[2025-10-30T17:04:31.025+0000] {logging_mixin.py:188} INFO - [2025-10-30T17:04:31.025+0000] {dagbag.py:538} INFO - Filling up the DagBag from /opt/airflow/dags/reddit_pipeline_dag.py
[2025-10-30T17:04:31.039+0000] {processor.py:840} INFO - DAG(s) 'reddit_pipeline_dag' retrieved from /opt/airflow/dags/reddit_pipeline_dag.py
[2025-10-30T17:04:31.059+0000] {logging_mixin.py:188} INFO - [2025-10-30T17:04:31.059+0000] {dag.py:3036} INFO - Sync 1 DAGs
[2025-10-30T17:04:31.090+0000] {processor.py:183} INFO - Processing /opt/airflow/dags/reddit_pipeline_dag.py took 0.068 seconds
[2025-10-30T17:05:01.281+0000] {processor.py:161} INFO - Started process (PID=1386) to work on /opt/airflow/dags/reddit_pipeline_dag.py
[2025-10-30T17:05:01.282+0000] {processor.py:830} INFO - Processing file /opt/airflow/dags/reddit_pipeline_dag.py for tasks to queue
[2025-10-30T17:05:01.283+0000] {logging_mixin.py:188} INFO - [2025-10-30T17:05:01.282+0000] {dagbag.py:538} INFO - Filling up the DagBag from /opt/airflow/dags/reddit_pipeline_dag.py
[2025-10-30T17:05:01.297+0000] {processor.py:840} INFO - DAG(s) 'reddit_pipeline_dag' retrieved from /opt/airflow/dags/reddit_pipeline_dag.py
[2025-10-30T17:05:01.317+0000] {logging_mixin.py:188} INFO - [2025-10-30T17:05:01.317+0000] {dag.py:3036} INFO - Sync 1 DAGs
[2025-10-30T17:05:01.353+0000] {processor.py:183} INFO - Processing /opt/airflow/dags/reddit_pipeline_dag.py took 0.075 seconds
[2025-10-30T17:05:31.566+0000] {processor.py:161} INFO - Started process (PID=1417) to work on /opt/airflow/dags/reddit_pipeline_dag.py
[2025-10-30T17:05:31.568+0000] {processor.py:830} INFO - Processing file /opt/airflow/dags/reddit_pipeline_dag.py for tasks to queue
[2025-10-30T17:05:31.569+0000] {logging_mixin.py:188} INFO - [2025-10-30T17:05:31.569+0000] {dagbag.py:538} INFO - Filling up the DagBag from /opt/airflow/dags/reddit_pipeline_dag.py
[2025-10-30T17:05:31.607+0000] {processor.py:840} INFO - DAG(s) 'reddit_pipeline_dag' retrieved from /opt/airflow/dags/reddit_pipeline_dag.py
[2025-10-30T17:05:31.633+0000] {logging_mixin.py:188} INFO - [2025-10-30T17:05:31.633+0000] {dag.py:3036} INFO - Sync 1 DAGs
[2025-10-30T17:05:31.649+0000] {logging_mixin.py:188} INFO - [2025-10-30T17:05:31.649+0000] {dag.py:3823} INFO - Setting next_dagrun for reddit_pipeline_dag to 2025-10-30 17:00:00+00:00, run_after=2025-10-30 18:00:00+00:00
[2025-10-30T17:05:31.666+0000] {processor.py:183} INFO - Processing /opt/airflow/dags/reddit_pipeline_dag.py took 0.104 seconds
[2025-10-30T17:06:01.786+0000] {processor.py:161} INFO - Started process (PID=1422) to work on /opt/airflow/dags/reddit_pipeline_dag.py
[2025-10-30T17:06:01.787+0000] {processor.py:830} INFO - Processing file /opt/airflow/dags/reddit_pipeline_dag.py for tasks to queue
[2025-10-30T17:06:01.788+0000] {logging_mixin.py:188} INFO - [2025-10-30T17:06:01.788+0000] {dagbag.py:538} INFO - Filling up the DagBag from /opt/airflow/dags/reddit_pipeline_dag.py
[2025-10-30T17:06:01.803+0000] {processor.py:840} INFO - DAG(s) 'reddit_pipeline_dag' retrieved from /opt/airflow/dags/reddit_pipeline_dag.py
[2025-10-30T17:06:01.826+0000] {logging_mixin.py:188} INFO - [2025-10-30T17:06:01.826+0000] {dag.py:3036} INFO - Sync 1 DAGs
[2025-10-30T17:06:01.844+0000] {logging_mixin.py:188} INFO - [2025-10-30T17:06:01.844+0000] {dag.py:3823} INFO - Setting next_dagrun for reddit_pipeline_dag to 2025-10-30 17:00:00+00:00, run_after=2025-10-30 18:00:00+00:00
[2025-10-30T17:06:01.859+0000] {processor.py:183} INFO - Processing /opt/airflow/dags/reddit_pipeline_dag.py took 0.075 seconds
[2025-10-30T17:06:32.073+0000] {processor.py:161} INFO - Started process (PID=1427) to work on /opt/airflow/dags/reddit_pipeline_dag.py
[2025-10-30T17:06:32.074+0000] {processor.py:830} INFO - Processing file /opt/airflow/dags/reddit_pipeline_dag.py for tasks to queue
[2025-10-30T17:06:32.075+0000] {logging_mixin.py:188} INFO - [2025-10-30T17:06:32.075+0000] {dagbag.py:538} INFO - Filling up the DagBag from /opt/airflow/dags/reddit_pipeline_dag.py
[2025-10-30T17:06:32.089+0000] {processor.py:840} INFO - DAG(s) 'reddit_pipeline_dag' retrieved from /opt/airflow/dags/reddit_pipeline_dag.py
[2025-10-30T17:06:32.110+0000] {logging_mixin.py:188} INFO - [2025-10-30T17:06:32.110+0000] {dag.py:3036} INFO - Sync 1 DAGs
[2025-10-30T17:06:32.127+0000] {logging_mixin.py:188} INFO - [2025-10-30T17:06:32.127+0000] {dag.py:3823} INFO - Setting next_dagrun for reddit_pipeline_dag to 2025-10-30 17:00:00+00:00, run_after=2025-10-30 18:00:00+00:00
[2025-10-30T17:06:32.145+0000] {processor.py:183} INFO - Processing /opt/airflow/dags/reddit_pipeline_dag.py took 0.074 seconds
[2025-10-30T17:07:02.310+0000] {processor.py:161} INFO - Started process (PID=1432) to work on /opt/airflow/dags/reddit_pipeline_dag.py
[2025-10-30T17:07:02.310+0000] {processor.py:830} INFO - Processing file /opt/airflow/dags/reddit_pipeline_dag.py for tasks to queue
[2025-10-30T17:07:02.311+0000] {logging_mixin.py:188} INFO - [2025-10-30T17:07:02.311+0000] {dagbag.py:538} INFO - Filling up the DagBag from /opt/airflow/dags/reddit_pipeline_dag.py
[2025-10-30T17:07:02.326+0000] {processor.py:840} INFO - DAG(s) 'reddit_pipeline_dag' retrieved from /opt/airflow/dags/reddit_pipeline_dag.py
[2025-10-30T17:07:02.345+0000] {logging_mixin.py:188} INFO - [2025-10-30T17:07:02.345+0000] {dag.py:3036} INFO - Sync 1 DAGs
[2025-10-30T17:07:02.360+0000] {logging_mixin.py:188} INFO - [2025-10-30T17:07:02.360+0000] {dag.py:3823} INFO - Setting next_dagrun for reddit_pipeline_dag to 2025-10-30 17:00:00+00:00, run_after=2025-10-30 18:00:00+00:00
[2025-10-30T17:07:02.373+0000] {processor.py:183} INFO - Processing /opt/airflow/dags/reddit_pipeline_dag.py took 0.066 seconds
[2025-10-30T17:07:32.558+0000] {processor.py:161} INFO - Started process (PID=1437) to work on /opt/airflow/dags/reddit_pipeline_dag.py
[2025-10-30T17:07:32.559+0000] {processor.py:830} INFO - Processing file /opt/airflow/dags/reddit_pipeline_dag.py for tasks to queue
[2025-10-30T17:07:32.560+0000] {logging_mixin.py:188} INFO - [2025-10-30T17:07:32.560+0000] {dagbag.py:538} INFO - Filling up the DagBag from /opt/airflow/dags/reddit_pipeline_dag.py
[2025-10-30T17:07:32.573+0000] {processor.py:840} INFO - DAG(s) 'reddit_pipeline_dag' retrieved from /opt/airflow/dags/reddit_pipeline_dag.py
[2025-10-30T17:07:32.593+0000] {logging_mixin.py:188} INFO - [2025-10-30T17:07:32.593+0000] {dag.py:3036} INFO - Sync 1 DAGs
[2025-10-30T17:07:32.609+0000] {logging_mixin.py:188} INFO - [2025-10-30T17:07:32.609+0000] {dag.py:3823} INFO - Setting next_dagrun for reddit_pipeline_dag to 2025-10-30 17:00:00+00:00, run_after=2025-10-30 18:00:00+00:00
[2025-10-30T17:07:32.624+0000] {processor.py:183} INFO - Processing /opt/airflow/dags/reddit_pipeline_dag.py took 0.068 seconds
[2025-10-30T17:08:02.835+0000] {processor.py:161} INFO - Started process (PID=1442) to work on /opt/airflow/dags/reddit_pipeline_dag.py
[2025-10-30T17:08:02.836+0000] {processor.py:830} INFO - Processing file /opt/airflow/dags/reddit_pipeline_dag.py for tasks to queue
[2025-10-30T17:08:02.837+0000] {logging_mixin.py:188} INFO - [2025-10-30T17:08:02.836+0000] {dagbag.py:538} INFO - Filling up the DagBag from /opt/airflow/dags/reddit_pipeline_dag.py
[2025-10-30T17:08:02.849+0000] {processor.py:840} INFO - DAG(s) 'reddit_pipeline_dag' retrieved from /opt/airflow/dags/reddit_pipeline_dag.py
[2025-10-30T17:08:02.867+0000] {logging_mixin.py:188} INFO - [2025-10-30T17:08:02.867+0000] {dag.py:3036} INFO - Sync 1 DAGs
[2025-10-30T17:08:02.881+0000] {logging_mixin.py:188} INFO - [2025-10-30T17:08:02.881+0000] {dag.py:3823} INFO - Setting next_dagrun for reddit_pipeline_dag to 2025-10-30 17:00:00+00:00, run_after=2025-10-30 18:00:00+00:00
[2025-10-30T17:08:02.896+0000] {processor.py:183} INFO - Processing /opt/airflow/dags/reddit_pipeline_dag.py took 0.064 seconds
[2025-10-30T17:08:33.077+0000] {processor.py:161} INFO - Started process (PID=1447) to work on /opt/airflow/dags/reddit_pipeline_dag.py
[2025-10-30T17:08:33.078+0000] {processor.py:830} INFO - Processing file /opt/airflow/dags/reddit_pipeline_dag.py for tasks to queue
[2025-10-30T17:08:33.079+0000] {logging_mixin.py:188} INFO - [2025-10-30T17:08:33.079+0000] {dagbag.py:538} INFO - Filling up the DagBag from /opt/airflow/dags/reddit_pipeline_dag.py
[2025-10-30T17:08:33.093+0000] {processor.py:840} INFO - DAG(s) 'reddit_pipeline_dag' retrieved from /opt/airflow/dags/reddit_pipeline_dag.py
[2025-10-30T17:08:33.112+0000] {logging_mixin.py:188} INFO - [2025-10-30T17:08:33.112+0000] {dag.py:3036} INFO - Sync 1 DAGs
[2025-10-30T17:08:33.130+0000] {logging_mixin.py:188} INFO - [2025-10-30T17:08:33.130+0000] {dag.py:3823} INFO - Setting next_dagrun for reddit_pipeline_dag to 2025-10-30 17:00:00+00:00, run_after=2025-10-30 18:00:00+00:00
[2025-10-30T17:08:33.143+0000] {processor.py:183} INFO - Processing /opt/airflow/dags/reddit_pipeline_dag.py took 0.068 seconds
[2025-10-30T17:09:03.297+0000] {processor.py:161} INFO - Started process (PID=1452) to work on /opt/airflow/dags/reddit_pipeline_dag.py
[2025-10-30T17:09:03.298+0000] {processor.py:830} INFO - Processing file /opt/airflow/dags/reddit_pipeline_dag.py for tasks to queue
[2025-10-30T17:09:03.299+0000] {logging_mixin.py:188} INFO - [2025-10-30T17:09:03.299+0000] {dagbag.py:538} INFO - Filling up the DagBag from /opt/airflow/dags/reddit_pipeline_dag.py
[2025-10-30T17:09:03.312+0000] {processor.py:840} INFO - DAG(s) 'reddit_pipeline_dag' retrieved from /opt/airflow/dags/reddit_pipeline_dag.py
[2025-10-30T17:09:03.331+0000] {logging_mixin.py:188} INFO - [2025-10-30T17:09:03.331+0000] {dag.py:3036} INFO - Sync 1 DAGs
[2025-10-30T17:09:03.345+0000] {logging_mixin.py:188} INFO - [2025-10-30T17:09:03.345+0000] {dag.py:3823} INFO - Setting next_dagrun for reddit_pipeline_dag to 2025-10-30 17:00:00+00:00, run_after=2025-10-30 18:00:00+00:00
[2025-10-30T17:09:03.359+0000] {processor.py:183} INFO - Processing /opt/airflow/dags/reddit_pipeline_dag.py took 0.064 seconds
[2025-10-30T17:09:33.547+0000] {processor.py:161} INFO - Started process (PID=1457) to work on /opt/airflow/dags/reddit_pipeline_dag.py
[2025-10-30T17:09:33.548+0000] {processor.py:830} INFO - Processing file /opt/airflow/dags/reddit_pipeline_dag.py for tasks to queue
[2025-10-30T17:09:33.549+0000] {logging_mixin.py:188} INFO - [2025-10-30T17:09:33.549+0000] {dagbag.py:538} INFO - Filling up the DagBag from /opt/airflow/dags/reddit_pipeline_dag.py
[2025-10-30T17:09:33.563+0000] {processor.py:840} INFO - DAG(s) 'reddit_pipeline_dag' retrieved from /opt/airflow/dags/reddit_pipeline_dag.py
[2025-10-30T17:09:33.582+0000] {logging_mixin.py:188} INFO - [2025-10-30T17:09:33.582+0000] {dag.py:3036} INFO - Sync 1 DAGs
[2025-10-30T17:09:33.597+0000] {logging_mixin.py:188} INFO - [2025-10-30T17:09:33.597+0000] {dag.py:3823} INFO - Setting next_dagrun for reddit_pipeline_dag to 2025-10-30 17:00:00+00:00, run_after=2025-10-30 18:00:00+00:00
[2025-10-30T17:09:33.614+0000] {processor.py:183} INFO - Processing /opt/airflow/dags/reddit_pipeline_dag.py took 0.069 seconds
[2025-10-30T17:10:03.814+0000] {processor.py:161} INFO - Started process (PID=1462) to work on /opt/airflow/dags/reddit_pipeline_dag.py
[2025-10-30T17:10:03.817+0000] {processor.py:830} INFO - Processing file /opt/airflow/dags/reddit_pipeline_dag.py for tasks to queue
[2025-10-30T17:10:03.819+0000] {logging_mixin.py:188} INFO - [2025-10-30T17:10:03.818+0000] {dagbag.py:538} INFO - Filling up the DagBag from /opt/airflow/dags/reddit_pipeline_dag.py
[2025-10-30T17:10:03.834+0000] {processor.py:840} INFO - DAG(s) 'reddit_pipeline_dag' retrieved from /opt/airflow/dags/reddit_pipeline_dag.py
[2025-10-30T17:10:03.854+0000] {logging_mixin.py:188} INFO - [2025-10-30T17:10:03.854+0000] {dag.py:3036} INFO - Sync 1 DAGs
[2025-10-30T17:10:03.872+0000] {logging_mixin.py:188} INFO - [2025-10-30T17:10:03.872+0000] {dag.py:3823} INFO - Setting next_dagrun for reddit_pipeline_dag to 2025-10-30 17:00:00+00:00, run_after=2025-10-30 18:00:00+00:00
[2025-10-30T17:10:03.890+0000] {processor.py:183} INFO - Processing /opt/airflow/dags/reddit_pipeline_dag.py took 0.079 seconds
[2025-10-30T17:10:34.078+0000] {processor.py:161} INFO - Started process (PID=1467) to work on /opt/airflow/dags/reddit_pipeline_dag.py
[2025-10-30T17:10:34.079+0000] {processor.py:830} INFO - Processing file /opt/airflow/dags/reddit_pipeline_dag.py for tasks to queue
[2025-10-30T17:10:34.081+0000] {logging_mixin.py:188} INFO - [2025-10-30T17:10:34.081+0000] {dagbag.py:538} INFO - Filling up the DagBag from /opt/airflow/dags/reddit_pipeline_dag.py
[2025-10-30T17:10:34.097+0000] {processor.py:840} INFO - DAG(s) 'reddit_pipeline_dag' retrieved from /opt/airflow/dags/reddit_pipeline_dag.py
[2025-10-30T17:10:34.123+0000] {logging_mixin.py:188} INFO - [2025-10-30T17:10:34.123+0000] {dag.py:3036} INFO - Sync 1 DAGs
[2025-10-30T17:10:34.141+0000] {logging_mixin.py:188} INFO - [2025-10-30T17:10:34.141+0000] {dag.py:3823} INFO - Setting next_dagrun for reddit_pipeline_dag to 2025-10-30 17:00:00+00:00, run_after=2025-10-30 18:00:00+00:00
[2025-10-30T17:10:34.160+0000] {processor.py:183} INFO - Processing /opt/airflow/dags/reddit_pipeline_dag.py took 0.086 seconds
[2025-10-30T17:11:04.313+0000] {processor.py:161} INFO - Started process (PID=1472) to work on /opt/airflow/dags/reddit_pipeline_dag.py
[2025-10-30T17:11:04.314+0000] {processor.py:830} INFO - Processing file /opt/airflow/dags/reddit_pipeline_dag.py for tasks to queue
[2025-10-30T17:11:04.314+0000] {logging_mixin.py:188} INFO - [2025-10-30T17:11:04.314+0000] {dagbag.py:538} INFO - Filling up the DagBag from /opt/airflow/dags/reddit_pipeline_dag.py
[2025-10-30T17:11:04.329+0000] {processor.py:840} INFO - DAG(s) 'reddit_pipeline_dag' retrieved from /opt/airflow/dags/reddit_pipeline_dag.py
[2025-10-30T17:11:04.348+0000] {logging_mixin.py:188} INFO - [2025-10-30T17:11:04.348+0000] {dag.py:3036} INFO - Sync 1 DAGs
[2025-10-30T17:11:04.362+0000] {logging_mixin.py:188} INFO - [2025-10-30T17:11:04.362+0000] {dag.py:3823} INFO - Setting next_dagrun for reddit_pipeline_dag to 2025-10-30 17:00:00+00:00, run_after=2025-10-30 18:00:00+00:00
[2025-10-30T17:11:04.376+0000] {processor.py:183} INFO - Processing /opt/airflow/dags/reddit_pipeline_dag.py took 0.066 seconds
[2025-10-30T17:11:34.537+0000] {processor.py:161} INFO - Started process (PID=1477) to work on /opt/airflow/dags/reddit_pipeline_dag.py
[2025-10-30T17:11:34.538+0000] {processor.py:830} INFO - Processing file /opt/airflow/dags/reddit_pipeline_dag.py for tasks to queue
[2025-10-30T17:11:34.539+0000] {logging_mixin.py:188} INFO - [2025-10-30T17:11:34.538+0000] {dagbag.py:538} INFO - Filling up the DagBag from /opt/airflow/dags/reddit_pipeline_dag.py
[2025-10-30T17:11:34.551+0000] {processor.py:840} INFO - DAG(s) 'reddit_pipeline_dag' retrieved from /opt/airflow/dags/reddit_pipeline_dag.py
[2025-10-30T17:11:34.570+0000] {logging_mixin.py:188} INFO - [2025-10-30T17:11:34.570+0000] {dag.py:3036} INFO - Sync 1 DAGs
[2025-10-30T17:11:34.584+0000] {logging_mixin.py:188} INFO - [2025-10-30T17:11:34.584+0000] {dag.py:3823} INFO - Setting next_dagrun for reddit_pipeline_dag to 2025-10-30 17:00:00+00:00, run_after=2025-10-30 18:00:00+00:00
[2025-10-30T17:11:34.598+0000] {processor.py:183} INFO - Processing /opt/airflow/dags/reddit_pipeline_dag.py took 0.064 seconds
[2025-10-30T17:12:04.793+0000] {processor.py:161} INFO - Started process (PID=1482) to work on /opt/airflow/dags/reddit_pipeline_dag.py
[2025-10-30T17:12:04.794+0000] {processor.py:830} INFO - Processing file /opt/airflow/dags/reddit_pipeline_dag.py for tasks to queue
[2025-10-30T17:12:04.795+0000] {logging_mixin.py:188} INFO - [2025-10-30T17:12:04.795+0000] {dagbag.py:538} INFO - Filling up the DagBag from /opt/airflow/dags/reddit_pipeline_dag.py
[2025-10-30T17:12:04.809+0000] {processor.py:840} INFO - DAG(s) 'reddit_pipeline_dag' retrieved from /opt/airflow/dags/reddit_pipeline_dag.py
[2025-10-30T17:12:04.830+0000] {logging_mixin.py:188} INFO - [2025-10-30T17:12:04.830+0000] {dag.py:3036} INFO - Sync 1 DAGs
[2025-10-30T17:12:04.844+0000] {logging_mixin.py:188} INFO - [2025-10-30T17:12:04.844+0000] {dag.py:3823} INFO - Setting next_dagrun for reddit_pipeline_dag to 2025-10-30 17:00:00+00:00, run_after=2025-10-30 18:00:00+00:00
[2025-10-30T17:12:04.858+0000] {processor.py:183} INFO - Processing /opt/airflow/dags/reddit_pipeline_dag.py took 0.067 seconds
[2025-10-30T17:12:35.031+0000] {processor.py:161} INFO - Started process (PID=1487) to work on /opt/airflow/dags/reddit_pipeline_dag.py
[2025-10-30T17:12:35.032+0000] {processor.py:830} INFO - Processing file /opt/airflow/dags/reddit_pipeline_dag.py for tasks to queue
[2025-10-30T17:12:35.033+0000] {logging_mixin.py:188} INFO - [2025-10-30T17:12:35.033+0000] {dagbag.py:538} INFO - Filling up the DagBag from /opt/airflow/dags/reddit_pipeline_dag.py
[2025-10-30T17:12:35.047+0000] {processor.py:840} INFO - DAG(s) 'reddit_pipeline_dag' retrieved from /opt/airflow/dags/reddit_pipeline_dag.py
[2025-10-30T17:12:35.069+0000] {logging_mixin.py:188} INFO - [2025-10-30T17:12:35.069+0000] {dag.py:3036} INFO - Sync 1 DAGs
[2025-10-30T17:12:35.086+0000] {logging_mixin.py:188} INFO - [2025-10-30T17:12:35.086+0000] {dag.py:3823} INFO - Setting next_dagrun for reddit_pipeline_dag to 2025-10-30 17:00:00+00:00, run_after=2025-10-30 18:00:00+00:00
[2025-10-30T17:12:35.101+0000] {processor.py:183} INFO - Processing /opt/airflow/dags/reddit_pipeline_dag.py took 0.072 seconds
[2025-10-30T17:13:05.280+0000] {processor.py:161} INFO - Started process (PID=1492) to work on /opt/airflow/dags/reddit_pipeline_dag.py
[2025-10-30T17:13:05.281+0000] {processor.py:830} INFO - Processing file /opt/airflow/dags/reddit_pipeline_dag.py for tasks to queue
[2025-10-30T17:13:05.282+0000] {logging_mixin.py:188} INFO - [2025-10-30T17:13:05.282+0000] {dagbag.py:538} INFO - Filling up the DagBag from /opt/airflow/dags/reddit_pipeline_dag.py
[2025-10-30T17:13:05.302+0000] {processor.py:840} INFO - DAG(s) 'reddit_pipeline_dag' retrieved from /opt/airflow/dags/reddit_pipeline_dag.py
[2025-10-30T17:13:05.326+0000] {logging_mixin.py:188} INFO - [2025-10-30T17:13:05.326+0000] {dag.py:3036} INFO - Sync 1 DAGs
[2025-10-30T17:13:05.346+0000] {logging_mixin.py:188} INFO - [2025-10-30T17:13:05.345+0000] {dag.py:3823} INFO - Setting next_dagrun for reddit_pipeline_dag to 2025-10-30 17:00:00+00:00, run_after=2025-10-30 18:00:00+00:00
[2025-10-30T17:13:05.360+0000] {processor.py:183} INFO - Processing /opt/airflow/dags/reddit_pipeline_dag.py took 0.083 seconds
[2025-10-30T17:13:35.485+0000] {processor.py:161} INFO - Started process (PID=1497) to work on /opt/airflow/dags/reddit_pipeline_dag.py
[2025-10-30T17:13:35.486+0000] {processor.py:830} INFO - Processing file /opt/airflow/dags/reddit_pipeline_dag.py for tasks to queue
[2025-10-30T17:13:35.487+0000] {logging_mixin.py:188} INFO - [2025-10-30T17:13:35.487+0000] {dagbag.py:538} INFO - Filling up the DagBag from /opt/airflow/dags/reddit_pipeline_dag.py
[2025-10-30T17:13:35.500+0000] {processor.py:840} INFO - DAG(s) 'reddit_pipeline_dag' retrieved from /opt/airflow/dags/reddit_pipeline_dag.py
[2025-10-30T17:13:35.521+0000] {logging_mixin.py:188} INFO - [2025-10-30T17:13:35.521+0000] {dag.py:3036} INFO - Sync 1 DAGs
[2025-10-30T17:13:35.535+0000] {logging_mixin.py:188} INFO - [2025-10-30T17:13:35.535+0000] {dag.py:3823} INFO - Setting next_dagrun for reddit_pipeline_dag to 2025-10-30 17:00:00+00:00, run_after=2025-10-30 18:00:00+00:00
[2025-10-30T17:13:35.550+0000] {processor.py:183} INFO - Processing /opt/airflow/dags/reddit_pipeline_dag.py took 0.068 seconds
[2025-10-30T17:14:05.729+0000] {processor.py:161} INFO - Started process (PID=1502) to work on /opt/airflow/dags/reddit_pipeline_dag.py
[2025-10-30T17:14:05.730+0000] {processor.py:830} INFO - Processing file /opt/airflow/dags/reddit_pipeline_dag.py for tasks to queue
[2025-10-30T17:14:05.730+0000] {logging_mixin.py:188} INFO - [2025-10-30T17:14:05.730+0000] {dagbag.py:538} INFO - Filling up the DagBag from /opt/airflow/dags/reddit_pipeline_dag.py
[2025-10-30T17:14:05.744+0000] {processor.py:840} INFO - DAG(s) 'reddit_pipeline_dag' retrieved from /opt/airflow/dags/reddit_pipeline_dag.py
[2025-10-30T17:14:05.764+0000] {logging_mixin.py:188} INFO - [2025-10-30T17:14:05.764+0000] {dag.py:3036} INFO - Sync 1 DAGs
[2025-10-30T17:14:05.781+0000] {logging_mixin.py:188} INFO - [2025-10-30T17:14:05.781+0000] {dag.py:3823} INFO - Setting next_dagrun for reddit_pipeline_dag to 2025-10-30 17:00:00+00:00, run_after=2025-10-30 18:00:00+00:00
[2025-10-30T17:14:05.796+0000] {processor.py:183} INFO - Processing /opt/airflow/dags/reddit_pipeline_dag.py took 0.069 seconds
[2025-10-30T17:14:35.951+0000] {processor.py:161} INFO - Started process (PID=1507) to work on /opt/airflow/dags/reddit_pipeline_dag.py
[2025-10-30T17:14:35.952+0000] {processor.py:830} INFO - Processing file /opt/airflow/dags/reddit_pipeline_dag.py for tasks to queue
[2025-10-30T17:14:35.953+0000] {logging_mixin.py:188} INFO - [2025-10-30T17:14:35.952+0000] {dagbag.py:538} INFO - Filling up the DagBag from /opt/airflow/dags/reddit_pipeline_dag.py
[2025-10-30T17:14:35.967+0000] {processor.py:840} INFO - DAG(s) 'reddit_pipeline_dag' retrieved from /opt/airflow/dags/reddit_pipeline_dag.py
[2025-10-30T17:14:35.985+0000] {logging_mixin.py:188} INFO - [2025-10-30T17:14:35.985+0000] {dag.py:3036} INFO - Sync 1 DAGs
[2025-10-30T17:14:36.000+0000] {logging_mixin.py:188} INFO - [2025-10-30T17:14:36.000+0000] {dag.py:3823} INFO - Setting next_dagrun for reddit_pipeline_dag to 2025-10-30 17:00:00+00:00, run_after=2025-10-30 18:00:00+00:00
[2025-10-30T17:14:36.016+0000] {processor.py:183} INFO - Processing /opt/airflow/dags/reddit_pipeline_dag.py took 0.067 seconds
[2025-10-30T17:15:06.268+0000] {processor.py:161} INFO - Started process (PID=1512) to work on /opt/airflow/dags/reddit_pipeline_dag.py
[2025-10-30T17:15:06.269+0000] {processor.py:830} INFO - Processing file /opt/airflow/dags/reddit_pipeline_dag.py for tasks to queue
[2025-10-30T17:15:06.270+0000] {logging_mixin.py:188} INFO - [2025-10-30T17:15:06.270+0000] {dagbag.py:538} INFO - Filling up the DagBag from /opt/airflow/dags/reddit_pipeline_dag.py
[2025-10-30T17:15:06.285+0000] {processor.py:840} INFO - DAG(s) 'reddit_pipeline_dag' retrieved from /opt/airflow/dags/reddit_pipeline_dag.py
[2025-10-30T17:15:06.305+0000] {logging_mixin.py:188} INFO - [2025-10-30T17:15:06.305+0000] {dag.py:3036} INFO - Sync 1 DAGs
[2025-10-30T17:15:06.320+0000] {logging_mixin.py:188} INFO - [2025-10-30T17:15:06.320+0000] {dag.py:3823} INFO - Setting next_dagrun for reddit_pipeline_dag to 2025-10-30 17:00:00+00:00, run_after=2025-10-30 18:00:00+00:00
[2025-10-30T17:15:06.336+0000] {processor.py:183} INFO - Processing /opt/airflow/dags/reddit_pipeline_dag.py took 0.071 seconds
[2025-10-30T17:15:36.491+0000] {processor.py:161} INFO - Started process (PID=1517) to work on /opt/airflow/dags/reddit_pipeline_dag.py
[2025-10-30T17:15:36.492+0000] {processor.py:830} INFO - Processing file /opt/airflow/dags/reddit_pipeline_dag.py for tasks to queue
[2025-10-30T17:15:36.493+0000] {logging_mixin.py:188} INFO - [2025-10-30T17:15:36.493+0000] {dagbag.py:538} INFO - Filling up the DagBag from /opt/airflow/dags/reddit_pipeline_dag.py
[2025-10-30T17:15:36.506+0000] {processor.py:840} INFO - DAG(s) 'reddit_pipeline_dag' retrieved from /opt/airflow/dags/reddit_pipeline_dag.py
[2025-10-30T17:15:36.527+0000] {logging_mixin.py:188} INFO - [2025-10-30T17:15:36.527+0000] {dag.py:3036} INFO - Sync 1 DAGs
[2025-10-30T17:15:36.546+0000] {logging_mixin.py:188} INFO - [2025-10-30T17:15:36.546+0000] {dag.py:3823} INFO - Setting next_dagrun for reddit_pipeline_dag to 2025-10-30 17:00:00+00:00, run_after=2025-10-30 18:00:00+00:00
[2025-10-30T17:15:36.563+0000] {processor.py:183} INFO - Processing /opt/airflow/dags/reddit_pipeline_dag.py took 0.075 seconds
[2025-10-30T17:16:06.767+0000] {processor.py:161} INFO - Started process (PID=1522) to work on /opt/airflow/dags/reddit_pipeline_dag.py
[2025-10-30T17:16:06.768+0000] {processor.py:830} INFO - Processing file /opt/airflow/dags/reddit_pipeline_dag.py for tasks to queue
[2025-10-30T17:16:06.769+0000] {logging_mixin.py:188} INFO - [2025-10-30T17:16:06.769+0000] {dagbag.py:538} INFO - Filling up the DagBag from /opt/airflow/dags/reddit_pipeline_dag.py
[2025-10-30T17:16:06.781+0000] {processor.py:840} INFO - DAG(s) 'reddit_pipeline_dag' retrieved from /opt/airflow/dags/reddit_pipeline_dag.py
[2025-10-30T17:16:06.801+0000] {logging_mixin.py:188} INFO - [2025-10-30T17:16:06.801+0000] {dag.py:3036} INFO - Sync 1 DAGs
[2025-10-30T17:16:06.815+0000] {logging_mixin.py:188} INFO - [2025-10-30T17:16:06.815+0000] {dag.py:3823} INFO - Setting next_dagrun for reddit_pipeline_dag to 2025-10-30 17:00:00+00:00, run_after=2025-10-30 18:00:00+00:00
[2025-10-30T17:16:06.829+0000] {processor.py:183} INFO - Processing /opt/airflow/dags/reddit_pipeline_dag.py took 0.063 seconds
[2025-10-30T17:16:37.007+0000] {processor.py:161} INFO - Started process (PID=1527) to work on /opt/airflow/dags/reddit_pipeline_dag.py
[2025-10-30T17:16:37.008+0000] {processor.py:830} INFO - Processing file /opt/airflow/dags/reddit_pipeline_dag.py for tasks to queue
[2025-10-30T17:16:37.009+0000] {logging_mixin.py:188} INFO - [2025-10-30T17:16:37.009+0000] {dagbag.py:538} INFO - Filling up the DagBag from /opt/airflow/dags/reddit_pipeline_dag.py
[2025-10-30T17:16:37.024+0000] {processor.py:840} INFO - DAG(s) 'reddit_pipeline_dag' retrieved from /opt/airflow/dags/reddit_pipeline_dag.py
[2025-10-30T17:16:37.045+0000] {logging_mixin.py:188} INFO - [2025-10-30T17:16:37.044+0000] {dag.py:3036} INFO - Sync 1 DAGs
[2025-10-30T17:16:37.059+0000] {logging_mixin.py:188} INFO - [2025-10-30T17:16:37.059+0000] {dag.py:3823} INFO - Setting next_dagrun for reddit_pipeline_dag to 2025-10-30 17:00:00+00:00, run_after=2025-10-30 18:00:00+00:00
[2025-10-30T17:16:37.075+0000] {processor.py:183} INFO - Processing /opt/airflow/dags/reddit_pipeline_dag.py took 0.070 seconds
[2025-10-30T17:17:07.233+0000] {processor.py:161} INFO - Started process (PID=1532) to work on /opt/airflow/dags/reddit_pipeline_dag.py
[2025-10-30T17:17:07.234+0000] {processor.py:830} INFO - Processing file /opt/airflow/dags/reddit_pipeline_dag.py for tasks to queue
[2025-10-30T17:17:07.235+0000] {logging_mixin.py:188} INFO - [2025-10-30T17:17:07.235+0000] {dagbag.py:538} INFO - Filling up the DagBag from /opt/airflow/dags/reddit_pipeline_dag.py
[2025-10-30T17:17:07.248+0000] {processor.py:840} INFO - DAG(s) 'reddit_pipeline_dag' retrieved from /opt/airflow/dags/reddit_pipeline_dag.py
[2025-10-30T17:17:07.269+0000] {logging_mixin.py:188} INFO - [2025-10-30T17:17:07.269+0000] {dag.py:3036} INFO - Sync 1 DAGs
[2025-10-30T17:17:07.284+0000] {logging_mixin.py:188} INFO - [2025-10-30T17:17:07.284+0000] {dag.py:3823} INFO - Setting next_dagrun for reddit_pipeline_dag to 2025-10-30 17:00:00+00:00, run_after=2025-10-30 18:00:00+00:00
[2025-10-30T17:17:07.297+0000] {processor.py:183} INFO - Processing /opt/airflow/dags/reddit_pipeline_dag.py took 0.067 seconds
[2025-10-30T17:17:37.559+0000] {processor.py:161} INFO - Started process (PID=1537) to work on /opt/airflow/dags/reddit_pipeline_dag.py
[2025-10-30T17:17:37.560+0000] {processor.py:830} INFO - Processing file /opt/airflow/dags/reddit_pipeline_dag.py for tasks to queue
[2025-10-30T17:17:37.561+0000] {logging_mixin.py:188} INFO - [2025-10-30T17:17:37.561+0000] {dagbag.py:538} INFO - Filling up the DagBag from /opt/airflow/dags/reddit_pipeline_dag.py
[2025-10-30T17:17:37.586+0000] {processor.py:840} INFO - DAG(s) 'reddit_pipeline_dag' retrieved from /opt/airflow/dags/reddit_pipeline_dag.py
[2025-10-30T17:17:37.606+0000] {logging_mixin.py:188} INFO - [2025-10-30T17:17:37.606+0000] {dag.py:3036} INFO - Sync 1 DAGs
[2025-10-30T17:17:37.624+0000] {logging_mixin.py:188} INFO - [2025-10-30T17:17:37.624+0000] {dag.py:3823} INFO - Setting next_dagrun for reddit_pipeline_dag to 2025-10-30 17:00:00+00:00, run_after=2025-10-30 18:00:00+00:00
[2025-10-30T17:17:37.640+0000] {processor.py:183} INFO - Processing /opt/airflow/dags/reddit_pipeline_dag.py took 0.083 seconds
[2025-10-30T17:18:07.787+0000] {processor.py:161} INFO - Started process (PID=1542) to work on /opt/airflow/dags/reddit_pipeline_dag.py
[2025-10-30T17:18:07.788+0000] {processor.py:830} INFO - Processing file /opt/airflow/dags/reddit_pipeline_dag.py for tasks to queue
[2025-10-30T17:18:07.789+0000] {logging_mixin.py:188} INFO - [2025-10-30T17:18:07.789+0000] {dagbag.py:538} INFO - Filling up the DagBag from /opt/airflow/dags/reddit_pipeline_dag.py
[2025-10-30T17:18:07.802+0000] {processor.py:840} INFO - DAG(s) 'reddit_pipeline_dag' retrieved from /opt/airflow/dags/reddit_pipeline_dag.py
[2025-10-30T17:18:07.821+0000] {logging_mixin.py:188} INFO - [2025-10-30T17:18:07.821+0000] {dag.py:3036} INFO - Sync 1 DAGs
[2025-10-30T17:18:07.835+0000] {logging_mixin.py:188} INFO - [2025-10-30T17:18:07.835+0000] {dag.py:3823} INFO - Setting next_dagrun for reddit_pipeline_dag to 2025-10-30 17:00:00+00:00, run_after=2025-10-30 18:00:00+00:00
[2025-10-30T17:18:07.849+0000] {processor.py:183} INFO - Processing /opt/airflow/dags/reddit_pipeline_dag.py took 0.064 seconds
[2025-10-30T17:18:38.074+0000] {processor.py:161} INFO - Started process (PID=1547) to work on /opt/airflow/dags/reddit_pipeline_dag.py
[2025-10-30T17:18:38.076+0000] {processor.py:830} INFO - Processing file /opt/airflow/dags/reddit_pipeline_dag.py for tasks to queue
[2025-10-30T17:18:38.076+0000] {logging_mixin.py:188} INFO - [2025-10-30T17:18:38.076+0000] {dagbag.py:538} INFO - Filling up the DagBag from /opt/airflow/dags/reddit_pipeline_dag.py
[2025-10-30T17:18:38.089+0000] {processor.py:840} INFO - DAG(s) 'reddit_pipeline_dag' retrieved from /opt/airflow/dags/reddit_pipeline_dag.py
[2025-10-30T17:18:38.110+0000] {logging_mixin.py:188} INFO - [2025-10-30T17:18:38.110+0000] {dag.py:3036} INFO - Sync 1 DAGs
[2025-10-30T17:18:38.125+0000] {logging_mixin.py:188} INFO - [2025-10-30T17:18:38.125+0000] {dag.py:3823} INFO - Setting next_dagrun for reddit_pipeline_dag to 2025-10-30 17:00:00+00:00, run_after=2025-10-30 18:00:00+00:00
[2025-10-30T17:18:38.140+0000] {processor.py:183} INFO - Processing /opt/airflow/dags/reddit_pipeline_dag.py took 0.068 seconds
[2025-10-30T17:19:08.311+0000] {processor.py:161} INFO - Started process (PID=1552) to work on /opt/airflow/dags/reddit_pipeline_dag.py
[2025-10-30T17:19:08.313+0000] {processor.py:830} INFO - Processing file /opt/airflow/dags/reddit_pipeline_dag.py for tasks to queue
[2025-10-30T17:19:08.314+0000] {logging_mixin.py:188} INFO - [2025-10-30T17:19:08.314+0000] {dagbag.py:538} INFO - Filling up the DagBag from /opt/airflow/dags/reddit_pipeline_dag.py
[2025-10-30T17:19:08.333+0000] {processor.py:840} INFO - DAG(s) 'reddit_pipeline_dag' retrieved from /opt/airflow/dags/reddit_pipeline_dag.py
[2025-10-30T17:19:08.353+0000] {logging_mixin.py:188} INFO - [2025-10-30T17:19:08.352+0000] {dag.py:3036} INFO - Sync 1 DAGs
[2025-10-30T17:19:08.368+0000] {logging_mixin.py:188} INFO - [2025-10-30T17:19:08.368+0000] {dag.py:3823} INFO - Setting next_dagrun for reddit_pipeline_dag to 2025-10-30 17:00:00+00:00, run_after=2025-10-30 18:00:00+00:00
[2025-10-30T17:19:08.382+0000] {processor.py:183} INFO - Processing /opt/airflow/dags/reddit_pipeline_dag.py took 0.073 seconds
[2025-10-30T17:19:38.556+0000] {processor.py:161} INFO - Started process (PID=1557) to work on /opt/airflow/dags/reddit_pipeline_dag.py
[2025-10-30T17:19:38.557+0000] {processor.py:830} INFO - Processing file /opt/airflow/dags/reddit_pipeline_dag.py for tasks to queue
[2025-10-30T17:19:38.557+0000] {logging_mixin.py:188} INFO - [2025-10-30T17:19:38.557+0000] {dagbag.py:538} INFO - Filling up the DagBag from /opt/airflow/dags/reddit_pipeline_dag.py
[2025-10-30T17:19:38.572+0000] {processor.py:840} INFO - DAG(s) 'reddit_pipeline_dag' retrieved from /opt/airflow/dags/reddit_pipeline_dag.py
[2025-10-30T17:19:38.592+0000] {logging_mixin.py:188} INFO - [2025-10-30T17:19:38.591+0000] {dag.py:3036} INFO - Sync 1 DAGs
[2025-10-30T17:19:38.607+0000] {logging_mixin.py:188} INFO - [2025-10-30T17:19:38.607+0000] {dag.py:3823} INFO - Setting next_dagrun for reddit_pipeline_dag to 2025-10-30 17:00:00+00:00, run_after=2025-10-30 18:00:00+00:00
[2025-10-30T17:19:38.623+0000] {processor.py:183} INFO - Processing /opt/airflow/dags/reddit_pipeline_dag.py took 0.069 seconds
[2025-10-30T17:20:08.793+0000] {processor.py:161} INFO - Started process (PID=1562) to work on /opt/airflow/dags/reddit_pipeline_dag.py
[2025-10-30T17:20:08.793+0000] {processor.py:830} INFO - Processing file /opt/airflow/dags/reddit_pipeline_dag.py for tasks to queue
[2025-10-30T17:20:08.794+0000] {logging_mixin.py:188} INFO - [2025-10-30T17:20:08.794+0000] {dagbag.py:538} INFO - Filling up the DagBag from /opt/airflow/dags/reddit_pipeline_dag.py
[2025-10-30T17:20:08.809+0000] {processor.py:840} INFO - DAG(s) 'reddit_pipeline_dag' retrieved from /opt/airflow/dags/reddit_pipeline_dag.py
[2025-10-30T17:20:08.828+0000] {logging_mixin.py:188} INFO - [2025-10-30T17:20:08.828+0000] {dag.py:3036} INFO - Sync 1 DAGs
[2025-10-30T17:20:08.844+0000] {logging_mixin.py:188} INFO - [2025-10-30T17:20:08.844+0000] {dag.py:3823} INFO - Setting next_dagrun for reddit_pipeline_dag to 2025-10-30 17:00:00+00:00, run_after=2025-10-30 18:00:00+00:00
[2025-10-30T17:20:08.858+0000] {processor.py:183} INFO - Processing /opt/airflow/dags/reddit_pipeline_dag.py took 0.068 seconds
[2025-10-30T17:20:39.035+0000] {processor.py:161} INFO - Started process (PID=1567) to work on /opt/airflow/dags/reddit_pipeline_dag.py
[2025-10-30T17:20:39.036+0000] {processor.py:830} INFO - Processing file /opt/airflow/dags/reddit_pipeline_dag.py for tasks to queue
[2025-10-30T17:20:39.037+0000] {logging_mixin.py:188} INFO - [2025-10-30T17:20:39.037+0000] {dagbag.py:538} INFO - Filling up the DagBag from /opt/airflow/dags/reddit_pipeline_dag.py
[2025-10-30T17:20:39.050+0000] {processor.py:840} INFO - DAG(s) 'reddit_pipeline_dag' retrieved from /opt/airflow/dags/reddit_pipeline_dag.py
[2025-10-30T17:20:39.070+0000] {logging_mixin.py:188} INFO - [2025-10-30T17:20:39.070+0000] {dag.py:3036} INFO - Sync 1 DAGs
[2025-10-30T17:20:39.085+0000] {logging_mixin.py:188} INFO - [2025-10-30T17:20:39.085+0000] {dag.py:3823} INFO - Setting next_dagrun for reddit_pipeline_dag to 2025-10-30 17:00:00+00:00, run_after=2025-10-30 18:00:00+00:00
[2025-10-30T17:20:39.099+0000] {processor.py:183} INFO - Processing /opt/airflow/dags/reddit_pipeline_dag.py took 0.066 seconds
[2025-10-30T17:21:09.268+0000] {processor.py:161} INFO - Started process (PID=1572) to work on /opt/airflow/dags/reddit_pipeline_dag.py
[2025-10-30T17:21:09.269+0000] {processor.py:830} INFO - Processing file /opt/airflow/dags/reddit_pipeline_dag.py for tasks to queue
[2025-10-30T17:21:09.270+0000] {logging_mixin.py:188} INFO - [2025-10-30T17:21:09.270+0000] {dagbag.py:538} INFO - Filling up the DagBag from /opt/airflow/dags/reddit_pipeline_dag.py
[2025-10-30T17:21:09.284+0000] {processor.py:840} INFO - DAG(s) 'reddit_pipeline_dag' retrieved from /opt/airflow/dags/reddit_pipeline_dag.py
[2025-10-30T17:21:09.302+0000] {logging_mixin.py:188} INFO - [2025-10-30T17:21:09.302+0000] {dag.py:3036} INFO - Sync 1 DAGs
[2025-10-30T17:21:09.317+0000] {logging_mixin.py:188} INFO - [2025-10-30T17:21:09.317+0000] {dag.py:3823} INFO - Setting next_dagrun for reddit_pipeline_dag to 2025-10-30 17:00:00+00:00, run_after=2025-10-30 18:00:00+00:00
[2025-10-30T17:21:09.333+0000] {processor.py:183} INFO - Processing /opt/airflow/dags/reddit_pipeline_dag.py took 0.067 seconds
[2025-10-30T17:21:39.500+0000] {processor.py:161} INFO - Started process (PID=1577) to work on /opt/airflow/dags/reddit_pipeline_dag.py
[2025-10-30T17:21:39.501+0000] {processor.py:830} INFO - Processing file /opt/airflow/dags/reddit_pipeline_dag.py for tasks to queue
[2025-10-30T17:21:39.502+0000] {logging_mixin.py:188} INFO - [2025-10-30T17:21:39.502+0000] {dagbag.py:538} INFO - Filling up the DagBag from /opt/airflow/dags/reddit_pipeline_dag.py
[2025-10-30T17:21:39.516+0000] {processor.py:840} INFO - DAG(s) 'reddit_pipeline_dag' retrieved from /opt/airflow/dags/reddit_pipeline_dag.py
[2025-10-30T17:21:39.536+0000] {logging_mixin.py:188} INFO - [2025-10-30T17:21:39.535+0000] {dag.py:3036} INFO - Sync 1 DAGs
[2025-10-30T17:21:39.551+0000] {logging_mixin.py:188} INFO - [2025-10-30T17:21:39.551+0000] {dag.py:3823} INFO - Setting next_dagrun for reddit_pipeline_dag to 2025-10-30 17:00:00+00:00, run_after=2025-10-30 18:00:00+00:00
[2025-10-30T17:21:39.565+0000] {processor.py:183} INFO - Processing /opt/airflow/dags/reddit_pipeline_dag.py took 0.067 seconds
[2025-10-30T17:22:09.722+0000] {processor.py:161} INFO - Started process (PID=1582) to work on /opt/airflow/dags/reddit_pipeline_dag.py
[2025-10-30T17:22:09.723+0000] {processor.py:830} INFO - Processing file /opt/airflow/dags/reddit_pipeline_dag.py for tasks to queue
[2025-10-30T17:22:09.724+0000] {logging_mixin.py:188} INFO - [2025-10-30T17:22:09.724+0000] {dagbag.py:538} INFO - Filling up the DagBag from /opt/airflow/dags/reddit_pipeline_dag.py
[2025-10-30T17:22:09.736+0000] {processor.py:840} INFO - DAG(s) 'reddit_pipeline_dag' retrieved from /opt/airflow/dags/reddit_pipeline_dag.py
[2025-10-30T17:22:09.755+0000] {logging_mixin.py:188} INFO - [2025-10-30T17:22:09.755+0000] {dag.py:3036} INFO - Sync 1 DAGs
[2025-10-30T17:22:09.771+0000] {logging_mixin.py:188} INFO - [2025-10-30T17:22:09.770+0000] {dag.py:3823} INFO - Setting next_dagrun for reddit_pipeline_dag to 2025-10-30 17:00:00+00:00, run_after=2025-10-30 18:00:00+00:00
[2025-10-30T17:22:09.786+0000] {processor.py:183} INFO - Processing /opt/airflow/dags/reddit_pipeline_dag.py took 0.066 seconds
[2025-10-30T17:22:39.978+0000] {processor.py:161} INFO - Started process (PID=1587) to work on /opt/airflow/dags/reddit_pipeline_dag.py
[2025-10-30T17:22:39.979+0000] {processor.py:830} INFO - Processing file /opt/airflow/dags/reddit_pipeline_dag.py for tasks to queue
[2025-10-30T17:22:39.979+0000] {logging_mixin.py:188} INFO - [2025-10-30T17:22:39.979+0000] {dagbag.py:538} INFO - Filling up the DagBag from /opt/airflow/dags/reddit_pipeline_dag.py
[2025-10-30T17:22:39.993+0000] {processor.py:840} INFO - DAG(s) 'reddit_pipeline_dag' retrieved from /opt/airflow/dags/reddit_pipeline_dag.py
[2025-10-30T17:22:40.016+0000] {logging_mixin.py:188} INFO - [2025-10-30T17:22:40.016+0000] {dag.py:3036} INFO - Sync 1 DAGs
[2025-10-30T17:22:40.031+0000] {logging_mixin.py:188} INFO - [2025-10-30T17:22:40.030+0000] {dag.py:3823} INFO - Setting next_dagrun for reddit_pipeline_dag to 2025-10-30 17:00:00+00:00, run_after=2025-10-30 18:00:00+00:00
[2025-10-30T17:22:40.049+0000] {processor.py:183} INFO - Processing /opt/airflow/dags/reddit_pipeline_dag.py took 0.073 seconds
[2025-10-30T17:23:10.239+0000] {processor.py:161} INFO - Started process (PID=1592) to work on /opt/airflow/dags/reddit_pipeline_dag.py
[2025-10-30T17:23:10.240+0000] {processor.py:830} INFO - Processing file /opt/airflow/dags/reddit_pipeline_dag.py for tasks to queue
[2025-10-30T17:23:10.241+0000] {logging_mixin.py:188} INFO - [2025-10-30T17:23:10.241+0000] {dagbag.py:538} INFO - Filling up the DagBag from /opt/airflow/dags/reddit_pipeline_dag.py
[2025-10-30T17:23:10.254+0000] {processor.py:840} INFO - DAG(s) 'reddit_pipeline_dag' retrieved from /opt/airflow/dags/reddit_pipeline_dag.py
[2025-10-30T17:23:10.273+0000] {logging_mixin.py:188} INFO - [2025-10-30T17:23:10.273+0000] {dag.py:3036} INFO - Sync 1 DAGs
[2025-10-30T17:23:10.290+0000] {logging_mixin.py:188} INFO - [2025-10-30T17:23:10.289+0000] {dag.py:3823} INFO - Setting next_dagrun for reddit_pipeline_dag to 2025-10-30 17:00:00+00:00, run_after=2025-10-30 18:00:00+00:00
[2025-10-30T17:23:10.306+0000] {processor.py:183} INFO - Processing /opt/airflow/dags/reddit_pipeline_dag.py took 0.069 seconds
[2025-10-30T17:23:40.467+0000] {processor.py:161} INFO - Started process (PID=1597) to work on /opt/airflow/dags/reddit_pipeline_dag.py
[2025-10-30T17:23:40.468+0000] {processor.py:830} INFO - Processing file /opt/airflow/dags/reddit_pipeline_dag.py for tasks to queue
[2025-10-30T17:23:40.468+0000] {logging_mixin.py:188} INFO - [2025-10-30T17:23:40.468+0000] {dagbag.py:538} INFO - Filling up the DagBag from /opt/airflow/dags/reddit_pipeline_dag.py
[2025-10-30T17:23:40.481+0000] {processor.py:840} INFO - DAG(s) 'reddit_pipeline_dag' retrieved from /opt/airflow/dags/reddit_pipeline_dag.py
[2025-10-30T17:23:40.501+0000] {logging_mixin.py:188} INFO - [2025-10-30T17:23:40.501+0000] {dag.py:3036} INFO - Sync 1 DAGs
[2025-10-30T17:23:40.518+0000] {logging_mixin.py:188} INFO - [2025-10-30T17:23:40.518+0000] {dag.py:3823} INFO - Setting next_dagrun for reddit_pipeline_dag to 2025-10-30 17:00:00+00:00, run_after=2025-10-30 18:00:00+00:00
[2025-10-30T17:23:40.531+0000] {processor.py:183} INFO - Processing /opt/airflow/dags/reddit_pipeline_dag.py took 0.067 seconds
[2025-10-30T17:24:10.697+0000] {processor.py:161} INFO - Started process (PID=1602) to work on /opt/airflow/dags/reddit_pipeline_dag.py
[2025-10-30T17:24:10.698+0000] {processor.py:830} INFO - Processing file /opt/airflow/dags/reddit_pipeline_dag.py for tasks to queue
[2025-10-30T17:24:10.699+0000] {logging_mixin.py:188} INFO - [2025-10-30T17:24:10.699+0000] {dagbag.py:538} INFO - Filling up the DagBag from /opt/airflow/dags/reddit_pipeline_dag.py
[2025-10-30T17:24:10.714+0000] {processor.py:840} INFO - DAG(s) 'reddit_pipeline_dag' retrieved from /opt/airflow/dags/reddit_pipeline_dag.py
[2025-10-30T17:24:10.734+0000] {logging_mixin.py:188} INFO - [2025-10-30T17:24:10.734+0000] {dag.py:3036} INFO - Sync 1 DAGs
[2025-10-30T17:24:10.749+0000] {logging_mixin.py:188} INFO - [2025-10-30T17:24:10.749+0000] {dag.py:3823} INFO - Setting next_dagrun for reddit_pipeline_dag to 2025-10-30 17:00:00+00:00, run_after=2025-10-30 18:00:00+00:00
[2025-10-30T17:24:10.764+0000] {processor.py:183} INFO - Processing /opt/airflow/dags/reddit_pipeline_dag.py took 0.069 seconds
[2025-10-30T17:24:40.989+0000] {processor.py:161} INFO - Started process (PID=1607) to work on /opt/airflow/dags/reddit_pipeline_dag.py
[2025-10-30T17:24:40.990+0000] {processor.py:830} INFO - Processing file /opt/airflow/dags/reddit_pipeline_dag.py for tasks to queue
[2025-10-30T17:24:40.991+0000] {logging_mixin.py:188} INFO - [2025-10-30T17:24:40.991+0000] {dagbag.py:538} INFO - Filling up the DagBag from /opt/airflow/dags/reddit_pipeline_dag.py
[2025-10-30T17:24:41.004+0000] {processor.py:840} INFO - DAG(s) 'reddit_pipeline_dag' retrieved from /opt/airflow/dags/reddit_pipeline_dag.py
[2025-10-30T17:24:41.023+0000] {logging_mixin.py:188} INFO - [2025-10-30T17:24:41.023+0000] {dag.py:3036} INFO - Sync 1 DAGs
[2025-10-30T17:24:41.039+0000] {logging_mixin.py:188} INFO - [2025-10-30T17:24:41.039+0000] {dag.py:3823} INFO - Setting next_dagrun for reddit_pipeline_dag to 2025-10-30 17:00:00+00:00, run_after=2025-10-30 18:00:00+00:00
[2025-10-30T17:24:41.053+0000] {processor.py:183} INFO - Processing /opt/airflow/dags/reddit_pipeline_dag.py took 0.066 seconds
[2025-10-30T17:25:11.217+0000] {processor.py:161} INFO - Started process (PID=1612) to work on /opt/airflow/dags/reddit_pipeline_dag.py
[2025-10-30T17:25:11.218+0000] {processor.py:830} INFO - Processing file /opt/airflow/dags/reddit_pipeline_dag.py for tasks to queue
[2025-10-30T17:25:11.219+0000] {logging_mixin.py:188} INFO - [2025-10-30T17:25:11.219+0000] {dagbag.py:538} INFO - Filling up the DagBag from /opt/airflow/dags/reddit_pipeline_dag.py
[2025-10-30T17:25:11.270+0000] {processor.py:840} INFO - DAG(s) 'reddit_pipeline_dag' retrieved from /opt/airflow/dags/reddit_pipeline_dag.py
[2025-10-30T17:25:11.293+0000] {logging_mixin.py:188} INFO - [2025-10-30T17:25:11.293+0000] {dag.py:3036} INFO - Sync 1 DAGs
[2025-10-30T17:25:11.308+0000] {logging_mixin.py:188} INFO - [2025-10-30T17:25:11.308+0000] {dag.py:3823} INFO - Setting next_dagrun for reddit_pipeline_dag to 2025-10-30 17:00:00+00:00, run_after=2025-10-30 18:00:00+00:00
[2025-10-30T17:25:11.326+0000] {processor.py:183} INFO - Processing /opt/airflow/dags/reddit_pipeline_dag.py took 0.111 seconds
[2025-10-30T17:25:41.455+0000] {processor.py:161} INFO - Started process (PID=1617) to work on /opt/airflow/dags/reddit_pipeline_dag.py
[2025-10-30T17:25:41.456+0000] {processor.py:830} INFO - Processing file /opt/airflow/dags/reddit_pipeline_dag.py for tasks to queue
[2025-10-30T17:25:41.456+0000] {logging_mixin.py:188} INFO - [2025-10-30T17:25:41.456+0000] {dagbag.py:538} INFO - Filling up the DagBag from /opt/airflow/dags/reddit_pipeline_dag.py
[2025-10-30T17:25:41.471+0000] {processor.py:840} INFO - DAG(s) 'reddit_pipeline_dag' retrieved from /opt/airflow/dags/reddit_pipeline_dag.py
[2025-10-30T17:25:41.492+0000] {logging_mixin.py:188} INFO - [2025-10-30T17:25:41.492+0000] {dag.py:3036} INFO - Sync 1 DAGs
[2025-10-30T17:25:41.509+0000] {logging_mixin.py:188} INFO - [2025-10-30T17:25:41.509+0000] {dag.py:3823} INFO - Setting next_dagrun for reddit_pipeline_dag to 2025-10-30 17:00:00+00:00, run_after=2025-10-30 18:00:00+00:00
[2025-10-30T17:25:41.526+0000] {processor.py:183} INFO - Processing /opt/airflow/dags/reddit_pipeline_dag.py took 0.074 seconds
[2025-10-30T17:26:11.749+0000] {processor.py:161} INFO - Started process (PID=1622) to work on /opt/airflow/dags/reddit_pipeline_dag.py
[2025-10-30T17:26:11.750+0000] {processor.py:830} INFO - Processing file /opt/airflow/dags/reddit_pipeline_dag.py for tasks to queue
[2025-10-30T17:26:11.751+0000] {logging_mixin.py:188} INFO - [2025-10-30T17:26:11.751+0000] {dagbag.py:538} INFO - Filling up the DagBag from /opt/airflow/dags/reddit_pipeline_dag.py
[2025-10-30T17:26:11.770+0000] {processor.py:840} INFO - DAG(s) 'reddit_pipeline_dag' retrieved from /opt/airflow/dags/reddit_pipeline_dag.py
[2025-10-30T17:26:11.794+0000] {logging_mixin.py:188} INFO - [2025-10-30T17:26:11.794+0000] {dag.py:3036} INFO - Sync 1 DAGs
[2025-10-30T17:26:11.808+0000] {logging_mixin.py:188} INFO - [2025-10-30T17:26:11.808+0000] {dag.py:3823} INFO - Setting next_dagrun for reddit_pipeline_dag to 2025-10-30 17:00:00+00:00, run_after=2025-10-30 18:00:00+00:00
[2025-10-30T17:26:11.822+0000] {processor.py:183} INFO - Processing /opt/airflow/dags/reddit_pipeline_dag.py took 0.074 seconds
[2025-10-30T17:26:41.975+0000] {processor.py:161} INFO - Started process (PID=1627) to work on /opt/airflow/dags/reddit_pipeline_dag.py
[2025-10-30T17:26:41.975+0000] {processor.py:830} INFO - Processing file /opt/airflow/dags/reddit_pipeline_dag.py for tasks to queue
[2025-10-30T17:26:41.976+0000] {logging_mixin.py:188} INFO - [2025-10-30T17:26:41.976+0000] {dagbag.py:538} INFO - Filling up the DagBag from /opt/airflow/dags/reddit_pipeline_dag.py
[2025-10-30T17:26:41.990+0000] {processor.py:840} INFO - DAG(s) 'reddit_pipeline_dag' retrieved from /opt/airflow/dags/reddit_pipeline_dag.py
[2025-10-30T17:26:42.009+0000] {logging_mixin.py:188} INFO - [2025-10-30T17:26:42.009+0000] {dag.py:3036} INFO - Sync 1 DAGs
[2025-10-30T17:26:42.023+0000] {logging_mixin.py:188} INFO - [2025-10-30T17:26:42.023+0000] {dag.py:3823} INFO - Setting next_dagrun for reddit_pipeline_dag to 2025-10-30 17:00:00+00:00, run_after=2025-10-30 18:00:00+00:00
[2025-10-30T17:26:42.037+0000] {processor.py:183} INFO - Processing /opt/airflow/dags/reddit_pipeline_dag.py took 0.065 seconds
[2025-10-30T17:27:12.235+0000] {processor.py:161} INFO - Started process (PID=1632) to work on /opt/airflow/dags/reddit_pipeline_dag.py
[2025-10-30T17:27:12.236+0000] {processor.py:830} INFO - Processing file /opt/airflow/dags/reddit_pipeline_dag.py for tasks to queue
[2025-10-30T17:27:12.237+0000] {logging_mixin.py:188} INFO - [2025-10-30T17:27:12.237+0000] {dagbag.py:538} INFO - Filling up the DagBag from /opt/airflow/dags/reddit_pipeline_dag.py
[2025-10-30T17:27:12.255+0000] {processor.py:840} INFO - DAG(s) 'reddit_pipeline_dag' retrieved from /opt/airflow/dags/reddit_pipeline_dag.py
[2025-10-30T17:27:12.275+0000] {logging_mixin.py:188} INFO - [2025-10-30T17:27:12.275+0000] {dag.py:3036} INFO - Sync 1 DAGs
[2025-10-30T17:27:12.291+0000] {logging_mixin.py:188} INFO - [2025-10-30T17:27:12.291+0000] {dag.py:3823} INFO - Setting next_dagrun for reddit_pipeline_dag to 2025-10-30 17:00:00+00:00, run_after=2025-10-30 18:00:00+00:00
[2025-10-30T17:27:12.305+0000] {processor.py:183} INFO - Processing /opt/airflow/dags/reddit_pipeline_dag.py took 0.073 seconds
[2025-10-30T17:27:42.443+0000] {processor.py:161} INFO - Started process (PID=1637) to work on /opt/airflow/dags/reddit_pipeline_dag.py
[2025-10-30T17:27:42.444+0000] {processor.py:830} INFO - Processing file /opt/airflow/dags/reddit_pipeline_dag.py for tasks to queue
[2025-10-30T17:27:42.445+0000] {logging_mixin.py:188} INFO - [2025-10-30T17:27:42.444+0000] {dagbag.py:538} INFO - Filling up the DagBag from /opt/airflow/dags/reddit_pipeline_dag.py
[2025-10-30T17:27:42.459+0000] {processor.py:840} INFO - DAG(s) 'reddit_pipeline_dag' retrieved from /opt/airflow/dags/reddit_pipeline_dag.py
[2025-10-30T17:27:42.479+0000] {logging_mixin.py:188} INFO - [2025-10-30T17:27:42.479+0000] {dag.py:3036} INFO - Sync 1 DAGs
[2025-10-30T17:27:42.494+0000] {logging_mixin.py:188} INFO - [2025-10-30T17:27:42.494+0000] {dag.py:3823} INFO - Setting next_dagrun for reddit_pipeline_dag to 2025-10-30 17:00:00+00:00, run_after=2025-10-30 18:00:00+00:00
[2025-10-30T17:27:42.507+0000] {processor.py:183} INFO - Processing /opt/airflow/dags/reddit_pipeline_dag.py took 0.067 seconds
[2025-10-30T17:28:12.733+0000] {processor.py:161} INFO - Started process (PID=1642) to work on /opt/airflow/dags/reddit_pipeline_dag.py
[2025-10-30T17:28:12.734+0000] {processor.py:830} INFO - Processing file /opt/airflow/dags/reddit_pipeline_dag.py for tasks to queue
[2025-10-30T17:28:12.735+0000] {logging_mixin.py:188} INFO - [2025-10-30T17:28:12.734+0000] {dagbag.py:538} INFO - Filling up the DagBag from /opt/airflow/dags/reddit_pipeline_dag.py
[2025-10-30T17:28:12.749+0000] {processor.py:840} INFO - DAG(s) 'reddit_pipeline_dag' retrieved from /opt/airflow/dags/reddit_pipeline_dag.py
[2025-10-30T17:28:12.767+0000] {logging_mixin.py:188} INFO - [2025-10-30T17:28:12.767+0000] {dag.py:3036} INFO - Sync 1 DAGs
[2025-10-30T17:28:12.781+0000] {logging_mixin.py:188} INFO - [2025-10-30T17:28:12.781+0000] {dag.py:3823} INFO - Setting next_dagrun for reddit_pipeline_dag to 2025-10-30 17:00:00+00:00, run_after=2025-10-30 18:00:00+00:00
[2025-10-30T17:28:12.795+0000] {processor.py:183} INFO - Processing /opt/airflow/dags/reddit_pipeline_dag.py took 0.064 seconds
[2025-10-30T17:28:42.941+0000] {processor.py:161} INFO - Started process (PID=1647) to work on /opt/airflow/dags/reddit_pipeline_dag.py
[2025-10-30T17:28:42.942+0000] {processor.py:830} INFO - Processing file /opt/airflow/dags/reddit_pipeline_dag.py for tasks to queue
[2025-10-30T17:28:42.943+0000] {logging_mixin.py:188} INFO - [2025-10-30T17:28:42.943+0000] {dagbag.py:538} INFO - Filling up the DagBag from /opt/airflow/dags/reddit_pipeline_dag.py
[2025-10-30T17:28:42.956+0000] {processor.py:840} INFO - DAG(s) 'reddit_pipeline_dag' retrieved from /opt/airflow/dags/reddit_pipeline_dag.py
[2025-10-30T17:28:42.976+0000] {logging_mixin.py:188} INFO - [2025-10-30T17:28:42.976+0000] {dag.py:3036} INFO - Sync 1 DAGs
[2025-10-30T17:28:42.993+0000] {logging_mixin.py:188} INFO - [2025-10-30T17:28:42.993+0000] {dag.py:3823} INFO - Setting next_dagrun for reddit_pipeline_dag to 2025-10-30 17:00:00+00:00, run_after=2025-10-30 18:00:00+00:00
[2025-10-30T17:28:43.008+0000] {processor.py:183} INFO - Processing /opt/airflow/dags/reddit_pipeline_dag.py took 0.069 seconds
[2025-10-30T17:29:13.186+0000] {processor.py:161} INFO - Started process (PID=1652) to work on /opt/airflow/dags/reddit_pipeline_dag.py
[2025-10-30T17:29:13.187+0000] {processor.py:830} INFO - Processing file /opt/airflow/dags/reddit_pipeline_dag.py for tasks to queue
[2025-10-30T17:29:13.188+0000] {logging_mixin.py:188} INFO - [2025-10-30T17:29:13.188+0000] {dagbag.py:538} INFO - Filling up the DagBag from /opt/airflow/dags/reddit_pipeline_dag.py
[2025-10-30T17:29:13.201+0000] {processor.py:840} INFO - DAG(s) 'reddit_pipeline_dag' retrieved from /opt/airflow/dags/reddit_pipeline_dag.py
[2025-10-30T17:29:13.220+0000] {logging_mixin.py:188} INFO - [2025-10-30T17:29:13.219+0000] {dag.py:3036} INFO - Sync 1 DAGs
[2025-10-30T17:29:13.234+0000] {logging_mixin.py:188} INFO - [2025-10-30T17:29:13.234+0000] {dag.py:3823} INFO - Setting next_dagrun for reddit_pipeline_dag to 2025-10-30 17:00:00+00:00, run_after=2025-10-30 18:00:00+00:00
[2025-10-30T17:29:13.249+0000] {processor.py:183} INFO - Processing /opt/airflow/dags/reddit_pipeline_dag.py took 0.065 seconds
[2025-10-30T17:29:43.407+0000] {processor.py:161} INFO - Started process (PID=1657) to work on /opt/airflow/dags/reddit_pipeline_dag.py
[2025-10-30T17:29:43.409+0000] {processor.py:830} INFO - Processing file /opt/airflow/dags/reddit_pipeline_dag.py for tasks to queue
[2025-10-30T17:29:43.409+0000] {logging_mixin.py:188} INFO - [2025-10-30T17:29:43.409+0000] {dagbag.py:538} INFO - Filling up the DagBag from /opt/airflow/dags/reddit_pipeline_dag.py
[2025-10-30T17:29:43.424+0000] {processor.py:840} INFO - DAG(s) 'reddit_pipeline_dag' retrieved from /opt/airflow/dags/reddit_pipeline_dag.py
[2025-10-30T17:29:43.443+0000] {logging_mixin.py:188} INFO - [2025-10-30T17:29:43.443+0000] {dag.py:3036} INFO - Sync 1 DAGs
[2025-10-30T17:29:43.459+0000] {logging_mixin.py:188} INFO - [2025-10-30T17:29:43.459+0000] {dag.py:3823} INFO - Setting next_dagrun for reddit_pipeline_dag to 2025-10-30 17:00:00+00:00, run_after=2025-10-30 18:00:00+00:00
[2025-10-30T17:29:43.474+0000] {processor.py:183} INFO - Processing /opt/airflow/dags/reddit_pipeline_dag.py took 0.069 seconds
[2025-10-30T17:30:13.663+0000] {processor.py:161} INFO - Started process (PID=1662) to work on /opt/airflow/dags/reddit_pipeline_dag.py
[2025-10-30T17:30:13.664+0000] {processor.py:830} INFO - Processing file /opt/airflow/dags/reddit_pipeline_dag.py for tasks to queue
[2025-10-30T17:30:13.665+0000] {logging_mixin.py:188} INFO - [2025-10-30T17:30:13.665+0000] {dagbag.py:538} INFO - Filling up the DagBag from /opt/airflow/dags/reddit_pipeline_dag.py
[2025-10-30T17:30:13.678+0000] {processor.py:840} INFO - DAG(s) 'reddit_pipeline_dag' retrieved from /opt/airflow/dags/reddit_pipeline_dag.py
[2025-10-30T17:30:13.697+0000] {logging_mixin.py:188} INFO - [2025-10-30T17:30:13.696+0000] {dag.py:3036} INFO - Sync 1 DAGs
[2025-10-30T17:30:13.713+0000] {logging_mixin.py:188} INFO - [2025-10-30T17:30:13.713+0000] {dag.py:3823} INFO - Setting next_dagrun for reddit_pipeline_dag to 2025-10-30 17:00:00+00:00, run_after=2025-10-30 18:00:00+00:00
[2025-10-30T17:30:13.728+0000] {processor.py:183} INFO - Processing /opt/airflow/dags/reddit_pipeline_dag.py took 0.067 seconds
[2025-10-30T17:30:43.928+0000] {processor.py:161} INFO - Started process (PID=1667) to work on /opt/airflow/dags/reddit_pipeline_dag.py
[2025-10-30T17:30:43.929+0000] {processor.py:830} INFO - Processing file /opt/airflow/dags/reddit_pipeline_dag.py for tasks to queue
[2025-10-30T17:30:43.930+0000] {logging_mixin.py:188} INFO - [2025-10-30T17:30:43.929+0000] {dagbag.py:538} INFO - Filling up the DagBag from /opt/airflow/dags/reddit_pipeline_dag.py
[2025-10-30T17:30:43.943+0000] {processor.py:840} INFO - DAG(s) 'reddit_pipeline_dag' retrieved from /opt/airflow/dags/reddit_pipeline_dag.py
[2025-10-30T17:30:43.964+0000] {logging_mixin.py:188} INFO - [2025-10-30T17:30:43.964+0000] {dag.py:3036} INFO - Sync 1 DAGs
[2025-10-30T17:30:43.979+0000] {logging_mixin.py:188} INFO - [2025-10-30T17:30:43.979+0000] {dag.py:3823} INFO - Setting next_dagrun for reddit_pipeline_dag to 2025-10-30 17:00:00+00:00, run_after=2025-10-30 18:00:00+00:00
[2025-10-30T17:30:43.996+0000] {processor.py:183} INFO - Processing /opt/airflow/dags/reddit_pipeline_dag.py took 0.071 seconds
[2025-10-30T17:31:14.166+0000] {processor.py:161} INFO - Started process (PID=1672) to work on /opt/airflow/dags/reddit_pipeline_dag.py
[2025-10-30T17:31:14.166+0000] {processor.py:830} INFO - Processing file /opt/airflow/dags/reddit_pipeline_dag.py for tasks to queue
[2025-10-30T17:31:14.167+0000] {logging_mixin.py:188} INFO - [2025-10-30T17:31:14.167+0000] {dagbag.py:538} INFO - Filling up the DagBag from /opt/airflow/dags/reddit_pipeline_dag.py
[2025-10-30T17:31:14.180+0000] {processor.py:840} INFO - DAG(s) 'reddit_pipeline_dag' retrieved from /opt/airflow/dags/reddit_pipeline_dag.py
[2025-10-30T17:31:14.199+0000] {logging_mixin.py:188} INFO - [2025-10-30T17:31:14.199+0000] {dag.py:3036} INFO - Sync 1 DAGs
[2025-10-30T17:31:14.215+0000] {logging_mixin.py:188} INFO - [2025-10-30T17:31:14.215+0000] {dag.py:3823} INFO - Setting next_dagrun for reddit_pipeline_dag to 2025-10-30 17:00:00+00:00, run_after=2025-10-30 18:00:00+00:00
[2025-10-30T17:31:14.228+0000] {processor.py:183} INFO - Processing /opt/airflow/dags/reddit_pipeline_dag.py took 0.065 seconds
[2025-10-30T17:31:44.400+0000] {processor.py:161} INFO - Started process (PID=1677) to work on /opt/airflow/dags/reddit_pipeline_dag.py
[2025-10-30T17:31:44.401+0000] {processor.py:830} INFO - Processing file /opt/airflow/dags/reddit_pipeline_dag.py for tasks to queue
[2025-10-30T17:31:44.401+0000] {logging_mixin.py:188} INFO - [2025-10-30T17:31:44.401+0000] {dagbag.py:538} INFO - Filling up the DagBag from /opt/airflow/dags/reddit_pipeline_dag.py
[2025-10-30T17:31:44.415+0000] {processor.py:840} INFO - DAG(s) 'reddit_pipeline_dag' retrieved from /opt/airflow/dags/reddit_pipeline_dag.py
[2025-10-30T17:31:44.435+0000] {logging_mixin.py:188} INFO - [2025-10-30T17:31:44.434+0000] {dag.py:3036} INFO - Sync 1 DAGs
[2025-10-30T17:31:44.449+0000] {logging_mixin.py:188} INFO - [2025-10-30T17:31:44.449+0000] {dag.py:3823} INFO - Setting next_dagrun for reddit_pipeline_dag to 2025-10-30 17:00:00+00:00, run_after=2025-10-30 18:00:00+00:00
[2025-10-30T17:31:44.464+0000] {processor.py:183} INFO - Processing /opt/airflow/dags/reddit_pipeline_dag.py took 0.066 seconds
[2025-10-30T17:32:14.639+0000] {processor.py:161} INFO - Started process (PID=1682) to work on /opt/airflow/dags/reddit_pipeline_dag.py
[2025-10-30T17:32:14.640+0000] {processor.py:830} INFO - Processing file /opt/airflow/dags/reddit_pipeline_dag.py for tasks to queue
[2025-10-30T17:32:14.641+0000] {logging_mixin.py:188} INFO - [2025-10-30T17:32:14.640+0000] {dagbag.py:538} INFO - Filling up the DagBag from /opt/airflow/dags/reddit_pipeline_dag.py
[2025-10-30T17:32:14.654+0000] {processor.py:840} INFO - DAG(s) 'reddit_pipeline_dag' retrieved from /opt/airflow/dags/reddit_pipeline_dag.py
[2025-10-30T17:32:14.673+0000] {logging_mixin.py:188} INFO - [2025-10-30T17:32:14.672+0000] {dag.py:3036} INFO - Sync 1 DAGs
[2025-10-30T17:32:14.687+0000] {logging_mixin.py:188} INFO - [2025-10-30T17:32:14.687+0000] {dag.py:3823} INFO - Setting next_dagrun for reddit_pipeline_dag to 2025-10-30 17:00:00+00:00, run_after=2025-10-30 18:00:00+00:00
[2025-10-30T17:32:14.702+0000] {processor.py:183} INFO - Processing /opt/airflow/dags/reddit_pipeline_dag.py took 0.065 seconds
[2025-10-30T17:32:44.861+0000] {processor.py:161} INFO - Started process (PID=1687) to work on /opt/airflow/dags/reddit_pipeline_dag.py
[2025-10-30T17:32:44.862+0000] {processor.py:830} INFO - Processing file /opt/airflow/dags/reddit_pipeline_dag.py for tasks to queue
[2025-10-30T17:32:44.863+0000] {logging_mixin.py:188} INFO - [2025-10-30T17:32:44.862+0000] {dagbag.py:538} INFO - Filling up the DagBag from /opt/airflow/dags/reddit_pipeline_dag.py
[2025-10-30T17:32:44.878+0000] {processor.py:840} INFO - DAG(s) 'reddit_pipeline_dag' retrieved from /opt/airflow/dags/reddit_pipeline_dag.py
[2025-10-30T17:32:44.898+0000] {logging_mixin.py:188} INFO - [2025-10-30T17:32:44.898+0000] {dag.py:3036} INFO - Sync 1 DAGs
[2025-10-30T17:32:44.915+0000] {logging_mixin.py:188} INFO - [2025-10-30T17:32:44.915+0000] {dag.py:3823} INFO - Setting next_dagrun for reddit_pipeline_dag to 2025-10-30 17:00:00+00:00, run_after=2025-10-30 18:00:00+00:00
[2025-10-30T17:32:44.929+0000] {processor.py:183} INFO - Processing /opt/airflow/dags/reddit_pipeline_dag.py took 0.070 seconds
[2025-10-30T17:33:15.127+0000] {processor.py:161} INFO - Started process (PID=1692) to work on /opt/airflow/dags/reddit_pipeline_dag.py
[2025-10-30T17:33:15.128+0000] {processor.py:830} INFO - Processing file /opt/airflow/dags/reddit_pipeline_dag.py for tasks to queue
[2025-10-30T17:33:15.128+0000] {logging_mixin.py:188} INFO - [2025-10-30T17:33:15.128+0000] {dagbag.py:538} INFO - Filling up the DagBag from /opt/airflow/dags/reddit_pipeline_dag.py
[2025-10-30T17:33:15.144+0000] {processor.py:840} INFO - DAG(s) 'reddit_pipeline_dag' retrieved from /opt/airflow/dags/reddit_pipeline_dag.py
[2025-10-30T17:33:15.163+0000] {logging_mixin.py:188} INFO - [2025-10-30T17:33:15.163+0000] {dag.py:3036} INFO - Sync 1 DAGs
[2025-10-30T17:33:15.181+0000] {logging_mixin.py:188} INFO - [2025-10-30T17:33:15.181+0000] {dag.py:3823} INFO - Setting next_dagrun for reddit_pipeline_dag to 2025-10-30 17:00:00+00:00, run_after=2025-10-30 18:00:00+00:00
[2025-10-30T17:33:15.197+0000] {processor.py:183} INFO - Processing /opt/airflow/dags/reddit_pipeline_dag.py took 0.072 seconds
[2025-10-30T17:33:45.348+0000] {processor.py:161} INFO - Started process (PID=1697) to work on /opt/airflow/dags/reddit_pipeline_dag.py
[2025-10-30T17:33:45.349+0000] {processor.py:830} INFO - Processing file /opt/airflow/dags/reddit_pipeline_dag.py for tasks to queue
[2025-10-30T17:33:45.350+0000] {logging_mixin.py:188} INFO - [2025-10-30T17:33:45.349+0000] {dagbag.py:538} INFO - Filling up the DagBag from /opt/airflow/dags/reddit_pipeline_dag.py
[2025-10-30T17:33:45.363+0000] {processor.py:840} INFO - DAG(s) 'reddit_pipeline_dag' retrieved from /opt/airflow/dags/reddit_pipeline_dag.py
[2025-10-30T17:33:45.385+0000] {logging_mixin.py:188} INFO - [2025-10-30T17:33:45.385+0000] {dag.py:3036} INFO - Sync 1 DAGs
[2025-10-30T17:33:45.401+0000] {logging_mixin.py:188} INFO - [2025-10-30T17:33:45.401+0000] {dag.py:3823} INFO - Setting next_dagrun for reddit_pipeline_dag to 2025-10-30 17:00:00+00:00, run_after=2025-10-30 18:00:00+00:00
[2025-10-30T17:33:45.415+0000] {processor.py:183} INFO - Processing /opt/airflow/dags/reddit_pipeline_dag.py took 0.070 seconds
[2025-10-30T17:34:15.602+0000] {processor.py:161} INFO - Started process (PID=1702) to work on /opt/airflow/dags/reddit_pipeline_dag.py
[2025-10-30T17:34:15.603+0000] {processor.py:830} INFO - Processing file /opt/airflow/dags/reddit_pipeline_dag.py for tasks to queue
[2025-10-30T17:34:15.604+0000] {logging_mixin.py:188} INFO - [2025-10-30T17:34:15.604+0000] {dagbag.py:538} INFO - Filling up the DagBag from /opt/airflow/dags/reddit_pipeline_dag.py
[2025-10-30T17:34:15.617+0000] {processor.py:840} INFO - DAG(s) 'reddit_pipeline_dag' retrieved from /opt/airflow/dags/reddit_pipeline_dag.py
[2025-10-30T17:34:15.636+0000] {logging_mixin.py:188} INFO - [2025-10-30T17:34:15.635+0000] {dag.py:3036} INFO - Sync 1 DAGs
[2025-10-30T17:34:15.651+0000] {logging_mixin.py:188} INFO - [2025-10-30T17:34:15.651+0000] {dag.py:3823} INFO - Setting next_dagrun for reddit_pipeline_dag to 2025-10-30 17:00:00+00:00, run_after=2025-10-30 18:00:00+00:00
[2025-10-30T17:34:15.665+0000] {processor.py:183} INFO - Processing /opt/airflow/dags/reddit_pipeline_dag.py took 0.064 seconds
[2025-10-30T17:34:45.805+0000] {processor.py:161} INFO - Started process (PID=1707) to work on /opt/airflow/dags/reddit_pipeline_dag.py
[2025-10-30T17:34:45.805+0000] {processor.py:830} INFO - Processing file /opt/airflow/dags/reddit_pipeline_dag.py for tasks to queue
[2025-10-30T17:34:45.806+0000] {logging_mixin.py:188} INFO - [2025-10-30T17:34:45.806+0000] {dagbag.py:538} INFO - Filling up the DagBag from /opt/airflow/dags/reddit_pipeline_dag.py
[2025-10-30T17:34:45.820+0000] {processor.py:840} INFO - DAG(s) 'reddit_pipeline_dag' retrieved from /opt/airflow/dags/reddit_pipeline_dag.py
[2025-10-30T17:34:45.839+0000] {logging_mixin.py:188} INFO - [2025-10-30T17:34:45.839+0000] {dag.py:3036} INFO - Sync 1 DAGs
[2025-10-30T17:34:45.853+0000] {logging_mixin.py:188} INFO - [2025-10-30T17:34:45.853+0000] {dag.py:3823} INFO - Setting next_dagrun for reddit_pipeline_dag to 2025-10-30 17:00:00+00:00, run_after=2025-10-30 18:00:00+00:00
[2025-10-30T17:34:45.867+0000] {processor.py:183} INFO - Processing /opt/airflow/dags/reddit_pipeline_dag.py took 0.065 seconds
[2025-10-30T17:35:16.103+0000] {processor.py:161} INFO - Started process (PID=1712) to work on /opt/airflow/dags/reddit_pipeline_dag.py
[2025-10-30T17:35:16.104+0000] {processor.py:830} INFO - Processing file /opt/airflow/dags/reddit_pipeline_dag.py for tasks to queue
[2025-10-30T17:35:16.105+0000] {logging_mixin.py:188} INFO - [2025-10-30T17:35:16.105+0000] {dagbag.py:538} INFO - Filling up the DagBag from /opt/airflow/dags/reddit_pipeline_dag.py
[2025-10-30T17:35:16.120+0000] {processor.py:840} INFO - DAG(s) 'reddit_pipeline_dag' retrieved from /opt/airflow/dags/reddit_pipeline_dag.py
[2025-10-30T17:35:16.140+0000] {logging_mixin.py:188} INFO - [2025-10-30T17:35:16.140+0000] {dag.py:3036} INFO - Sync 1 DAGs
[2025-10-30T17:35:16.154+0000] {logging_mixin.py:188} INFO - [2025-10-30T17:35:16.153+0000] {dag.py:3823} INFO - Setting next_dagrun for reddit_pipeline_dag to 2025-10-30 17:00:00+00:00, run_after=2025-10-30 18:00:00+00:00
[2025-10-30T17:35:16.167+0000] {processor.py:183} INFO - Processing /opt/airflow/dags/reddit_pipeline_dag.py took 0.066 seconds
[2025-10-30T17:35:46.328+0000] {processor.py:161} INFO - Started process (PID=1717) to work on /opt/airflow/dags/reddit_pipeline_dag.py
[2025-10-30T17:35:46.330+0000] {processor.py:830} INFO - Processing file /opt/airflow/dags/reddit_pipeline_dag.py for tasks to queue
[2025-10-30T17:35:46.331+0000] {logging_mixin.py:188} INFO - [2025-10-30T17:35:46.331+0000] {dagbag.py:538} INFO - Filling up the DagBag from /opt/airflow/dags/reddit_pipeline_dag.py
[2025-10-30T17:35:46.350+0000] {processor.py:840} INFO - DAG(s) 'reddit_pipeline_dag' retrieved from /opt/airflow/dags/reddit_pipeline_dag.py
[2025-10-30T17:35:46.375+0000] {logging_mixin.py:188} INFO - [2025-10-30T17:35:46.374+0000] {dag.py:3036} INFO - Sync 1 DAGs
[2025-10-30T17:35:46.397+0000] {logging_mixin.py:188} INFO - [2025-10-30T17:35:46.397+0000] {dag.py:3823} INFO - Setting next_dagrun for reddit_pipeline_dag to 2025-10-30 17:00:00+00:00, run_after=2025-10-30 18:00:00+00:00
[2025-10-30T17:35:46.414+0000] {processor.py:183} INFO - Processing /opt/airflow/dags/reddit_pipeline_dag.py took 0.089 seconds
[2025-10-30T17:36:16.617+0000] {processor.py:161} INFO - Started process (PID=1722) to work on /opt/airflow/dags/reddit_pipeline_dag.py
[2025-10-30T17:36:16.618+0000] {processor.py:830} INFO - Processing file /opt/airflow/dags/reddit_pipeline_dag.py for tasks to queue
[2025-10-30T17:36:16.619+0000] {logging_mixin.py:188} INFO - [2025-10-30T17:36:16.618+0000] {dagbag.py:538} INFO - Filling up the DagBag from /opt/airflow/dags/reddit_pipeline_dag.py
[2025-10-30T17:36:16.636+0000] {processor.py:840} INFO - DAG(s) 'reddit_pipeline_dag' retrieved from /opt/airflow/dags/reddit_pipeline_dag.py
[2025-10-30T17:36:16.661+0000] {logging_mixin.py:188} INFO - [2025-10-30T17:36:16.661+0000] {dag.py:3036} INFO - Sync 1 DAGs
[2025-10-30T17:36:16.679+0000] {logging_mixin.py:188} INFO - [2025-10-30T17:36:16.679+0000] {dag.py:3823} INFO - Setting next_dagrun for reddit_pipeline_dag to 2025-10-30 17:00:00+00:00, run_after=2025-10-30 18:00:00+00:00
[2025-10-30T17:36:16.692+0000] {processor.py:183} INFO - Processing /opt/airflow/dags/reddit_pipeline_dag.py took 0.078 seconds
[2025-10-30T17:36:46.839+0000] {processor.py:161} INFO - Started process (PID=1727) to work on /opt/airflow/dags/reddit_pipeline_dag.py
[2025-10-30T17:36:46.840+0000] {processor.py:830} INFO - Processing file /opt/airflow/dags/reddit_pipeline_dag.py for tasks to queue
[2025-10-30T17:36:46.840+0000] {logging_mixin.py:188} INFO - [2025-10-30T17:36:46.840+0000] {dagbag.py:538} INFO - Filling up the DagBag from /opt/airflow/dags/reddit_pipeline_dag.py
[2025-10-30T17:36:46.854+0000] {processor.py:840} INFO - DAG(s) 'reddit_pipeline_dag' retrieved from /opt/airflow/dags/reddit_pipeline_dag.py
[2025-10-30T17:36:46.873+0000] {logging_mixin.py:188} INFO - [2025-10-30T17:36:46.873+0000] {dag.py:3036} INFO - Sync 1 DAGs
[2025-10-30T17:36:46.889+0000] {logging_mixin.py:188} INFO - [2025-10-30T17:36:46.889+0000] {dag.py:3823} INFO - Setting next_dagrun for reddit_pipeline_dag to 2025-10-30 17:00:00+00:00, run_after=2025-10-30 18:00:00+00:00
[2025-10-30T17:36:46.905+0000] {processor.py:183} INFO - Processing /opt/airflow/dags/reddit_pipeline_dag.py took 0.069 seconds
[2025-10-30T17:37:17.123+0000] {processor.py:161} INFO - Started process (PID=1732) to work on /opt/airflow/dags/reddit_pipeline_dag.py
[2025-10-30T17:37:17.124+0000] {processor.py:830} INFO - Processing file /opt/airflow/dags/reddit_pipeline_dag.py for tasks to queue
[2025-10-30T17:37:17.125+0000] {logging_mixin.py:188} INFO - [2025-10-30T17:37:17.124+0000] {dagbag.py:538} INFO - Filling up the DagBag from /opt/airflow/dags/reddit_pipeline_dag.py
[2025-10-30T17:37:17.138+0000] {processor.py:840} INFO - DAG(s) 'reddit_pipeline_dag' retrieved from /opt/airflow/dags/reddit_pipeline_dag.py
[2025-10-30T17:37:17.157+0000] {logging_mixin.py:188} INFO - [2025-10-30T17:37:17.157+0000] {dag.py:3036} INFO - Sync 1 DAGs
[2025-10-30T17:37:17.171+0000] {logging_mixin.py:188} INFO - [2025-10-30T17:37:17.171+0000] {dag.py:3823} INFO - Setting next_dagrun for reddit_pipeline_dag to 2025-10-30 17:00:00+00:00, run_after=2025-10-30 18:00:00+00:00
[2025-10-30T17:37:17.186+0000] {processor.py:183} INFO - Processing /opt/airflow/dags/reddit_pipeline_dag.py took 0.065 seconds
[2025-10-30T17:37:47.347+0000] {processor.py:161} INFO - Started process (PID=1737) to work on /opt/airflow/dags/reddit_pipeline_dag.py
[2025-10-30T17:37:47.348+0000] {processor.py:830} INFO - Processing file /opt/airflow/dags/reddit_pipeline_dag.py for tasks to queue
[2025-10-30T17:37:47.348+0000] {logging_mixin.py:188} INFO - [2025-10-30T17:37:47.348+0000] {dagbag.py:538} INFO - Filling up the DagBag from /opt/airflow/dags/reddit_pipeline_dag.py
[2025-10-30T17:37:47.362+0000] {processor.py:840} INFO - DAG(s) 'reddit_pipeline_dag' retrieved from /opt/airflow/dags/reddit_pipeline_dag.py
[2025-10-30T17:37:47.383+0000] {logging_mixin.py:188} INFO - [2025-10-30T17:37:47.383+0000] {dag.py:3036} INFO - Sync 1 DAGs
[2025-10-30T17:37:47.399+0000] {logging_mixin.py:188} INFO - [2025-10-30T17:37:47.399+0000] {dag.py:3823} INFO - Setting next_dagrun for reddit_pipeline_dag to 2025-10-30 17:00:00+00:00, run_after=2025-10-30 18:00:00+00:00
[2025-10-30T17:37:47.418+0000] {processor.py:183} INFO - Processing /opt/airflow/dags/reddit_pipeline_dag.py took 0.074 seconds
[2025-10-30T17:38:17.678+0000] {processor.py:161} INFO - Started process (PID=1742) to work on /opt/airflow/dags/reddit_pipeline_dag.py
[2025-10-30T17:38:17.679+0000] {processor.py:830} INFO - Processing file /opt/airflow/dags/reddit_pipeline_dag.py for tasks to queue
[2025-10-30T17:38:17.680+0000] {logging_mixin.py:188} INFO - [2025-10-30T17:38:17.679+0000] {dagbag.py:538} INFO - Filling up the DagBag from /opt/airflow/dags/reddit_pipeline_dag.py
[2025-10-30T17:38:17.693+0000] {processor.py:840} INFO - DAG(s) 'reddit_pipeline_dag' retrieved from /opt/airflow/dags/reddit_pipeline_dag.py
[2025-10-30T17:38:17.713+0000] {logging_mixin.py:188} INFO - [2025-10-30T17:38:17.713+0000] {dag.py:3036} INFO - Sync 1 DAGs
[2025-10-30T17:38:17.728+0000] {logging_mixin.py:188} INFO - [2025-10-30T17:38:17.728+0000] {dag.py:3823} INFO - Setting next_dagrun for reddit_pipeline_dag to 2025-10-30 17:00:00+00:00, run_after=2025-10-30 18:00:00+00:00
[2025-10-30T17:38:17.742+0000] {processor.py:183} INFO - Processing /opt/airflow/dags/reddit_pipeline_dag.py took 0.066 seconds
[2025-10-30T17:38:47.900+0000] {processor.py:161} INFO - Started process (PID=1747) to work on /opt/airflow/dags/reddit_pipeline_dag.py
[2025-10-30T17:38:47.901+0000] {processor.py:830} INFO - Processing file /opt/airflow/dags/reddit_pipeline_dag.py for tasks to queue
[2025-10-30T17:38:47.902+0000] {logging_mixin.py:188} INFO - [2025-10-30T17:38:47.902+0000] {dagbag.py:538} INFO - Filling up the DagBag from /opt/airflow/dags/reddit_pipeline_dag.py
[2025-10-30T17:38:47.917+0000] {processor.py:840} INFO - DAG(s) 'reddit_pipeline_dag' retrieved from /opt/airflow/dags/reddit_pipeline_dag.py
[2025-10-30T17:38:47.935+0000] {logging_mixin.py:188} INFO - [2025-10-30T17:38:47.935+0000] {dag.py:3036} INFO - Sync 1 DAGs
[2025-10-30T17:38:47.951+0000] {logging_mixin.py:188} INFO - [2025-10-30T17:38:47.951+0000] {dag.py:3823} INFO - Setting next_dagrun for reddit_pipeline_dag to 2025-10-30 17:00:00+00:00, run_after=2025-10-30 18:00:00+00:00
[2025-10-30T17:38:47.966+0000] {processor.py:183} INFO - Processing /opt/airflow/dags/reddit_pipeline_dag.py took 0.068 seconds
[2025-10-30T17:39:18.158+0000] {processor.py:161} INFO - Started process (PID=1752) to work on /opt/airflow/dags/reddit_pipeline_dag.py
[2025-10-30T17:39:18.159+0000] {processor.py:830} INFO - Processing file /opt/airflow/dags/reddit_pipeline_dag.py for tasks to queue
[2025-10-30T17:39:18.159+0000] {logging_mixin.py:188} INFO - [2025-10-30T17:39:18.159+0000] {dagbag.py:538} INFO - Filling up the DagBag from /opt/airflow/dags/reddit_pipeline_dag.py
[2025-10-30T17:39:18.172+0000] {processor.py:840} INFO - DAG(s) 'reddit_pipeline_dag' retrieved from /opt/airflow/dags/reddit_pipeline_dag.py
[2025-10-30T17:39:18.191+0000] {logging_mixin.py:188} INFO - [2025-10-30T17:39:18.191+0000] {dag.py:3036} INFO - Sync 1 DAGs
[2025-10-30T17:39:18.205+0000] {logging_mixin.py:188} INFO - [2025-10-30T17:39:18.205+0000] {dag.py:3823} INFO - Setting next_dagrun for reddit_pipeline_dag to 2025-10-30 17:00:00+00:00, run_after=2025-10-30 18:00:00+00:00
[2025-10-30T17:39:18.219+0000] {processor.py:183} INFO - Processing /opt/airflow/dags/reddit_pipeline_dag.py took 0.064 seconds
[2025-10-30T17:39:48.387+0000] {processor.py:161} INFO - Started process (PID=1757) to work on /opt/airflow/dags/reddit_pipeline_dag.py
[2025-10-30T17:39:48.388+0000] {processor.py:830} INFO - Processing file /opt/airflow/dags/reddit_pipeline_dag.py for tasks to queue
[2025-10-30T17:39:48.389+0000] {logging_mixin.py:188} INFO - [2025-10-30T17:39:48.388+0000] {dagbag.py:538} INFO - Filling up the DagBag from /opt/airflow/dags/reddit_pipeline_dag.py
[2025-10-30T17:39:48.403+0000] {processor.py:840} INFO - DAG(s) 'reddit_pipeline_dag' retrieved from /opt/airflow/dags/reddit_pipeline_dag.py
[2025-10-30T17:39:48.422+0000] {logging_mixin.py:188} INFO - [2025-10-30T17:39:48.421+0000] {dag.py:3036} INFO - Sync 1 DAGs
[2025-10-30T17:39:48.437+0000] {logging_mixin.py:188} INFO - [2025-10-30T17:39:48.437+0000] {dag.py:3823} INFO - Setting next_dagrun for reddit_pipeline_dag to 2025-10-30 17:00:00+00:00, run_after=2025-10-30 18:00:00+00:00
[2025-10-30T17:39:48.452+0000] {processor.py:183} INFO - Processing /opt/airflow/dags/reddit_pipeline_dag.py took 0.067 seconds
[2025-10-30T17:40:18.624+0000] {processor.py:161} INFO - Started process (PID=1762) to work on /opt/airflow/dags/reddit_pipeline_dag.py
[2025-10-30T17:40:18.625+0000] {processor.py:830} INFO - Processing file /opt/airflow/dags/reddit_pipeline_dag.py for tasks to queue
[2025-10-30T17:40:18.626+0000] {logging_mixin.py:188} INFO - [2025-10-30T17:40:18.626+0000] {dagbag.py:538} INFO - Filling up the DagBag from /opt/airflow/dags/reddit_pipeline_dag.py
[2025-10-30T17:40:18.643+0000] {processor.py:840} INFO - DAG(s) 'reddit_pipeline_dag' retrieved from /opt/airflow/dags/reddit_pipeline_dag.py
[2025-10-30T17:40:18.664+0000] {logging_mixin.py:188} INFO - [2025-10-30T17:40:18.664+0000] {dag.py:3036} INFO - Sync 1 DAGs
[2025-10-30T17:40:18.680+0000] {logging_mixin.py:188} INFO - [2025-10-30T17:40:18.680+0000] {dag.py:3823} INFO - Setting next_dagrun for reddit_pipeline_dag to 2025-10-30 17:00:00+00:00, run_after=2025-10-30 18:00:00+00:00
[2025-10-30T17:40:18.697+0000] {processor.py:183} INFO - Processing /opt/airflow/dags/reddit_pipeline_dag.py took 0.075 seconds
[2025-10-30T17:40:48.839+0000] {processor.py:161} INFO - Started process (PID=1767) to work on /opt/airflow/dags/reddit_pipeline_dag.py
[2025-10-30T17:40:48.840+0000] {processor.py:830} INFO - Processing file /opt/airflow/dags/reddit_pipeline_dag.py for tasks to queue
[2025-10-30T17:40:48.841+0000] {logging_mixin.py:188} INFO - [2025-10-30T17:40:48.840+0000] {dagbag.py:538} INFO - Filling up the DagBag from /opt/airflow/dags/reddit_pipeline_dag.py
[2025-10-30T17:40:48.855+0000] {processor.py:840} INFO - DAG(s) 'reddit_pipeline_dag' retrieved from /opt/airflow/dags/reddit_pipeline_dag.py
[2025-10-30T17:40:48.875+0000] {logging_mixin.py:188} INFO - [2025-10-30T17:40:48.875+0000] {dag.py:3036} INFO - Sync 1 DAGs
[2025-10-30T17:40:48.890+0000] {logging_mixin.py:188} INFO - [2025-10-30T17:40:48.890+0000] {dag.py:3823} INFO - Setting next_dagrun for reddit_pipeline_dag to 2025-10-30 17:00:00+00:00, run_after=2025-10-30 18:00:00+00:00
[2025-10-30T17:40:48.904+0000] {processor.py:183} INFO - Processing /opt/airflow/dags/reddit_pipeline_dag.py took 0.067 seconds
[2025-10-30T17:41:19.101+0000] {processor.py:161} INFO - Started process (PID=1772) to work on /opt/airflow/dags/reddit_pipeline_dag.py
[2025-10-30T17:41:19.102+0000] {processor.py:830} INFO - Processing file /opt/airflow/dags/reddit_pipeline_dag.py for tasks to queue
[2025-10-30T17:41:19.102+0000] {logging_mixin.py:188} INFO - [2025-10-30T17:41:19.102+0000] {dagbag.py:538} INFO - Filling up the DagBag from /opt/airflow/dags/reddit_pipeline_dag.py
[2025-10-30T17:41:19.116+0000] {processor.py:840} INFO - DAG(s) 'reddit_pipeline_dag' retrieved from /opt/airflow/dags/reddit_pipeline_dag.py
[2025-10-30T17:41:19.135+0000] {logging_mixin.py:188} INFO - [2025-10-30T17:41:19.135+0000] {dag.py:3036} INFO - Sync 1 DAGs
[2025-10-30T17:41:19.153+0000] {logging_mixin.py:188} INFO - [2025-10-30T17:41:19.152+0000] {dag.py:3823} INFO - Setting next_dagrun for reddit_pipeline_dag to 2025-10-30 17:00:00+00:00, run_after=2025-10-30 18:00:00+00:00
[2025-10-30T17:41:19.167+0000] {processor.py:183} INFO - Processing /opt/airflow/dags/reddit_pipeline_dag.py took 0.069 seconds
[2025-10-30T17:41:49.364+0000] {processor.py:161} INFO - Started process (PID=1777) to work on /opt/airflow/dags/reddit_pipeline_dag.py
[2025-10-30T17:41:49.365+0000] {processor.py:830} INFO - Processing file /opt/airflow/dags/reddit_pipeline_dag.py for tasks to queue
[2025-10-30T17:41:49.367+0000] {logging_mixin.py:188} INFO - [2025-10-30T17:41:49.366+0000] {dagbag.py:538} INFO - Filling up the DagBag from /opt/airflow/dags/reddit_pipeline_dag.py
[2025-10-30T17:41:49.387+0000] {processor.py:840} INFO - DAG(s) 'reddit_pipeline_dag' retrieved from /opt/airflow/dags/reddit_pipeline_dag.py
[2025-10-30T17:41:49.408+0000] {logging_mixin.py:188} INFO - [2025-10-30T17:41:49.408+0000] {dag.py:3036} INFO - Sync 1 DAGs
[2025-10-30T17:41:49.424+0000] {logging_mixin.py:188} INFO - [2025-10-30T17:41:49.424+0000] {dag.py:3823} INFO - Setting next_dagrun for reddit_pipeline_dag to 2025-10-30 17:00:00+00:00, run_after=2025-10-30 18:00:00+00:00
[2025-10-30T17:41:49.438+0000] {processor.py:183} INFO - Processing /opt/airflow/dags/reddit_pipeline_dag.py took 0.076 seconds
[2025-10-30T17:42:19.579+0000] {processor.py:161} INFO - Started process (PID=1782) to work on /opt/airflow/dags/reddit_pipeline_dag.py
[2025-10-30T17:42:19.580+0000] {processor.py:830} INFO - Processing file /opt/airflow/dags/reddit_pipeline_dag.py for tasks to queue
[2025-10-30T17:42:19.581+0000] {logging_mixin.py:188} INFO - [2025-10-30T17:42:19.581+0000] {dagbag.py:538} INFO - Filling up the DagBag from /opt/airflow/dags/reddit_pipeline_dag.py
[2025-10-30T17:42:19.599+0000] {processor.py:840} INFO - DAG(s) 'reddit_pipeline_dag' retrieved from /opt/airflow/dags/reddit_pipeline_dag.py
[2025-10-30T17:42:19.622+0000] {logging_mixin.py:188} INFO - [2025-10-30T17:42:19.621+0000] {dag.py:3036} INFO - Sync 1 DAGs
[2025-10-30T17:42:19.638+0000] {logging_mixin.py:188} INFO - [2025-10-30T17:42:19.638+0000] {dag.py:3823} INFO - Setting next_dagrun for reddit_pipeline_dag to 2025-10-30 17:00:00+00:00, run_after=2025-10-30 18:00:00+00:00
[2025-10-30T17:42:19.653+0000] {processor.py:183} INFO - Processing /opt/airflow/dags/reddit_pipeline_dag.py took 0.076 seconds
[2025-10-30T17:42:49.857+0000] {processor.py:161} INFO - Started process (PID=1787) to work on /opt/airflow/dags/reddit_pipeline_dag.py
[2025-10-30T17:42:49.858+0000] {processor.py:830} INFO - Processing file /opt/airflow/dags/reddit_pipeline_dag.py for tasks to queue
[2025-10-30T17:42:49.859+0000] {logging_mixin.py:188} INFO - [2025-10-30T17:42:49.859+0000] {dagbag.py:538} INFO - Filling up the DagBag from /opt/airflow/dags/reddit_pipeline_dag.py
[2025-10-30T17:42:49.872+0000] {processor.py:840} INFO - DAG(s) 'reddit_pipeline_dag' retrieved from /opt/airflow/dags/reddit_pipeline_dag.py
[2025-10-30T17:42:49.891+0000] {logging_mixin.py:188} INFO - [2025-10-30T17:42:49.891+0000] {dag.py:3036} INFO - Sync 1 DAGs
[2025-10-30T17:42:49.906+0000] {logging_mixin.py:188} INFO - [2025-10-30T17:42:49.906+0000] {dag.py:3823} INFO - Setting next_dagrun for reddit_pipeline_dag to 2025-10-30 17:00:00+00:00, run_after=2025-10-30 18:00:00+00:00
[2025-10-30T17:42:49.919+0000] {processor.py:183} INFO - Processing /opt/airflow/dags/reddit_pipeline_dag.py took 0.064 seconds
[2025-10-30T17:43:20.099+0000] {processor.py:161} INFO - Started process (PID=1792) to work on /opt/airflow/dags/reddit_pipeline_dag.py
[2025-10-30T17:43:20.100+0000] {processor.py:830} INFO - Processing file /opt/airflow/dags/reddit_pipeline_dag.py for tasks to queue
[2025-10-30T17:43:20.101+0000] {logging_mixin.py:188} INFO - [2025-10-30T17:43:20.101+0000] {dagbag.py:538} INFO - Filling up the DagBag from /opt/airflow/dags/reddit_pipeline_dag.py
[2025-10-30T17:43:20.115+0000] {processor.py:840} INFO - DAG(s) 'reddit_pipeline_dag' retrieved from /opt/airflow/dags/reddit_pipeline_dag.py
[2025-10-30T17:43:20.135+0000] {logging_mixin.py:188} INFO - [2025-10-30T17:43:20.135+0000] {dag.py:3036} INFO - Sync 1 DAGs
[2025-10-30T17:43:20.149+0000] {logging_mixin.py:188} INFO - [2025-10-30T17:43:20.148+0000] {dag.py:3823} INFO - Setting next_dagrun for reddit_pipeline_dag to 2025-10-30 17:00:00+00:00, run_after=2025-10-30 18:00:00+00:00
[2025-10-30T17:43:20.162+0000] {processor.py:183} INFO - Processing /opt/airflow/dags/reddit_pipeline_dag.py took 0.065 seconds
[2025-10-30T17:43:50.327+0000] {processor.py:161} INFO - Started process (PID=1797) to work on /opt/airflow/dags/reddit_pipeline_dag.py
[2025-10-30T17:43:50.328+0000] {processor.py:830} INFO - Processing file /opt/airflow/dags/reddit_pipeline_dag.py for tasks to queue
[2025-10-30T17:43:50.329+0000] {logging_mixin.py:188} INFO - [2025-10-30T17:43:50.328+0000] {dagbag.py:538} INFO - Filling up the DagBag from /opt/airflow/dags/reddit_pipeline_dag.py
[2025-10-30T17:43:50.342+0000] {processor.py:840} INFO - DAG(s) 'reddit_pipeline_dag' retrieved from /opt/airflow/dags/reddit_pipeline_dag.py
[2025-10-30T17:43:50.361+0000] {logging_mixin.py:188} INFO - [2025-10-30T17:43:50.361+0000] {dag.py:3036} INFO - Sync 1 DAGs
[2025-10-30T17:43:50.377+0000] {logging_mixin.py:188} INFO - [2025-10-30T17:43:50.377+0000] {dag.py:3823} INFO - Setting next_dagrun for reddit_pipeline_dag to 2025-10-30 17:00:00+00:00, run_after=2025-10-30 18:00:00+00:00
[2025-10-30T17:43:50.391+0000] {processor.py:183} INFO - Processing /opt/airflow/dags/reddit_pipeline_dag.py took 0.067 seconds
[2025-10-30T17:44:20.545+0000] {processor.py:161} INFO - Started process (PID=1802) to work on /opt/airflow/dags/reddit_pipeline_dag.py
[2025-10-30T17:44:20.546+0000] {processor.py:830} INFO - Processing file /opt/airflow/dags/reddit_pipeline_dag.py for tasks to queue
[2025-10-30T17:44:20.547+0000] {logging_mixin.py:188} INFO - [2025-10-30T17:44:20.547+0000] {dagbag.py:538} INFO - Filling up the DagBag from /opt/airflow/dags/reddit_pipeline_dag.py
[2025-10-30T17:44:20.561+0000] {processor.py:840} INFO - DAG(s) 'reddit_pipeline_dag' retrieved from /opt/airflow/dags/reddit_pipeline_dag.py
[2025-10-30T17:44:20.580+0000] {logging_mixin.py:188} INFO - [2025-10-30T17:44:20.580+0000] {dag.py:3036} INFO - Sync 1 DAGs
[2025-10-30T17:44:20.595+0000] {logging_mixin.py:188} INFO - [2025-10-30T17:44:20.595+0000] {dag.py:3823} INFO - Setting next_dagrun for reddit_pipeline_dag to 2025-10-30 17:00:00+00:00, run_after=2025-10-30 18:00:00+00:00
[2025-10-30T17:44:20.609+0000] {processor.py:183} INFO - Processing /opt/airflow/dags/reddit_pipeline_dag.py took 0.066 seconds
[2025-10-30T17:44:50.782+0000] {processor.py:161} INFO - Started process (PID=1807) to work on /opt/airflow/dags/reddit_pipeline_dag.py
[2025-10-30T17:44:50.783+0000] {processor.py:830} INFO - Processing file /opt/airflow/dags/reddit_pipeline_dag.py for tasks to queue
[2025-10-30T17:44:50.784+0000] {logging_mixin.py:188} INFO - [2025-10-30T17:44:50.783+0000] {dagbag.py:538} INFO - Filling up the DagBag from /opt/airflow/dags/reddit_pipeline_dag.py
[2025-10-30T17:44:50.797+0000] {processor.py:840} INFO - DAG(s) 'reddit_pipeline_dag' retrieved from /opt/airflow/dags/reddit_pipeline_dag.py
[2025-10-30T17:44:50.815+0000] {logging_mixin.py:188} INFO - [2025-10-30T17:44:50.815+0000] {dag.py:3036} INFO - Sync 1 DAGs
[2025-10-30T17:44:50.831+0000] {logging_mixin.py:188} INFO - [2025-10-30T17:44:50.831+0000] {dag.py:3823} INFO - Setting next_dagrun for reddit_pipeline_dag to 2025-10-30 17:00:00+00:00, run_after=2025-10-30 18:00:00+00:00
[2025-10-30T17:44:50.844+0000] {processor.py:183} INFO - Processing /opt/airflow/dags/reddit_pipeline_dag.py took 0.064 seconds
[2025-10-30T17:45:21.000+0000] {processor.py:161} INFO - Started process (PID=1812) to work on /opt/airflow/dags/reddit_pipeline_dag.py
[2025-10-30T17:45:21.001+0000] {processor.py:830} INFO - Processing file /opt/airflow/dags/reddit_pipeline_dag.py for tasks to queue
[2025-10-30T17:45:21.002+0000] {logging_mixin.py:188} INFO - [2025-10-30T17:45:21.002+0000] {dagbag.py:538} INFO - Filling up the DagBag from /opt/airflow/dags/reddit_pipeline_dag.py
[2025-10-30T17:45:21.016+0000] {processor.py:840} INFO - DAG(s) 'reddit_pipeline_dag' retrieved from /opt/airflow/dags/reddit_pipeline_dag.py
[2025-10-30T17:45:21.036+0000] {logging_mixin.py:188} INFO - [2025-10-30T17:45:21.036+0000] {dag.py:3036} INFO - Sync 1 DAGs
[2025-10-30T17:45:21.051+0000] {logging_mixin.py:188} INFO - [2025-10-30T17:45:21.051+0000] {dag.py:3823} INFO - Setting next_dagrun for reddit_pipeline_dag to 2025-10-30 17:00:00+00:00, run_after=2025-10-30 18:00:00+00:00
[2025-10-30T17:45:21.067+0000] {processor.py:183} INFO - Processing /opt/airflow/dags/reddit_pipeline_dag.py took 0.069 seconds
[2025-10-30T17:45:51.264+0000] {processor.py:161} INFO - Started process (PID=1817) to work on /opt/airflow/dags/reddit_pipeline_dag.py
[2025-10-30T17:45:51.265+0000] {processor.py:830} INFO - Processing file /opt/airflow/dags/reddit_pipeline_dag.py for tasks to queue
[2025-10-30T17:45:51.266+0000] {logging_mixin.py:188} INFO - [2025-10-30T17:45:51.266+0000] {dagbag.py:538} INFO - Filling up the DagBag from /opt/airflow/dags/reddit_pipeline_dag.py
[2025-10-30T17:45:51.289+0000] {processor.py:840} INFO - DAG(s) 'reddit_pipeline_dag' retrieved from /opt/airflow/dags/reddit_pipeline_dag.py
[2025-10-30T17:45:51.309+0000] {logging_mixin.py:188} INFO - [2025-10-30T17:45:51.308+0000] {dag.py:3036} INFO - Sync 1 DAGs
[2025-10-30T17:45:51.327+0000] {logging_mixin.py:188} INFO - [2025-10-30T17:45:51.326+0000] {dag.py:3823} INFO - Setting next_dagrun for reddit_pipeline_dag to 2025-10-30 17:00:00+00:00, run_after=2025-10-30 18:00:00+00:00
[2025-10-30T17:45:51.367+0000] {processor.py:183} INFO - Processing /opt/airflow/dags/reddit_pipeline_dag.py took 0.105 seconds
[2025-10-30T17:46:21.499+0000] {processor.py:161} INFO - Started process (PID=1822) to work on /opt/airflow/dags/reddit_pipeline_dag.py
[2025-10-30T17:46:21.500+0000] {processor.py:830} INFO - Processing file /opt/airflow/dags/reddit_pipeline_dag.py for tasks to queue
[2025-10-30T17:46:21.501+0000] {logging_mixin.py:188} INFO - [2025-10-30T17:46:21.501+0000] {dagbag.py:538} INFO - Filling up the DagBag from /opt/airflow/dags/reddit_pipeline_dag.py
[2025-10-30T17:46:21.524+0000] {processor.py:840} INFO - DAG(s) 'reddit_pipeline_dag' retrieved from /opt/airflow/dags/reddit_pipeline_dag.py
[2025-10-30T17:46:21.548+0000] {logging_mixin.py:188} INFO - [2025-10-30T17:46:21.548+0000] {dag.py:3036} INFO - Sync 1 DAGs
[2025-10-30T17:46:21.565+0000] {logging_mixin.py:188} INFO - [2025-10-30T17:46:21.565+0000] {dag.py:3823} INFO - Setting next_dagrun for reddit_pipeline_dag to 2025-10-30 17:00:00+00:00, run_after=2025-10-30 18:00:00+00:00
[2025-10-30T17:46:21.580+0000] {processor.py:183} INFO - Processing /opt/airflow/dags/reddit_pipeline_dag.py took 0.083 seconds
[2025-10-30T17:46:51.776+0000] {processor.py:161} INFO - Started process (PID=1827) to work on /opt/airflow/dags/reddit_pipeline_dag.py
[2025-10-30T17:46:51.777+0000] {processor.py:830} INFO - Processing file /opt/airflow/dags/reddit_pipeline_dag.py for tasks to queue
[2025-10-30T17:46:51.778+0000] {logging_mixin.py:188} INFO - [2025-10-30T17:46:51.778+0000] {dagbag.py:538} INFO - Filling up the DagBag from /opt/airflow/dags/reddit_pipeline_dag.py
[2025-10-30T17:46:51.812+0000] {processor.py:840} INFO - DAG(s) 'reddit_pipeline_dag' retrieved from /opt/airflow/dags/reddit_pipeline_dag.py
[2025-10-30T17:46:51.835+0000] {logging_mixin.py:188} INFO - [2025-10-30T17:46:51.835+0000] {dag.py:3036} INFO - Sync 1 DAGs
[2025-10-30T17:46:51.853+0000] {logging_mixin.py:188} INFO - [2025-10-30T17:46:51.852+0000] {dag.py:3823} INFO - Setting next_dagrun for reddit_pipeline_dag to 2025-10-30 17:00:00+00:00, run_after=2025-10-30 18:00:00+00:00
[2025-10-30T17:46:51.870+0000] {processor.py:183} INFO - Processing /opt/airflow/dags/reddit_pipeline_dag.py took 0.096 seconds
[2025-10-30T17:47:21.990+0000] {processor.py:161} INFO - Started process (PID=1832) to work on /opt/airflow/dags/reddit_pipeline_dag.py
[2025-10-30T17:47:21.991+0000] {processor.py:830} INFO - Processing file /opt/airflow/dags/reddit_pipeline_dag.py for tasks to queue
[2025-10-30T17:47:21.992+0000] {logging_mixin.py:188} INFO - [2025-10-30T17:47:21.992+0000] {dagbag.py:538} INFO - Filling up the DagBag from /opt/airflow/dags/reddit_pipeline_dag.py
[2025-10-30T17:47:22.006+0000] {processor.py:840} INFO - DAG(s) 'reddit_pipeline_dag' retrieved from /opt/airflow/dags/reddit_pipeline_dag.py
[2025-10-30T17:47:22.026+0000] {logging_mixin.py:188} INFO - [2025-10-30T17:47:22.025+0000] {dag.py:3036} INFO - Sync 1 DAGs
[2025-10-30T17:47:22.041+0000] {logging_mixin.py:188} INFO - [2025-10-30T17:47:22.041+0000] {dag.py:3823} INFO - Setting next_dagrun for reddit_pipeline_dag to 2025-10-30 17:00:00+00:00, run_after=2025-10-30 18:00:00+00:00
[2025-10-30T17:47:22.057+0000] {processor.py:183} INFO - Processing /opt/airflow/dags/reddit_pipeline_dag.py took 0.069 seconds
[2025-10-30T17:47:52.295+0000] {processor.py:161} INFO - Started process (PID=1837) to work on /opt/airflow/dags/reddit_pipeline_dag.py
[2025-10-30T17:47:52.295+0000] {processor.py:830} INFO - Processing file /opt/airflow/dags/reddit_pipeline_dag.py for tasks to queue
[2025-10-30T17:47:52.296+0000] {logging_mixin.py:188} INFO - [2025-10-30T17:47:52.296+0000] {dagbag.py:538} INFO - Filling up the DagBag from /opt/airflow/dags/reddit_pipeline_dag.py
[2025-10-30T17:47:52.309+0000] {processor.py:840} INFO - DAG(s) 'reddit_pipeline_dag' retrieved from /opt/airflow/dags/reddit_pipeline_dag.py
[2025-10-30T17:47:52.328+0000] {logging_mixin.py:188} INFO - [2025-10-30T17:47:52.328+0000] {dag.py:3036} INFO - Sync 1 DAGs
[2025-10-30T17:47:52.344+0000] {logging_mixin.py:188} INFO - [2025-10-30T17:47:52.344+0000] {dag.py:3823} INFO - Setting next_dagrun for reddit_pipeline_dag to 2025-10-30 17:00:00+00:00, run_after=2025-10-30 18:00:00+00:00
[2025-10-30T17:47:52.361+0000] {processor.py:183} INFO - Processing /opt/airflow/dags/reddit_pipeline_dag.py took 0.069 seconds
[2025-10-30T17:48:22.563+0000] {processor.py:161} INFO - Started process (PID=1842) to work on /opt/airflow/dags/reddit_pipeline_dag.py
[2025-10-30T17:48:22.564+0000] {processor.py:830} INFO - Processing file /opt/airflow/dags/reddit_pipeline_dag.py for tasks to queue
[2025-10-30T17:48:22.565+0000] {logging_mixin.py:188} INFO - [2025-10-30T17:48:22.565+0000] {dagbag.py:538} INFO - Filling up the DagBag from /opt/airflow/dags/reddit_pipeline_dag.py
[2025-10-30T17:48:22.578+0000] {processor.py:840} INFO - DAG(s) 'reddit_pipeline_dag' retrieved from /opt/airflow/dags/reddit_pipeline_dag.py
[2025-10-30T17:48:22.597+0000] {logging_mixin.py:188} INFO - [2025-10-30T17:48:22.597+0000] {dag.py:3036} INFO - Sync 1 DAGs
[2025-10-30T17:48:22.614+0000] {logging_mixin.py:188} INFO - [2025-10-30T17:48:22.614+0000] {dag.py:3823} INFO - Setting next_dagrun for reddit_pipeline_dag to 2025-10-30 17:00:00+00:00, run_after=2025-10-30 18:00:00+00:00
[2025-10-30T17:48:22.631+0000] {processor.py:183} INFO - Processing /opt/airflow/dags/reddit_pipeline_dag.py took 0.070 seconds
[2025-10-30T17:48:52.778+0000] {processor.py:161} INFO - Started process (PID=1847) to work on /opt/airflow/dags/reddit_pipeline_dag.py
[2025-10-30T17:48:52.779+0000] {processor.py:830} INFO - Processing file /opt/airflow/dags/reddit_pipeline_dag.py for tasks to queue
[2025-10-30T17:48:52.780+0000] {logging_mixin.py:188} INFO - [2025-10-30T17:48:52.780+0000] {dagbag.py:538} INFO - Filling up the DagBag from /opt/airflow/dags/reddit_pipeline_dag.py
[2025-10-30T17:48:52.794+0000] {processor.py:840} INFO - DAG(s) 'reddit_pipeline_dag' retrieved from /opt/airflow/dags/reddit_pipeline_dag.py
[2025-10-30T17:48:52.813+0000] {logging_mixin.py:188} INFO - [2025-10-30T17:48:52.813+0000] {dag.py:3036} INFO - Sync 1 DAGs
[2025-10-30T17:48:52.828+0000] {logging_mixin.py:188} INFO - [2025-10-30T17:48:52.828+0000] {dag.py:3823} INFO - Setting next_dagrun for reddit_pipeline_dag to 2025-10-30 17:00:00+00:00, run_after=2025-10-30 18:00:00+00:00
[2025-10-30T17:48:52.840+0000] {processor.py:183} INFO - Processing /opt/airflow/dags/reddit_pipeline_dag.py took 0.064 seconds
[2025-10-30T17:49:23.049+0000] {processor.py:161} INFO - Started process (PID=1852) to work on /opt/airflow/dags/reddit_pipeline_dag.py
[2025-10-30T17:49:23.050+0000] {processor.py:830} INFO - Processing file /opt/airflow/dags/reddit_pipeline_dag.py for tasks to queue
[2025-10-30T17:49:23.050+0000] {logging_mixin.py:188} INFO - [2025-10-30T17:49:23.050+0000] {dagbag.py:538} INFO - Filling up the DagBag from /opt/airflow/dags/reddit_pipeline_dag.py
[2025-10-30T17:49:23.065+0000] {processor.py:840} INFO - DAG(s) 'reddit_pipeline_dag' retrieved from /opt/airflow/dags/reddit_pipeline_dag.py
[2025-10-30T17:49:23.085+0000] {logging_mixin.py:188} INFO - [2025-10-30T17:49:23.085+0000] {dag.py:3036} INFO - Sync 1 DAGs
[2025-10-30T17:49:23.101+0000] {logging_mixin.py:188} INFO - [2025-10-30T17:49:23.101+0000] {dag.py:3823} INFO - Setting next_dagrun for reddit_pipeline_dag to 2025-10-30 17:00:00+00:00, run_after=2025-10-30 18:00:00+00:00
[2025-10-30T17:49:23.114+0000] {processor.py:183} INFO - Processing /opt/airflow/dags/reddit_pipeline_dag.py took 0.068 seconds
[2025-10-30T17:49:53.281+0000] {processor.py:161} INFO - Started process (PID=1857) to work on /opt/airflow/dags/reddit_pipeline_dag.py
[2025-10-30T17:49:53.282+0000] {processor.py:830} INFO - Processing file /opt/airflow/dags/reddit_pipeline_dag.py for tasks to queue
[2025-10-30T17:49:53.282+0000] {logging_mixin.py:188} INFO - [2025-10-30T17:49:53.282+0000] {dagbag.py:538} INFO - Filling up the DagBag from /opt/airflow/dags/reddit_pipeline_dag.py
[2025-10-30T17:49:53.303+0000] {processor.py:840} INFO - DAG(s) 'reddit_pipeline_dag' retrieved from /opt/airflow/dags/reddit_pipeline_dag.py
[2025-10-30T17:49:53.324+0000] {logging_mixin.py:188} INFO - [2025-10-30T17:49:53.323+0000] {dag.py:3036} INFO - Sync 1 DAGs
[2025-10-30T17:49:53.339+0000] {logging_mixin.py:188} INFO - [2025-10-30T17:49:53.339+0000] {dag.py:3823} INFO - Setting next_dagrun for reddit_pipeline_dag to 2025-10-30 17:00:00+00:00, run_after=2025-10-30 18:00:00+00:00
[2025-10-30T17:49:53.358+0000] {processor.py:183} INFO - Processing /opt/airflow/dags/reddit_pipeline_dag.py took 0.080 seconds
[2025-10-30T17:50:23.532+0000] {processor.py:161} INFO - Started process (PID=1862) to work on /opt/airflow/dags/reddit_pipeline_dag.py
[2025-10-30T17:50:23.532+0000] {processor.py:830} INFO - Processing file /opt/airflow/dags/reddit_pipeline_dag.py for tasks to queue
[2025-10-30T17:50:23.533+0000] {logging_mixin.py:188} INFO - [2025-10-30T17:50:23.533+0000] {dagbag.py:538} INFO - Filling up the DagBag from /opt/airflow/dags/reddit_pipeline_dag.py
[2025-10-30T17:50:23.548+0000] {processor.py:840} INFO - DAG(s) 'reddit_pipeline_dag' retrieved from /opt/airflow/dags/reddit_pipeline_dag.py
[2025-10-30T17:50:23.567+0000] {logging_mixin.py:188} INFO - [2025-10-30T17:50:23.567+0000] {dag.py:3036} INFO - Sync 1 DAGs
[2025-10-30T17:50:23.581+0000] {logging_mixin.py:188} INFO - [2025-10-30T17:50:23.581+0000] {dag.py:3823} INFO - Setting next_dagrun for reddit_pipeline_dag to 2025-10-30 17:00:00+00:00, run_after=2025-10-30 18:00:00+00:00
[2025-10-30T17:50:23.597+0000] {processor.py:183} INFO - Processing /opt/airflow/dags/reddit_pipeline_dag.py took 0.068 seconds
[2025-10-30T17:50:53.753+0000] {processor.py:161} INFO - Started process (PID=1867) to work on /opt/airflow/dags/reddit_pipeline_dag.py
[2025-10-30T17:50:53.754+0000] {processor.py:830} INFO - Processing file /opt/airflow/dags/reddit_pipeline_dag.py for tasks to queue
[2025-10-30T17:50:53.755+0000] {logging_mixin.py:188} INFO - [2025-10-30T17:50:53.755+0000] {dagbag.py:538} INFO - Filling up the DagBag from /opt/airflow/dags/reddit_pipeline_dag.py
[2025-10-30T17:50:53.768+0000] {processor.py:840} INFO - DAG(s) 'reddit_pipeline_dag' retrieved from /opt/airflow/dags/reddit_pipeline_dag.py
[2025-10-30T17:50:53.788+0000] {logging_mixin.py:188} INFO - [2025-10-30T17:50:53.787+0000] {dag.py:3036} INFO - Sync 1 DAGs
[2025-10-30T17:50:53.803+0000] {logging_mixin.py:188} INFO - [2025-10-30T17:50:53.802+0000] {dag.py:3823} INFO - Setting next_dagrun for reddit_pipeline_dag to 2025-10-30 17:00:00+00:00, run_after=2025-10-30 18:00:00+00:00
[2025-10-30T17:50:53.817+0000] {processor.py:183} INFO - Processing /opt/airflow/dags/reddit_pipeline_dag.py took 0.066 seconds
[2025-10-30T17:51:24.018+0000] {processor.py:161} INFO - Started process (PID=1872) to work on /opt/airflow/dags/reddit_pipeline_dag.py
[2025-10-30T17:51:24.019+0000] {processor.py:830} INFO - Processing file /opt/airflow/dags/reddit_pipeline_dag.py for tasks to queue
[2025-10-30T17:51:24.019+0000] {logging_mixin.py:188} INFO - [2025-10-30T17:51:24.019+0000] {dagbag.py:538} INFO - Filling up the DagBag from /opt/airflow/dags/reddit_pipeline_dag.py
[2025-10-30T17:51:24.034+0000] {processor.py:840} INFO - DAG(s) 'reddit_pipeline_dag' retrieved from /opt/airflow/dags/reddit_pipeline_dag.py
[2025-10-30T17:51:24.055+0000] {logging_mixin.py:188} INFO - [2025-10-30T17:51:24.055+0000] {dag.py:3036} INFO - Sync 1 DAGs
[2025-10-30T17:51:24.070+0000] {logging_mixin.py:188} INFO - [2025-10-30T17:51:24.070+0000] {dag.py:3823} INFO - Setting next_dagrun for reddit_pipeline_dag to 2025-10-30 17:00:00+00:00, run_after=2025-10-30 18:00:00+00:00
[2025-10-30T17:51:24.088+0000] {processor.py:183} INFO - Processing /opt/airflow/dags/reddit_pipeline_dag.py took 0.072 seconds
[2025-10-30T17:51:54.233+0000] {processor.py:161} INFO - Started process (PID=1877) to work on /opt/airflow/dags/reddit_pipeline_dag.py
[2025-10-30T17:51:54.234+0000] {processor.py:830} INFO - Processing file /opt/airflow/dags/reddit_pipeline_dag.py for tasks to queue
[2025-10-30T17:51:54.234+0000] {logging_mixin.py:188} INFO - [2025-10-30T17:51:54.234+0000] {dagbag.py:538} INFO - Filling up the DagBag from /opt/airflow/dags/reddit_pipeline_dag.py
[2025-10-30T17:51:54.249+0000] {processor.py:840} INFO - DAG(s) 'reddit_pipeline_dag' retrieved from /opt/airflow/dags/reddit_pipeline_dag.py
[2025-10-30T17:51:54.268+0000] {logging_mixin.py:188} INFO - [2025-10-30T17:51:54.268+0000] {dag.py:3036} INFO - Sync 1 DAGs
[2025-10-30T17:51:54.284+0000] {logging_mixin.py:188} INFO - [2025-10-30T17:51:54.284+0000] {dag.py:3823} INFO - Setting next_dagrun for reddit_pipeline_dag to 2025-10-30 17:00:00+00:00, run_after=2025-10-30 18:00:00+00:00
[2025-10-30T17:51:54.301+0000] {processor.py:183} INFO - Processing /opt/airflow/dags/reddit_pipeline_dag.py took 0.070 seconds
[2025-10-30T17:52:24.489+0000] {processor.py:161} INFO - Started process (PID=1882) to work on /opt/airflow/dags/reddit_pipeline_dag.py
[2025-10-30T17:52:24.490+0000] {processor.py:830} INFO - Processing file /opt/airflow/dags/reddit_pipeline_dag.py for tasks to queue
[2025-10-30T17:52:24.491+0000] {logging_mixin.py:188} INFO - [2025-10-30T17:52:24.490+0000] {dagbag.py:538} INFO - Filling up the DagBag from /opt/airflow/dags/reddit_pipeline_dag.py
[2025-10-30T17:52:24.504+0000] {processor.py:840} INFO - DAG(s) 'reddit_pipeline_dag' retrieved from /opt/airflow/dags/reddit_pipeline_dag.py
[2025-10-30T17:52:24.522+0000] {logging_mixin.py:188} INFO - [2025-10-30T17:52:24.522+0000] {dag.py:3036} INFO - Sync 1 DAGs
[2025-10-30T17:52:24.537+0000] {logging_mixin.py:188} INFO - [2025-10-30T17:52:24.537+0000] {dag.py:3823} INFO - Setting next_dagrun for reddit_pipeline_dag to 2025-10-30 17:00:00+00:00, run_after=2025-10-30 18:00:00+00:00
[2025-10-30T17:52:24.550+0000] {processor.py:183} INFO - Processing /opt/airflow/dags/reddit_pipeline_dag.py took 0.064 seconds
[2025-10-30T17:52:54.700+0000] {processor.py:161} INFO - Started process (PID=1887) to work on /opt/airflow/dags/reddit_pipeline_dag.py
[2025-10-30T17:52:54.701+0000] {processor.py:830} INFO - Processing file /opt/airflow/dags/reddit_pipeline_dag.py for tasks to queue
[2025-10-30T17:52:54.702+0000] {logging_mixin.py:188} INFO - [2025-10-30T17:52:54.701+0000] {dagbag.py:538} INFO - Filling up the DagBag from /opt/airflow/dags/reddit_pipeline_dag.py
[2025-10-30T17:52:54.716+0000] {processor.py:840} INFO - DAG(s) 'reddit_pipeline_dag' retrieved from /opt/airflow/dags/reddit_pipeline_dag.py
[2025-10-30T17:52:54.737+0000] {logging_mixin.py:188} INFO - [2025-10-30T17:52:54.736+0000] {dag.py:3036} INFO - Sync 1 DAGs
[2025-10-30T17:52:54.752+0000] {logging_mixin.py:188} INFO - [2025-10-30T17:52:54.752+0000] {dag.py:3823} INFO - Setting next_dagrun for reddit_pipeline_dag to 2025-10-30 17:00:00+00:00, run_after=2025-10-30 18:00:00+00:00
[2025-10-30T17:52:54.767+0000] {processor.py:183} INFO - Processing /opt/airflow/dags/reddit_pipeline_dag.py took 0.069 seconds
[2025-10-30T17:53:24.950+0000] {processor.py:161} INFO - Started process (PID=1892) to work on /opt/airflow/dags/reddit_pipeline_dag.py
[2025-10-30T17:53:24.951+0000] {processor.py:830} INFO - Processing file /opt/airflow/dags/reddit_pipeline_dag.py for tasks to queue
[2025-10-30T17:53:24.952+0000] {logging_mixin.py:188} INFO - [2025-10-30T17:53:24.952+0000] {dagbag.py:538} INFO - Filling up the DagBag from /opt/airflow/dags/reddit_pipeline_dag.py
[2025-10-30T17:53:24.967+0000] {processor.py:840} INFO - DAG(s) 'reddit_pipeline_dag' retrieved from /opt/airflow/dags/reddit_pipeline_dag.py
[2025-10-30T17:53:24.988+0000] {logging_mixin.py:188} INFO - [2025-10-30T17:53:24.988+0000] {dag.py:3036} INFO - Sync 1 DAGs
[2025-10-30T17:53:25.003+0000] {logging_mixin.py:188} INFO - [2025-10-30T17:53:25.003+0000] {dag.py:3823} INFO - Setting next_dagrun for reddit_pipeline_dag to 2025-10-30 17:00:00+00:00, run_after=2025-10-30 18:00:00+00:00
[2025-10-30T17:53:25.019+0000] {processor.py:183} INFO - Processing /opt/airflow/dags/reddit_pipeline_dag.py took 0.071 seconds
[2025-10-30T17:53:55.192+0000] {processor.py:161} INFO - Started process (PID=1897) to work on /opt/airflow/dags/reddit_pipeline_dag.py
[2025-10-30T17:53:55.193+0000] {processor.py:830} INFO - Processing file /opt/airflow/dags/reddit_pipeline_dag.py for tasks to queue
[2025-10-30T17:53:55.194+0000] {logging_mixin.py:188} INFO - [2025-10-30T17:53:55.194+0000] {dagbag.py:538} INFO - Filling up the DagBag from /opt/airflow/dags/reddit_pipeline_dag.py
[2025-10-30T17:53:55.209+0000] {processor.py:840} INFO - DAG(s) 'reddit_pipeline_dag' retrieved from /opt/airflow/dags/reddit_pipeline_dag.py
[2025-10-30T17:53:55.228+0000] {logging_mixin.py:188} INFO - [2025-10-30T17:53:55.228+0000] {dag.py:3036} INFO - Sync 1 DAGs
[2025-10-30T17:53:55.243+0000] {logging_mixin.py:188} INFO - [2025-10-30T17:53:55.243+0000] {dag.py:3823} INFO - Setting next_dagrun for reddit_pipeline_dag to 2025-10-30 17:00:00+00:00, run_after=2025-10-30 18:00:00+00:00
[2025-10-30T17:53:55.258+0000] {processor.py:183} INFO - Processing /opt/airflow/dags/reddit_pipeline_dag.py took 0.068 seconds
[2025-10-30T17:54:25.421+0000] {processor.py:161} INFO - Started process (PID=1902) to work on /opt/airflow/dags/reddit_pipeline_dag.py
[2025-10-30T17:54:25.421+0000] {processor.py:830} INFO - Processing file /opt/airflow/dags/reddit_pipeline_dag.py for tasks to queue
[2025-10-30T17:54:25.422+0000] {logging_mixin.py:188} INFO - [2025-10-30T17:54:25.422+0000] {dagbag.py:538} INFO - Filling up the DagBag from /opt/airflow/dags/reddit_pipeline_dag.py
[2025-10-30T17:54:25.436+0000] {processor.py:840} INFO - DAG(s) 'reddit_pipeline_dag' retrieved from /opt/airflow/dags/reddit_pipeline_dag.py
[2025-10-30T17:54:25.455+0000] {logging_mixin.py:188} INFO - [2025-10-30T17:54:25.455+0000] {dag.py:3036} INFO - Sync 1 DAGs
[2025-10-30T17:54:25.470+0000] {logging_mixin.py:188} INFO - [2025-10-30T17:54:25.469+0000] {dag.py:3823} INFO - Setting next_dagrun for reddit_pipeline_dag to 2025-10-30 17:00:00+00:00, run_after=2025-10-30 18:00:00+00:00
[2025-10-30T17:54:25.484+0000] {processor.py:183} INFO - Processing /opt/airflow/dags/reddit_pipeline_dag.py took 0.066 seconds
[2025-10-30T17:54:55.645+0000] {processor.py:161} INFO - Started process (PID=1907) to work on /opt/airflow/dags/reddit_pipeline_dag.py
[2025-10-30T17:54:55.646+0000] {processor.py:830} INFO - Processing file /opt/airflow/dags/reddit_pipeline_dag.py for tasks to queue
[2025-10-30T17:54:55.647+0000] {logging_mixin.py:188} INFO - [2025-10-30T17:54:55.646+0000] {dagbag.py:538} INFO - Filling up the DagBag from /opt/airflow/dags/reddit_pipeline_dag.py
[2025-10-30T17:54:55.661+0000] {processor.py:840} INFO - DAG(s) 'reddit_pipeline_dag' retrieved from /opt/airflow/dags/reddit_pipeline_dag.py
[2025-10-30T17:54:55.681+0000] {logging_mixin.py:188} INFO - [2025-10-30T17:54:55.680+0000] {dag.py:3036} INFO - Sync 1 DAGs
[2025-10-30T17:54:55.697+0000] {logging_mixin.py:188} INFO - [2025-10-30T17:54:55.697+0000] {dag.py:3823} INFO - Setting next_dagrun for reddit_pipeline_dag to 2025-10-30 17:00:00+00:00, run_after=2025-10-30 18:00:00+00:00
[2025-10-30T17:54:55.712+0000] {processor.py:183} INFO - Processing /opt/airflow/dags/reddit_pipeline_dag.py took 0.070 seconds
[2025-10-30T17:55:25.926+0000] {processor.py:161} INFO - Started process (PID=1912) to work on /opt/airflow/dags/reddit_pipeline_dag.py
[2025-10-30T17:55:25.927+0000] {processor.py:830} INFO - Processing file /opt/airflow/dags/reddit_pipeline_dag.py for tasks to queue
[2025-10-30T17:55:25.927+0000] {logging_mixin.py:188} INFO - [2025-10-30T17:55:25.927+0000] {dagbag.py:538} INFO - Filling up the DagBag from /opt/airflow/dags/reddit_pipeline_dag.py
[2025-10-30T17:55:25.942+0000] {processor.py:840} INFO - DAG(s) 'reddit_pipeline_dag' retrieved from /opt/airflow/dags/reddit_pipeline_dag.py
[2025-10-30T17:55:25.962+0000] {logging_mixin.py:188} INFO - [2025-10-30T17:55:25.961+0000] {dag.py:3036} INFO - Sync 1 DAGs
[2025-10-30T17:55:25.977+0000] {logging_mixin.py:188} INFO - [2025-10-30T17:55:25.977+0000] {dag.py:3823} INFO - Setting next_dagrun for reddit_pipeline_dag to 2025-10-30 17:00:00+00:00, run_after=2025-10-30 18:00:00+00:00
[2025-10-30T17:55:25.990+0000] {processor.py:183} INFO - Processing /opt/airflow/dags/reddit_pipeline_dag.py took 0.066 seconds
[2025-10-30T17:55:56.155+0000] {processor.py:161} INFO - Started process (PID=1917) to work on /opt/airflow/dags/reddit_pipeline_dag.py
[2025-10-30T17:55:56.156+0000] {processor.py:830} INFO - Processing file /opt/airflow/dags/reddit_pipeline_dag.py for tasks to queue
[2025-10-30T17:55:56.157+0000] {logging_mixin.py:188} INFO - [2025-10-30T17:55:56.157+0000] {dagbag.py:538} INFO - Filling up the DagBag from /opt/airflow/dags/reddit_pipeline_dag.py
[2025-10-30T17:55:56.172+0000] {processor.py:840} INFO - DAG(s) 'reddit_pipeline_dag' retrieved from /opt/airflow/dags/reddit_pipeline_dag.py
[2025-10-30T17:55:56.193+0000] {logging_mixin.py:188} INFO - [2025-10-30T17:55:56.193+0000] {dag.py:3036} INFO - Sync 1 DAGs
[2025-10-30T17:55:56.210+0000] {logging_mixin.py:188} INFO - [2025-10-30T17:55:56.210+0000] {dag.py:3823} INFO - Setting next_dagrun for reddit_pipeline_dag to 2025-10-30 17:00:00+00:00, run_after=2025-10-30 18:00:00+00:00
[2025-10-30T17:55:56.227+0000] {processor.py:183} INFO - Processing /opt/airflow/dags/reddit_pipeline_dag.py took 0.075 seconds
[2025-10-30T17:56:26.409+0000] {processor.py:161} INFO - Started process (PID=1922) to work on /opt/airflow/dags/reddit_pipeline_dag.py
[2025-10-30T17:56:26.410+0000] {processor.py:830} INFO - Processing file /opt/airflow/dags/reddit_pipeline_dag.py for tasks to queue
[2025-10-30T17:56:26.411+0000] {logging_mixin.py:188} INFO - [2025-10-30T17:56:26.411+0000] {dagbag.py:538} INFO - Filling up the DagBag from /opt/airflow/dags/reddit_pipeline_dag.py
[2025-10-30T17:56:26.425+0000] {processor.py:840} INFO - DAG(s) 'reddit_pipeline_dag' retrieved from /opt/airflow/dags/reddit_pipeline_dag.py
[2025-10-30T17:56:26.443+0000] {logging_mixin.py:188} INFO - [2025-10-30T17:56:26.443+0000] {dag.py:3036} INFO - Sync 1 DAGs
[2025-10-30T17:56:26.462+0000] {logging_mixin.py:188} INFO - [2025-10-30T17:56:26.461+0000] {dag.py:3823} INFO - Setting next_dagrun for reddit_pipeline_dag to 2025-10-30 17:00:00+00:00, run_after=2025-10-30 18:00:00+00:00
[2025-10-30T17:56:26.477+0000] {processor.py:183} INFO - Processing /opt/airflow/dags/reddit_pipeline_dag.py took 0.070 seconds
[2025-10-30T17:56:56.646+0000] {processor.py:161} INFO - Started process (PID=1927) to work on /opt/airflow/dags/reddit_pipeline_dag.py
[2025-10-30T17:56:56.647+0000] {processor.py:830} INFO - Processing file /opt/airflow/dags/reddit_pipeline_dag.py for tasks to queue
[2025-10-30T17:56:56.648+0000] {logging_mixin.py:188} INFO - [2025-10-30T17:56:56.648+0000] {dagbag.py:538} INFO - Filling up the DagBag from /opt/airflow/dags/reddit_pipeline_dag.py
[2025-10-30T17:56:56.663+0000] {processor.py:840} INFO - DAG(s) 'reddit_pipeline_dag' retrieved from /opt/airflow/dags/reddit_pipeline_dag.py
[2025-10-30T17:56:56.686+0000] {logging_mixin.py:188} INFO - [2025-10-30T17:56:56.686+0000] {dag.py:3036} INFO - Sync 1 DAGs
[2025-10-30T17:56:56.705+0000] {logging_mixin.py:188} INFO - [2025-10-30T17:56:56.705+0000] {dag.py:3823} INFO - Setting next_dagrun for reddit_pipeline_dag to 2025-10-30 17:00:00+00:00, run_after=2025-10-30 18:00:00+00:00
[2025-10-30T17:56:56.724+0000] {processor.py:183} INFO - Processing /opt/airflow/dags/reddit_pipeline_dag.py took 0.079 seconds
[2025-10-30T17:57:26.869+0000] {processor.py:161} INFO - Started process (PID=1932) to work on /opt/airflow/dags/reddit_pipeline_dag.py
[2025-10-30T17:57:26.870+0000] {processor.py:830} INFO - Processing file /opt/airflow/dags/reddit_pipeline_dag.py for tasks to queue
[2025-10-30T17:57:26.871+0000] {logging_mixin.py:188} INFO - [2025-10-30T17:57:26.871+0000] {dagbag.py:538} INFO - Filling up the DagBag from /opt/airflow/dags/reddit_pipeline_dag.py
[2025-10-30T17:57:26.885+0000] {processor.py:840} INFO - DAG(s) 'reddit_pipeline_dag' retrieved from /opt/airflow/dags/reddit_pipeline_dag.py
[2025-10-30T17:57:26.903+0000] {logging_mixin.py:188} INFO - [2025-10-30T17:57:26.903+0000] {dag.py:3036} INFO - Sync 1 DAGs
[2025-10-30T17:57:26.918+0000] {logging_mixin.py:188} INFO - [2025-10-30T17:57:26.918+0000] {dag.py:3823} INFO - Setting next_dagrun for reddit_pipeline_dag to 2025-10-30 17:00:00+00:00, run_after=2025-10-30 18:00:00+00:00
[2025-10-30T17:57:26.933+0000] {processor.py:183} INFO - Processing /opt/airflow/dags/reddit_pipeline_dag.py took 0.066 seconds
[2025-10-30T17:57:57.110+0000] {processor.py:161} INFO - Started process (PID=1937) to work on /opt/airflow/dags/reddit_pipeline_dag.py
[2025-10-30T17:57:57.111+0000] {processor.py:830} INFO - Processing file /opt/airflow/dags/reddit_pipeline_dag.py for tasks to queue
[2025-10-30T17:57:57.112+0000] {logging_mixin.py:188} INFO - [2025-10-30T17:57:57.112+0000] {dagbag.py:538} INFO - Filling up the DagBag from /opt/airflow/dags/reddit_pipeline_dag.py
[2025-10-30T17:57:57.125+0000] {processor.py:840} INFO - DAG(s) 'reddit_pipeline_dag' retrieved from /opt/airflow/dags/reddit_pipeline_dag.py
[2025-10-30T17:57:57.144+0000] {logging_mixin.py:188} INFO - [2025-10-30T17:57:57.144+0000] {dag.py:3036} INFO - Sync 1 DAGs
[2025-10-30T17:57:57.160+0000] {logging_mixin.py:188} INFO - [2025-10-30T17:57:57.160+0000] {dag.py:3823} INFO - Setting next_dagrun for reddit_pipeline_dag to 2025-10-30 17:00:00+00:00, run_after=2025-10-30 18:00:00+00:00
[2025-10-30T17:57:57.173+0000] {processor.py:183} INFO - Processing /opt/airflow/dags/reddit_pipeline_dag.py took 0.065 seconds
[2025-10-30T17:58:27.378+0000] {processor.py:161} INFO - Started process (PID=1942) to work on /opt/airflow/dags/reddit_pipeline_dag.py
[2025-10-30T17:58:27.379+0000] {processor.py:830} INFO - Processing file /opt/airflow/dags/reddit_pipeline_dag.py for tasks to queue
[2025-10-30T17:58:27.380+0000] {logging_mixin.py:188} INFO - [2025-10-30T17:58:27.380+0000] {dagbag.py:538} INFO - Filling up the DagBag from /opt/airflow/dags/reddit_pipeline_dag.py
[2025-10-30T17:58:27.399+0000] {processor.py:840} INFO - DAG(s) 'reddit_pipeline_dag' retrieved from /opt/airflow/dags/reddit_pipeline_dag.py
[2025-10-30T17:58:27.423+0000] {logging_mixin.py:188} INFO - [2025-10-30T17:58:27.423+0000] {dag.py:3036} INFO - Sync 1 DAGs
[2025-10-30T17:58:27.448+0000] {logging_mixin.py:188} INFO - [2025-10-30T17:58:27.447+0000] {dag.py:3823} INFO - Setting next_dagrun for reddit_pipeline_dag to 2025-10-30 17:00:00+00:00, run_after=2025-10-30 18:00:00+00:00
[2025-10-30T17:58:27.466+0000] {processor.py:183} INFO - Processing /opt/airflow/dags/reddit_pipeline_dag.py took 0.090 seconds
[2025-10-30T17:58:57.592+0000] {processor.py:161} INFO - Started process (PID=1947) to work on /opt/airflow/dags/reddit_pipeline_dag.py
[2025-10-30T17:58:57.593+0000] {processor.py:830} INFO - Processing file /opt/airflow/dags/reddit_pipeline_dag.py for tasks to queue
[2025-10-30T17:58:57.595+0000] {logging_mixin.py:188} INFO - [2025-10-30T17:58:57.595+0000] {dagbag.py:538} INFO - Filling up the DagBag from /opt/airflow/dags/reddit_pipeline_dag.py
[2025-10-30T17:58:57.610+0000] {processor.py:840} INFO - DAG(s) 'reddit_pipeline_dag' retrieved from /opt/airflow/dags/reddit_pipeline_dag.py
[2025-10-30T17:58:57.631+0000] {logging_mixin.py:188} INFO - [2025-10-30T17:58:57.631+0000] {dag.py:3036} INFO - Sync 1 DAGs
[2025-10-30T17:58:57.647+0000] {logging_mixin.py:188} INFO - [2025-10-30T17:58:57.646+0000] {dag.py:3823} INFO - Setting next_dagrun for reddit_pipeline_dag to 2025-10-30 17:00:00+00:00, run_after=2025-10-30 18:00:00+00:00
[2025-10-30T17:58:57.662+0000] {processor.py:183} INFO - Processing /opt/airflow/dags/reddit_pipeline_dag.py took 0.072 seconds
[2025-10-30T17:59:27.857+0000] {processor.py:161} INFO - Started process (PID=1952) to work on /opt/airflow/dags/reddit_pipeline_dag.py
[2025-10-30T17:59:27.857+0000] {processor.py:830} INFO - Processing file /opt/airflow/dags/reddit_pipeline_dag.py for tasks to queue
[2025-10-30T17:59:27.858+0000] {logging_mixin.py:188} INFO - [2025-10-30T17:59:27.858+0000] {dagbag.py:538} INFO - Filling up the DagBag from /opt/airflow/dags/reddit_pipeline_dag.py
[2025-10-30T17:59:27.872+0000] {processor.py:840} INFO - DAG(s) 'reddit_pipeline_dag' retrieved from /opt/airflow/dags/reddit_pipeline_dag.py
[2025-10-30T17:59:27.891+0000] {logging_mixin.py:188} INFO - [2025-10-30T17:59:27.891+0000] {dag.py:3036} INFO - Sync 1 DAGs
[2025-10-30T17:59:27.906+0000] {logging_mixin.py:188} INFO - [2025-10-30T17:59:27.906+0000] {dag.py:3823} INFO - Setting next_dagrun for reddit_pipeline_dag to 2025-10-30 17:00:00+00:00, run_after=2025-10-30 18:00:00+00:00
[2025-10-30T17:59:27.920+0000] {processor.py:183} INFO - Processing /opt/airflow/dags/reddit_pipeline_dag.py took 0.065 seconds
[2025-10-30T17:59:58.087+0000] {processor.py:161} INFO - Started process (PID=1957) to work on /opt/airflow/dags/reddit_pipeline_dag.py
[2025-10-30T17:59:58.090+0000] {processor.py:830} INFO - Processing file /opt/airflow/dags/reddit_pipeline_dag.py for tasks to queue
[2025-10-30T17:59:58.091+0000] {logging_mixin.py:188} INFO - [2025-10-30T17:59:58.091+0000] {dagbag.py:538} INFO - Filling up the DagBag from /opt/airflow/dags/reddit_pipeline_dag.py
[2025-10-30T17:59:58.105+0000] {processor.py:840} INFO - DAG(s) 'reddit_pipeline_dag' retrieved from /opt/airflow/dags/reddit_pipeline_dag.py
[2025-10-30T17:59:58.125+0000] {logging_mixin.py:188} INFO - [2025-10-30T17:59:58.125+0000] {dag.py:3036} INFO - Sync 1 DAGs
[2025-10-30T17:59:58.142+0000] {logging_mixin.py:188} INFO - [2025-10-30T17:59:58.142+0000] {dag.py:3823} INFO - Setting next_dagrun for reddit_pipeline_dag to 2025-10-30 17:00:00+00:00, run_after=2025-10-30 18:00:00+00:00
[2025-10-30T17:59:58.159+0000] {processor.py:183} INFO - Processing /opt/airflow/dags/reddit_pipeline_dag.py took 0.075 seconds
[2025-10-30T18:00:28.298+0000] {processor.py:161} INFO - Started process (PID=2040) to work on /opt/airflow/dags/reddit_pipeline_dag.py
[2025-10-30T18:00:28.299+0000] {processor.py:830} INFO - Processing file /opt/airflow/dags/reddit_pipeline_dag.py for tasks to queue
[2025-10-30T18:00:28.300+0000] {logging_mixin.py:188} INFO - [2025-10-30T18:00:28.300+0000] {dagbag.py:538} INFO - Filling up the DagBag from /opt/airflow/dags/reddit_pipeline_dag.py
[2025-10-30T18:00:28.316+0000] {processor.py:840} INFO - DAG(s) 'reddit_pipeline_dag' retrieved from /opt/airflow/dags/reddit_pipeline_dag.py
[2025-10-30T18:00:28.337+0000] {logging_mixin.py:188} INFO - [2025-10-30T18:00:28.336+0000] {dag.py:3036} INFO - Sync 1 DAGs
[2025-10-30T18:00:28.368+0000] {processor.py:183} INFO - Processing /opt/airflow/dags/reddit_pipeline_dag.py took 0.072 seconds
[2025-10-30T18:00:58.561+0000] {processor.py:161} INFO - Started process (PID=2045) to work on /opt/airflow/dags/reddit_pipeline_dag.py
[2025-10-30T18:00:58.562+0000] {processor.py:830} INFO - Processing file /opt/airflow/dags/reddit_pipeline_dag.py for tasks to queue
[2025-10-30T18:00:58.563+0000] {logging_mixin.py:188} INFO - [2025-10-30T18:00:58.563+0000] {dagbag.py:538} INFO - Filling up the DagBag from /opt/airflow/dags/reddit_pipeline_dag.py
[2025-10-30T18:00:58.584+0000] {processor.py:840} INFO - DAG(s) 'reddit_pipeline_dag' retrieved from /opt/airflow/dags/reddit_pipeline_dag.py
[2025-10-30T18:00:58.608+0000] {logging_mixin.py:188} INFO - [2025-10-30T18:00:58.608+0000] {dag.py:3036} INFO - Sync 1 DAGs
[2025-10-30T18:00:58.637+0000] {processor.py:183} INFO - Processing /opt/airflow/dags/reddit_pipeline_dag.py took 0.078 seconds
[2025-10-30T18:01:28.788+0000] {processor.py:161} INFO - Started process (PID=2050) to work on /opt/airflow/dags/reddit_pipeline_dag.py
[2025-10-30T18:01:28.789+0000] {processor.py:830} INFO - Processing file /opt/airflow/dags/reddit_pipeline_dag.py for tasks to queue
[2025-10-30T18:01:28.790+0000] {logging_mixin.py:188} INFO - [2025-10-30T18:01:28.789+0000] {dagbag.py:538} INFO - Filling up the DagBag from /opt/airflow/dags/reddit_pipeline_dag.py
[2025-10-30T18:01:28.817+0000] {processor.py:840} INFO - DAG(s) 'reddit_pipeline_dag' retrieved from /opt/airflow/dags/reddit_pipeline_dag.py
[2025-10-30T18:01:28.842+0000] {logging_mixin.py:188} INFO - [2025-10-30T18:01:28.842+0000] {dag.py:3036} INFO - Sync 1 DAGs
[2025-10-30T18:01:28.872+0000] {processor.py:183} INFO - Processing /opt/airflow/dags/reddit_pipeline_dag.py took 0.087 seconds
[2025-10-30T18:01:59.007+0000] {processor.py:161} INFO - Started process (PID=2055) to work on /opt/airflow/dags/reddit_pipeline_dag.py
[2025-10-30T18:01:59.008+0000] {processor.py:830} INFO - Processing file /opt/airflow/dags/reddit_pipeline_dag.py for tasks to queue
[2025-10-30T18:01:59.009+0000] {logging_mixin.py:188} INFO - [2025-10-30T18:01:59.008+0000] {dagbag.py:538} INFO - Filling up the DagBag from /opt/airflow/dags/reddit_pipeline_dag.py
[2025-10-30T18:01:59.023+0000] {processor.py:840} INFO - DAG(s) 'reddit_pipeline_dag' retrieved from /opt/airflow/dags/reddit_pipeline_dag.py
[2025-10-30T18:01:59.044+0000] {logging_mixin.py:188} INFO - [2025-10-30T18:01:59.044+0000] {dag.py:3036} INFO - Sync 1 DAGs
[2025-10-30T18:01:59.073+0000] {processor.py:183} INFO - Processing /opt/airflow/dags/reddit_pipeline_dag.py took 0.069 seconds
[2025-10-30T18:02:29.301+0000] {processor.py:161} INFO - Started process (PID=2060) to work on /opt/airflow/dags/reddit_pipeline_dag.py
[2025-10-30T18:02:29.302+0000] {processor.py:830} INFO - Processing file /opt/airflow/dags/reddit_pipeline_dag.py for tasks to queue
[2025-10-30T18:02:29.303+0000] {logging_mixin.py:188} INFO - [2025-10-30T18:02:29.302+0000] {dagbag.py:538} INFO - Filling up the DagBag from /opt/airflow/dags/reddit_pipeline_dag.py
[2025-10-30T18:02:29.316+0000] {processor.py:840} INFO - DAG(s) 'reddit_pipeline_dag' retrieved from /opt/airflow/dags/reddit_pipeline_dag.py
[2025-10-30T18:02:29.340+0000] {logging_mixin.py:188} INFO - [2025-10-30T18:02:29.340+0000] {dag.py:3036} INFO - Sync 1 DAGs
[2025-10-30T18:02:29.395+0000] {processor.py:183} INFO - Processing /opt/airflow/dags/reddit_pipeline_dag.py took 0.098 seconds
[2025-10-30T18:02:59.522+0000] {processor.py:161} INFO - Started process (PID=2065) to work on /opt/airflow/dags/reddit_pipeline_dag.py
[2025-10-30T18:02:59.523+0000] {processor.py:830} INFO - Processing file /opt/airflow/dags/reddit_pipeline_dag.py for tasks to queue
[2025-10-30T18:02:59.524+0000] {logging_mixin.py:188} INFO - [2025-10-30T18:02:59.524+0000] {dagbag.py:538} INFO - Filling up the DagBag from /opt/airflow/dags/reddit_pipeline_dag.py
[2025-10-30T18:02:59.537+0000] {processor.py:840} INFO - DAG(s) 'reddit_pipeline_dag' retrieved from /opt/airflow/dags/reddit_pipeline_dag.py
[2025-10-30T18:02:59.556+0000] {logging_mixin.py:188} INFO - [2025-10-30T18:02:59.556+0000] {dag.py:3036} INFO - Sync 1 DAGs
[2025-10-30T18:02:59.586+0000] {processor.py:183} INFO - Processing /opt/airflow/dags/reddit_pipeline_dag.py took 0.066 seconds
[2025-10-30T18:03:29.765+0000] {processor.py:161} INFO - Started process (PID=2070) to work on /opt/airflow/dags/reddit_pipeline_dag.py
[2025-10-30T18:03:29.765+0000] {processor.py:830} INFO - Processing file /opt/airflow/dags/reddit_pipeline_dag.py for tasks to queue
[2025-10-30T18:03:29.766+0000] {logging_mixin.py:188} INFO - [2025-10-30T18:03:29.766+0000] {dagbag.py:538} INFO - Filling up the DagBag from /opt/airflow/dags/reddit_pipeline_dag.py
[2025-10-30T18:03:29.780+0000] {processor.py:840} INFO - DAG(s) 'reddit_pipeline_dag' retrieved from /opt/airflow/dags/reddit_pipeline_dag.py
[2025-10-30T18:03:29.802+0000] {logging_mixin.py:188} INFO - [2025-10-30T18:03:29.801+0000] {dag.py:3036} INFO - Sync 1 DAGs
[2025-10-30T18:03:29.830+0000] {processor.py:183} INFO - Processing /opt/airflow/dags/reddit_pipeline_dag.py took 0.068 seconds
[2025-10-30T18:03:59.975+0000] {processor.py:161} INFO - Started process (PID=2075) to work on /opt/airflow/dags/reddit_pipeline_dag.py
[2025-10-30T18:03:59.976+0000] {processor.py:830} INFO - Processing file /opt/airflow/dags/reddit_pipeline_dag.py for tasks to queue
[2025-10-30T18:03:59.977+0000] {logging_mixin.py:188} INFO - [2025-10-30T18:03:59.977+0000] {dagbag.py:538} INFO - Filling up the DagBag from /opt/airflow/dags/reddit_pipeline_dag.py
[2025-10-30T18:03:59.991+0000] {processor.py:840} INFO - DAG(s) 'reddit_pipeline_dag' retrieved from /opt/airflow/dags/reddit_pipeline_dag.py
[2025-10-30T18:04:00.013+0000] {logging_mixin.py:188} INFO - [2025-10-30T18:04:00.013+0000] {dag.py:3036} INFO - Sync 1 DAGs
[2025-10-30T18:04:00.045+0000] {processor.py:183} INFO - Processing /opt/airflow/dags/reddit_pipeline_dag.py took 0.072 seconds
[2025-10-30T18:04:30.247+0000] {processor.py:161} INFO - Started process (PID=2080) to work on /opt/airflow/dags/reddit_pipeline_dag.py
[2025-10-30T18:04:30.248+0000] {processor.py:830} INFO - Processing file /opt/airflow/dags/reddit_pipeline_dag.py for tasks to queue
[2025-10-30T18:04:30.249+0000] {logging_mixin.py:188} INFO - [2025-10-30T18:04:30.249+0000] {dagbag.py:538} INFO - Filling up the DagBag from /opt/airflow/dags/reddit_pipeline_dag.py
[2025-10-30T18:04:30.263+0000] {processor.py:840} INFO - DAG(s) 'reddit_pipeline_dag' retrieved from /opt/airflow/dags/reddit_pipeline_dag.py
[2025-10-30T18:04:30.282+0000] {logging_mixin.py:188} INFO - [2025-10-30T18:04:30.282+0000] {dag.py:3036} INFO - Sync 1 DAGs
[2025-10-30T18:04:30.311+0000] {processor.py:183} INFO - Processing /opt/airflow/dags/reddit_pipeline_dag.py took 0.066 seconds
[2025-10-30T18:05:00.482+0000] {processor.py:161} INFO - Started process (PID=2085) to work on /opt/airflow/dags/reddit_pipeline_dag.py
[2025-10-30T18:05:00.483+0000] {processor.py:830} INFO - Processing file /opt/airflow/dags/reddit_pipeline_dag.py for tasks to queue
[2025-10-30T18:05:00.484+0000] {logging_mixin.py:188} INFO - [2025-10-30T18:05:00.484+0000] {dagbag.py:538} INFO - Filling up the DagBag from /opt/airflow/dags/reddit_pipeline_dag.py
[2025-10-30T18:05:00.502+0000] {processor.py:840} INFO - DAG(s) 'reddit_pipeline_dag' retrieved from /opt/airflow/dags/reddit_pipeline_dag.py
[2025-10-30T18:05:00.526+0000] {logging_mixin.py:188} INFO - [2025-10-30T18:05:00.525+0000] {dag.py:3036} INFO - Sync 1 DAGs
[2025-10-30T18:05:00.555+0000] {processor.py:183} INFO - Processing /opt/airflow/dags/reddit_pipeline_dag.py took 0.075 seconds
[2025-10-30T18:05:30.729+0000] {processor.py:161} INFO - Started process (PID=2116) to work on /opt/airflow/dags/reddit_pipeline_dag.py
[2025-10-30T18:05:30.730+0000] {processor.py:830} INFO - Processing file /opt/airflow/dags/reddit_pipeline_dag.py for tasks to queue
[2025-10-30T18:05:30.731+0000] {logging_mixin.py:188} INFO - [2025-10-30T18:05:30.731+0000] {dagbag.py:538} INFO - Filling up the DagBag from /opt/airflow/dags/reddit_pipeline_dag.py
[2025-10-30T18:05:30.755+0000] {processor.py:840} INFO - DAG(s) 'reddit_pipeline_dag' retrieved from /opt/airflow/dags/reddit_pipeline_dag.py
[2025-10-30T18:05:30.775+0000] {logging_mixin.py:188} INFO - [2025-10-30T18:05:30.775+0000] {dag.py:3036} INFO - Sync 1 DAGs
[2025-10-30T18:05:30.790+0000] {logging_mixin.py:188} INFO - [2025-10-30T18:05:30.790+0000] {dag.py:3823} INFO - Setting next_dagrun for reddit_pipeline_dag to 2025-10-30 18:00:00+00:00, run_after=2025-10-30 19:00:00+00:00
[2025-10-30T18:05:30.804+0000] {processor.py:183} INFO - Processing /opt/airflow/dags/reddit_pipeline_dag.py took 0.077 seconds
[2025-10-30T18:06:00.961+0000] {processor.py:161} INFO - Started process (PID=2121) to work on /opt/airflow/dags/reddit_pipeline_dag.py
[2025-10-30T18:06:00.962+0000] {processor.py:830} INFO - Processing file /opt/airflow/dags/reddit_pipeline_dag.py for tasks to queue
[2025-10-30T18:06:00.963+0000] {logging_mixin.py:188} INFO - [2025-10-30T18:06:00.962+0000] {dagbag.py:538} INFO - Filling up the DagBag from /opt/airflow/dags/reddit_pipeline_dag.py
[2025-10-30T18:06:00.976+0000] {processor.py:840} INFO - DAG(s) 'reddit_pipeline_dag' retrieved from /opt/airflow/dags/reddit_pipeline_dag.py
[2025-10-30T18:06:00.994+0000] {logging_mixin.py:188} INFO - [2025-10-30T18:06:00.994+0000] {dag.py:3036} INFO - Sync 1 DAGs
[2025-10-30T18:06:01.011+0000] {logging_mixin.py:188} INFO - [2025-10-30T18:06:01.011+0000] {dag.py:3823} INFO - Setting next_dagrun for reddit_pipeline_dag to 2025-10-30 18:00:00+00:00, run_after=2025-10-30 19:00:00+00:00
[2025-10-30T18:06:01.025+0000] {processor.py:183} INFO - Processing /opt/airflow/dags/reddit_pipeline_dag.py took 0.067 seconds
[2025-10-30T18:06:31.216+0000] {processor.py:161} INFO - Started process (PID=2126) to work on /opt/airflow/dags/reddit_pipeline_dag.py
[2025-10-30T18:06:31.217+0000] {processor.py:830} INFO - Processing file /opt/airflow/dags/reddit_pipeline_dag.py for tasks to queue
[2025-10-30T18:06:31.218+0000] {logging_mixin.py:188} INFO - [2025-10-30T18:06:31.218+0000] {dagbag.py:538} INFO - Filling up the DagBag from /opt/airflow/dags/reddit_pipeline_dag.py
[2025-10-30T18:06:31.234+0000] {processor.py:840} INFO - DAG(s) 'reddit_pipeline_dag' retrieved from /opt/airflow/dags/reddit_pipeline_dag.py
[2025-10-30T18:06:31.257+0000] {logging_mixin.py:188} INFO - [2025-10-30T18:06:31.257+0000] {dag.py:3036} INFO - Sync 1 DAGs
[2025-10-30T18:06:31.275+0000] {logging_mixin.py:188} INFO - [2025-10-30T18:06:31.274+0000] {dag.py:3823} INFO - Setting next_dagrun for reddit_pipeline_dag to 2025-10-30 18:00:00+00:00, run_after=2025-10-30 19:00:00+00:00
[2025-10-30T18:06:31.290+0000] {processor.py:183} INFO - Processing /opt/airflow/dags/reddit_pipeline_dag.py took 0.076 seconds
[2025-10-30T18:07:01.450+0000] {processor.py:161} INFO - Started process (PID=2131) to work on /opt/airflow/dags/reddit_pipeline_dag.py
[2025-10-30T18:07:01.451+0000] {processor.py:830} INFO - Processing file /opt/airflow/dags/reddit_pipeline_dag.py for tasks to queue
[2025-10-30T18:07:01.452+0000] {logging_mixin.py:188} INFO - [2025-10-30T18:07:01.452+0000] {dagbag.py:538} INFO - Filling up the DagBag from /opt/airflow/dags/reddit_pipeline_dag.py
[2025-10-30T18:07:01.466+0000] {processor.py:840} INFO - DAG(s) 'reddit_pipeline_dag' retrieved from /opt/airflow/dags/reddit_pipeline_dag.py
[2025-10-30T18:07:01.485+0000] {logging_mixin.py:188} INFO - [2025-10-30T18:07:01.484+0000] {dag.py:3036} INFO - Sync 1 DAGs
[2025-10-30T18:07:01.500+0000] {logging_mixin.py:188} INFO - [2025-10-30T18:07:01.500+0000] {dag.py:3823} INFO - Setting next_dagrun for reddit_pipeline_dag to 2025-10-30 18:00:00+00:00, run_after=2025-10-30 19:00:00+00:00
[2025-10-30T18:07:01.520+0000] {processor.py:183} INFO - Processing /opt/airflow/dags/reddit_pipeline_dag.py took 0.072 seconds
[2025-10-30T18:07:31.682+0000] {processor.py:161} INFO - Started process (PID=2136) to work on /opt/airflow/dags/reddit_pipeline_dag.py
[2025-10-30T18:07:31.683+0000] {processor.py:830} INFO - Processing file /opt/airflow/dags/reddit_pipeline_dag.py for tasks to queue
[2025-10-30T18:07:31.684+0000] {logging_mixin.py:188} INFO - [2025-10-30T18:07:31.684+0000] {dagbag.py:538} INFO - Filling up the DagBag from /opt/airflow/dags/reddit_pipeline_dag.py
[2025-10-30T18:07:31.699+0000] {processor.py:840} INFO - DAG(s) 'reddit_pipeline_dag' retrieved from /opt/airflow/dags/reddit_pipeline_dag.py
[2025-10-30T18:07:31.727+0000] {logging_mixin.py:188} INFO - [2025-10-30T18:07:31.727+0000] {dag.py:3036} INFO - Sync 1 DAGs
[2025-10-30T18:07:31.750+0000] {logging_mixin.py:188} INFO - [2025-10-30T18:07:31.750+0000] {dag.py:3823} INFO - Setting next_dagrun for reddit_pipeline_dag to 2025-10-30 18:00:00+00:00, run_after=2025-10-30 19:00:00+00:00
[2025-10-30T18:07:31.765+0000] {processor.py:183} INFO - Processing /opt/airflow/dags/reddit_pipeline_dag.py took 0.085 seconds
[2025-10-30T18:08:01.894+0000] {processor.py:161} INFO - Started process (PID=2141) to work on /opt/airflow/dags/reddit_pipeline_dag.py
[2025-10-30T18:08:01.895+0000] {processor.py:830} INFO - Processing file /opt/airflow/dags/reddit_pipeline_dag.py for tasks to queue
[2025-10-30T18:08:01.896+0000] {logging_mixin.py:188} INFO - [2025-10-30T18:08:01.896+0000] {dagbag.py:538} INFO - Filling up the DagBag from /opt/airflow/dags/reddit_pipeline_dag.py
[2025-10-30T18:08:01.910+0000] {processor.py:840} INFO - DAG(s) 'reddit_pipeline_dag' retrieved from /opt/airflow/dags/reddit_pipeline_dag.py
[2025-10-30T18:08:01.931+0000] {logging_mixin.py:188} INFO - [2025-10-30T18:08:01.931+0000] {dag.py:3036} INFO - Sync 1 DAGs
[2025-10-30T18:08:01.947+0000] {logging_mixin.py:188} INFO - [2025-10-30T18:08:01.947+0000] {dag.py:3823} INFO - Setting next_dagrun for reddit_pipeline_dag to 2025-10-30 18:00:00+00:00, run_after=2025-10-30 19:00:00+00:00
[2025-10-30T18:08:01.960+0000] {processor.py:183} INFO - Processing /opt/airflow/dags/reddit_pipeline_dag.py took 0.069 seconds
[2025-10-30T18:08:32.160+0000] {processor.py:161} INFO - Started process (PID=2146) to work on /opt/airflow/dags/reddit_pipeline_dag.py
[2025-10-30T18:08:32.161+0000] {processor.py:830} INFO - Processing file /opt/airflow/dags/reddit_pipeline_dag.py for tasks to queue
[2025-10-30T18:08:32.162+0000] {logging_mixin.py:188} INFO - [2025-10-30T18:08:32.162+0000] {dagbag.py:538} INFO - Filling up the DagBag from /opt/airflow/dags/reddit_pipeline_dag.py
[2025-10-30T18:08:32.175+0000] {processor.py:840} INFO - DAG(s) 'reddit_pipeline_dag' retrieved from /opt/airflow/dags/reddit_pipeline_dag.py
[2025-10-30T18:08:32.193+0000] {logging_mixin.py:188} INFO - [2025-10-30T18:08:32.193+0000] {dag.py:3036} INFO - Sync 1 DAGs
[2025-10-30T18:08:32.208+0000] {logging_mixin.py:188} INFO - [2025-10-30T18:08:32.208+0000] {dag.py:3823} INFO - Setting next_dagrun for reddit_pipeline_dag to 2025-10-30 18:00:00+00:00, run_after=2025-10-30 19:00:00+00:00
[2025-10-30T18:08:32.223+0000] {processor.py:183} INFO - Processing /opt/airflow/dags/reddit_pipeline_dag.py took 0.065 seconds
[2025-10-30T18:09:02.356+0000] {processor.py:161} INFO - Started process (PID=2151) to work on /opt/airflow/dags/reddit_pipeline_dag.py
[2025-10-30T18:09:02.357+0000] {processor.py:830} INFO - Processing file /opt/airflow/dags/reddit_pipeline_dag.py for tasks to queue
[2025-10-30T18:09:02.358+0000] {logging_mixin.py:188} INFO - [2025-10-30T18:09:02.357+0000] {dagbag.py:538} INFO - Filling up the DagBag from /opt/airflow/dags/reddit_pipeline_dag.py
[2025-10-30T18:09:02.372+0000] {processor.py:840} INFO - DAG(s) 'reddit_pipeline_dag' retrieved from /opt/airflow/dags/reddit_pipeline_dag.py
[2025-10-30T18:09:02.391+0000] {logging_mixin.py:188} INFO - [2025-10-30T18:09:02.391+0000] {dag.py:3036} INFO - Sync 1 DAGs
[2025-10-30T18:09:02.407+0000] {logging_mixin.py:188} INFO - [2025-10-30T18:09:02.406+0000] {dag.py:3823} INFO - Setting next_dagrun for reddit_pipeline_dag to 2025-10-30 18:00:00+00:00, run_after=2025-10-30 19:00:00+00:00
[2025-10-30T18:09:02.421+0000] {processor.py:183} INFO - Processing /opt/airflow/dags/reddit_pipeline_dag.py took 0.067 seconds
[2025-10-30T18:09:32.638+0000] {processor.py:161} INFO - Started process (PID=2156) to work on /opt/airflow/dags/reddit_pipeline_dag.py
[2025-10-30T18:09:32.639+0000] {processor.py:830} INFO - Processing file /opt/airflow/dags/reddit_pipeline_dag.py for tasks to queue
[2025-10-30T18:09:32.640+0000] {logging_mixin.py:188} INFO - [2025-10-30T18:09:32.639+0000] {dagbag.py:538} INFO - Filling up the DagBag from /opt/airflow/dags/reddit_pipeline_dag.py
[2025-10-30T18:09:32.659+0000] {processor.py:840} INFO - DAG(s) 'reddit_pipeline_dag' retrieved from /opt/airflow/dags/reddit_pipeline_dag.py
[2025-10-30T18:09:32.684+0000] {logging_mixin.py:188} INFO - [2025-10-30T18:09:32.684+0000] {dag.py:3036} INFO - Sync 1 DAGs
[2025-10-30T18:09:32.702+0000] {logging_mixin.py:188} INFO - [2025-10-30T18:09:32.702+0000] {dag.py:3823} INFO - Setting next_dagrun for reddit_pipeline_dag to 2025-10-30 18:00:00+00:00, run_after=2025-10-30 19:00:00+00:00
[2025-10-30T18:09:32.719+0000] {processor.py:183} INFO - Processing /opt/airflow/dags/reddit_pipeline_dag.py took 0.084 seconds
[2025-10-30T18:10:02.875+0000] {processor.py:161} INFO - Started process (PID=2161) to work on /opt/airflow/dags/reddit_pipeline_dag.py
[2025-10-30T18:10:02.876+0000] {processor.py:830} INFO - Processing file /opt/airflow/dags/reddit_pipeline_dag.py for tasks to queue
[2025-10-30T18:10:02.877+0000] {logging_mixin.py:188} INFO - [2025-10-30T18:10:02.877+0000] {dagbag.py:538} INFO - Filling up the DagBag from /opt/airflow/dags/reddit_pipeline_dag.py
[2025-10-30T18:10:02.891+0000] {processor.py:840} INFO - DAG(s) 'reddit_pipeline_dag' retrieved from /opt/airflow/dags/reddit_pipeline_dag.py
[2025-10-30T18:10:02.911+0000] {logging_mixin.py:188} INFO - [2025-10-30T18:10:02.911+0000] {dag.py:3036} INFO - Sync 1 DAGs
[2025-10-30T18:10:02.928+0000] {logging_mixin.py:188} INFO - [2025-10-30T18:10:02.928+0000] {dag.py:3823} INFO - Setting next_dagrun for reddit_pipeline_dag to 2025-10-30 18:00:00+00:00, run_after=2025-10-30 19:00:00+00:00
[2025-10-30T18:10:02.944+0000] {processor.py:183} INFO - Processing /opt/airflow/dags/reddit_pipeline_dag.py took 0.071 seconds
[2025-10-30T18:10:33.148+0000] {processor.py:161} INFO - Started process (PID=2166) to work on /opt/airflow/dags/reddit_pipeline_dag.py
[2025-10-30T18:10:33.148+0000] {processor.py:830} INFO - Processing file /opt/airflow/dags/reddit_pipeline_dag.py for tasks to queue
[2025-10-30T18:10:33.149+0000] {logging_mixin.py:188} INFO - [2025-10-30T18:10:33.149+0000] {dagbag.py:538} INFO - Filling up the DagBag from /opt/airflow/dags/reddit_pipeline_dag.py
[2025-10-30T18:10:33.162+0000] {processor.py:840} INFO - DAG(s) 'reddit_pipeline_dag' retrieved from /opt/airflow/dags/reddit_pipeline_dag.py
[2025-10-30T18:10:33.181+0000] {logging_mixin.py:188} INFO - [2025-10-30T18:10:33.180+0000] {dag.py:3036} INFO - Sync 1 DAGs
[2025-10-30T18:10:33.195+0000] {logging_mixin.py:188} INFO - [2025-10-30T18:10:33.195+0000] {dag.py:3823} INFO - Setting next_dagrun for reddit_pipeline_dag to 2025-10-30 18:00:00+00:00, run_after=2025-10-30 19:00:00+00:00
[2025-10-30T18:10:33.210+0000] {processor.py:183} INFO - Processing /opt/airflow/dags/reddit_pipeline_dag.py took 0.064 seconds
[2025-10-30T18:11:03.404+0000] {processor.py:161} INFO - Started process (PID=2171) to work on /opt/airflow/dags/reddit_pipeline_dag.py
[2025-10-30T18:11:03.405+0000] {processor.py:830} INFO - Processing file /opt/airflow/dags/reddit_pipeline_dag.py for tasks to queue
[2025-10-30T18:11:03.407+0000] {logging_mixin.py:188} INFO - [2025-10-30T18:11:03.406+0000] {dagbag.py:538} INFO - Filling up the DagBag from /opt/airflow/dags/reddit_pipeline_dag.py
[2025-10-30T18:11:03.426+0000] {processor.py:840} INFO - DAG(s) 'reddit_pipeline_dag' retrieved from /opt/airflow/dags/reddit_pipeline_dag.py
[2025-10-30T18:11:03.445+0000] {logging_mixin.py:188} INFO - [2025-10-30T18:11:03.445+0000] {dag.py:3036} INFO - Sync 1 DAGs
[2025-10-30T18:11:03.461+0000] {logging_mixin.py:188} INFO - [2025-10-30T18:11:03.460+0000] {dag.py:3823} INFO - Setting next_dagrun for reddit_pipeline_dag to 2025-10-30 18:00:00+00:00, run_after=2025-10-30 19:00:00+00:00
[2025-10-30T18:11:03.476+0000] {processor.py:183} INFO - Processing /opt/airflow/dags/reddit_pipeline_dag.py took 0.075 seconds
[2025-10-30T18:11:33.671+0000] {processor.py:161} INFO - Started process (PID=2176) to work on /opt/airflow/dags/reddit_pipeline_dag.py
[2025-10-30T18:11:33.672+0000] {processor.py:830} INFO - Processing file /opt/airflow/dags/reddit_pipeline_dag.py for tasks to queue
[2025-10-30T18:11:33.673+0000] {logging_mixin.py:188} INFO - [2025-10-30T18:11:33.673+0000] {dagbag.py:538} INFO - Filling up the DagBag from /opt/airflow/dags/reddit_pipeline_dag.py
[2025-10-30T18:11:33.688+0000] {processor.py:840} INFO - DAG(s) 'reddit_pipeline_dag' retrieved from /opt/airflow/dags/reddit_pipeline_dag.py
[2025-10-30T18:11:33.708+0000] {logging_mixin.py:188} INFO - [2025-10-30T18:11:33.708+0000] {dag.py:3036} INFO - Sync 1 DAGs
[2025-10-30T18:11:33.723+0000] {logging_mixin.py:188} INFO - [2025-10-30T18:11:33.722+0000] {dag.py:3823} INFO - Setting next_dagrun for reddit_pipeline_dag to 2025-10-30 18:00:00+00:00, run_after=2025-10-30 19:00:00+00:00
[2025-10-30T18:11:33.738+0000] {processor.py:183} INFO - Processing /opt/airflow/dags/reddit_pipeline_dag.py took 0.069 seconds
[2025-10-30T18:12:03.916+0000] {processor.py:161} INFO - Started process (PID=2181) to work on /opt/airflow/dags/reddit_pipeline_dag.py
[2025-10-30T18:12:03.917+0000] {processor.py:830} INFO - Processing file /opt/airflow/dags/reddit_pipeline_dag.py for tasks to queue
[2025-10-30T18:12:03.918+0000] {logging_mixin.py:188} INFO - [2025-10-30T18:12:03.918+0000] {dagbag.py:538} INFO - Filling up the DagBag from /opt/airflow/dags/reddit_pipeline_dag.py
[2025-10-30T18:12:03.931+0000] {processor.py:840} INFO - DAG(s) 'reddit_pipeline_dag' retrieved from /opt/airflow/dags/reddit_pipeline_dag.py
[2025-10-30T18:12:03.951+0000] {logging_mixin.py:188} INFO - [2025-10-30T18:12:03.951+0000] {dag.py:3036} INFO - Sync 1 DAGs
[2025-10-30T18:12:03.966+0000] {logging_mixin.py:188} INFO - [2025-10-30T18:12:03.966+0000] {dag.py:3823} INFO - Setting next_dagrun for reddit_pipeline_dag to 2025-10-30 18:00:00+00:00, run_after=2025-10-30 19:00:00+00:00
[2025-10-30T18:12:03.982+0000] {processor.py:183} INFO - Processing /opt/airflow/dags/reddit_pipeline_dag.py took 0.067 seconds
[2025-10-30T18:12:34.131+0000] {processor.py:161} INFO - Started process (PID=2186) to work on /opt/airflow/dags/reddit_pipeline_dag.py
[2025-10-30T18:12:34.131+0000] {processor.py:830} INFO - Processing file /opt/airflow/dags/reddit_pipeline_dag.py for tasks to queue
[2025-10-30T18:12:34.132+0000] {logging_mixin.py:188} INFO - [2025-10-30T18:12:34.132+0000] {dagbag.py:538} INFO - Filling up the DagBag from /opt/airflow/dags/reddit_pipeline_dag.py
[2025-10-30T18:12:34.146+0000] {processor.py:840} INFO - DAG(s) 'reddit_pipeline_dag' retrieved from /opt/airflow/dags/reddit_pipeline_dag.py
[2025-10-30T18:12:34.167+0000] {logging_mixin.py:188} INFO - [2025-10-30T18:12:34.167+0000] {dag.py:3036} INFO - Sync 1 DAGs
[2025-10-30T18:12:34.184+0000] {logging_mixin.py:188} INFO - [2025-10-30T18:12:34.184+0000] {dag.py:3823} INFO - Setting next_dagrun for reddit_pipeline_dag to 2025-10-30 18:00:00+00:00, run_after=2025-10-30 19:00:00+00:00
[2025-10-30T18:12:34.198+0000] {processor.py:183} INFO - Processing /opt/airflow/dags/reddit_pipeline_dag.py took 0.070 seconds
[2025-10-30T18:13:04.413+0000] {processor.py:161} INFO - Started process (PID=2191) to work on /opt/airflow/dags/reddit_pipeline_dag.py
[2025-10-30T18:13:04.414+0000] {processor.py:830} INFO - Processing file /opt/airflow/dags/reddit_pipeline_dag.py for tasks to queue
[2025-10-30T18:13:04.415+0000] {logging_mixin.py:188} INFO - [2025-10-30T18:13:04.415+0000] {dagbag.py:538} INFO - Filling up the DagBag from /opt/airflow/dags/reddit_pipeline_dag.py
[2025-10-30T18:13:04.428+0000] {processor.py:840} INFO - DAG(s) 'reddit_pipeline_dag' retrieved from /opt/airflow/dags/reddit_pipeline_dag.py
[2025-10-30T18:13:04.447+0000] {logging_mixin.py:188} INFO - [2025-10-30T18:13:04.447+0000] {dag.py:3036} INFO - Sync 1 DAGs
[2025-10-30T18:13:04.462+0000] {logging_mixin.py:188} INFO - [2025-10-30T18:13:04.462+0000] {dag.py:3823} INFO - Setting next_dagrun for reddit_pipeline_dag to 2025-10-30 18:00:00+00:00, run_after=2025-10-30 19:00:00+00:00
[2025-10-30T18:13:04.477+0000] {processor.py:183} INFO - Processing /opt/airflow/dags/reddit_pipeline_dag.py took 0.066 seconds
[2025-10-30T18:13:34.658+0000] {processor.py:161} INFO - Started process (PID=2196) to work on /opt/airflow/dags/reddit_pipeline_dag.py
[2025-10-30T18:13:34.659+0000] {processor.py:830} INFO - Processing file /opt/airflow/dags/reddit_pipeline_dag.py for tasks to queue
[2025-10-30T18:13:34.660+0000] {logging_mixin.py:188} INFO - [2025-10-30T18:13:34.660+0000] {dagbag.py:538} INFO - Filling up the DagBag from /opt/airflow/dags/reddit_pipeline_dag.py
[2025-10-30T18:13:34.673+0000] {processor.py:840} INFO - DAG(s) 'reddit_pipeline_dag' retrieved from /opt/airflow/dags/reddit_pipeline_dag.py
[2025-10-30T18:13:34.694+0000] {logging_mixin.py:188} INFO - [2025-10-30T18:13:34.694+0000] {dag.py:3036} INFO - Sync 1 DAGs
[2025-10-30T18:13:34.710+0000] {logging_mixin.py:188} INFO - [2025-10-30T18:13:34.710+0000] {dag.py:3823} INFO - Setting next_dagrun for reddit_pipeline_dag to 2025-10-30 18:00:00+00:00, run_after=2025-10-30 19:00:00+00:00
[2025-10-30T18:13:34.725+0000] {processor.py:183} INFO - Processing /opt/airflow/dags/reddit_pipeline_dag.py took 0.069 seconds
[2025-10-30T18:14:04.917+0000] {processor.py:161} INFO - Started process (PID=2201) to work on /opt/airflow/dags/reddit_pipeline_dag.py
[2025-10-30T18:14:04.918+0000] {processor.py:830} INFO - Processing file /opt/airflow/dags/reddit_pipeline_dag.py for tasks to queue
[2025-10-30T18:14:04.918+0000] {logging_mixin.py:188} INFO - [2025-10-30T18:14:04.918+0000] {dagbag.py:538} INFO - Filling up the DagBag from /opt/airflow/dags/reddit_pipeline_dag.py
[2025-10-30T18:14:04.934+0000] {processor.py:840} INFO - DAG(s) 'reddit_pipeline_dag' retrieved from /opt/airflow/dags/reddit_pipeline_dag.py
[2025-10-30T18:14:04.955+0000] {logging_mixin.py:188} INFO - [2025-10-30T18:14:04.954+0000] {dag.py:3036} INFO - Sync 1 DAGs
[2025-10-30T18:14:04.969+0000] {logging_mixin.py:188} INFO - [2025-10-30T18:14:04.969+0000] {dag.py:3823} INFO - Setting next_dagrun for reddit_pipeline_dag to 2025-10-30 18:00:00+00:00, run_after=2025-10-30 19:00:00+00:00
[2025-10-30T18:14:04.987+0000] {processor.py:183} INFO - Processing /opt/airflow/dags/reddit_pipeline_dag.py took 0.073 seconds
[2025-10-30T18:14:35.150+0000] {processor.py:161} INFO - Started process (PID=2206) to work on /opt/airflow/dags/reddit_pipeline_dag.py
[2025-10-30T18:14:35.151+0000] {processor.py:830} INFO - Processing file /opt/airflow/dags/reddit_pipeline_dag.py for tasks to queue
[2025-10-30T18:14:35.152+0000] {logging_mixin.py:188} INFO - [2025-10-30T18:14:35.152+0000] {dagbag.py:538} INFO - Filling up the DagBag from /opt/airflow/dags/reddit_pipeline_dag.py
[2025-10-30T18:14:35.167+0000] {processor.py:840} INFO - DAG(s) 'reddit_pipeline_dag' retrieved from /opt/airflow/dags/reddit_pipeline_dag.py
[2025-10-30T18:14:35.188+0000] {logging_mixin.py:188} INFO - [2025-10-30T18:14:35.187+0000] {dag.py:3036} INFO - Sync 1 DAGs
[2025-10-30T18:14:35.204+0000] {logging_mixin.py:188} INFO - [2025-10-30T18:14:35.204+0000] {dag.py:3823} INFO - Setting next_dagrun for reddit_pipeline_dag to 2025-10-30 18:00:00+00:00, run_after=2025-10-30 19:00:00+00:00
[2025-10-30T18:14:35.218+0000] {processor.py:183} INFO - Processing /opt/airflow/dags/reddit_pipeline_dag.py took 0.070 seconds
[2025-10-30T18:15:05.437+0000] {processor.py:161} INFO - Started process (PID=2211) to work on /opt/airflow/dags/reddit_pipeline_dag.py
[2025-10-30T18:15:05.438+0000] {processor.py:830} INFO - Processing file /opt/airflow/dags/reddit_pipeline_dag.py for tasks to queue
[2025-10-30T18:15:05.439+0000] {logging_mixin.py:188} INFO - [2025-10-30T18:15:05.439+0000] {dagbag.py:538} INFO - Filling up the DagBag from /opt/airflow/dags/reddit_pipeline_dag.py
[2025-10-30T18:15:05.452+0000] {processor.py:840} INFO - DAG(s) 'reddit_pipeline_dag' retrieved from /opt/airflow/dags/reddit_pipeline_dag.py
[2025-10-30T18:15:05.471+0000] {logging_mixin.py:188} INFO - [2025-10-30T18:15:05.471+0000] {dag.py:3036} INFO - Sync 1 DAGs
[2025-10-30T18:15:05.486+0000] {logging_mixin.py:188} INFO - [2025-10-30T18:15:05.486+0000] {dag.py:3823} INFO - Setting next_dagrun for reddit_pipeline_dag to 2025-10-30 18:00:00+00:00, run_after=2025-10-30 19:00:00+00:00
[2025-10-30T18:15:05.500+0000] {processor.py:183} INFO - Processing /opt/airflow/dags/reddit_pipeline_dag.py took 0.065 seconds
[2025-10-30T18:15:35.666+0000] {processor.py:161} INFO - Started process (PID=2216) to work on /opt/airflow/dags/reddit_pipeline_dag.py
[2025-10-30T18:15:35.667+0000] {processor.py:830} INFO - Processing file /opt/airflow/dags/reddit_pipeline_dag.py for tasks to queue
[2025-10-30T18:15:35.668+0000] {logging_mixin.py:188} INFO - [2025-10-30T18:15:35.667+0000] {dagbag.py:538} INFO - Filling up the DagBag from /opt/airflow/dags/reddit_pipeline_dag.py
[2025-10-30T18:15:35.683+0000] {processor.py:840} INFO - DAG(s) 'reddit_pipeline_dag' retrieved from /opt/airflow/dags/reddit_pipeline_dag.py
[2025-10-30T18:15:35.705+0000] {logging_mixin.py:188} INFO - [2025-10-30T18:15:35.705+0000] {dag.py:3036} INFO - Sync 1 DAGs
[2025-10-30T18:15:35.724+0000] {logging_mixin.py:188} INFO - [2025-10-30T18:15:35.724+0000] {dag.py:3823} INFO - Setting next_dagrun for reddit_pipeline_dag to 2025-10-30 18:00:00+00:00, run_after=2025-10-30 19:00:00+00:00
[2025-10-30T18:15:35.739+0000] {processor.py:183} INFO - Processing /opt/airflow/dags/reddit_pipeline_dag.py took 0.076 seconds
[2025-10-30T18:16:05.924+0000] {processor.py:161} INFO - Started process (PID=2221) to work on /opt/airflow/dags/reddit_pipeline_dag.py
[2025-10-30T18:16:05.925+0000] {processor.py:830} INFO - Processing file /opt/airflow/dags/reddit_pipeline_dag.py for tasks to queue
[2025-10-30T18:16:05.926+0000] {logging_mixin.py:188} INFO - [2025-10-30T18:16:05.926+0000] {dagbag.py:538} INFO - Filling up the DagBag from /opt/airflow/dags/reddit_pipeline_dag.py
[2025-10-30T18:16:05.939+0000] {processor.py:840} INFO - DAG(s) 'reddit_pipeline_dag' retrieved from /opt/airflow/dags/reddit_pipeline_dag.py
[2025-10-30T18:16:05.958+0000] {logging_mixin.py:188} INFO - [2025-10-30T18:16:05.958+0000] {dag.py:3036} INFO - Sync 1 DAGs
[2025-10-30T18:16:05.972+0000] {logging_mixin.py:188} INFO - [2025-10-30T18:16:05.972+0000] {dag.py:3823} INFO - Setting next_dagrun for reddit_pipeline_dag to 2025-10-30 18:00:00+00:00, run_after=2025-10-30 19:00:00+00:00
[2025-10-30T18:16:05.988+0000] {processor.py:183} INFO - Processing /opt/airflow/dags/reddit_pipeline_dag.py took 0.065 seconds
[2025-10-30T18:16:36.169+0000] {processor.py:161} INFO - Started process (PID=2226) to work on /opt/airflow/dags/reddit_pipeline_dag.py
[2025-10-30T18:16:36.170+0000] {processor.py:830} INFO - Processing file /opt/airflow/dags/reddit_pipeline_dag.py for tasks to queue
[2025-10-30T18:16:36.171+0000] {logging_mixin.py:188} INFO - [2025-10-30T18:16:36.170+0000] {dagbag.py:538} INFO - Filling up the DagBag from /opt/airflow/dags/reddit_pipeline_dag.py
[2025-10-30T18:16:36.185+0000] {processor.py:840} INFO - DAG(s) 'reddit_pipeline_dag' retrieved from /opt/airflow/dags/reddit_pipeline_dag.py
[2025-10-30T18:16:36.204+0000] {logging_mixin.py:188} INFO - [2025-10-30T18:16:36.203+0000] {dag.py:3036} INFO - Sync 1 DAGs
[2025-10-30T18:16:36.220+0000] {logging_mixin.py:188} INFO - [2025-10-30T18:16:36.220+0000] {dag.py:3823} INFO - Setting next_dagrun for reddit_pipeline_dag to 2025-10-30 18:00:00+00:00, run_after=2025-10-30 19:00:00+00:00
[2025-10-30T18:16:36.234+0000] {processor.py:183} INFO - Processing /opt/airflow/dags/reddit_pipeline_dag.py took 0.067 seconds
[2025-10-30T18:17:06.405+0000] {processor.py:161} INFO - Started process (PID=2231) to work on /opt/airflow/dags/reddit_pipeline_dag.py
[2025-10-30T18:17:06.406+0000] {processor.py:830} INFO - Processing file /opt/airflow/dags/reddit_pipeline_dag.py for tasks to queue
[2025-10-30T18:17:06.407+0000] {logging_mixin.py:188} INFO - [2025-10-30T18:17:06.407+0000] {dagbag.py:538} INFO - Filling up the DagBag from /opt/airflow/dags/reddit_pipeline_dag.py
[2025-10-30T18:17:06.421+0000] {processor.py:840} INFO - DAG(s) 'reddit_pipeline_dag' retrieved from /opt/airflow/dags/reddit_pipeline_dag.py
[2025-10-30T18:17:06.441+0000] {logging_mixin.py:188} INFO - [2025-10-30T18:17:06.441+0000] {dag.py:3036} INFO - Sync 1 DAGs
[2025-10-30T18:17:06.458+0000] {logging_mixin.py:188} INFO - [2025-10-30T18:17:06.458+0000] {dag.py:3823} INFO - Setting next_dagrun for reddit_pipeline_dag to 2025-10-30 18:00:00+00:00, run_after=2025-10-30 19:00:00+00:00
[2025-10-30T18:17:06.473+0000] {processor.py:183} INFO - Processing /opt/airflow/dags/reddit_pipeline_dag.py took 0.070 seconds
[2025-10-30T18:17:36.649+0000] {processor.py:161} INFO - Started process (PID=2236) to work on /opt/airflow/dags/reddit_pipeline_dag.py
[2025-10-30T18:17:36.651+0000] {processor.py:830} INFO - Processing file /opt/airflow/dags/reddit_pipeline_dag.py for tasks to queue
[2025-10-30T18:17:36.652+0000] {logging_mixin.py:188} INFO - [2025-10-30T18:17:36.651+0000] {dagbag.py:538} INFO - Filling up the DagBag from /opt/airflow/dags/reddit_pipeline_dag.py
[2025-10-30T18:17:36.665+0000] {processor.py:840} INFO - DAG(s) 'reddit_pipeline_dag' retrieved from /opt/airflow/dags/reddit_pipeline_dag.py
[2025-10-30T18:17:36.685+0000] {logging_mixin.py:188} INFO - [2025-10-30T18:17:36.685+0000] {dag.py:3036} INFO - Sync 1 DAGs
[2025-10-30T18:17:36.701+0000] {logging_mixin.py:188} INFO - [2025-10-30T18:17:36.701+0000] {dag.py:3823} INFO - Setting next_dagrun for reddit_pipeline_dag to 2025-10-30 18:00:00+00:00, run_after=2025-10-30 19:00:00+00:00
[2025-10-30T18:17:36.716+0000] {processor.py:183} INFO - Processing /opt/airflow/dags/reddit_pipeline_dag.py took 0.070 seconds
[2025-10-30T18:18:06.884+0000] {processor.py:161} INFO - Started process (PID=2241) to work on /opt/airflow/dags/reddit_pipeline_dag.py
[2025-10-30T18:18:06.885+0000] {processor.py:830} INFO - Processing file /opt/airflow/dags/reddit_pipeline_dag.py for tasks to queue
[2025-10-30T18:18:06.886+0000] {logging_mixin.py:188} INFO - [2025-10-30T18:18:06.885+0000] {dagbag.py:538} INFO - Filling up the DagBag from /opt/airflow/dags/reddit_pipeline_dag.py
[2025-10-30T18:18:06.899+0000] {processor.py:840} INFO - DAG(s) 'reddit_pipeline_dag' retrieved from /opt/airflow/dags/reddit_pipeline_dag.py
[2025-10-30T18:18:06.918+0000] {logging_mixin.py:188} INFO - [2025-10-30T18:18:06.918+0000] {dag.py:3036} INFO - Sync 1 DAGs
[2025-10-30T18:18:06.934+0000] {logging_mixin.py:188} INFO - [2025-10-30T18:18:06.934+0000] {dag.py:3823} INFO - Setting next_dagrun for reddit_pipeline_dag to 2025-10-30 18:00:00+00:00, run_after=2025-10-30 19:00:00+00:00
[2025-10-30T18:18:06.949+0000] {processor.py:183} INFO - Processing /opt/airflow/dags/reddit_pipeline_dag.py took 0.067 seconds
[2025-10-30T18:18:37.151+0000] {processor.py:161} INFO - Started process (PID=2246) to work on /opt/airflow/dags/reddit_pipeline_dag.py
[2025-10-30T18:18:37.152+0000] {processor.py:830} INFO - Processing file /opt/airflow/dags/reddit_pipeline_dag.py for tasks to queue
[2025-10-30T18:18:37.152+0000] {logging_mixin.py:188} INFO - [2025-10-30T18:18:37.152+0000] {dagbag.py:538} INFO - Filling up the DagBag from /opt/airflow/dags/reddit_pipeline_dag.py
[2025-10-30T18:18:37.168+0000] {processor.py:840} INFO - DAG(s) 'reddit_pipeline_dag' retrieved from /opt/airflow/dags/reddit_pipeline_dag.py
[2025-10-30T18:18:37.188+0000] {logging_mixin.py:188} INFO - [2025-10-30T18:18:37.188+0000] {dag.py:3036} INFO - Sync 1 DAGs
[2025-10-30T18:18:37.204+0000] {logging_mixin.py:188} INFO - [2025-10-30T18:18:37.204+0000] {dag.py:3823} INFO - Setting next_dagrun for reddit_pipeline_dag to 2025-10-30 18:00:00+00:00, run_after=2025-10-30 19:00:00+00:00
[2025-10-30T18:18:37.218+0000] {processor.py:183} INFO - Processing /opt/airflow/dags/reddit_pipeline_dag.py took 0.070 seconds
[2025-10-30T18:19:07.385+0000] {processor.py:161} INFO - Started process (PID=2251) to work on /opt/airflow/dags/reddit_pipeline_dag.py
[2025-10-30T18:19:07.387+0000] {processor.py:830} INFO - Processing file /opt/airflow/dags/reddit_pipeline_dag.py for tasks to queue
[2025-10-30T18:19:07.388+0000] {logging_mixin.py:188} INFO - [2025-10-30T18:19:07.387+0000] {dagbag.py:538} INFO - Filling up the DagBag from /opt/airflow/dags/reddit_pipeline_dag.py
[2025-10-30T18:19:07.401+0000] {processor.py:840} INFO - DAG(s) 'reddit_pipeline_dag' retrieved from /opt/airflow/dags/reddit_pipeline_dag.py
[2025-10-30T18:19:07.422+0000] {logging_mixin.py:188} INFO - [2025-10-30T18:19:07.421+0000] {dag.py:3036} INFO - Sync 1 DAGs
[2025-10-30T18:19:07.436+0000] {logging_mixin.py:188} INFO - [2025-10-30T18:19:07.436+0000] {dag.py:3823} INFO - Setting next_dagrun for reddit_pipeline_dag to 2025-10-30 18:00:00+00:00, run_after=2025-10-30 19:00:00+00:00
[2025-10-30T18:19:07.451+0000] {processor.py:183} INFO - Processing /opt/airflow/dags/reddit_pipeline_dag.py took 0.068 seconds
[2025-10-30T18:19:37.612+0000] {processor.py:161} INFO - Started process (PID=2256) to work on /opt/airflow/dags/reddit_pipeline_dag.py
[2025-10-30T18:19:37.613+0000] {processor.py:830} INFO - Processing file /opt/airflow/dags/reddit_pipeline_dag.py for tasks to queue
[2025-10-30T18:19:37.614+0000] {logging_mixin.py:188} INFO - [2025-10-30T18:19:37.614+0000] {dagbag.py:538} INFO - Filling up the DagBag from /opt/airflow/dags/reddit_pipeline_dag.py
[2025-10-30T18:19:37.627+0000] {processor.py:840} INFO - DAG(s) 'reddit_pipeline_dag' retrieved from /opt/airflow/dags/reddit_pipeline_dag.py
[2025-10-30T18:19:37.646+0000] {logging_mixin.py:188} INFO - [2025-10-30T18:19:37.646+0000] {dag.py:3036} INFO - Sync 1 DAGs
[2025-10-30T18:19:37.661+0000] {logging_mixin.py:188} INFO - [2025-10-30T18:19:37.661+0000] {dag.py:3823} INFO - Setting next_dagrun for reddit_pipeline_dag to 2025-10-30 18:00:00+00:00, run_after=2025-10-30 19:00:00+00:00
[2025-10-30T18:19:37.677+0000] {processor.py:183} INFO - Processing /opt/airflow/dags/reddit_pipeline_dag.py took 0.067 seconds
[2025-10-30T18:20:07.852+0000] {processor.py:161} INFO - Started process (PID=2261) to work on /opt/airflow/dags/reddit_pipeline_dag.py
[2025-10-30T18:20:07.853+0000] {processor.py:830} INFO - Processing file /opt/airflow/dags/reddit_pipeline_dag.py for tasks to queue
[2025-10-30T18:20:07.854+0000] {logging_mixin.py:188} INFO - [2025-10-30T18:20:07.854+0000] {dagbag.py:538} INFO - Filling up the DagBag from /opt/airflow/dags/reddit_pipeline_dag.py
[2025-10-30T18:20:07.866+0000] {processor.py:840} INFO - DAG(s) 'reddit_pipeline_dag' retrieved from /opt/airflow/dags/reddit_pipeline_dag.py
[2025-10-30T18:20:07.886+0000] {logging_mixin.py:188} INFO - [2025-10-30T18:20:07.886+0000] {dag.py:3036} INFO - Sync 1 DAGs
[2025-10-30T18:20:07.901+0000] {logging_mixin.py:188} INFO - [2025-10-30T18:20:07.901+0000] {dag.py:3823} INFO - Setting next_dagrun for reddit_pipeline_dag to 2025-10-30 18:00:00+00:00, run_after=2025-10-30 19:00:00+00:00
[2025-10-30T18:20:07.916+0000] {processor.py:183} INFO - Processing /opt/airflow/dags/reddit_pipeline_dag.py took 0.066 seconds
[2025-10-30T18:20:38.095+0000] {processor.py:161} INFO - Started process (PID=2266) to work on /opt/airflow/dags/reddit_pipeline_dag.py
[2025-10-30T18:20:38.096+0000] {processor.py:830} INFO - Processing file /opt/airflow/dags/reddit_pipeline_dag.py for tasks to queue
[2025-10-30T18:20:38.096+0000] {logging_mixin.py:188} INFO - [2025-10-30T18:20:38.096+0000] {dagbag.py:538} INFO - Filling up the DagBag from /opt/airflow/dags/reddit_pipeline_dag.py
[2025-10-30T18:20:38.110+0000] {processor.py:840} INFO - DAG(s) 'reddit_pipeline_dag' retrieved from /opt/airflow/dags/reddit_pipeline_dag.py
[2025-10-30T18:20:38.128+0000] {logging_mixin.py:188} INFO - [2025-10-30T18:20:38.127+0000] {dag.py:3036} INFO - Sync 1 DAGs
[2025-10-30T18:20:38.144+0000] {logging_mixin.py:188} INFO - [2025-10-30T18:20:38.144+0000] {dag.py:3823} INFO - Setting next_dagrun for reddit_pipeline_dag to 2025-10-30 18:00:00+00:00, run_after=2025-10-30 19:00:00+00:00
[2025-10-30T18:20:38.160+0000] {processor.py:183} INFO - Processing /opt/airflow/dags/reddit_pipeline_dag.py took 0.067 seconds
[2025-10-30T18:21:08.318+0000] {processor.py:161} INFO - Started process (PID=2271) to work on /opt/airflow/dags/reddit_pipeline_dag.py
[2025-10-30T18:21:08.319+0000] {processor.py:830} INFO - Processing file /opt/airflow/dags/reddit_pipeline_dag.py for tasks to queue
[2025-10-30T18:21:08.320+0000] {logging_mixin.py:188} INFO - [2025-10-30T18:21:08.320+0000] {dagbag.py:538} INFO - Filling up the DagBag from /opt/airflow/dags/reddit_pipeline_dag.py
[2025-10-30T18:21:08.333+0000] {processor.py:840} INFO - DAG(s) 'reddit_pipeline_dag' retrieved from /opt/airflow/dags/reddit_pipeline_dag.py
[2025-10-30T18:21:08.354+0000] {logging_mixin.py:188} INFO - [2025-10-30T18:21:08.354+0000] {dag.py:3036} INFO - Sync 1 DAGs
[2025-10-30T18:21:08.370+0000] {logging_mixin.py:188} INFO - [2025-10-30T18:21:08.369+0000] {dag.py:3823} INFO - Setting next_dagrun for reddit_pipeline_dag to 2025-10-30 18:00:00+00:00, run_after=2025-10-30 19:00:00+00:00
[2025-10-30T18:21:08.390+0000] {processor.py:183} INFO - Processing /opt/airflow/dags/reddit_pipeline_dag.py took 0.074 seconds
[2025-10-30T18:21:38.602+0000] {processor.py:161} INFO - Started process (PID=2276) to work on /opt/airflow/dags/reddit_pipeline_dag.py
[2025-10-30T18:21:38.603+0000] {processor.py:830} INFO - Processing file /opt/airflow/dags/reddit_pipeline_dag.py for tasks to queue
[2025-10-30T18:21:38.604+0000] {logging_mixin.py:188} INFO - [2025-10-30T18:21:38.603+0000] {dagbag.py:538} INFO - Filling up the DagBag from /opt/airflow/dags/reddit_pipeline_dag.py
[2025-10-30T18:21:38.622+0000] {processor.py:840} INFO - DAG(s) 'reddit_pipeline_dag' retrieved from /opt/airflow/dags/reddit_pipeline_dag.py
[2025-10-30T18:21:38.643+0000] {logging_mixin.py:188} INFO - [2025-10-30T18:21:38.643+0000] {dag.py:3036} INFO - Sync 1 DAGs
[2025-10-30T18:21:38.661+0000] {logging_mixin.py:188} INFO - [2025-10-30T18:21:38.660+0000] {dag.py:3823} INFO - Setting next_dagrun for reddit_pipeline_dag to 2025-10-30 18:00:00+00:00, run_after=2025-10-30 19:00:00+00:00
[2025-10-30T18:21:38.675+0000] {processor.py:183} INFO - Processing /opt/airflow/dags/reddit_pipeline_dag.py took 0.075 seconds
[2025-10-30T18:22:08.810+0000] {processor.py:161} INFO - Started process (PID=2281) to work on /opt/airflow/dags/reddit_pipeline_dag.py
[2025-10-30T18:22:08.811+0000] {processor.py:830} INFO - Processing file /opt/airflow/dags/reddit_pipeline_dag.py for tasks to queue
[2025-10-30T18:22:08.812+0000] {logging_mixin.py:188} INFO - [2025-10-30T18:22:08.811+0000] {dagbag.py:538} INFO - Filling up the DagBag from /opt/airflow/dags/reddit_pipeline_dag.py
[2025-10-30T18:22:08.825+0000] {processor.py:840} INFO - DAG(s) 'reddit_pipeline_dag' retrieved from /opt/airflow/dags/reddit_pipeline_dag.py
[2025-10-30T18:22:08.845+0000] {logging_mixin.py:188} INFO - [2025-10-30T18:22:08.845+0000] {dag.py:3036} INFO - Sync 1 DAGs
[2025-10-30T18:22:08.861+0000] {logging_mixin.py:188} INFO - [2025-10-30T18:22:08.861+0000] {dag.py:3823} INFO - Setting next_dagrun for reddit_pipeline_dag to 2025-10-30 18:00:00+00:00, run_after=2025-10-30 19:00:00+00:00
[2025-10-30T18:22:08.876+0000] {processor.py:183} INFO - Processing /opt/airflow/dags/reddit_pipeline_dag.py took 0.069 seconds
[2025-10-30T18:22:39.082+0000] {processor.py:161} INFO - Started process (PID=2286) to work on /opt/airflow/dags/reddit_pipeline_dag.py
[2025-10-30T18:22:39.083+0000] {processor.py:830} INFO - Processing file /opt/airflow/dags/reddit_pipeline_dag.py for tasks to queue
[2025-10-30T18:22:39.084+0000] {logging_mixin.py:188} INFO - [2025-10-30T18:22:39.084+0000] {dagbag.py:538} INFO - Filling up the DagBag from /opt/airflow/dags/reddit_pipeline_dag.py
[2025-10-30T18:22:39.100+0000] {processor.py:840} INFO - DAG(s) 'reddit_pipeline_dag' retrieved from /opt/airflow/dags/reddit_pipeline_dag.py
[2025-10-30T18:22:39.120+0000] {logging_mixin.py:188} INFO - [2025-10-30T18:22:39.120+0000] {dag.py:3036} INFO - Sync 1 DAGs
[2025-10-30T18:22:39.137+0000] {logging_mixin.py:188} INFO - [2025-10-30T18:22:39.137+0000] {dag.py:3823} INFO - Setting next_dagrun for reddit_pipeline_dag to 2025-10-30 18:00:00+00:00, run_after=2025-10-30 19:00:00+00:00
[2025-10-30T18:22:39.152+0000] {processor.py:183} INFO - Processing /opt/airflow/dags/reddit_pipeline_dag.py took 0.072 seconds
[2025-10-30T18:23:09.322+0000] {processor.py:161} INFO - Started process (PID=2291) to work on /opt/airflow/dags/reddit_pipeline_dag.py
[2025-10-30T18:23:09.324+0000] {processor.py:830} INFO - Processing file /opt/airflow/dags/reddit_pipeline_dag.py for tasks to queue
[2025-10-30T18:23:09.325+0000] {logging_mixin.py:188} INFO - [2025-10-30T18:23:09.325+0000] {dagbag.py:538} INFO - Filling up the DagBag from /opt/airflow/dags/reddit_pipeline_dag.py
[2025-10-30T18:23:09.346+0000] {processor.py:840} INFO - DAG(s) 'reddit_pipeline_dag' retrieved from /opt/airflow/dags/reddit_pipeline_dag.py
[2025-10-30T18:23:09.369+0000] {logging_mixin.py:188} INFO - [2025-10-30T18:23:09.368+0000] {dag.py:3036} INFO - Sync 1 DAGs
[2025-10-30T18:23:09.385+0000] {logging_mixin.py:188} INFO - [2025-10-30T18:23:09.385+0000] {dag.py:3823} INFO - Setting next_dagrun for reddit_pipeline_dag to 2025-10-30 18:00:00+00:00, run_after=2025-10-30 19:00:00+00:00
[2025-10-30T18:23:09.404+0000] {processor.py:183} INFO - Processing /opt/airflow/dags/reddit_pipeline_dag.py took 0.084 seconds
[2025-10-30T18:23:39.566+0000] {processor.py:161} INFO - Started process (PID=2296) to work on /opt/airflow/dags/reddit_pipeline_dag.py
[2025-10-30T18:23:39.567+0000] {processor.py:830} INFO - Processing file /opt/airflow/dags/reddit_pipeline_dag.py for tasks to queue
[2025-10-30T18:23:39.568+0000] {logging_mixin.py:188} INFO - [2025-10-30T18:23:39.568+0000] {dagbag.py:538} INFO - Filling up the DagBag from /opt/airflow/dags/reddit_pipeline_dag.py
[2025-10-30T18:23:39.581+0000] {processor.py:840} INFO - DAG(s) 'reddit_pipeline_dag' retrieved from /opt/airflow/dags/reddit_pipeline_dag.py
[2025-10-30T18:23:39.599+0000] {logging_mixin.py:188} INFO - [2025-10-30T18:23:39.599+0000] {dag.py:3036} INFO - Sync 1 DAGs
[2025-10-30T18:23:39.614+0000] {logging_mixin.py:188} INFO - [2025-10-30T18:23:39.614+0000] {dag.py:3823} INFO - Setting next_dagrun for reddit_pipeline_dag to 2025-10-30 18:00:00+00:00, run_after=2025-10-30 19:00:00+00:00
[2025-10-30T18:23:39.631+0000] {processor.py:183} INFO - Processing /opt/airflow/dags/reddit_pipeline_dag.py took 0.067 seconds
[2025-10-30T18:24:09.776+0000] {processor.py:161} INFO - Started process (PID=2301) to work on /opt/airflow/dags/reddit_pipeline_dag.py
[2025-10-30T18:24:09.777+0000] {processor.py:830} INFO - Processing file /opt/airflow/dags/reddit_pipeline_dag.py for tasks to queue
[2025-10-30T18:24:09.778+0000] {logging_mixin.py:188} INFO - [2025-10-30T18:24:09.778+0000] {dagbag.py:538} INFO - Filling up the DagBag from /opt/airflow/dags/reddit_pipeline_dag.py
[2025-10-30T18:24:09.791+0000] {processor.py:840} INFO - DAG(s) 'reddit_pipeline_dag' retrieved from /opt/airflow/dags/reddit_pipeline_dag.py
[2025-10-30T18:24:09.810+0000] {logging_mixin.py:188} INFO - [2025-10-30T18:24:09.810+0000] {dag.py:3036} INFO - Sync 1 DAGs
[2025-10-30T18:24:09.826+0000] {logging_mixin.py:188} INFO - [2025-10-30T18:24:09.826+0000] {dag.py:3823} INFO - Setting next_dagrun for reddit_pipeline_dag to 2025-10-30 18:00:00+00:00, run_after=2025-10-30 19:00:00+00:00
[2025-10-30T18:24:09.840+0000] {processor.py:183} INFO - Processing /opt/airflow/dags/reddit_pipeline_dag.py took 0.066 seconds
[2025-10-30T18:24:40.029+0000] {processor.py:161} INFO - Started process (PID=2306) to work on /opt/airflow/dags/reddit_pipeline_dag.py
[2025-10-30T18:24:40.030+0000] {processor.py:830} INFO - Processing file /opt/airflow/dags/reddit_pipeline_dag.py for tasks to queue
[2025-10-30T18:24:40.031+0000] {logging_mixin.py:188} INFO - [2025-10-30T18:24:40.031+0000] {dagbag.py:538} INFO - Filling up the DagBag from /opt/airflow/dags/reddit_pipeline_dag.py
[2025-10-30T18:24:40.049+0000] {processor.py:840} INFO - DAG(s) 'reddit_pipeline_dag' retrieved from /opt/airflow/dags/reddit_pipeline_dag.py
[2025-10-30T18:24:40.071+0000] {logging_mixin.py:188} INFO - [2025-10-30T18:24:40.070+0000] {dag.py:3036} INFO - Sync 1 DAGs
[2025-10-30T18:24:40.085+0000] {logging_mixin.py:188} INFO - [2025-10-30T18:24:40.085+0000] {dag.py:3823} INFO - Setting next_dagrun for reddit_pipeline_dag to 2025-10-30 18:00:00+00:00, run_after=2025-10-30 19:00:00+00:00
[2025-10-30T18:24:40.099+0000] {processor.py:183} INFO - Processing /opt/airflow/dags/reddit_pipeline_dag.py took 0.073 seconds
[2025-10-30T18:25:10.253+0000] {processor.py:161} INFO - Started process (PID=2311) to work on /opt/airflow/dags/reddit_pipeline_dag.py
[2025-10-30T18:25:10.254+0000] {processor.py:830} INFO - Processing file /opt/airflow/dags/reddit_pipeline_dag.py for tasks to queue
[2025-10-30T18:25:10.255+0000] {logging_mixin.py:188} INFO - [2025-10-30T18:25:10.255+0000] {dagbag.py:538} INFO - Filling up the DagBag from /opt/airflow/dags/reddit_pipeline_dag.py
[2025-10-30T18:25:10.269+0000] {processor.py:840} INFO - DAG(s) 'reddit_pipeline_dag' retrieved from /opt/airflow/dags/reddit_pipeline_dag.py
[2025-10-30T18:25:10.289+0000] {logging_mixin.py:188} INFO - [2025-10-30T18:25:10.289+0000] {dag.py:3036} INFO - Sync 1 DAGs
[2025-10-30T18:25:10.304+0000] {logging_mixin.py:188} INFO - [2025-10-30T18:25:10.304+0000] {dag.py:3823} INFO - Setting next_dagrun for reddit_pipeline_dag to 2025-10-30 18:00:00+00:00, run_after=2025-10-30 19:00:00+00:00
[2025-10-30T18:25:10.319+0000] {processor.py:183} INFO - Processing /opt/airflow/dags/reddit_pipeline_dag.py took 0.068 seconds
[2025-10-30T18:25:40.509+0000] {processor.py:161} INFO - Started process (PID=2316) to work on /opt/airflow/dags/reddit_pipeline_dag.py
[2025-10-30T18:25:40.510+0000] {processor.py:830} INFO - Processing file /opt/airflow/dags/reddit_pipeline_dag.py for tasks to queue
[2025-10-30T18:25:40.510+0000] {logging_mixin.py:188} INFO - [2025-10-30T18:25:40.510+0000] {dagbag.py:538} INFO - Filling up the DagBag from /opt/airflow/dags/reddit_pipeline_dag.py
[2025-10-30T18:25:40.524+0000] {processor.py:840} INFO - DAG(s) 'reddit_pipeline_dag' retrieved from /opt/airflow/dags/reddit_pipeline_dag.py
[2025-10-30T18:25:40.543+0000] {logging_mixin.py:188} INFO - [2025-10-30T18:25:40.543+0000] {dag.py:3036} INFO - Sync 1 DAGs
[2025-10-30T18:25:40.560+0000] {logging_mixin.py:188} INFO - [2025-10-30T18:25:40.560+0000] {dag.py:3823} INFO - Setting next_dagrun for reddit_pipeline_dag to 2025-10-30 18:00:00+00:00, run_after=2025-10-30 19:00:00+00:00
[2025-10-30T18:25:40.574+0000] {processor.py:183} INFO - Processing /opt/airflow/dags/reddit_pipeline_dag.py took 0.067 seconds
[2025-10-30T18:26:10.735+0000] {processor.py:161} INFO - Started process (PID=2321) to work on /opt/airflow/dags/reddit_pipeline_dag.py
[2025-10-30T18:26:10.736+0000] {processor.py:830} INFO - Processing file /opt/airflow/dags/reddit_pipeline_dag.py for tasks to queue
[2025-10-30T18:26:10.737+0000] {logging_mixin.py:188} INFO - [2025-10-30T18:26:10.737+0000] {dagbag.py:538} INFO - Filling up the DagBag from /opt/airflow/dags/reddit_pipeline_dag.py
[2025-10-30T18:26:10.754+0000] {processor.py:840} INFO - DAG(s) 'reddit_pipeline_dag' retrieved from /opt/airflow/dags/reddit_pipeline_dag.py
[2025-10-30T18:26:10.778+0000] {logging_mixin.py:188} INFO - [2025-10-30T18:26:10.778+0000] {dag.py:3036} INFO - Sync 1 DAGs
[2025-10-30T18:26:10.793+0000] {logging_mixin.py:188} INFO - [2025-10-30T18:26:10.793+0000] {dag.py:3823} INFO - Setting next_dagrun for reddit_pipeline_dag to 2025-10-30 18:00:00+00:00, run_after=2025-10-30 19:00:00+00:00
[2025-10-30T18:26:10.807+0000] {processor.py:183} INFO - Processing /opt/airflow/dags/reddit_pipeline_dag.py took 0.074 seconds
[2025-10-30T18:26:40.967+0000] {processor.py:161} INFO - Started process (PID=2326) to work on /opt/airflow/dags/reddit_pipeline_dag.py
[2025-10-30T18:26:40.968+0000] {processor.py:830} INFO - Processing file /opt/airflow/dags/reddit_pipeline_dag.py for tasks to queue
[2025-10-30T18:26:40.969+0000] {logging_mixin.py:188} INFO - [2025-10-30T18:26:40.968+0000] {dagbag.py:538} INFO - Filling up the DagBag from /opt/airflow/dags/reddit_pipeline_dag.py
[2025-10-30T18:26:40.983+0000] {processor.py:840} INFO - DAG(s) 'reddit_pipeline_dag' retrieved from /opt/airflow/dags/reddit_pipeline_dag.py
[2025-10-30T18:26:41.003+0000] {logging_mixin.py:188} INFO - [2025-10-30T18:26:41.003+0000] {dag.py:3036} INFO - Sync 1 DAGs
[2025-10-30T18:26:41.017+0000] {logging_mixin.py:188} INFO - [2025-10-30T18:26:41.017+0000] {dag.py:3823} INFO - Setting next_dagrun for reddit_pipeline_dag to 2025-10-30 18:00:00+00:00, run_after=2025-10-30 19:00:00+00:00
[2025-10-30T18:26:41.035+0000] {processor.py:183} INFO - Processing /opt/airflow/dags/reddit_pipeline_dag.py took 0.071 seconds
[2025-10-30T18:27:11.201+0000] {processor.py:161} INFO - Started process (PID=2331) to work on /opt/airflow/dags/reddit_pipeline_dag.py
[2025-10-30T18:27:11.202+0000] {processor.py:830} INFO - Processing file /opt/airflow/dags/reddit_pipeline_dag.py for tasks to queue
[2025-10-30T18:27:11.203+0000] {logging_mixin.py:188} INFO - [2025-10-30T18:27:11.203+0000] {dagbag.py:538} INFO - Filling up the DagBag from /opt/airflow/dags/reddit_pipeline_dag.py
[2025-10-30T18:27:11.218+0000] {processor.py:840} INFO - DAG(s) 'reddit_pipeline_dag' retrieved from /opt/airflow/dags/reddit_pipeline_dag.py
[2025-10-30T18:27:11.238+0000] {logging_mixin.py:188} INFO - [2025-10-30T18:27:11.238+0000] {dag.py:3036} INFO - Sync 1 DAGs
[2025-10-30T18:27:11.253+0000] {logging_mixin.py:188} INFO - [2025-10-30T18:27:11.253+0000] {dag.py:3823} INFO - Setting next_dagrun for reddit_pipeline_dag to 2025-10-30 18:00:00+00:00, run_after=2025-10-30 19:00:00+00:00
[2025-10-30T18:27:11.267+0000] {processor.py:183} INFO - Processing /opt/airflow/dags/reddit_pipeline_dag.py took 0.069 seconds
[2025-10-30T18:27:41.497+0000] {processor.py:161} INFO - Started process (PID=2336) to work on /opt/airflow/dags/reddit_pipeline_dag.py
[2025-10-30T18:27:41.500+0000] {processor.py:830} INFO - Processing file /opt/airflow/dags/reddit_pipeline_dag.py for tasks to queue
[2025-10-30T18:27:41.501+0000] {logging_mixin.py:188} INFO - [2025-10-30T18:27:41.500+0000] {dagbag.py:538} INFO - Filling up the DagBag from /opt/airflow/dags/reddit_pipeline_dag.py
[2025-10-30T18:27:41.525+0000] {processor.py:840} INFO - DAG(s) 'reddit_pipeline_dag' retrieved from /opt/airflow/dags/reddit_pipeline_dag.py
[2025-10-30T18:27:41.548+0000] {logging_mixin.py:188} INFO - [2025-10-30T18:27:41.548+0000] {dag.py:3036} INFO - Sync 1 DAGs
[2025-10-30T18:27:41.566+0000] {logging_mixin.py:188} INFO - [2025-10-30T18:27:41.566+0000] {dag.py:3823} INFO - Setting next_dagrun for reddit_pipeline_dag to 2025-10-30 18:00:00+00:00, run_after=2025-10-30 19:00:00+00:00
[2025-10-30T18:27:41.582+0000] {processor.py:183} INFO - Processing /opt/airflow/dags/reddit_pipeline_dag.py took 0.087 seconds
[2025-10-30T18:28:11.765+0000] {processor.py:161} INFO - Started process (PID=2341) to work on /opt/airflow/dags/reddit_pipeline_dag.py
[2025-10-30T18:28:11.766+0000] {processor.py:830} INFO - Processing file /opt/airflow/dags/reddit_pipeline_dag.py for tasks to queue
[2025-10-30T18:28:11.767+0000] {logging_mixin.py:188} INFO - [2025-10-30T18:28:11.766+0000] {dagbag.py:538} INFO - Filling up the DagBag from /opt/airflow/dags/reddit_pipeline_dag.py
[2025-10-30T18:28:11.781+0000] {processor.py:840} INFO - DAG(s) 'reddit_pipeline_dag' retrieved from /opt/airflow/dags/reddit_pipeline_dag.py
[2025-10-30T18:28:11.800+0000] {logging_mixin.py:188} INFO - [2025-10-30T18:28:11.800+0000] {dag.py:3036} INFO - Sync 1 DAGs
[2025-10-30T18:28:11.815+0000] {logging_mixin.py:188} INFO - [2025-10-30T18:28:11.815+0000] {dag.py:3823} INFO - Setting next_dagrun for reddit_pipeline_dag to 2025-10-30 18:00:00+00:00, run_after=2025-10-30 19:00:00+00:00
[2025-10-30T18:28:11.831+0000] {processor.py:183} INFO - Processing /opt/airflow/dags/reddit_pipeline_dag.py took 0.069 seconds
[2025-10-30T18:28:42.040+0000] {processor.py:161} INFO - Started process (PID=2346) to work on /opt/airflow/dags/reddit_pipeline_dag.py
[2025-10-30T18:28:42.041+0000] {processor.py:830} INFO - Processing file /opt/airflow/dags/reddit_pipeline_dag.py for tasks to queue
[2025-10-30T18:28:42.043+0000] {logging_mixin.py:188} INFO - [2025-10-30T18:28:42.042+0000] {dagbag.py:538} INFO - Filling up the DagBag from /opt/airflow/dags/reddit_pipeline_dag.py
[2025-10-30T18:28:42.061+0000] {processor.py:840} INFO - DAG(s) 'reddit_pipeline_dag' retrieved from /opt/airflow/dags/reddit_pipeline_dag.py
[2025-10-30T18:28:42.083+0000] {logging_mixin.py:188} INFO - [2025-10-30T18:28:42.083+0000] {dag.py:3036} INFO - Sync 1 DAGs
[2025-10-30T18:28:42.100+0000] {logging_mixin.py:188} INFO - [2025-10-30T18:28:42.100+0000] {dag.py:3823} INFO - Setting next_dagrun for reddit_pipeline_dag to 2025-10-30 18:00:00+00:00, run_after=2025-10-30 19:00:00+00:00
[2025-10-30T18:28:42.118+0000] {processor.py:183} INFO - Processing /opt/airflow/dags/reddit_pipeline_dag.py took 0.081 seconds
[2025-10-30T18:29:12.265+0000] {processor.py:161} INFO - Started process (PID=2351) to work on /opt/airflow/dags/reddit_pipeline_dag.py
[2025-10-30T18:29:12.266+0000] {processor.py:830} INFO - Processing file /opt/airflow/dags/reddit_pipeline_dag.py for tasks to queue
[2025-10-30T18:29:12.267+0000] {logging_mixin.py:188} INFO - [2025-10-30T18:29:12.267+0000] {dagbag.py:538} INFO - Filling up the DagBag from /opt/airflow/dags/reddit_pipeline_dag.py
[2025-10-30T18:29:12.289+0000] {processor.py:840} INFO - DAG(s) 'reddit_pipeline_dag' retrieved from /opt/airflow/dags/reddit_pipeline_dag.py
[2025-10-30T18:29:12.310+0000] {logging_mixin.py:188} INFO - [2025-10-30T18:29:12.310+0000] {dag.py:3036} INFO - Sync 1 DAGs
[2025-10-30T18:29:12.325+0000] {logging_mixin.py:188} INFO - [2025-10-30T18:29:12.325+0000] {dag.py:3823} INFO - Setting next_dagrun for reddit_pipeline_dag to 2025-10-30 18:00:00+00:00, run_after=2025-10-30 19:00:00+00:00
[2025-10-30T18:29:12.337+0000] {processor.py:183} INFO - Processing /opt/airflow/dags/reddit_pipeline_dag.py took 0.075 seconds
[2025-10-30T18:29:42.542+0000] {processor.py:161} INFO - Started process (PID=2356) to work on /opt/airflow/dags/reddit_pipeline_dag.py
[2025-10-30T18:29:42.543+0000] {processor.py:830} INFO - Processing file /opt/airflow/dags/reddit_pipeline_dag.py for tasks to queue
[2025-10-30T18:29:42.544+0000] {logging_mixin.py:188} INFO - [2025-10-30T18:29:42.544+0000] {dagbag.py:538} INFO - Filling up the DagBag from /opt/airflow/dags/reddit_pipeline_dag.py
[2025-10-30T18:29:42.557+0000] {processor.py:840} INFO - DAG(s) 'reddit_pipeline_dag' retrieved from /opt/airflow/dags/reddit_pipeline_dag.py
[2025-10-30T18:29:42.578+0000] {logging_mixin.py:188} INFO - [2025-10-30T18:29:42.578+0000] {dag.py:3036} INFO - Sync 1 DAGs
[2025-10-30T18:29:42.594+0000] {logging_mixin.py:188} INFO - [2025-10-30T18:29:42.594+0000] {dag.py:3823} INFO - Setting next_dagrun for reddit_pipeline_dag to 2025-10-30 18:00:00+00:00, run_after=2025-10-30 19:00:00+00:00
[2025-10-30T18:29:42.609+0000] {processor.py:183} INFO - Processing /opt/airflow/dags/reddit_pipeline_dag.py took 0.068 seconds
[2025-10-30T18:30:12.781+0000] {processor.py:161} INFO - Started process (PID=2361) to work on /opt/airflow/dags/reddit_pipeline_dag.py
[2025-10-30T18:30:12.782+0000] {processor.py:830} INFO - Processing file /opt/airflow/dags/reddit_pipeline_dag.py for tasks to queue
[2025-10-30T18:30:12.782+0000] {logging_mixin.py:188} INFO - [2025-10-30T18:30:12.782+0000] {dagbag.py:538} INFO - Filling up the DagBag from /opt/airflow/dags/reddit_pipeline_dag.py
[2025-10-30T18:30:12.797+0000] {processor.py:840} INFO - DAG(s) 'reddit_pipeline_dag' retrieved from /opt/airflow/dags/reddit_pipeline_dag.py
[2025-10-30T18:30:12.818+0000] {logging_mixin.py:188} INFO - [2025-10-30T18:30:12.818+0000] {dag.py:3036} INFO - Sync 1 DAGs
[2025-10-30T18:30:12.834+0000] {logging_mixin.py:188} INFO - [2025-10-30T18:30:12.833+0000] {dag.py:3823} INFO - Setting next_dagrun for reddit_pipeline_dag to 2025-10-30 18:00:00+00:00, run_after=2025-10-30 19:00:00+00:00
[2025-10-30T18:30:12.849+0000] {processor.py:183} INFO - Processing /opt/airflow/dags/reddit_pipeline_dag.py took 0.071 seconds
[2025-10-30T18:30:43.045+0000] {processor.py:161} INFO - Started process (PID=2366) to work on /opt/airflow/dags/reddit_pipeline_dag.py
[2025-10-30T18:30:43.046+0000] {processor.py:830} INFO - Processing file /opt/airflow/dags/reddit_pipeline_dag.py for tasks to queue
[2025-10-30T18:30:43.047+0000] {logging_mixin.py:188} INFO - [2025-10-30T18:30:43.046+0000] {dagbag.py:538} INFO - Filling up the DagBag from /opt/airflow/dags/reddit_pipeline_dag.py
[2025-10-30T18:30:43.061+0000] {processor.py:840} INFO - DAG(s) 'reddit_pipeline_dag' retrieved from /opt/airflow/dags/reddit_pipeline_dag.py
[2025-10-30T18:30:43.081+0000] {logging_mixin.py:188} INFO - [2025-10-30T18:30:43.081+0000] {dag.py:3036} INFO - Sync 1 DAGs
[2025-10-30T18:30:43.097+0000] {logging_mixin.py:188} INFO - [2025-10-30T18:30:43.097+0000] {dag.py:3823} INFO - Setting next_dagrun for reddit_pipeline_dag to 2025-10-30 18:00:00+00:00, run_after=2025-10-30 19:00:00+00:00
[2025-10-30T18:30:43.114+0000] {processor.py:183} INFO - Processing /opt/airflow/dags/reddit_pipeline_dag.py took 0.071 seconds
[2025-10-30T18:31:13.295+0000] {processor.py:161} INFO - Started process (PID=2371) to work on /opt/airflow/dags/reddit_pipeline_dag.py
[2025-10-30T18:31:13.296+0000] {processor.py:830} INFO - Processing file /opt/airflow/dags/reddit_pipeline_dag.py for tasks to queue
[2025-10-30T18:31:13.297+0000] {logging_mixin.py:188} INFO - [2025-10-30T18:31:13.297+0000] {dagbag.py:538} INFO - Filling up the DagBag from /opt/airflow/dags/reddit_pipeline_dag.py
[2025-10-30T18:31:13.309+0000] {processor.py:840} INFO - DAG(s) 'reddit_pipeline_dag' retrieved from /opt/airflow/dags/reddit_pipeline_dag.py
[2025-10-30T18:31:13.329+0000] {logging_mixin.py:188} INFO - [2025-10-30T18:31:13.328+0000] {dag.py:3036} INFO - Sync 1 DAGs
[2025-10-30T18:31:13.343+0000] {logging_mixin.py:188} INFO - [2025-10-30T18:31:13.343+0000] {dag.py:3823} INFO - Setting next_dagrun for reddit_pipeline_dag to 2025-10-30 18:00:00+00:00, run_after=2025-10-30 19:00:00+00:00
[2025-10-30T18:31:13.358+0000] {processor.py:183} INFO - Processing /opt/airflow/dags/reddit_pipeline_dag.py took 0.065 seconds
[2025-10-30T18:31:43.548+0000] {processor.py:161} INFO - Started process (PID=2376) to work on /opt/airflow/dags/reddit_pipeline_dag.py
[2025-10-30T18:31:43.549+0000] {processor.py:830} INFO - Processing file /opt/airflow/dags/reddit_pipeline_dag.py for tasks to queue
[2025-10-30T18:31:43.550+0000] {logging_mixin.py:188} INFO - [2025-10-30T18:31:43.549+0000] {dagbag.py:538} INFO - Filling up the DagBag from /opt/airflow/dags/reddit_pipeline_dag.py
[2025-10-30T18:31:43.562+0000] {processor.py:840} INFO - DAG(s) 'reddit_pipeline_dag' retrieved from /opt/airflow/dags/reddit_pipeline_dag.py
[2025-10-30T18:31:43.582+0000] {logging_mixin.py:188} INFO - [2025-10-30T18:31:43.582+0000] {dag.py:3036} INFO - Sync 1 DAGs
[2025-10-30T18:31:43.597+0000] {logging_mixin.py:188} INFO - [2025-10-30T18:31:43.597+0000] {dag.py:3823} INFO - Setting next_dagrun for reddit_pipeline_dag to 2025-10-30 18:00:00+00:00, run_after=2025-10-30 19:00:00+00:00
[2025-10-30T18:31:43.611+0000] {processor.py:183} INFO - Processing /opt/airflow/dags/reddit_pipeline_dag.py took 0.065 seconds
[2025-10-30T18:32:13.806+0000] {processor.py:161} INFO - Started process (PID=2381) to work on /opt/airflow/dags/reddit_pipeline_dag.py
[2025-10-30T18:32:13.807+0000] {processor.py:830} INFO - Processing file /opt/airflow/dags/reddit_pipeline_dag.py for tasks to queue
[2025-10-30T18:32:13.808+0000] {logging_mixin.py:188} INFO - [2025-10-30T18:32:13.807+0000] {dagbag.py:538} INFO - Filling up the DagBag from /opt/airflow/dags/reddit_pipeline_dag.py
[2025-10-30T18:32:13.870+0000] {processor.py:840} INFO - DAG(s) 'reddit_pipeline_dag' retrieved from /opt/airflow/dags/reddit_pipeline_dag.py
[2025-10-30T18:32:13.897+0000] {logging_mixin.py:188} INFO - [2025-10-30T18:32:13.897+0000] {dag.py:3036} INFO - Sync 1 DAGs
[2025-10-30T18:32:13.915+0000] {logging_mixin.py:188} INFO - [2025-10-30T18:32:13.915+0000] {dag.py:3823} INFO - Setting next_dagrun for reddit_pipeline_dag to 2025-10-30 18:00:00+00:00, run_after=2025-10-30 19:00:00+00:00
[2025-10-30T18:32:13.929+0000] {processor.py:183} INFO - Processing /opt/airflow/dags/reddit_pipeline_dag.py took 0.125 seconds
[2025-10-30T18:32:44.020+0000] {processor.py:161} INFO - Started process (PID=2386) to work on /opt/airflow/dags/reddit_pipeline_dag.py
[2025-10-30T18:32:44.022+0000] {processor.py:830} INFO - Processing file /opt/airflow/dags/reddit_pipeline_dag.py for tasks to queue
[2025-10-30T18:32:44.022+0000] {logging_mixin.py:188} INFO - [2025-10-30T18:32:44.022+0000] {dagbag.py:538} INFO - Filling up the DagBag from /opt/airflow/dags/reddit_pipeline_dag.py
[2025-10-30T18:32:44.037+0000] {processor.py:840} INFO - DAG(s) 'reddit_pipeline_dag' retrieved from /opt/airflow/dags/reddit_pipeline_dag.py
[2025-10-30T18:32:44.056+0000] {logging_mixin.py:188} INFO - [2025-10-30T18:32:44.056+0000] {dag.py:3036} INFO - Sync 1 DAGs
[2025-10-30T18:32:44.071+0000] {logging_mixin.py:188} INFO - [2025-10-30T18:32:44.071+0000] {dag.py:3823} INFO - Setting next_dagrun for reddit_pipeline_dag to 2025-10-30 18:00:00+00:00, run_after=2025-10-30 19:00:00+00:00
[2025-10-30T18:32:44.087+0000] {processor.py:183} INFO - Processing /opt/airflow/dags/reddit_pipeline_dag.py took 0.069 seconds
[2025-10-30T18:33:14.261+0000] {processor.py:161} INFO - Started process (PID=2391) to work on /opt/airflow/dags/reddit_pipeline_dag.py
[2025-10-30T18:33:14.262+0000] {processor.py:830} INFO - Processing file /opt/airflow/dags/reddit_pipeline_dag.py for tasks to queue
[2025-10-30T18:33:14.262+0000] {logging_mixin.py:188} INFO - [2025-10-30T18:33:14.262+0000] {dagbag.py:538} INFO - Filling up the DagBag from /opt/airflow/dags/reddit_pipeline_dag.py
[2025-10-30T18:33:14.277+0000] {processor.py:840} INFO - DAG(s) 'reddit_pipeline_dag' retrieved from /opt/airflow/dags/reddit_pipeline_dag.py
[2025-10-30T18:33:14.296+0000] {logging_mixin.py:188} INFO - [2025-10-30T18:33:14.296+0000] {dag.py:3036} INFO - Sync 1 DAGs
[2025-10-30T18:33:14.311+0000] {logging_mixin.py:188} INFO - [2025-10-30T18:33:14.311+0000] {dag.py:3823} INFO - Setting next_dagrun for reddit_pipeline_dag to 2025-10-30 18:00:00+00:00, run_after=2025-10-30 19:00:00+00:00
[2025-10-30T18:33:14.325+0000] {processor.py:183} INFO - Processing /opt/airflow/dags/reddit_pipeline_dag.py took 0.067 seconds
[2025-10-30T18:33:44.530+0000] {processor.py:161} INFO - Started process (PID=2396) to work on /opt/airflow/dags/reddit_pipeline_dag.py
[2025-10-30T18:33:44.531+0000] {processor.py:830} INFO - Processing file /opt/airflow/dags/reddit_pipeline_dag.py for tasks to queue
[2025-10-30T18:33:44.532+0000] {logging_mixin.py:188} INFO - [2025-10-30T18:33:44.532+0000] {dagbag.py:538} INFO - Filling up the DagBag from /opt/airflow/dags/reddit_pipeline_dag.py
[2025-10-30T18:33:44.545+0000] {processor.py:840} INFO - DAG(s) 'reddit_pipeline_dag' retrieved from /opt/airflow/dags/reddit_pipeline_dag.py
[2025-10-30T18:33:44.565+0000] {logging_mixin.py:188} INFO - [2025-10-30T18:33:44.565+0000] {dag.py:3036} INFO - Sync 1 DAGs
[2025-10-30T18:33:44.579+0000] {logging_mixin.py:188} INFO - [2025-10-30T18:33:44.579+0000] {dag.py:3823} INFO - Setting next_dagrun for reddit_pipeline_dag to 2025-10-30 18:00:00+00:00, run_after=2025-10-30 19:00:00+00:00
[2025-10-30T18:33:44.595+0000] {processor.py:183} INFO - Processing /opt/airflow/dags/reddit_pipeline_dag.py took 0.067 seconds
[2025-10-30T18:34:14.751+0000] {processor.py:161} INFO - Started process (PID=2401) to work on /opt/airflow/dags/reddit_pipeline_dag.py
[2025-10-30T18:34:14.752+0000] {processor.py:830} INFO - Processing file /opt/airflow/dags/reddit_pipeline_dag.py for tasks to queue
[2025-10-30T18:34:14.753+0000] {logging_mixin.py:188} INFO - [2025-10-30T18:34:14.753+0000] {dagbag.py:538} INFO - Filling up the DagBag from /opt/airflow/dags/reddit_pipeline_dag.py
[2025-10-30T18:34:14.767+0000] {processor.py:840} INFO - DAG(s) 'reddit_pipeline_dag' retrieved from /opt/airflow/dags/reddit_pipeline_dag.py
[2025-10-30T18:34:14.787+0000] {logging_mixin.py:188} INFO - [2025-10-30T18:34:14.787+0000] {dag.py:3036} INFO - Sync 1 DAGs
[2025-10-30T18:34:14.804+0000] {logging_mixin.py:188} INFO - [2025-10-30T18:34:14.804+0000] {dag.py:3823} INFO - Setting next_dagrun for reddit_pipeline_dag to 2025-10-30 18:00:00+00:00, run_after=2025-10-30 19:00:00+00:00
[2025-10-30T18:34:14.820+0000] {processor.py:183} INFO - Processing /opt/airflow/dags/reddit_pipeline_dag.py took 0.072 seconds
[2025-10-30T18:34:45.020+0000] {processor.py:161} INFO - Started process (PID=2406) to work on /opt/airflow/dags/reddit_pipeline_dag.py
[2025-10-30T18:34:45.021+0000] {processor.py:830} INFO - Processing file /opt/airflow/dags/reddit_pipeline_dag.py for tasks to queue
[2025-10-30T18:34:45.022+0000] {logging_mixin.py:188} INFO - [2025-10-30T18:34:45.021+0000] {dagbag.py:538} INFO - Filling up the DagBag from /opt/airflow/dags/reddit_pipeline_dag.py
[2025-10-30T18:34:45.036+0000] {processor.py:840} INFO - DAG(s) 'reddit_pipeline_dag' retrieved from /opt/airflow/dags/reddit_pipeline_dag.py
[2025-10-30T18:34:45.057+0000] {logging_mixin.py:188} INFO - [2025-10-30T18:34:45.056+0000] {dag.py:3036} INFO - Sync 1 DAGs
[2025-10-30T18:34:45.071+0000] {logging_mixin.py:188} INFO - [2025-10-30T18:34:45.071+0000] {dag.py:3823} INFO - Setting next_dagrun for reddit_pipeline_dag to 2025-10-30 18:00:00+00:00, run_after=2025-10-30 19:00:00+00:00
[2025-10-30T18:34:45.085+0000] {processor.py:183} INFO - Processing /opt/airflow/dags/reddit_pipeline_dag.py took 0.068 seconds
[2025-10-30T18:35:15.246+0000] {processor.py:161} INFO - Started process (PID=2411) to work on /opt/airflow/dags/reddit_pipeline_dag.py
[2025-10-30T18:35:15.247+0000] {processor.py:830} INFO - Processing file /opt/airflow/dags/reddit_pipeline_dag.py for tasks to queue
[2025-10-30T18:35:15.249+0000] {logging_mixin.py:188} INFO - [2025-10-30T18:35:15.248+0000] {dagbag.py:538} INFO - Filling up the DagBag from /opt/airflow/dags/reddit_pipeline_dag.py
[2025-10-30T18:35:15.263+0000] {processor.py:840} INFO - DAG(s) 'reddit_pipeline_dag' retrieved from /opt/airflow/dags/reddit_pipeline_dag.py
[2025-10-30T18:35:15.281+0000] {logging_mixin.py:188} INFO - [2025-10-30T18:35:15.281+0000] {dag.py:3036} INFO - Sync 1 DAGs
[2025-10-30T18:35:15.297+0000] {logging_mixin.py:188} INFO - [2025-10-30T18:35:15.297+0000] {dag.py:3823} INFO - Setting next_dagrun for reddit_pipeline_dag to 2025-10-30 18:00:00+00:00, run_after=2025-10-30 19:00:00+00:00
[2025-10-30T18:35:15.315+0000] {processor.py:183} INFO - Processing /opt/airflow/dags/reddit_pipeline_dag.py took 0.072 seconds
[2025-10-30T18:35:45.481+0000] {processor.py:161} INFO - Started process (PID=2416) to work on /opt/airflow/dags/reddit_pipeline_dag.py
[2025-10-30T18:35:45.481+0000] {processor.py:830} INFO - Processing file /opt/airflow/dags/reddit_pipeline_dag.py for tasks to queue
[2025-10-30T18:35:45.483+0000] {logging_mixin.py:188} INFO - [2025-10-30T18:35:45.482+0000] {dagbag.py:538} INFO - Filling up the DagBag from /opt/airflow/dags/reddit_pipeline_dag.py
[2025-10-30T18:35:45.497+0000] {processor.py:840} INFO - DAG(s) 'reddit_pipeline_dag' retrieved from /opt/airflow/dags/reddit_pipeline_dag.py
[2025-10-30T18:35:45.516+0000] {logging_mixin.py:188} INFO - [2025-10-30T18:35:45.516+0000] {dag.py:3036} INFO - Sync 1 DAGs
[2025-10-30T18:35:45.530+0000] {logging_mixin.py:188} INFO - [2025-10-30T18:35:45.530+0000] {dag.py:3823} INFO - Setting next_dagrun for reddit_pipeline_dag to 2025-10-30 18:00:00+00:00, run_after=2025-10-30 19:00:00+00:00
[2025-10-30T18:35:45.545+0000] {processor.py:183} INFO - Processing /opt/airflow/dags/reddit_pipeline_dag.py took 0.067 seconds
[2025-10-30T18:36:15.726+0000] {processor.py:161} INFO - Started process (PID=2421) to work on /opt/airflow/dags/reddit_pipeline_dag.py
[2025-10-30T18:36:15.726+0000] {processor.py:830} INFO - Processing file /opt/airflow/dags/reddit_pipeline_dag.py for tasks to queue
[2025-10-30T18:36:15.727+0000] {logging_mixin.py:188} INFO - [2025-10-30T18:36:15.727+0000] {dagbag.py:538} INFO - Filling up the DagBag from /opt/airflow/dags/reddit_pipeline_dag.py
[2025-10-30T18:36:15.741+0000] {processor.py:840} INFO - DAG(s) 'reddit_pipeline_dag' retrieved from /opt/airflow/dags/reddit_pipeline_dag.py
[2025-10-30T18:36:15.760+0000] {logging_mixin.py:188} INFO - [2025-10-30T18:36:15.760+0000] {dag.py:3036} INFO - Sync 1 DAGs
[2025-10-30T18:36:15.775+0000] {logging_mixin.py:188} INFO - [2025-10-30T18:36:15.775+0000] {dag.py:3823} INFO - Setting next_dagrun for reddit_pipeline_dag to 2025-10-30 18:00:00+00:00, run_after=2025-10-30 19:00:00+00:00
[2025-10-30T18:36:15.788+0000] {processor.py:183} INFO - Processing /opt/airflow/dags/reddit_pipeline_dag.py took 0.064 seconds
[2025-10-30T18:36:45.977+0000] {processor.py:161} INFO - Started process (PID=2426) to work on /opt/airflow/dags/reddit_pipeline_dag.py
[2025-10-30T18:36:45.978+0000] {processor.py:830} INFO - Processing file /opt/airflow/dags/reddit_pipeline_dag.py for tasks to queue
[2025-10-30T18:36:45.979+0000] {logging_mixin.py:188} INFO - [2025-10-30T18:36:45.978+0000] {dagbag.py:538} INFO - Filling up the DagBag from /opt/airflow/dags/reddit_pipeline_dag.py
[2025-10-30T18:36:45.994+0000] {processor.py:840} INFO - DAG(s) 'reddit_pipeline_dag' retrieved from /opt/airflow/dags/reddit_pipeline_dag.py
[2025-10-30T18:36:46.014+0000] {logging_mixin.py:188} INFO - [2025-10-30T18:36:46.013+0000] {dag.py:3036} INFO - Sync 1 DAGs
[2025-10-30T18:36:46.029+0000] {logging_mixin.py:188} INFO - [2025-10-30T18:36:46.029+0000] {dag.py:3823} INFO - Setting next_dagrun for reddit_pipeline_dag to 2025-10-30 18:00:00+00:00, run_after=2025-10-30 19:00:00+00:00
[2025-10-30T18:36:46.045+0000] {processor.py:183} INFO - Processing /opt/airflow/dags/reddit_pipeline_dag.py took 0.070 seconds
[2025-10-30T18:37:16.203+0000] {processor.py:161} INFO - Started process (PID=2431) to work on /opt/airflow/dags/reddit_pipeline_dag.py
[2025-10-30T18:37:16.204+0000] {processor.py:830} INFO - Processing file /opt/airflow/dags/reddit_pipeline_dag.py for tasks to queue
[2025-10-30T18:37:16.205+0000] {logging_mixin.py:188} INFO - [2025-10-30T18:37:16.204+0000] {dagbag.py:538} INFO - Filling up the DagBag from /opt/airflow/dags/reddit_pipeline_dag.py
[2025-10-30T18:37:16.218+0000] {processor.py:840} INFO - DAG(s) 'reddit_pipeline_dag' retrieved from /opt/airflow/dags/reddit_pipeline_dag.py
[2025-10-30T18:37:16.238+0000] {logging_mixin.py:188} INFO - [2025-10-30T18:37:16.238+0000] {dag.py:3036} INFO - Sync 1 DAGs
[2025-10-30T18:37:16.253+0000] {logging_mixin.py:188} INFO - [2025-10-30T18:37:16.253+0000] {dag.py:3823} INFO - Setting next_dagrun for reddit_pipeline_dag to 2025-10-30 18:00:00+00:00, run_after=2025-10-30 19:00:00+00:00
[2025-10-30T18:37:16.266+0000] {processor.py:183} INFO - Processing /opt/airflow/dags/reddit_pipeline_dag.py took 0.066 seconds
[2025-10-30T18:37:46.459+0000] {processor.py:161} INFO - Started process (PID=2436) to work on /opt/airflow/dags/reddit_pipeline_dag.py
[2025-10-30T18:37:46.460+0000] {processor.py:830} INFO - Processing file /opt/airflow/dags/reddit_pipeline_dag.py for tasks to queue
[2025-10-30T18:37:46.461+0000] {logging_mixin.py:188} INFO - [2025-10-30T18:37:46.461+0000] {dagbag.py:538} INFO - Filling up the DagBag from /opt/airflow/dags/reddit_pipeline_dag.py
[2025-10-30T18:37:46.475+0000] {processor.py:840} INFO - DAG(s) 'reddit_pipeline_dag' retrieved from /opt/airflow/dags/reddit_pipeline_dag.py
[2025-10-30T18:37:46.496+0000] {logging_mixin.py:188} INFO - [2025-10-30T18:37:46.495+0000] {dag.py:3036} INFO - Sync 1 DAGs
[2025-10-30T18:37:46.511+0000] {logging_mixin.py:188} INFO - [2025-10-30T18:37:46.511+0000] {dag.py:3823} INFO - Setting next_dagrun for reddit_pipeline_dag to 2025-10-30 18:00:00+00:00, run_after=2025-10-30 19:00:00+00:00
[2025-10-30T18:37:46.525+0000] {processor.py:183} INFO - Processing /opt/airflow/dags/reddit_pipeline_dag.py took 0.068 seconds
[2025-10-30T18:38:16.710+0000] {processor.py:161} INFO - Started process (PID=2441) to work on /opt/airflow/dags/reddit_pipeline_dag.py
[2025-10-30T18:38:16.711+0000] {processor.py:830} INFO - Processing file /opt/airflow/dags/reddit_pipeline_dag.py for tasks to queue
[2025-10-30T18:38:16.712+0000] {logging_mixin.py:188} INFO - [2025-10-30T18:38:16.712+0000] {dagbag.py:538} INFO - Filling up the DagBag from /opt/airflow/dags/reddit_pipeline_dag.py
[2025-10-30T18:38:16.726+0000] {processor.py:840} INFO - DAG(s) 'reddit_pipeline_dag' retrieved from /opt/airflow/dags/reddit_pipeline_dag.py
[2025-10-30T18:38:16.744+0000] {logging_mixin.py:188} INFO - [2025-10-30T18:38:16.744+0000] {dag.py:3036} INFO - Sync 1 DAGs
[2025-10-30T18:38:16.759+0000] {logging_mixin.py:188} INFO - [2025-10-30T18:38:16.759+0000] {dag.py:3823} INFO - Setting next_dagrun for reddit_pipeline_dag to 2025-10-30 18:00:00+00:00, run_after=2025-10-30 19:00:00+00:00
[2025-10-30T18:38:16.774+0000] {processor.py:183} INFO - Processing /opt/airflow/dags/reddit_pipeline_dag.py took 0.066 seconds
[2025-10-30T18:38:46.952+0000] {processor.py:161} INFO - Started process (PID=2446) to work on /opt/airflow/dags/reddit_pipeline_dag.py
[2025-10-30T18:38:46.953+0000] {processor.py:830} INFO - Processing file /opt/airflow/dags/reddit_pipeline_dag.py for tasks to queue
[2025-10-30T18:38:46.954+0000] {logging_mixin.py:188} INFO - [2025-10-30T18:38:46.954+0000] {dagbag.py:538} INFO - Filling up the DagBag from /opt/airflow/dags/reddit_pipeline_dag.py
[2025-10-30T18:38:46.967+0000] {processor.py:840} INFO - DAG(s) 'reddit_pipeline_dag' retrieved from /opt/airflow/dags/reddit_pipeline_dag.py
[2025-10-30T18:38:46.986+0000] {logging_mixin.py:188} INFO - [2025-10-30T18:38:46.985+0000] {dag.py:3036} INFO - Sync 1 DAGs
[2025-10-30T18:38:47.004+0000] {logging_mixin.py:188} INFO - [2025-10-30T18:38:47.004+0000] {dag.py:3823} INFO - Setting next_dagrun for reddit_pipeline_dag to 2025-10-30 18:00:00+00:00, run_after=2025-10-30 19:00:00+00:00
[2025-10-30T18:38:47.018+0000] {processor.py:183} INFO - Processing /opt/airflow/dags/reddit_pipeline_dag.py took 0.068 seconds
[2025-10-30T18:39:17.190+0000] {processor.py:161} INFO - Started process (PID=2451) to work on /opt/airflow/dags/reddit_pipeline_dag.py
[2025-10-30T18:39:17.191+0000] {processor.py:830} INFO - Processing file /opt/airflow/dags/reddit_pipeline_dag.py for tasks to queue
[2025-10-30T18:39:17.191+0000] {logging_mixin.py:188} INFO - [2025-10-30T18:39:17.191+0000] {dagbag.py:538} INFO - Filling up the DagBag from /opt/airflow/dags/reddit_pipeline_dag.py
[2025-10-30T18:39:17.212+0000] {processor.py:840} INFO - DAG(s) 'reddit_pipeline_dag' retrieved from /opt/airflow/dags/reddit_pipeline_dag.py
[2025-10-30T18:39:17.237+0000] {logging_mixin.py:188} INFO - [2025-10-30T18:39:17.236+0000] {dag.py:3036} INFO - Sync 1 DAGs
[2025-10-30T18:39:17.251+0000] {logging_mixin.py:188} INFO - [2025-10-30T18:39:17.251+0000] {dag.py:3823} INFO - Setting next_dagrun for reddit_pipeline_dag to 2025-10-30 18:00:00+00:00, run_after=2025-10-30 19:00:00+00:00
[2025-10-30T18:39:17.268+0000] {processor.py:183} INFO - Processing /opt/airflow/dags/reddit_pipeline_dag.py took 0.081 seconds
[2025-10-30T18:39:47.430+0000] {processor.py:161} INFO - Started process (PID=2456) to work on /opt/airflow/dags/reddit_pipeline_dag.py
[2025-10-30T18:39:47.431+0000] {processor.py:830} INFO - Processing file /opt/airflow/dags/reddit_pipeline_dag.py for tasks to queue
[2025-10-30T18:39:47.432+0000] {logging_mixin.py:188} INFO - [2025-10-30T18:39:47.431+0000] {dagbag.py:538} INFO - Filling up the DagBag from /opt/airflow/dags/reddit_pipeline_dag.py
[2025-10-30T18:39:47.446+0000] {processor.py:840} INFO - DAG(s) 'reddit_pipeline_dag' retrieved from /opt/airflow/dags/reddit_pipeline_dag.py
[2025-10-30T18:39:47.465+0000] {logging_mixin.py:188} INFO - [2025-10-30T18:39:47.465+0000] {dag.py:3036} INFO - Sync 1 DAGs
[2025-10-30T18:39:47.480+0000] {logging_mixin.py:188} INFO - [2025-10-30T18:39:47.480+0000] {dag.py:3823} INFO - Setting next_dagrun for reddit_pipeline_dag to 2025-10-30 18:00:00+00:00, run_after=2025-10-30 19:00:00+00:00
[2025-10-30T18:39:47.493+0000] {processor.py:183} INFO - Processing /opt/airflow/dags/reddit_pipeline_dag.py took 0.065 seconds
[2025-10-30T18:40:17.655+0000] {processor.py:161} INFO - Started process (PID=2461) to work on /opt/airflow/dags/reddit_pipeline_dag.py
[2025-10-30T18:40:17.656+0000] {processor.py:830} INFO - Processing file /opt/airflow/dags/reddit_pipeline_dag.py for tasks to queue
[2025-10-30T18:40:17.657+0000] {logging_mixin.py:188} INFO - [2025-10-30T18:40:17.657+0000] {dagbag.py:538} INFO - Filling up the DagBag from /opt/airflow/dags/reddit_pipeline_dag.py
[2025-10-30T18:40:17.671+0000] {processor.py:840} INFO - DAG(s) 'reddit_pipeline_dag' retrieved from /opt/airflow/dags/reddit_pipeline_dag.py
[2025-10-30T18:40:17.690+0000] {logging_mixin.py:188} INFO - [2025-10-30T18:40:17.690+0000] {dag.py:3036} INFO - Sync 1 DAGs
[2025-10-30T18:40:17.706+0000] {logging_mixin.py:188} INFO - [2025-10-30T18:40:17.706+0000] {dag.py:3823} INFO - Setting next_dagrun for reddit_pipeline_dag to 2025-10-30 18:00:00+00:00, run_after=2025-10-30 19:00:00+00:00
[2025-10-30T18:40:17.718+0000] {processor.py:183} INFO - Processing /opt/airflow/dags/reddit_pipeline_dag.py took 0.066 seconds
[2025-10-30T18:40:47.899+0000] {processor.py:161} INFO - Started process (PID=2466) to work on /opt/airflow/dags/reddit_pipeline_dag.py
[2025-10-30T18:40:47.900+0000] {processor.py:830} INFO - Processing file /opt/airflow/dags/reddit_pipeline_dag.py for tasks to queue
[2025-10-30T18:40:47.901+0000] {logging_mixin.py:188} INFO - [2025-10-30T18:40:47.901+0000] {dagbag.py:538} INFO - Filling up the DagBag from /opt/airflow/dags/reddit_pipeline_dag.py
[2025-10-30T18:40:47.915+0000] {processor.py:840} INFO - DAG(s) 'reddit_pipeline_dag' retrieved from /opt/airflow/dags/reddit_pipeline_dag.py
[2025-10-30T18:40:47.934+0000] {logging_mixin.py:188} INFO - [2025-10-30T18:40:47.934+0000] {dag.py:3036} INFO - Sync 1 DAGs
[2025-10-30T18:40:47.952+0000] {logging_mixin.py:188} INFO - [2025-10-30T18:40:47.952+0000] {dag.py:3823} INFO - Setting next_dagrun for reddit_pipeline_dag to 2025-10-30 18:00:00+00:00, run_after=2025-10-30 19:00:00+00:00
[2025-10-30T18:40:47.967+0000] {processor.py:183} INFO - Processing /opt/airflow/dags/reddit_pipeline_dag.py took 0.069 seconds
[2025-10-30T18:41:18.165+0000] {processor.py:161} INFO - Started process (PID=2471) to work on /opt/airflow/dags/reddit_pipeline_dag.py
[2025-10-30T18:41:18.166+0000] {processor.py:830} INFO - Processing file /opt/airflow/dags/reddit_pipeline_dag.py for tasks to queue
[2025-10-30T18:41:18.167+0000] {logging_mixin.py:188} INFO - [2025-10-30T18:41:18.166+0000] {dagbag.py:538} INFO - Filling up the DagBag from /opt/airflow/dags/reddit_pipeline_dag.py
[2025-10-30T18:41:18.182+0000] {processor.py:840} INFO - DAG(s) 'reddit_pipeline_dag' retrieved from /opt/airflow/dags/reddit_pipeline_dag.py
[2025-10-30T18:41:18.203+0000] {logging_mixin.py:188} INFO - [2025-10-30T18:41:18.203+0000] {dag.py:3036} INFO - Sync 1 DAGs
[2025-10-30T18:41:18.219+0000] {logging_mixin.py:188} INFO - [2025-10-30T18:41:18.219+0000] {dag.py:3823} INFO - Setting next_dagrun for reddit_pipeline_dag to 2025-10-30 18:00:00+00:00, run_after=2025-10-30 19:00:00+00:00
[2025-10-30T18:41:18.237+0000] {processor.py:183} INFO - Processing /opt/airflow/dags/reddit_pipeline_dag.py took 0.075 seconds
[2025-10-30T18:41:48.419+0000] {processor.py:161} INFO - Started process (PID=2476) to work on /opt/airflow/dags/reddit_pipeline_dag.py
[2025-10-30T18:41:48.420+0000] {processor.py:830} INFO - Processing file /opt/airflow/dags/reddit_pipeline_dag.py for tasks to queue
[2025-10-30T18:41:48.421+0000] {logging_mixin.py:188} INFO - [2025-10-30T18:41:48.421+0000] {dagbag.py:538} INFO - Filling up the DagBag from /opt/airflow/dags/reddit_pipeline_dag.py
[2025-10-30T18:41:48.435+0000] {processor.py:840} INFO - DAG(s) 'reddit_pipeline_dag' retrieved from /opt/airflow/dags/reddit_pipeline_dag.py
[2025-10-30T18:41:48.455+0000] {logging_mixin.py:188} INFO - [2025-10-30T18:41:48.454+0000] {dag.py:3036} INFO - Sync 1 DAGs
[2025-10-30T18:41:48.469+0000] {logging_mixin.py:188} INFO - [2025-10-30T18:41:48.469+0000] {dag.py:3823} INFO - Setting next_dagrun for reddit_pipeline_dag to 2025-10-30 18:00:00+00:00, run_after=2025-10-30 19:00:00+00:00
[2025-10-30T18:41:48.486+0000] {processor.py:183} INFO - Processing /opt/airflow/dags/reddit_pipeline_dag.py took 0.069 seconds
[2025-10-30T18:42:18.645+0000] {processor.py:161} INFO - Started process (PID=2481) to work on /opt/airflow/dags/reddit_pipeline_dag.py
[2025-10-30T18:42:18.646+0000] {processor.py:830} INFO - Processing file /opt/airflow/dags/reddit_pipeline_dag.py for tasks to queue
[2025-10-30T18:42:18.647+0000] {logging_mixin.py:188} INFO - [2025-10-30T18:42:18.646+0000] {dagbag.py:538} INFO - Filling up the DagBag from /opt/airflow/dags/reddit_pipeline_dag.py
[2025-10-30T18:42:18.661+0000] {processor.py:840} INFO - DAG(s) 'reddit_pipeline_dag' retrieved from /opt/airflow/dags/reddit_pipeline_dag.py
[2025-10-30T18:42:18.681+0000] {logging_mixin.py:188} INFO - [2025-10-30T18:42:18.681+0000] {dag.py:3036} INFO - Sync 1 DAGs
[2025-10-30T18:42:18.698+0000] {logging_mixin.py:188} INFO - [2025-10-30T18:42:18.698+0000] {dag.py:3823} INFO - Setting next_dagrun for reddit_pipeline_dag to 2025-10-30 18:00:00+00:00, run_after=2025-10-30 19:00:00+00:00
[2025-10-30T18:42:18.713+0000] {processor.py:183} INFO - Processing /opt/airflow/dags/reddit_pipeline_dag.py took 0.071 seconds
[2025-10-30T18:42:48.932+0000] {processor.py:161} INFO - Started process (PID=2486) to work on /opt/airflow/dags/reddit_pipeline_dag.py
[2025-10-30T18:42:48.933+0000] {processor.py:830} INFO - Processing file /opt/airflow/dags/reddit_pipeline_dag.py for tasks to queue
[2025-10-30T18:42:48.933+0000] {logging_mixin.py:188} INFO - [2025-10-30T18:42:48.933+0000] {dagbag.py:538} INFO - Filling up the DagBag from /opt/airflow/dags/reddit_pipeline_dag.py
[2025-10-30T18:42:48.947+0000] {processor.py:840} INFO - DAG(s) 'reddit_pipeline_dag' retrieved from /opt/airflow/dags/reddit_pipeline_dag.py
[2025-10-30T18:42:48.968+0000] {logging_mixin.py:188} INFO - [2025-10-30T18:42:48.968+0000] {dag.py:3036} INFO - Sync 1 DAGs
[2025-10-30T18:42:48.984+0000] {logging_mixin.py:188} INFO - [2025-10-30T18:42:48.984+0000] {dag.py:3823} INFO - Setting next_dagrun for reddit_pipeline_dag to 2025-10-30 18:00:00+00:00, run_after=2025-10-30 19:00:00+00:00
[2025-10-30T18:42:49.000+0000] {processor.py:183} INFO - Processing /opt/airflow/dags/reddit_pipeline_dag.py took 0.070 seconds
[2025-10-30T18:43:19.162+0000] {processor.py:161} INFO - Started process (PID=2491) to work on /opt/airflow/dags/reddit_pipeline_dag.py
[2025-10-30T18:43:19.163+0000] {processor.py:830} INFO - Processing file /opt/airflow/dags/reddit_pipeline_dag.py for tasks to queue
[2025-10-30T18:43:19.163+0000] {logging_mixin.py:188} INFO - [2025-10-30T18:43:19.163+0000] {dagbag.py:538} INFO - Filling up the DagBag from /opt/airflow/dags/reddit_pipeline_dag.py
[2025-10-30T18:43:19.176+0000] {processor.py:840} INFO - DAG(s) 'reddit_pipeline_dag' retrieved from /opt/airflow/dags/reddit_pipeline_dag.py
[2025-10-30T18:43:19.198+0000] {logging_mixin.py:188} INFO - [2025-10-30T18:43:19.198+0000] {dag.py:3036} INFO - Sync 1 DAGs
[2025-10-30T18:43:19.214+0000] {logging_mixin.py:188} INFO - [2025-10-30T18:43:19.213+0000] {dag.py:3823} INFO - Setting next_dagrun for reddit_pipeline_dag to 2025-10-30 18:00:00+00:00, run_after=2025-10-30 19:00:00+00:00
[2025-10-30T18:43:19.228+0000] {processor.py:183} INFO - Processing /opt/airflow/dags/reddit_pipeline_dag.py took 0.069 seconds
[2025-10-30T18:43:49.464+0000] {processor.py:161} INFO - Started process (PID=2496) to work on /opt/airflow/dags/reddit_pipeline_dag.py
[2025-10-30T18:43:49.465+0000] {processor.py:830} INFO - Processing file /opt/airflow/dags/reddit_pipeline_dag.py for tasks to queue
[2025-10-30T18:43:49.467+0000] {logging_mixin.py:188} INFO - [2025-10-30T18:43:49.467+0000] {dagbag.py:538} INFO - Filling up the DagBag from /opt/airflow/dags/reddit_pipeline_dag.py
[2025-10-30T18:43:49.494+0000] {processor.py:840} INFO - DAG(s) 'reddit_pipeline_dag' retrieved from /opt/airflow/dags/reddit_pipeline_dag.py
[2025-10-30T18:43:49.521+0000] {logging_mixin.py:188} INFO - [2025-10-30T18:43:49.520+0000] {dag.py:3036} INFO - Sync 1 DAGs
[2025-10-30T18:43:49.541+0000] {logging_mixin.py:188} INFO - [2025-10-30T18:43:49.540+0000] {dag.py:3823} INFO - Setting next_dagrun for reddit_pipeline_dag to 2025-10-30 18:00:00+00:00, run_after=2025-10-30 19:00:00+00:00
[2025-10-30T18:43:49.555+0000] {processor.py:183} INFO - Processing /opt/airflow/dags/reddit_pipeline_dag.py took 0.094 seconds
[2025-10-30T18:44:19.692+0000] {processor.py:161} INFO - Started process (PID=2501) to work on /opt/airflow/dags/reddit_pipeline_dag.py
[2025-10-30T18:44:19.693+0000] {processor.py:830} INFO - Processing file /opt/airflow/dags/reddit_pipeline_dag.py for tasks to queue
[2025-10-30T18:44:19.694+0000] {logging_mixin.py:188} INFO - [2025-10-30T18:44:19.693+0000] {dagbag.py:538} INFO - Filling up the DagBag from /opt/airflow/dags/reddit_pipeline_dag.py
[2025-10-30T18:44:19.712+0000] {processor.py:840} INFO - DAG(s) 'reddit_pipeline_dag' retrieved from /opt/airflow/dags/reddit_pipeline_dag.py
[2025-10-30T18:44:19.738+0000] {logging_mixin.py:188} INFO - [2025-10-30T18:44:19.737+0000] {dag.py:3036} INFO - Sync 1 DAGs
[2025-10-30T18:44:19.752+0000] {logging_mixin.py:188} INFO - [2025-10-30T18:44:19.752+0000] {dag.py:3823} INFO - Setting next_dagrun for reddit_pipeline_dag to 2025-10-30 18:00:00+00:00, run_after=2025-10-30 19:00:00+00:00
[2025-10-30T18:44:19.771+0000] {processor.py:183} INFO - Processing /opt/airflow/dags/reddit_pipeline_dag.py took 0.082 seconds
[2025-10-30T18:44:49.957+0000] {processor.py:161} INFO - Started process (PID=2506) to work on /opt/airflow/dags/reddit_pipeline_dag.py
[2025-10-30T18:44:49.958+0000] {processor.py:830} INFO - Processing file /opt/airflow/dags/reddit_pipeline_dag.py for tasks to queue
[2025-10-30T18:44:49.959+0000] {logging_mixin.py:188} INFO - [2025-10-30T18:44:49.958+0000] {dagbag.py:538} INFO - Filling up the DagBag from /opt/airflow/dags/reddit_pipeline_dag.py
[2025-10-30T18:44:49.972+0000] {processor.py:840} INFO - DAG(s) 'reddit_pipeline_dag' retrieved from /opt/airflow/dags/reddit_pipeline_dag.py
[2025-10-30T18:44:49.995+0000] {logging_mixin.py:188} INFO - [2025-10-30T18:44:49.995+0000] {dag.py:3036} INFO - Sync 1 DAGs
[2025-10-30T18:44:50.012+0000] {logging_mixin.py:188} INFO - [2025-10-30T18:44:50.012+0000] {dag.py:3823} INFO - Setting next_dagrun for reddit_pipeline_dag to 2025-10-30 18:00:00+00:00, run_after=2025-10-30 19:00:00+00:00
[2025-10-30T18:44:50.030+0000] {processor.py:183} INFO - Processing /opt/airflow/dags/reddit_pipeline_dag.py took 0.075 seconds
[2025-10-30T18:45:20.220+0000] {processor.py:161} INFO - Started process (PID=2511) to work on /opt/airflow/dags/reddit_pipeline_dag.py
[2025-10-30T18:45:20.221+0000] {processor.py:830} INFO - Processing file /opt/airflow/dags/reddit_pipeline_dag.py for tasks to queue
[2025-10-30T18:45:20.222+0000] {logging_mixin.py:188} INFO - [2025-10-30T18:45:20.222+0000] {dagbag.py:538} INFO - Filling up the DagBag from /opt/airflow/dags/reddit_pipeline_dag.py
[2025-10-30T18:45:20.235+0000] {processor.py:840} INFO - DAG(s) 'reddit_pipeline_dag' retrieved from /opt/airflow/dags/reddit_pipeline_dag.py
[2025-10-30T18:45:20.255+0000] {logging_mixin.py:188} INFO - [2025-10-30T18:45:20.254+0000] {dag.py:3036} INFO - Sync 1 DAGs
[2025-10-30T18:45:20.269+0000] {logging_mixin.py:188} INFO - [2025-10-30T18:45:20.269+0000] {dag.py:3823} INFO - Setting next_dagrun for reddit_pipeline_dag to 2025-10-30 18:00:00+00:00, run_after=2025-10-30 19:00:00+00:00
[2025-10-30T18:45:20.283+0000] {processor.py:183} INFO - Processing /opt/airflow/dags/reddit_pipeline_dag.py took 0.064 seconds
[2025-10-30T18:45:50.496+0000] {processor.py:161} INFO - Started process (PID=2516) to work on /opt/airflow/dags/reddit_pipeline_dag.py
[2025-10-30T18:45:50.502+0000] {processor.py:830} INFO - Processing file /opt/airflow/dags/reddit_pipeline_dag.py for tasks to queue
[2025-10-30T18:45:50.503+0000] {logging_mixin.py:188} INFO - [2025-10-30T18:45:50.503+0000] {dagbag.py:538} INFO - Filling up the DagBag from /opt/airflow/dags/reddit_pipeline_dag.py
[2025-10-30T18:45:50.523+0000] {processor.py:840} INFO - DAG(s) 'reddit_pipeline_dag' retrieved from /opt/airflow/dags/reddit_pipeline_dag.py
[2025-10-30T18:45:50.545+0000] {logging_mixin.py:188} INFO - [2025-10-30T18:45:50.545+0000] {dag.py:3036} INFO - Sync 1 DAGs
[2025-10-30T18:45:50.561+0000] {logging_mixin.py:188} INFO - [2025-10-30T18:45:50.561+0000] {dag.py:3823} INFO - Setting next_dagrun for reddit_pipeline_dag to 2025-10-30 18:00:00+00:00, run_after=2025-10-30 19:00:00+00:00
[2025-10-30T18:45:50.578+0000] {processor.py:183} INFO - Processing /opt/airflow/dags/reddit_pipeline_dag.py took 0.085 seconds
[2025-10-30T18:46:20.696+0000] {processor.py:161} INFO - Started process (PID=2521) to work on /opt/airflow/dags/reddit_pipeline_dag.py
[2025-10-30T18:46:20.697+0000] {processor.py:830} INFO - Processing file /opt/airflow/dags/reddit_pipeline_dag.py for tasks to queue
[2025-10-30T18:46:20.698+0000] {logging_mixin.py:188} INFO - [2025-10-30T18:46:20.698+0000] {dagbag.py:538} INFO - Filling up the DagBag from /opt/airflow/dags/reddit_pipeline_dag.py
[2025-10-30T18:46:20.712+0000] {processor.py:840} INFO - DAG(s) 'reddit_pipeline_dag' retrieved from /opt/airflow/dags/reddit_pipeline_dag.py
[2025-10-30T18:46:20.732+0000] {logging_mixin.py:188} INFO - [2025-10-30T18:46:20.732+0000] {dag.py:3036} INFO - Sync 1 DAGs
[2025-10-30T18:46:20.748+0000] {logging_mixin.py:188} INFO - [2025-10-30T18:46:20.748+0000] {dag.py:3823} INFO - Setting next_dagrun for reddit_pipeline_dag to 2025-10-30 18:00:00+00:00, run_after=2025-10-30 19:00:00+00:00
[2025-10-30T18:46:20.765+0000] {processor.py:183} INFO - Processing /opt/airflow/dags/reddit_pipeline_dag.py took 0.071 seconds
[2025-10-30T18:46:50.931+0000] {processor.py:161} INFO - Started process (PID=2526) to work on /opt/airflow/dags/reddit_pipeline_dag.py
[2025-10-30T18:46:50.932+0000] {processor.py:830} INFO - Processing file /opt/airflow/dags/reddit_pipeline_dag.py for tasks to queue
[2025-10-30T18:46:50.933+0000] {logging_mixin.py:188} INFO - [2025-10-30T18:46:50.933+0000] {dagbag.py:538} INFO - Filling up the DagBag from /opt/airflow/dags/reddit_pipeline_dag.py
[2025-10-30T18:46:50.946+0000] {processor.py:840} INFO - DAG(s) 'reddit_pipeline_dag' retrieved from /opt/airflow/dags/reddit_pipeline_dag.py
[2025-10-30T18:46:50.966+0000] {logging_mixin.py:188} INFO - [2025-10-30T18:46:50.966+0000] {dag.py:3036} INFO - Sync 1 DAGs
[2025-10-30T18:46:50.980+0000] {logging_mixin.py:188} INFO - [2025-10-30T18:46:50.980+0000] {dag.py:3823} INFO - Setting next_dagrun for reddit_pipeline_dag to 2025-10-30 18:00:00+00:00, run_after=2025-10-30 19:00:00+00:00
[2025-10-30T18:46:50.997+0000] {processor.py:183} INFO - Processing /opt/airflow/dags/reddit_pipeline_dag.py took 0.068 seconds
[2025-10-30T18:47:21.205+0000] {processor.py:161} INFO - Started process (PID=2531) to work on /opt/airflow/dags/reddit_pipeline_dag.py
[2025-10-30T18:47:21.206+0000] {processor.py:830} INFO - Processing file /opt/airflow/dags/reddit_pipeline_dag.py for tasks to queue
[2025-10-30T18:47:21.207+0000] {logging_mixin.py:188} INFO - [2025-10-30T18:47:21.206+0000] {dagbag.py:538} INFO - Filling up the DagBag from /opt/airflow/dags/reddit_pipeline_dag.py
[2025-10-30T18:47:21.220+0000] {processor.py:840} INFO - DAG(s) 'reddit_pipeline_dag' retrieved from /opt/airflow/dags/reddit_pipeline_dag.py
[2025-10-30T18:47:21.239+0000] {logging_mixin.py:188} INFO - [2025-10-30T18:47:21.239+0000] {dag.py:3036} INFO - Sync 1 DAGs
[2025-10-30T18:47:21.254+0000] {logging_mixin.py:188} INFO - [2025-10-30T18:47:21.254+0000] {dag.py:3823} INFO - Setting next_dagrun for reddit_pipeline_dag to 2025-10-30 18:00:00+00:00, run_after=2025-10-30 19:00:00+00:00
[2025-10-30T18:47:21.270+0000] {processor.py:183} INFO - Processing /opt/airflow/dags/reddit_pipeline_dag.py took 0.067 seconds
[2025-10-30T18:47:51.440+0000] {processor.py:161} INFO - Started process (PID=2536) to work on /opt/airflow/dags/reddit_pipeline_dag.py
[2025-10-30T18:47:51.441+0000] {processor.py:830} INFO - Processing file /opt/airflow/dags/reddit_pipeline_dag.py for tasks to queue
[2025-10-30T18:47:51.441+0000] {logging_mixin.py:188} INFO - [2025-10-30T18:47:51.441+0000] {dagbag.py:538} INFO - Filling up the DagBag from /opt/airflow/dags/reddit_pipeline_dag.py
[2025-10-30T18:47:51.456+0000] {processor.py:840} INFO - DAG(s) 'reddit_pipeline_dag' retrieved from /opt/airflow/dags/reddit_pipeline_dag.py
[2025-10-30T18:47:51.474+0000] {logging_mixin.py:188} INFO - [2025-10-30T18:47:51.474+0000] {dag.py:3036} INFO - Sync 1 DAGs
[2025-10-30T18:47:51.490+0000] {logging_mixin.py:188} INFO - [2025-10-30T18:47:51.490+0000] {dag.py:3823} INFO - Setting next_dagrun for reddit_pipeline_dag to 2025-10-30 18:00:00+00:00, run_after=2025-10-30 19:00:00+00:00
[2025-10-30T18:47:51.511+0000] {processor.py:183} INFO - Processing /opt/airflow/dags/reddit_pipeline_dag.py took 0.073 seconds
[2025-10-30T18:48:21.704+0000] {processor.py:161} INFO - Started process (PID=2541) to work on /opt/airflow/dags/reddit_pipeline_dag.py
[2025-10-30T18:48:21.705+0000] {processor.py:830} INFO - Processing file /opt/airflow/dags/reddit_pipeline_dag.py for tasks to queue
[2025-10-30T18:48:21.705+0000] {logging_mixin.py:188} INFO - [2025-10-30T18:48:21.705+0000] {dagbag.py:538} INFO - Filling up the DagBag from /opt/airflow/dags/reddit_pipeline_dag.py
[2025-10-30T18:48:21.719+0000] {processor.py:840} INFO - DAG(s) 'reddit_pipeline_dag' retrieved from /opt/airflow/dags/reddit_pipeline_dag.py
[2025-10-30T18:48:21.741+0000] {logging_mixin.py:188} INFO - [2025-10-30T18:48:21.740+0000] {dag.py:3036} INFO - Sync 1 DAGs
[2025-10-30T18:48:21.758+0000] {logging_mixin.py:188} INFO - [2025-10-30T18:48:21.758+0000] {dag.py:3823} INFO - Setting next_dagrun for reddit_pipeline_dag to 2025-10-30 18:00:00+00:00, run_after=2025-10-30 19:00:00+00:00
[2025-10-30T18:48:21.774+0000] {processor.py:183} INFO - Processing /opt/airflow/dags/reddit_pipeline_dag.py took 0.073 seconds
[2025-10-30T18:48:51.986+0000] {processor.py:161} INFO - Started process (PID=2546) to work on /opt/airflow/dags/reddit_pipeline_dag.py
[2025-10-30T18:48:51.987+0000] {processor.py:830} INFO - Processing file /opt/airflow/dags/reddit_pipeline_dag.py for tasks to queue
[2025-10-30T18:48:51.988+0000] {logging_mixin.py:188} INFO - [2025-10-30T18:48:51.988+0000] {dagbag.py:538} INFO - Filling up the DagBag from /opt/airflow/dags/reddit_pipeline_dag.py
[2025-10-30T18:48:52.002+0000] {processor.py:840} INFO - DAG(s) 'reddit_pipeline_dag' retrieved from /opt/airflow/dags/reddit_pipeline_dag.py
[2025-10-30T18:48:52.022+0000] {logging_mixin.py:188} INFO - [2025-10-30T18:48:52.022+0000] {dag.py:3036} INFO - Sync 1 DAGs
[2025-10-30T18:48:52.036+0000] {logging_mixin.py:188} INFO - [2025-10-30T18:48:52.036+0000] {dag.py:3823} INFO - Setting next_dagrun for reddit_pipeline_dag to 2025-10-30 18:00:00+00:00, run_after=2025-10-30 19:00:00+00:00
[2025-10-30T18:48:52.059+0000] {processor.py:183} INFO - Processing /opt/airflow/dags/reddit_pipeline_dag.py took 0.075 seconds
[2025-10-30T18:49:22.239+0000] {processor.py:161} INFO - Started process (PID=2551) to work on /opt/airflow/dags/reddit_pipeline_dag.py
[2025-10-30T18:49:22.240+0000] {processor.py:830} INFO - Processing file /opt/airflow/dags/reddit_pipeline_dag.py for tasks to queue
[2025-10-30T18:49:22.241+0000] {logging_mixin.py:188} INFO - [2025-10-30T18:49:22.241+0000] {dagbag.py:538} INFO - Filling up the DagBag from /opt/airflow/dags/reddit_pipeline_dag.py
[2025-10-30T18:49:22.263+0000] {processor.py:840} INFO - DAG(s) 'reddit_pipeline_dag' retrieved from /opt/airflow/dags/reddit_pipeline_dag.py
[2025-10-30T18:49:22.287+0000] {logging_mixin.py:188} INFO - [2025-10-30T18:49:22.287+0000] {dag.py:3036} INFO - Sync 1 DAGs
[2025-10-30T18:49:22.302+0000] {logging_mixin.py:188} INFO - [2025-10-30T18:49:22.302+0000] {dag.py:3823} INFO - Setting next_dagrun for reddit_pipeline_dag to 2025-10-30 18:00:00+00:00, run_after=2025-10-30 19:00:00+00:00
[2025-10-30T18:49:22.317+0000] {processor.py:183} INFO - Processing /opt/airflow/dags/reddit_pipeline_dag.py took 0.081 seconds
[2025-10-30T18:49:52.495+0000] {processor.py:161} INFO - Started process (PID=2556) to work on /opt/airflow/dags/reddit_pipeline_dag.py
[2025-10-30T18:49:52.496+0000] {processor.py:830} INFO - Processing file /opt/airflow/dags/reddit_pipeline_dag.py for tasks to queue
[2025-10-30T18:49:52.497+0000] {logging_mixin.py:188} INFO - [2025-10-30T18:49:52.497+0000] {dagbag.py:538} INFO - Filling up the DagBag from /opt/airflow/dags/reddit_pipeline_dag.py
[2025-10-30T18:49:52.515+0000] {processor.py:840} INFO - DAG(s) 'reddit_pipeline_dag' retrieved from /opt/airflow/dags/reddit_pipeline_dag.py
[2025-10-30T18:49:52.535+0000] {logging_mixin.py:188} INFO - [2025-10-30T18:49:52.534+0000] {dag.py:3036} INFO - Sync 1 DAGs
[2025-10-30T18:49:52.550+0000] {logging_mixin.py:188} INFO - [2025-10-30T18:49:52.550+0000] {dag.py:3823} INFO - Setting next_dagrun for reddit_pipeline_dag to 2025-10-30 18:00:00+00:00, run_after=2025-10-30 19:00:00+00:00
[2025-10-30T18:49:52.565+0000] {processor.py:183} INFO - Processing /opt/airflow/dags/reddit_pipeline_dag.py took 0.072 seconds
[2025-10-30T18:50:22.805+0000] {processor.py:161} INFO - Started process (PID=2561) to work on /opt/airflow/dags/reddit_pipeline_dag.py
[2025-10-30T18:50:22.806+0000] {processor.py:830} INFO - Processing file /opt/airflow/dags/reddit_pipeline_dag.py for tasks to queue
[2025-10-30T18:50:22.806+0000] {logging_mixin.py:188} INFO - [2025-10-30T18:50:22.806+0000] {dagbag.py:538} INFO - Filling up the DagBag from /opt/airflow/dags/reddit_pipeline_dag.py
[2025-10-30T18:50:22.821+0000] {processor.py:840} INFO - DAG(s) 'reddit_pipeline_dag' retrieved from /opt/airflow/dags/reddit_pipeline_dag.py
[2025-10-30T18:50:22.842+0000] {logging_mixin.py:188} INFO - [2025-10-30T18:50:22.842+0000] {dag.py:3036} INFO - Sync 1 DAGs
[2025-10-30T18:50:22.858+0000] {logging_mixin.py:188} INFO - [2025-10-30T18:50:22.858+0000] {dag.py:3823} INFO - Setting next_dagrun for reddit_pipeline_dag to 2025-10-30 18:00:00+00:00, run_after=2025-10-30 19:00:00+00:00
[2025-10-30T18:50:22.873+0000] {processor.py:183} INFO - Processing /opt/airflow/dags/reddit_pipeline_dag.py took 0.070 seconds
[2025-10-30T18:50:53.079+0000] {processor.py:161} INFO - Started process (PID=2566) to work on /opt/airflow/dags/reddit_pipeline_dag.py
[2025-10-30T18:50:53.080+0000] {processor.py:830} INFO - Processing file /opt/airflow/dags/reddit_pipeline_dag.py for tasks to queue
[2025-10-30T18:50:53.082+0000] {logging_mixin.py:188} INFO - [2025-10-30T18:50:53.081+0000] {dagbag.py:538} INFO - Filling up the DagBag from /opt/airflow/dags/reddit_pipeline_dag.py
[2025-10-30T18:50:53.129+0000] {processor.py:840} INFO - DAG(s) 'reddit_pipeline_dag' retrieved from /opt/airflow/dags/reddit_pipeline_dag.py
[2025-10-30T18:50:53.152+0000] {logging_mixin.py:188} INFO - [2025-10-30T18:50:53.152+0000] {dag.py:3036} INFO - Sync 1 DAGs
[2025-10-30T18:50:53.170+0000] {logging_mixin.py:188} INFO - [2025-10-30T18:50:53.170+0000] {dag.py:3823} INFO - Setting next_dagrun for reddit_pipeline_dag to 2025-10-30 18:00:00+00:00, run_after=2025-10-30 19:00:00+00:00
[2025-10-30T18:50:53.188+0000] {processor.py:183} INFO - Processing /opt/airflow/dags/reddit_pipeline_dag.py took 0.112 seconds
[2025-10-30T18:51:23.292+0000] {processor.py:161} INFO - Started process (PID=2571) to work on /opt/airflow/dags/reddit_pipeline_dag.py
[2025-10-30T18:51:23.293+0000] {processor.py:830} INFO - Processing file /opt/airflow/dags/reddit_pipeline_dag.py for tasks to queue
[2025-10-30T18:51:23.294+0000] {logging_mixin.py:188} INFO - [2025-10-30T18:51:23.294+0000] {dagbag.py:538} INFO - Filling up the DagBag from /opt/airflow/dags/reddit_pipeline_dag.py
[2025-10-30T18:51:23.311+0000] {processor.py:840} INFO - DAG(s) 'reddit_pipeline_dag' retrieved from /opt/airflow/dags/reddit_pipeline_dag.py
[2025-10-30T18:51:23.331+0000] {logging_mixin.py:188} INFO - [2025-10-30T18:51:23.331+0000] {dag.py:3036} INFO - Sync 1 DAGs
[2025-10-30T18:51:23.348+0000] {logging_mixin.py:188} INFO - [2025-10-30T18:51:23.347+0000] {dag.py:3823} INFO - Setting next_dagrun for reddit_pipeline_dag to 2025-10-30 18:00:00+00:00, run_after=2025-10-30 19:00:00+00:00
[2025-10-30T18:51:23.361+0000] {processor.py:183} INFO - Processing /opt/airflow/dags/reddit_pipeline_dag.py took 0.072 seconds
[2025-10-30T18:51:53.514+0000] {processor.py:161} INFO - Started process (PID=2576) to work on /opt/airflow/dags/reddit_pipeline_dag.py
[2025-10-30T18:51:53.515+0000] {processor.py:830} INFO - Processing file /opt/airflow/dags/reddit_pipeline_dag.py for tasks to queue
[2025-10-30T18:51:53.516+0000] {logging_mixin.py:188} INFO - [2025-10-30T18:51:53.515+0000] {dagbag.py:538} INFO - Filling up the DagBag from /opt/airflow/dags/reddit_pipeline_dag.py
[2025-10-30T18:51:53.529+0000] {processor.py:840} INFO - DAG(s) 'reddit_pipeline_dag' retrieved from /opt/airflow/dags/reddit_pipeline_dag.py
[2025-10-30T18:51:53.549+0000] {logging_mixin.py:188} INFO - [2025-10-30T18:51:53.548+0000] {dag.py:3036} INFO - Sync 1 DAGs
[2025-10-30T18:51:53.563+0000] {logging_mixin.py:188} INFO - [2025-10-30T18:51:53.563+0000] {dag.py:3823} INFO - Setting next_dagrun for reddit_pipeline_dag to 2025-10-30 18:00:00+00:00, run_after=2025-10-30 19:00:00+00:00
[2025-10-30T18:51:53.579+0000] {processor.py:183} INFO - Processing /opt/airflow/dags/reddit_pipeline_dag.py took 0.068 seconds
[2025-10-30T18:52:23.781+0000] {processor.py:161} INFO - Started process (PID=2581) to work on /opt/airflow/dags/reddit_pipeline_dag.py
[2025-10-30T18:52:23.782+0000] {processor.py:830} INFO - Processing file /opt/airflow/dags/reddit_pipeline_dag.py for tasks to queue
[2025-10-30T18:52:23.783+0000] {logging_mixin.py:188} INFO - [2025-10-30T18:52:23.783+0000] {dagbag.py:538} INFO - Filling up the DagBag from /opt/airflow/dags/reddit_pipeline_dag.py
[2025-10-30T18:52:23.801+0000] {processor.py:840} INFO - DAG(s) 'reddit_pipeline_dag' retrieved from /opt/airflow/dags/reddit_pipeline_dag.py
[2025-10-30T18:52:23.824+0000] {logging_mixin.py:188} INFO - [2025-10-30T18:52:23.824+0000] {dag.py:3036} INFO - Sync 1 DAGs
[2025-10-30T18:52:23.841+0000] {logging_mixin.py:188} INFO - [2025-10-30T18:52:23.840+0000] {dag.py:3823} INFO - Setting next_dagrun for reddit_pipeline_dag to 2025-10-30 18:00:00+00:00, run_after=2025-10-30 19:00:00+00:00
[2025-10-30T18:52:23.854+0000] {processor.py:183} INFO - Processing /opt/airflow/dags/reddit_pipeline_dag.py took 0.075 seconds
[2025-10-30T18:52:54.008+0000] {processor.py:161} INFO - Started process (PID=2586) to work on /opt/airflow/dags/reddit_pipeline_dag.py
[2025-10-30T18:52:54.009+0000] {processor.py:830} INFO - Processing file /opt/airflow/dags/reddit_pipeline_dag.py for tasks to queue
[2025-10-30T18:52:54.010+0000] {logging_mixin.py:188} INFO - [2025-10-30T18:52:54.009+0000] {dagbag.py:538} INFO - Filling up the DagBag from /opt/airflow/dags/reddit_pipeline_dag.py
[2025-10-30T18:52:54.024+0000] {processor.py:840} INFO - DAG(s) 'reddit_pipeline_dag' retrieved from /opt/airflow/dags/reddit_pipeline_dag.py
[2025-10-30T18:52:54.043+0000] {logging_mixin.py:188} INFO - [2025-10-30T18:52:54.043+0000] {dag.py:3036} INFO - Sync 1 DAGs
[2025-10-30T18:52:54.059+0000] {logging_mixin.py:188} INFO - [2025-10-30T18:52:54.059+0000] {dag.py:3823} INFO - Setting next_dagrun for reddit_pipeline_dag to 2025-10-30 18:00:00+00:00, run_after=2025-10-30 19:00:00+00:00
[2025-10-30T18:52:54.072+0000] {processor.py:183} INFO - Processing /opt/airflow/dags/reddit_pipeline_dag.py took 0.066 seconds
[2025-10-30T18:53:24.290+0000] {processor.py:161} INFO - Started process (PID=2591) to work on /opt/airflow/dags/reddit_pipeline_dag.py
[2025-10-30T18:53:24.290+0000] {processor.py:830} INFO - Processing file /opt/airflow/dags/reddit_pipeline_dag.py for tasks to queue
[2025-10-30T18:53:24.291+0000] {logging_mixin.py:188} INFO - [2025-10-30T18:53:24.291+0000] {dagbag.py:538} INFO - Filling up the DagBag from /opt/airflow/dags/reddit_pipeline_dag.py
[2025-10-30T18:53:24.308+0000] {processor.py:840} INFO - DAG(s) 'reddit_pipeline_dag' retrieved from /opt/airflow/dags/reddit_pipeline_dag.py
[2025-10-30T18:53:24.331+0000] {logging_mixin.py:188} INFO - [2025-10-30T18:53:24.331+0000] {dag.py:3036} INFO - Sync 1 DAGs
[2025-10-30T18:53:24.347+0000] {logging_mixin.py:188} INFO - [2025-10-30T18:53:24.347+0000] {dag.py:3823} INFO - Setting next_dagrun for reddit_pipeline_dag to 2025-10-30 18:00:00+00:00, run_after=2025-10-30 19:00:00+00:00
[2025-10-30T18:53:24.360+0000] {processor.py:183} INFO - Processing /opt/airflow/dags/reddit_pipeline_dag.py took 0.073 seconds
[2025-10-30T18:53:54.512+0000] {processor.py:161} INFO - Started process (PID=2596) to work on /opt/airflow/dags/reddit_pipeline_dag.py
[2025-10-30T18:53:54.513+0000] {processor.py:830} INFO - Processing file /opt/airflow/dags/reddit_pipeline_dag.py for tasks to queue
[2025-10-30T18:53:54.513+0000] {logging_mixin.py:188} INFO - [2025-10-30T18:53:54.513+0000] {dagbag.py:538} INFO - Filling up the DagBag from /opt/airflow/dags/reddit_pipeline_dag.py
[2025-10-30T18:53:54.528+0000] {processor.py:840} INFO - DAG(s) 'reddit_pipeline_dag' retrieved from /opt/airflow/dags/reddit_pipeline_dag.py
[2025-10-30T18:53:54.547+0000] {logging_mixin.py:188} INFO - [2025-10-30T18:53:54.547+0000] {dag.py:3036} INFO - Sync 1 DAGs
[2025-10-30T18:53:54.563+0000] {logging_mixin.py:188} INFO - [2025-10-30T18:53:54.562+0000] {dag.py:3823} INFO - Setting next_dagrun for reddit_pipeline_dag to 2025-10-30 18:00:00+00:00, run_after=2025-10-30 19:00:00+00:00
[2025-10-30T18:53:54.576+0000] {processor.py:183} INFO - Processing /opt/airflow/dags/reddit_pipeline_dag.py took 0.067 seconds
[2025-10-30T18:54:24.805+0000] {processor.py:161} INFO - Started process (PID=2601) to work on /opt/airflow/dags/reddit_pipeline_dag.py
[2025-10-30T18:54:24.806+0000] {processor.py:830} INFO - Processing file /opt/airflow/dags/reddit_pipeline_dag.py for tasks to queue
[2025-10-30T18:54:24.806+0000] {logging_mixin.py:188} INFO - [2025-10-30T18:54:24.806+0000] {dagbag.py:538} INFO - Filling up the DagBag from /opt/airflow/dags/reddit_pipeline_dag.py
[2025-10-30T18:54:24.820+0000] {processor.py:840} INFO - DAG(s) 'reddit_pipeline_dag' retrieved from /opt/airflow/dags/reddit_pipeline_dag.py
[2025-10-30T18:54:24.839+0000] {logging_mixin.py:188} INFO - [2025-10-30T18:54:24.839+0000] {dag.py:3036} INFO - Sync 1 DAGs
[2025-10-30T18:54:24.854+0000] {logging_mixin.py:188} INFO - [2025-10-30T18:54:24.854+0000] {dag.py:3823} INFO - Setting next_dagrun for reddit_pipeline_dag to 2025-10-30 18:00:00+00:00, run_after=2025-10-30 19:00:00+00:00
[2025-10-30T18:54:24.869+0000] {processor.py:183} INFO - Processing /opt/airflow/dags/reddit_pipeline_dag.py took 0.067 seconds
[2025-10-30T18:54:55.056+0000] {processor.py:161} INFO - Started process (PID=2606) to work on /opt/airflow/dags/reddit_pipeline_dag.py
[2025-10-30T18:54:55.057+0000] {processor.py:830} INFO - Processing file /opt/airflow/dags/reddit_pipeline_dag.py for tasks to queue
[2025-10-30T18:54:55.058+0000] {logging_mixin.py:188} INFO - [2025-10-30T18:54:55.058+0000] {dagbag.py:538} INFO - Filling up the DagBag from /opt/airflow/dags/reddit_pipeline_dag.py
[2025-10-30T18:54:55.093+0000] {processor.py:840} INFO - DAG(s) 'reddit_pipeline_dag' retrieved from /opt/airflow/dags/reddit_pipeline_dag.py
[2025-10-30T18:54:55.114+0000] {logging_mixin.py:188} INFO - [2025-10-30T18:54:55.113+0000] {dag.py:3036} INFO - Sync 1 DAGs
[2025-10-30T18:54:55.128+0000] {logging_mixin.py:188} INFO - [2025-10-30T18:54:55.128+0000] {dag.py:3823} INFO - Setting next_dagrun for reddit_pipeline_dag to 2025-10-30 18:00:00+00:00, run_after=2025-10-30 19:00:00+00:00
[2025-10-30T18:54:55.144+0000] {processor.py:183} INFO - Processing /opt/airflow/dags/reddit_pipeline_dag.py took 0.090 seconds
[2025-10-30T18:55:25.264+0000] {processor.py:161} INFO - Started process (PID=2611) to work on /opt/airflow/dags/reddit_pipeline_dag.py
[2025-10-30T18:55:25.266+0000] {processor.py:830} INFO - Processing file /opt/airflow/dags/reddit_pipeline_dag.py for tasks to queue
[2025-10-30T18:55:25.267+0000] {logging_mixin.py:188} INFO - [2025-10-30T18:55:25.266+0000] {dagbag.py:538} INFO - Filling up the DagBag from /opt/airflow/dags/reddit_pipeline_dag.py
[2025-10-30T18:55:25.314+0000] {processor.py:840} INFO - DAG(s) 'reddit_pipeline_dag' retrieved from /opt/airflow/dags/reddit_pipeline_dag.py
[2025-10-30T18:55:25.337+0000] {logging_mixin.py:188} INFO - [2025-10-30T18:55:25.337+0000] {dag.py:3036} INFO - Sync 1 DAGs
[2025-10-30T18:55:25.361+0000] {logging_mixin.py:188} INFO - [2025-10-30T18:55:25.361+0000] {dag.py:3823} INFO - Setting next_dagrun for reddit_pipeline_dag to 2025-10-30 18:00:00+00:00, run_after=2025-10-30 19:00:00+00:00
[2025-10-30T18:55:25.379+0000] {processor.py:183} INFO - Processing /opt/airflow/dags/reddit_pipeline_dag.py took 0.117 seconds
[2025-10-30T18:55:55.562+0000] {processor.py:161} INFO - Started process (PID=2616) to work on /opt/airflow/dags/reddit_pipeline_dag.py
[2025-10-30T18:55:55.564+0000] {processor.py:830} INFO - Processing file /opt/airflow/dags/reddit_pipeline_dag.py for tasks to queue
[2025-10-30T18:55:55.565+0000] {logging_mixin.py:188} INFO - [2025-10-30T18:55:55.564+0000] {dagbag.py:538} INFO - Filling up the DagBag from /opt/airflow/dags/reddit_pipeline_dag.py
[2025-10-30T18:55:55.581+0000] {processor.py:840} INFO - DAG(s) 'reddit_pipeline_dag' retrieved from /opt/airflow/dags/reddit_pipeline_dag.py
[2025-10-30T18:55:55.602+0000] {logging_mixin.py:188} INFO - [2025-10-30T18:55:55.602+0000] {dag.py:3036} INFO - Sync 1 DAGs
[2025-10-30T18:55:55.618+0000] {logging_mixin.py:188} INFO - [2025-10-30T18:55:55.618+0000] {dag.py:3823} INFO - Setting next_dagrun for reddit_pipeline_dag to 2025-10-30 18:00:00+00:00, run_after=2025-10-30 19:00:00+00:00
[2025-10-30T18:55:55.633+0000] {processor.py:183} INFO - Processing /opt/airflow/dags/reddit_pipeline_dag.py took 0.074 seconds
[2025-10-30T18:56:25.823+0000] {processor.py:161} INFO - Started process (PID=2621) to work on /opt/airflow/dags/reddit_pipeline_dag.py
[2025-10-30T18:56:25.824+0000] {processor.py:830} INFO - Processing file /opt/airflow/dags/reddit_pipeline_dag.py for tasks to queue
[2025-10-30T18:56:25.825+0000] {logging_mixin.py:188} INFO - [2025-10-30T18:56:25.825+0000] {dagbag.py:538} INFO - Filling up the DagBag from /opt/airflow/dags/reddit_pipeline_dag.py
[2025-10-30T18:56:25.841+0000] {processor.py:840} INFO - DAG(s) 'reddit_pipeline_dag' retrieved from /opt/airflow/dags/reddit_pipeline_dag.py
[2025-10-30T18:56:25.862+0000] {logging_mixin.py:188} INFO - [2025-10-30T18:56:25.862+0000] {dag.py:3036} INFO - Sync 1 DAGs
[2025-10-30T18:56:25.879+0000] {logging_mixin.py:188} INFO - [2025-10-30T18:56:25.879+0000] {dag.py:3823} INFO - Setting next_dagrun for reddit_pipeline_dag to 2025-10-30 18:00:00+00:00, run_after=2025-10-30 19:00:00+00:00
[2025-10-30T18:56:25.893+0000] {processor.py:183} INFO - Processing /opt/airflow/dags/reddit_pipeline_dag.py took 0.072 seconds
[2025-10-30T18:56:56.031+0000] {processor.py:161} INFO - Started process (PID=2626) to work on /opt/airflow/dags/reddit_pipeline_dag.py
[2025-10-30T18:56:56.032+0000] {processor.py:830} INFO - Processing file /opt/airflow/dags/reddit_pipeline_dag.py for tasks to queue
[2025-10-30T18:56:56.033+0000] {logging_mixin.py:188} INFO - [2025-10-30T18:56:56.032+0000] {dagbag.py:538} INFO - Filling up the DagBag from /opt/airflow/dags/reddit_pipeline_dag.py
[2025-10-30T18:56:56.047+0000] {processor.py:840} INFO - DAG(s) 'reddit_pipeline_dag' retrieved from /opt/airflow/dags/reddit_pipeline_dag.py
[2025-10-30T18:56:56.065+0000] {logging_mixin.py:188} INFO - [2025-10-30T18:56:56.065+0000] {dag.py:3036} INFO - Sync 1 DAGs
[2025-10-30T18:56:56.082+0000] {logging_mixin.py:188} INFO - [2025-10-30T18:56:56.081+0000] {dag.py:3823} INFO - Setting next_dagrun for reddit_pipeline_dag to 2025-10-30 18:00:00+00:00, run_after=2025-10-30 19:00:00+00:00
[2025-10-30T18:56:56.097+0000] {processor.py:183} INFO - Processing /opt/airflow/dags/reddit_pipeline_dag.py took 0.068 seconds
[2025-10-30T18:57:26.315+0000] {processor.py:161} INFO - Started process (PID=2631) to work on /opt/airflow/dags/reddit_pipeline_dag.py
[2025-10-30T18:57:26.316+0000] {processor.py:830} INFO - Processing file /opt/airflow/dags/reddit_pipeline_dag.py for tasks to queue
[2025-10-30T18:57:26.317+0000] {logging_mixin.py:188} INFO - [2025-10-30T18:57:26.317+0000] {dagbag.py:538} INFO - Filling up the DagBag from /opt/airflow/dags/reddit_pipeline_dag.py
[2025-10-30T18:57:26.333+0000] {processor.py:840} INFO - DAG(s) 'reddit_pipeline_dag' retrieved from /opt/airflow/dags/reddit_pipeline_dag.py
[2025-10-30T18:57:26.355+0000] {logging_mixin.py:188} INFO - [2025-10-30T18:57:26.354+0000] {dag.py:3036} INFO - Sync 1 DAGs
[2025-10-30T18:57:26.371+0000] {logging_mixin.py:188} INFO - [2025-10-30T18:57:26.371+0000] {dag.py:3823} INFO - Setting next_dagrun for reddit_pipeline_dag to 2025-10-30 18:00:00+00:00, run_after=2025-10-30 19:00:00+00:00
[2025-10-30T18:57:26.388+0000] {processor.py:183} INFO - Processing /opt/airflow/dags/reddit_pipeline_dag.py took 0.075 seconds
[2025-10-30T18:57:56.543+0000] {processor.py:161} INFO - Started process (PID=2636) to work on /opt/airflow/dags/reddit_pipeline_dag.py
[2025-10-30T18:57:56.544+0000] {processor.py:830} INFO - Processing file /opt/airflow/dags/reddit_pipeline_dag.py for tasks to queue
[2025-10-30T18:57:56.545+0000] {logging_mixin.py:188} INFO - [2025-10-30T18:57:56.544+0000] {dagbag.py:538} INFO - Filling up the DagBag from /opt/airflow/dags/reddit_pipeline_dag.py
[2025-10-30T18:57:56.559+0000] {processor.py:840} INFO - DAG(s) 'reddit_pipeline_dag' retrieved from /opt/airflow/dags/reddit_pipeline_dag.py
[2025-10-30T18:57:56.577+0000] {logging_mixin.py:188} INFO - [2025-10-30T18:57:56.577+0000] {dag.py:3036} INFO - Sync 1 DAGs
[2025-10-30T18:57:56.592+0000] {logging_mixin.py:188} INFO - [2025-10-30T18:57:56.592+0000] {dag.py:3823} INFO - Setting next_dagrun for reddit_pipeline_dag to 2025-10-30 18:00:00+00:00, run_after=2025-10-30 19:00:00+00:00
[2025-10-30T18:57:56.608+0000] {processor.py:183} INFO - Processing /opt/airflow/dags/reddit_pipeline_dag.py took 0.067 seconds
[2025-10-30T18:58:26.848+0000] {processor.py:161} INFO - Started process (PID=2641) to work on /opt/airflow/dags/reddit_pipeline_dag.py
[2025-10-30T18:58:26.848+0000] {processor.py:830} INFO - Processing file /opt/airflow/dags/reddit_pipeline_dag.py for tasks to queue
[2025-10-30T18:58:26.849+0000] {logging_mixin.py:188} INFO - [2025-10-30T18:58:26.849+0000] {dagbag.py:538} INFO - Filling up the DagBag from /opt/airflow/dags/reddit_pipeline_dag.py
[2025-10-30T18:58:26.864+0000] {processor.py:840} INFO - DAG(s) 'reddit_pipeline_dag' retrieved from /opt/airflow/dags/reddit_pipeline_dag.py
[2025-10-30T18:58:26.895+0000] {logging_mixin.py:188} INFO - [2025-10-30T18:58:26.895+0000] {dag.py:3036} INFO - Sync 1 DAGs
[2025-10-30T18:58:26.916+0000] {logging_mixin.py:188} INFO - [2025-10-30T18:58:26.916+0000] {dag.py:3823} INFO - Setting next_dagrun for reddit_pipeline_dag to 2025-10-30 18:00:00+00:00, run_after=2025-10-30 19:00:00+00:00
[2025-10-30T18:58:26.929+0000] {processor.py:183} INFO - Processing /opt/airflow/dags/reddit_pipeline_dag.py took 0.084 seconds
[2025-10-30T18:58:57.109+0000] {processor.py:161} INFO - Started process (PID=2646) to work on /opt/airflow/dags/reddit_pipeline_dag.py
[2025-10-30T18:58:57.110+0000] {processor.py:830} INFO - Processing file /opt/airflow/dags/reddit_pipeline_dag.py for tasks to queue
[2025-10-30T18:58:57.111+0000] {logging_mixin.py:188} INFO - [2025-10-30T18:58:57.110+0000] {dagbag.py:538} INFO - Filling up the DagBag from /opt/airflow/dags/reddit_pipeline_dag.py
[2025-10-30T18:58:57.124+0000] {processor.py:840} INFO - DAG(s) 'reddit_pipeline_dag' retrieved from /opt/airflow/dags/reddit_pipeline_dag.py
[2025-10-30T18:58:57.144+0000] {logging_mixin.py:188} INFO - [2025-10-30T18:58:57.144+0000] {dag.py:3036} INFO - Sync 1 DAGs
[2025-10-30T18:58:57.160+0000] {logging_mixin.py:188} INFO - [2025-10-30T18:58:57.159+0000] {dag.py:3823} INFO - Setting next_dagrun for reddit_pipeline_dag to 2025-10-30 18:00:00+00:00, run_after=2025-10-30 19:00:00+00:00
[2025-10-30T18:58:57.175+0000] {processor.py:183} INFO - Processing /opt/airflow/dags/reddit_pipeline_dag.py took 0.068 seconds
[2025-10-30T18:59:27.339+0000] {processor.py:161} INFO - Started process (PID=2651) to work on /opt/airflow/dags/reddit_pipeline_dag.py
[2025-10-30T18:59:27.340+0000] {processor.py:830} INFO - Processing file /opt/airflow/dags/reddit_pipeline_dag.py for tasks to queue
[2025-10-30T18:59:27.341+0000] {logging_mixin.py:188} INFO - [2025-10-30T18:59:27.341+0000] {dagbag.py:538} INFO - Filling up the DagBag from /opt/airflow/dags/reddit_pipeline_dag.py
[2025-10-30T18:59:27.353+0000] {processor.py:840} INFO - DAG(s) 'reddit_pipeline_dag' retrieved from /opt/airflow/dags/reddit_pipeline_dag.py
[2025-10-30T18:59:27.372+0000] {logging_mixin.py:188} INFO - [2025-10-30T18:59:27.372+0000] {dag.py:3036} INFO - Sync 1 DAGs
[2025-10-30T18:59:27.390+0000] {logging_mixin.py:188} INFO - [2025-10-30T18:59:27.390+0000] {dag.py:3823} INFO - Setting next_dagrun for reddit_pipeline_dag to 2025-10-30 18:00:00+00:00, run_after=2025-10-30 19:00:00+00:00
[2025-10-30T18:59:27.406+0000] {processor.py:183} INFO - Processing /opt/airflow/dags/reddit_pipeline_dag.py took 0.069 seconds
[2025-10-30T18:59:57.581+0000] {processor.py:161} INFO - Started process (PID=2656) to work on /opt/airflow/dags/reddit_pipeline_dag.py
[2025-10-30T18:59:57.584+0000] {processor.py:830} INFO - Processing file /opt/airflow/dags/reddit_pipeline_dag.py for tasks to queue
[2025-10-30T18:59:57.586+0000] {logging_mixin.py:188} INFO - [2025-10-30T18:59:57.586+0000] {dagbag.py:538} INFO - Filling up the DagBag from /opt/airflow/dags/reddit_pipeline_dag.py
[2025-10-30T18:59:57.601+0000] {processor.py:840} INFO - DAG(s) 'reddit_pipeline_dag' retrieved from /opt/airflow/dags/reddit_pipeline_dag.py
[2025-10-30T18:59:57.621+0000] {logging_mixin.py:188} INFO - [2025-10-30T18:59:57.621+0000] {dag.py:3036} INFO - Sync 1 DAGs
[2025-10-30T18:59:57.636+0000] {logging_mixin.py:188} INFO - [2025-10-30T18:59:57.636+0000] {dag.py:3823} INFO - Setting next_dagrun for reddit_pipeline_dag to 2025-10-30 18:00:00+00:00, run_after=2025-10-30 19:00:00+00:00
[2025-10-30T18:59:57.654+0000] {processor.py:183} INFO - Processing /opt/airflow/dags/reddit_pipeline_dag.py took 0.076 seconds
[2025-10-30T19:00:27.818+0000] {processor.py:161} INFO - Started process (PID=2739) to work on /opt/airflow/dags/reddit_pipeline_dag.py
[2025-10-30T19:00:27.819+0000] {processor.py:830} INFO - Processing file /opt/airflow/dags/reddit_pipeline_dag.py for tasks to queue
[2025-10-30T19:00:27.820+0000] {logging_mixin.py:188} INFO - [2025-10-30T19:00:27.820+0000] {dagbag.py:538} INFO - Filling up the DagBag from /opt/airflow/dags/reddit_pipeline_dag.py
[2025-10-30T19:00:27.834+0000] {processor.py:840} INFO - DAG(s) 'reddit_pipeline_dag' retrieved from /opt/airflow/dags/reddit_pipeline_dag.py
[2025-10-30T19:00:27.853+0000] {logging_mixin.py:188} INFO - [2025-10-30T19:00:27.853+0000] {dag.py:3036} INFO - Sync 1 DAGs
[2025-10-30T19:00:27.880+0000] {processor.py:183} INFO - Processing /opt/airflow/dags/reddit_pipeline_dag.py took 0.065 seconds
[2025-10-30T19:00:58.082+0000] {processor.py:161} INFO - Started process (PID=2744) to work on /opt/airflow/dags/reddit_pipeline_dag.py
[2025-10-30T19:00:58.083+0000] {processor.py:830} INFO - Processing file /opt/airflow/dags/reddit_pipeline_dag.py for tasks to queue
[2025-10-30T19:00:58.084+0000] {logging_mixin.py:188} INFO - [2025-10-30T19:00:58.084+0000] {dagbag.py:538} INFO - Filling up the DagBag from /opt/airflow/dags/reddit_pipeline_dag.py
[2025-10-30T19:00:58.103+0000] {processor.py:840} INFO - DAG(s) 'reddit_pipeline_dag' retrieved from /opt/airflow/dags/reddit_pipeline_dag.py
[2025-10-30T19:00:58.126+0000] {logging_mixin.py:188} INFO - [2025-10-30T19:00:58.126+0000] {dag.py:3036} INFO - Sync 1 DAGs
[2025-10-30T19:00:58.151+0000] {processor.py:183} INFO - Processing /opt/airflow/dags/reddit_pipeline_dag.py took 0.071 seconds
[2025-10-30T19:01:28.316+0000] {processor.py:161} INFO - Started process (PID=2749) to work on /opt/airflow/dags/reddit_pipeline_dag.py
[2025-10-30T19:01:28.317+0000] {processor.py:830} INFO - Processing file /opt/airflow/dags/reddit_pipeline_dag.py for tasks to queue
[2025-10-30T19:01:28.318+0000] {logging_mixin.py:188} INFO - [2025-10-30T19:01:28.318+0000] {dagbag.py:538} INFO - Filling up the DagBag from /opt/airflow/dags/reddit_pipeline_dag.py
[2025-10-30T19:01:28.333+0000] {processor.py:840} INFO - DAG(s) 'reddit_pipeline_dag' retrieved from /opt/airflow/dags/reddit_pipeline_dag.py
[2025-10-30T19:01:28.352+0000] {logging_mixin.py:188} INFO - [2025-10-30T19:01:28.352+0000] {dag.py:3036} INFO - Sync 1 DAGs
[2025-10-30T19:01:28.379+0000] {processor.py:183} INFO - Processing /opt/airflow/dags/reddit_pipeline_dag.py took 0.066 seconds
[2025-10-30T19:01:58.578+0000] {processor.py:161} INFO - Started process (PID=2754) to work on /opt/airflow/dags/reddit_pipeline_dag.py
[2025-10-30T19:01:58.579+0000] {processor.py:830} INFO - Processing file /opt/airflow/dags/reddit_pipeline_dag.py for tasks to queue
[2025-10-30T19:01:58.580+0000] {logging_mixin.py:188} INFO - [2025-10-30T19:01:58.580+0000] {dagbag.py:538} INFO - Filling up the DagBag from /opt/airflow/dags/reddit_pipeline_dag.py
[2025-10-30T19:01:58.594+0000] {processor.py:840} INFO - DAG(s) 'reddit_pipeline_dag' retrieved from /opt/airflow/dags/reddit_pipeline_dag.py
[2025-10-30T19:01:58.613+0000] {logging_mixin.py:188} INFO - [2025-10-30T19:01:58.613+0000] {dag.py:3036} INFO - Sync 1 DAGs
[2025-10-30T19:01:58.646+0000] {processor.py:183} INFO - Processing /opt/airflow/dags/reddit_pipeline_dag.py took 0.070 seconds
[2025-10-30T19:02:28.799+0000] {processor.py:161} INFO - Started process (PID=2759) to work on /opt/airflow/dags/reddit_pipeline_dag.py
[2025-10-30T19:02:28.800+0000] {processor.py:830} INFO - Processing file /opt/airflow/dags/reddit_pipeline_dag.py for tasks to queue
[2025-10-30T19:02:28.801+0000] {logging_mixin.py:188} INFO - [2025-10-30T19:02:28.801+0000] {dagbag.py:538} INFO - Filling up the DagBag from /opt/airflow/dags/reddit_pipeline_dag.py
[2025-10-30T19:02:28.819+0000] {processor.py:840} INFO - DAG(s) 'reddit_pipeline_dag' retrieved from /opt/airflow/dags/reddit_pipeline_dag.py
[2025-10-30T19:02:28.842+0000] {logging_mixin.py:188} INFO - [2025-10-30T19:02:28.841+0000] {dag.py:3036} INFO - Sync 1 DAGs
[2025-10-30T19:02:28.868+0000] {processor.py:183} INFO - Processing /opt/airflow/dags/reddit_pipeline_dag.py took 0.071 seconds
[2025-10-30T19:02:59.059+0000] {processor.py:161} INFO - Started process (PID=2764) to work on /opt/airflow/dags/reddit_pipeline_dag.py
[2025-10-30T19:02:59.060+0000] {processor.py:830} INFO - Processing file /opt/airflow/dags/reddit_pipeline_dag.py for tasks to queue
[2025-10-30T19:02:59.061+0000] {logging_mixin.py:188} INFO - [2025-10-30T19:02:59.061+0000] {dagbag.py:538} INFO - Filling up the DagBag from /opt/airflow/dags/reddit_pipeline_dag.py
[2025-10-30T19:02:59.075+0000] {processor.py:840} INFO - DAG(s) 'reddit_pipeline_dag' retrieved from /opt/airflow/dags/reddit_pipeline_dag.py
[2025-10-30T19:02:59.094+0000] {logging_mixin.py:188} INFO - [2025-10-30T19:02:59.093+0000] {dag.py:3036} INFO - Sync 1 DAGs
[2025-10-30T19:02:59.122+0000] {processor.py:183} INFO - Processing /opt/airflow/dags/reddit_pipeline_dag.py took 0.065 seconds
[2025-10-30T19:03:29.304+0000] {processor.py:161} INFO - Started process (PID=2769) to work on /opt/airflow/dags/reddit_pipeline_dag.py
[2025-10-30T19:03:29.307+0000] {processor.py:830} INFO - Processing file /opt/airflow/dags/reddit_pipeline_dag.py for tasks to queue
[2025-10-30T19:03:29.308+0000] {logging_mixin.py:188} INFO - [2025-10-30T19:03:29.307+0000] {dagbag.py:538} INFO - Filling up the DagBag from /opt/airflow/dags/reddit_pipeline_dag.py
[2025-10-30T19:03:29.320+0000] {processor.py:840} INFO - DAG(s) 'reddit_pipeline_dag' retrieved from /opt/airflow/dags/reddit_pipeline_dag.py
[2025-10-30T19:03:29.340+0000] {logging_mixin.py:188} INFO - [2025-10-30T19:03:29.340+0000] {dag.py:3036} INFO - Sync 1 DAGs
[2025-10-30T19:03:29.365+0000] {processor.py:183} INFO - Processing /opt/airflow/dags/reddit_pipeline_dag.py took 0.064 seconds
[2025-10-30T19:03:59.549+0000] {processor.py:161} INFO - Started process (PID=2774) to work on /opt/airflow/dags/reddit_pipeline_dag.py
[2025-10-30T19:03:59.550+0000] {processor.py:830} INFO - Processing file /opt/airflow/dags/reddit_pipeline_dag.py for tasks to queue
[2025-10-30T19:03:59.551+0000] {logging_mixin.py:188} INFO - [2025-10-30T19:03:59.551+0000] {dagbag.py:538} INFO - Filling up the DagBag from /opt/airflow/dags/reddit_pipeline_dag.py
[2025-10-30T19:03:59.565+0000] {processor.py:840} INFO - DAG(s) 'reddit_pipeline_dag' retrieved from /opt/airflow/dags/reddit_pipeline_dag.py
[2025-10-30T19:03:59.584+0000] {logging_mixin.py:188} INFO - [2025-10-30T19:03:59.584+0000] {dag.py:3036} INFO - Sync 1 DAGs
[2025-10-30T19:03:59.615+0000] {processor.py:183} INFO - Processing /opt/airflow/dags/reddit_pipeline_dag.py took 0.068 seconds
[2025-10-30T19:04:29.778+0000] {processor.py:161} INFO - Started process (PID=2779) to work on /opt/airflow/dags/reddit_pipeline_dag.py
[2025-10-30T19:04:29.779+0000] {processor.py:830} INFO - Processing file /opt/airflow/dags/reddit_pipeline_dag.py for tasks to queue
[2025-10-30T19:04:29.780+0000] {logging_mixin.py:188} INFO - [2025-10-30T19:04:29.780+0000] {dagbag.py:538} INFO - Filling up the DagBag from /opt/airflow/dags/reddit_pipeline_dag.py
[2025-10-30T19:04:29.794+0000] {processor.py:840} INFO - DAG(s) 'reddit_pipeline_dag' retrieved from /opt/airflow/dags/reddit_pipeline_dag.py
[2025-10-30T19:04:29.814+0000] {logging_mixin.py:188} INFO - [2025-10-30T19:04:29.814+0000] {dag.py:3036} INFO - Sync 1 DAGs
[2025-10-30T19:04:29.848+0000] {processor.py:183} INFO - Processing /opt/airflow/dags/reddit_pipeline_dag.py took 0.072 seconds
[2025-10-30T19:05:00.044+0000] {processor.py:161} INFO - Started process (PID=2784) to work on /opt/airflow/dags/reddit_pipeline_dag.py
[2025-10-30T19:05:00.045+0000] {processor.py:830} INFO - Processing file /opt/airflow/dags/reddit_pipeline_dag.py for tasks to queue
[2025-10-30T19:05:00.047+0000] {logging_mixin.py:188} INFO - [2025-10-30T19:05:00.046+0000] {dagbag.py:538} INFO - Filling up the DagBag from /opt/airflow/dags/reddit_pipeline_dag.py
[2025-10-30T19:05:00.068+0000] {processor.py:840} INFO - DAG(s) 'reddit_pipeline_dag' retrieved from /opt/airflow/dags/reddit_pipeline_dag.py
[2025-10-30T19:05:00.086+0000] {logging_mixin.py:188} INFO - [2025-10-30T19:05:00.086+0000] {dag.py:3036} INFO - Sync 1 DAGs
[2025-10-30T19:05:00.115+0000] {processor.py:183} INFO - Processing /opt/airflow/dags/reddit_pipeline_dag.py took 0.074 seconds
[2025-10-30T19:05:30.277+0000] {processor.py:161} INFO - Started process (PID=2815) to work on /opt/airflow/dags/reddit_pipeline_dag.py
[2025-10-30T19:05:30.278+0000] {processor.py:830} INFO - Processing file /opt/airflow/dags/reddit_pipeline_dag.py for tasks to queue
[2025-10-30T19:05:30.279+0000] {logging_mixin.py:188} INFO - [2025-10-30T19:05:30.279+0000] {dagbag.py:538} INFO - Filling up the DagBag from /opt/airflow/dags/reddit_pipeline_dag.py
[2025-10-30T19:05:30.299+0000] {processor.py:840} INFO - DAG(s) 'reddit_pipeline_dag' retrieved from /opt/airflow/dags/reddit_pipeline_dag.py
[2025-10-30T19:05:30.321+0000] {logging_mixin.py:188} INFO - [2025-10-30T19:05:30.321+0000] {dag.py:3036} INFO - Sync 1 DAGs
[2025-10-30T19:05:30.336+0000] {logging_mixin.py:188} INFO - [2025-10-30T19:05:30.336+0000] {dag.py:3823} INFO - Setting next_dagrun for reddit_pipeline_dag to 2025-10-30 19:00:00+00:00, run_after=2025-10-30 20:00:00+00:00
[2025-10-30T19:05:30.357+0000] {processor.py:183} INFO - Processing /opt/airflow/dags/reddit_pipeline_dag.py took 0.083 seconds
[2025-10-30T19:06:00.558+0000] {processor.py:161} INFO - Started process (PID=2820) to work on /opt/airflow/dags/reddit_pipeline_dag.py
[2025-10-30T19:06:00.559+0000] {processor.py:830} INFO - Processing file /opt/airflow/dags/reddit_pipeline_dag.py for tasks to queue
[2025-10-30T19:06:00.560+0000] {logging_mixin.py:188} INFO - [2025-10-30T19:06:00.560+0000] {dagbag.py:538} INFO - Filling up the DagBag from /opt/airflow/dags/reddit_pipeline_dag.py
[2025-10-30T19:06:00.580+0000] {processor.py:840} INFO - DAG(s) 'reddit_pipeline_dag' retrieved from /opt/airflow/dags/reddit_pipeline_dag.py
[2025-10-30T19:06:00.601+0000] {logging_mixin.py:188} INFO - [2025-10-30T19:06:00.600+0000] {dag.py:3036} INFO - Sync 1 DAGs
[2025-10-30T19:06:00.617+0000] {logging_mixin.py:188} INFO - [2025-10-30T19:06:00.617+0000] {dag.py:3823} INFO - Setting next_dagrun for reddit_pipeline_dag to 2025-10-30 19:00:00+00:00, run_after=2025-10-30 20:00:00+00:00
[2025-10-30T19:06:00.634+0000] {processor.py:183} INFO - Processing /opt/airflow/dags/reddit_pipeline_dag.py took 0.078 seconds
[2025-10-30T19:06:30.776+0000] {processor.py:161} INFO - Started process (PID=2825) to work on /opt/airflow/dags/reddit_pipeline_dag.py
[2025-10-30T19:06:30.777+0000] {processor.py:830} INFO - Processing file /opt/airflow/dags/reddit_pipeline_dag.py for tasks to queue
[2025-10-30T19:06:30.778+0000] {logging_mixin.py:188} INFO - [2025-10-30T19:06:30.777+0000] {dagbag.py:538} INFO - Filling up the DagBag from /opt/airflow/dags/reddit_pipeline_dag.py
[2025-10-30T19:06:30.792+0000] {processor.py:840} INFO - DAG(s) 'reddit_pipeline_dag' retrieved from /opt/airflow/dags/reddit_pipeline_dag.py
[2025-10-30T19:06:30.813+0000] {logging_mixin.py:188} INFO - [2025-10-30T19:06:30.813+0000] {dag.py:3036} INFO - Sync 1 DAGs
[2025-10-30T19:06:30.829+0000] {logging_mixin.py:188} INFO - [2025-10-30T19:06:30.829+0000] {dag.py:3823} INFO - Setting next_dagrun for reddit_pipeline_dag to 2025-10-30 19:00:00+00:00, run_after=2025-10-30 20:00:00+00:00
[2025-10-30T19:06:30.844+0000] {processor.py:183} INFO - Processing /opt/airflow/dags/reddit_pipeline_dag.py took 0.071 seconds
[2025-10-30T19:07:01.068+0000] {processor.py:161} INFO - Started process (PID=2830) to work on /opt/airflow/dags/reddit_pipeline_dag.py
[2025-10-30T19:07:01.069+0000] {processor.py:830} INFO - Processing file /opt/airflow/dags/reddit_pipeline_dag.py for tasks to queue
[2025-10-30T19:07:01.070+0000] {logging_mixin.py:188} INFO - [2025-10-30T19:07:01.070+0000] {dagbag.py:538} INFO - Filling up the DagBag from /opt/airflow/dags/reddit_pipeline_dag.py
[2025-10-30T19:07:01.093+0000] {processor.py:840} INFO - DAG(s) 'reddit_pipeline_dag' retrieved from /opt/airflow/dags/reddit_pipeline_dag.py
[2025-10-30T19:07:01.114+0000] {logging_mixin.py:188} INFO - [2025-10-30T19:07:01.114+0000] {dag.py:3036} INFO - Sync 1 DAGs
[2025-10-30T19:07:01.128+0000] {logging_mixin.py:188} INFO - [2025-10-30T19:07:01.128+0000] {dag.py:3823} INFO - Setting next_dagrun for reddit_pipeline_dag to 2025-10-30 19:00:00+00:00, run_after=2025-10-30 20:00:00+00:00
[2025-10-30T19:07:01.142+0000] {processor.py:183} INFO - Processing /opt/airflow/dags/reddit_pipeline_dag.py took 0.075 seconds
[2025-10-30T19:07:31.305+0000] {processor.py:161} INFO - Started process (PID=2835) to work on /opt/airflow/dags/reddit_pipeline_dag.py
[2025-10-30T19:07:31.306+0000] {processor.py:830} INFO - Processing file /opt/airflow/dags/reddit_pipeline_dag.py for tasks to queue
[2025-10-30T19:07:31.307+0000] {logging_mixin.py:188} INFO - [2025-10-30T19:07:31.307+0000] {dagbag.py:538} INFO - Filling up the DagBag from /opt/airflow/dags/reddit_pipeline_dag.py
[2025-10-30T19:07:31.320+0000] {processor.py:840} INFO - DAG(s) 'reddit_pipeline_dag' retrieved from /opt/airflow/dags/reddit_pipeline_dag.py
[2025-10-30T19:07:31.341+0000] {logging_mixin.py:188} INFO - [2025-10-30T19:07:31.341+0000] {dag.py:3036} INFO - Sync 1 DAGs
[2025-10-30T19:07:31.357+0000] {logging_mixin.py:188} INFO - [2025-10-30T19:07:31.357+0000] {dag.py:3823} INFO - Setting next_dagrun for reddit_pipeline_dag to 2025-10-30 19:00:00+00:00, run_after=2025-10-30 20:00:00+00:00
[2025-10-30T19:07:31.374+0000] {processor.py:183} INFO - Processing /opt/airflow/dags/reddit_pipeline_dag.py took 0.070 seconds
[2025-10-30T19:08:01.584+0000] {processor.py:161} INFO - Started process (PID=2840) to work on /opt/airflow/dags/reddit_pipeline_dag.py
[2025-10-30T19:08:01.584+0000] {processor.py:830} INFO - Processing file /opt/airflow/dags/reddit_pipeline_dag.py for tasks to queue
[2025-10-30T19:08:01.585+0000] {logging_mixin.py:188} INFO - [2025-10-30T19:08:01.585+0000] {dagbag.py:538} INFO - Filling up the DagBag from /opt/airflow/dags/reddit_pipeline_dag.py
[2025-10-30T19:08:01.599+0000] {processor.py:840} INFO - DAG(s) 'reddit_pipeline_dag' retrieved from /opt/airflow/dags/reddit_pipeline_dag.py
[2025-10-30T19:08:01.621+0000] {logging_mixin.py:188} INFO - [2025-10-30T19:08:01.621+0000] {dag.py:3036} INFO - Sync 1 DAGs
[2025-10-30T19:08:01.640+0000] {logging_mixin.py:188} INFO - [2025-10-30T19:08:01.640+0000] {dag.py:3823} INFO - Setting next_dagrun for reddit_pipeline_dag to 2025-10-30 19:00:00+00:00, run_after=2025-10-30 20:00:00+00:00
[2025-10-30T19:08:01.655+0000] {processor.py:183} INFO - Processing /opt/airflow/dags/reddit_pipeline_dag.py took 0.074 seconds
[2025-10-30T19:08:31.846+0000] {processor.py:161} INFO - Started process (PID=2845) to work on /opt/airflow/dags/reddit_pipeline_dag.py
[2025-10-30T19:08:31.847+0000] {processor.py:830} INFO - Processing file /opt/airflow/dags/reddit_pipeline_dag.py for tasks to queue
[2025-10-30T19:08:31.848+0000] {logging_mixin.py:188} INFO - [2025-10-30T19:08:31.847+0000] {dagbag.py:538} INFO - Filling up the DagBag from /opt/airflow/dags/reddit_pipeline_dag.py
[2025-10-30T19:08:31.862+0000] {processor.py:840} INFO - DAG(s) 'reddit_pipeline_dag' retrieved from /opt/airflow/dags/reddit_pipeline_dag.py
[2025-10-30T19:08:31.887+0000] {logging_mixin.py:188} INFO - [2025-10-30T19:08:31.886+0000] {dag.py:3036} INFO - Sync 1 DAGs
[2025-10-30T19:08:31.904+0000] {logging_mixin.py:188} INFO - [2025-10-30T19:08:31.904+0000] {dag.py:3823} INFO - Setting next_dagrun for reddit_pipeline_dag to 2025-10-30 19:00:00+00:00, run_after=2025-10-30 20:00:00+00:00
[2025-10-30T19:08:31.920+0000] {processor.py:183} INFO - Processing /opt/airflow/dags/reddit_pipeline_dag.py took 0.076 seconds
[2025-10-30T19:09:02.106+0000] {processor.py:161} INFO - Started process (PID=2850) to work on /opt/airflow/dags/reddit_pipeline_dag.py
[2025-10-30T19:09:02.109+0000] {processor.py:830} INFO - Processing file /opt/airflow/dags/reddit_pipeline_dag.py for tasks to queue
[2025-10-30T19:09:02.111+0000] {logging_mixin.py:188} INFO - [2025-10-30T19:09:02.111+0000] {dagbag.py:538} INFO - Filling up the DagBag from /opt/airflow/dags/reddit_pipeline_dag.py
[2025-10-30T19:09:02.157+0000] {processor.py:840} INFO - DAG(s) 'reddit_pipeline_dag' retrieved from /opt/airflow/dags/reddit_pipeline_dag.py
[2025-10-30T19:09:02.188+0000] {logging_mixin.py:188} INFO - [2025-10-30T19:09:02.188+0000] {dag.py:3036} INFO - Sync 1 DAGs
[2025-10-30T19:09:02.206+0000] {logging_mixin.py:188} INFO - [2025-10-30T19:09:02.205+0000] {dag.py:3823} INFO - Setting next_dagrun for reddit_pipeline_dag to 2025-10-30 19:00:00+00:00, run_after=2025-10-30 20:00:00+00:00
[2025-10-30T19:09:02.220+0000] {processor.py:183} INFO - Processing /opt/airflow/dags/reddit_pipeline_dag.py took 0.116 seconds
[2025-10-30T19:09:32.314+0000] {processor.py:161} INFO - Started process (PID=2855) to work on /opt/airflow/dags/reddit_pipeline_dag.py
[2025-10-30T19:09:32.315+0000] {processor.py:830} INFO - Processing file /opt/airflow/dags/reddit_pipeline_dag.py for tasks to queue
[2025-10-30T19:09:32.316+0000] {logging_mixin.py:188} INFO - [2025-10-30T19:09:32.316+0000] {dagbag.py:538} INFO - Filling up the DagBag from /opt/airflow/dags/reddit_pipeline_dag.py
[2025-10-30T19:09:32.332+0000] {processor.py:840} INFO - DAG(s) 'reddit_pipeline_dag' retrieved from /opt/airflow/dags/reddit_pipeline_dag.py
[2025-10-30T19:09:32.354+0000] {logging_mixin.py:188} INFO - [2025-10-30T19:09:32.354+0000] {dag.py:3036} INFO - Sync 1 DAGs
[2025-10-30T19:09:32.372+0000] {logging_mixin.py:188} INFO - [2025-10-30T19:09:32.372+0000] {dag.py:3823} INFO - Setting next_dagrun for reddit_pipeline_dag to 2025-10-30 19:00:00+00:00, run_after=2025-10-30 20:00:00+00:00
[2025-10-30T19:09:32.387+0000] {processor.py:183} INFO - Processing /opt/airflow/dags/reddit_pipeline_dag.py took 0.075 seconds
[2025-10-30T19:10:02.552+0000] {processor.py:161} INFO - Started process (PID=2860) to work on /opt/airflow/dags/reddit_pipeline_dag.py
[2025-10-30T19:10:02.553+0000] {processor.py:830} INFO - Processing file /opt/airflow/dags/reddit_pipeline_dag.py for tasks to queue
[2025-10-30T19:10:02.554+0000] {logging_mixin.py:188} INFO - [2025-10-30T19:10:02.554+0000] {dagbag.py:538} INFO - Filling up the DagBag from /opt/airflow/dags/reddit_pipeline_dag.py
[2025-10-30T19:10:02.568+0000] {processor.py:840} INFO - DAG(s) 'reddit_pipeline_dag' retrieved from /opt/airflow/dags/reddit_pipeline_dag.py
[2025-10-30T19:10:02.590+0000] {logging_mixin.py:188} INFO - [2025-10-30T19:10:02.589+0000] {dag.py:3036} INFO - Sync 1 DAGs
[2025-10-30T19:10:02.606+0000] {logging_mixin.py:188} INFO - [2025-10-30T19:10:02.606+0000] {dag.py:3823} INFO - Setting next_dagrun for reddit_pipeline_dag to 2025-10-30 19:00:00+00:00, run_after=2025-10-30 20:00:00+00:00
[2025-10-30T19:10:02.621+0000] {processor.py:183} INFO - Processing /opt/airflow/dags/reddit_pipeline_dag.py took 0.071 seconds
[2025-10-30T19:10:32.843+0000] {processor.py:161} INFO - Started process (PID=2865) to work on /opt/airflow/dags/reddit_pipeline_dag.py
[2025-10-30T19:10:32.844+0000] {processor.py:830} INFO - Processing file /opt/airflow/dags/reddit_pipeline_dag.py for tasks to queue
[2025-10-30T19:10:32.846+0000] {logging_mixin.py:188} INFO - [2025-10-30T19:10:32.846+0000] {dagbag.py:538} INFO - Filling up the DagBag from /opt/airflow/dags/reddit_pipeline_dag.py
[2025-10-30T19:10:32.867+0000] {processor.py:840} INFO - DAG(s) 'reddit_pipeline_dag' retrieved from /opt/airflow/dags/reddit_pipeline_dag.py
[2025-10-30T19:10:32.894+0000] {logging_mixin.py:188} INFO - [2025-10-30T19:10:32.894+0000] {dag.py:3036} INFO - Sync 1 DAGs
[2025-10-30T19:10:32.910+0000] {logging_mixin.py:188} INFO - [2025-10-30T19:10:32.910+0000] {dag.py:3823} INFO - Setting next_dagrun for reddit_pipeline_dag to 2025-10-30 19:00:00+00:00, run_after=2025-10-30 20:00:00+00:00
[2025-10-30T19:10:32.927+0000] {processor.py:183} INFO - Processing /opt/airflow/dags/reddit_pipeline_dag.py took 0.086 seconds
[2025-10-30T19:11:03.063+0000] {processor.py:161} INFO - Started process (PID=2870) to work on /opt/airflow/dags/reddit_pipeline_dag.py
[2025-10-30T19:11:03.065+0000] {processor.py:830} INFO - Processing file /opt/airflow/dags/reddit_pipeline_dag.py for tasks to queue
[2025-10-30T19:11:03.065+0000] {logging_mixin.py:188} INFO - [2025-10-30T19:11:03.065+0000] {dagbag.py:538} INFO - Filling up the DagBag from /opt/airflow/dags/reddit_pipeline_dag.py
[2025-10-30T19:11:03.080+0000] {processor.py:840} INFO - DAG(s) 'reddit_pipeline_dag' retrieved from /opt/airflow/dags/reddit_pipeline_dag.py
[2025-10-30T19:11:03.102+0000] {logging_mixin.py:188} INFO - [2025-10-30T19:11:03.101+0000] {dag.py:3036} INFO - Sync 1 DAGs
[2025-10-30T19:11:03.116+0000] {logging_mixin.py:188} INFO - [2025-10-30T19:11:03.116+0000] {dag.py:3823} INFO - Setting next_dagrun for reddit_pipeline_dag to 2025-10-30 19:00:00+00:00, run_after=2025-10-30 20:00:00+00:00
[2025-10-30T19:11:03.130+0000] {processor.py:183} INFO - Processing /opt/airflow/dags/reddit_pipeline_dag.py took 0.069 seconds
[2025-10-30T19:11:33.325+0000] {processor.py:161} INFO - Started process (PID=2875) to work on /opt/airflow/dags/reddit_pipeline_dag.py
[2025-10-30T19:11:33.327+0000] {processor.py:830} INFO - Processing file /opt/airflow/dags/reddit_pipeline_dag.py for tasks to queue
[2025-10-30T19:11:33.329+0000] {logging_mixin.py:188} INFO - [2025-10-30T19:11:33.329+0000] {dagbag.py:538} INFO - Filling up the DagBag from /opt/airflow/dags/reddit_pipeline_dag.py
[2025-10-30T19:11:33.356+0000] {processor.py:840} INFO - DAG(s) 'reddit_pipeline_dag' retrieved from /opt/airflow/dags/reddit_pipeline_dag.py
[2025-10-30T19:11:33.378+0000] {logging_mixin.py:188} INFO - [2025-10-30T19:11:33.378+0000] {dag.py:3036} INFO - Sync 1 DAGs
[2025-10-30T19:11:33.396+0000] {logging_mixin.py:188} INFO - [2025-10-30T19:11:33.395+0000] {dag.py:3823} INFO - Setting next_dagrun for reddit_pipeline_dag to 2025-10-30 19:00:00+00:00, run_after=2025-10-30 20:00:00+00:00
[2025-10-30T19:11:33.409+0000] {processor.py:183} INFO - Processing /opt/airflow/dags/reddit_pipeline_dag.py took 0.087 seconds
[2025-10-30T19:12:03.545+0000] {processor.py:161} INFO - Started process (PID=2880) to work on /opt/airflow/dags/reddit_pipeline_dag.py
[2025-10-30T19:12:03.546+0000] {processor.py:830} INFO - Processing file /opt/airflow/dags/reddit_pipeline_dag.py for tasks to queue
[2025-10-30T19:12:03.547+0000] {logging_mixin.py:188} INFO - [2025-10-30T19:12:03.547+0000] {dagbag.py:538} INFO - Filling up the DagBag from /opt/airflow/dags/reddit_pipeline_dag.py
[2025-10-30T19:12:03.566+0000] {processor.py:840} INFO - DAG(s) 'reddit_pipeline_dag' retrieved from /opt/airflow/dags/reddit_pipeline_dag.py
[2025-10-30T19:12:03.589+0000] {logging_mixin.py:188} INFO - [2025-10-30T19:12:03.589+0000] {dag.py:3036} INFO - Sync 1 DAGs
[2025-10-30T19:12:03.605+0000] {logging_mixin.py:188} INFO - [2025-10-30T19:12:03.604+0000] {dag.py:3823} INFO - Setting next_dagrun for reddit_pipeline_dag to 2025-10-30 19:00:00+00:00, run_after=2025-10-30 20:00:00+00:00
[2025-10-30T19:12:03.620+0000] {processor.py:183} INFO - Processing /opt/airflow/dags/reddit_pipeline_dag.py took 0.078 seconds
[2025-10-30T19:12:33.797+0000] {processor.py:161} INFO - Started process (PID=2885) to work on /opt/airflow/dags/reddit_pipeline_dag.py
[2025-10-30T19:12:33.798+0000] {processor.py:830} INFO - Processing file /opt/airflow/dags/reddit_pipeline_dag.py for tasks to queue
[2025-10-30T19:12:33.799+0000] {logging_mixin.py:188} INFO - [2025-10-30T19:12:33.799+0000] {dagbag.py:538} INFO - Filling up the DagBag from /opt/airflow/dags/reddit_pipeline_dag.py
[2025-10-30T19:12:33.814+0000] {processor.py:840} INFO - DAG(s) 'reddit_pipeline_dag' retrieved from /opt/airflow/dags/reddit_pipeline_dag.py
[2025-10-30T19:12:33.836+0000] {logging_mixin.py:188} INFO - [2025-10-30T19:12:33.836+0000] {dag.py:3036} INFO - Sync 1 DAGs
[2025-10-30T19:12:33.853+0000] {logging_mixin.py:188} INFO - [2025-10-30T19:12:33.853+0000] {dag.py:3823} INFO - Setting next_dagrun for reddit_pipeline_dag to 2025-10-30 19:00:00+00:00, run_after=2025-10-30 20:00:00+00:00
[2025-10-30T19:12:33.869+0000] {processor.py:183} INFO - Processing /opt/airflow/dags/reddit_pipeline_dag.py took 0.073 seconds
[2025-10-30T19:13:03.983+0000] {processor.py:161} INFO - Started process (PID=2890) to work on /opt/airflow/dags/reddit_pipeline_dag.py
[2025-10-30T19:13:03.983+0000] {processor.py:830} INFO - Processing file /opt/airflow/dags/reddit_pipeline_dag.py for tasks to queue
[2025-10-30T19:13:03.984+0000] {logging_mixin.py:188} INFO - [2025-10-30T19:13:03.984+0000] {dagbag.py:538} INFO - Filling up the DagBag from /opt/airflow/dags/reddit_pipeline_dag.py
[2025-10-30T19:13:03.999+0000] {processor.py:840} INFO - DAG(s) 'reddit_pipeline_dag' retrieved from /opt/airflow/dags/reddit_pipeline_dag.py
[2025-10-30T19:13:04.020+0000] {logging_mixin.py:188} INFO - [2025-10-30T19:13:04.020+0000] {dag.py:3036} INFO - Sync 1 DAGs
[2025-10-30T19:13:04.037+0000] {logging_mixin.py:188} INFO - [2025-10-30T19:13:04.037+0000] {dag.py:3823} INFO - Setting next_dagrun for reddit_pipeline_dag to 2025-10-30 19:00:00+00:00, run_after=2025-10-30 20:00:00+00:00
[2025-10-30T19:13:04.051+0000] {processor.py:183} INFO - Processing /opt/airflow/dags/reddit_pipeline_dag.py took 0.071 seconds
[2025-10-30T19:13:34.242+0000] {processor.py:161} INFO - Started process (PID=2895) to work on /opt/airflow/dags/reddit_pipeline_dag.py
[2025-10-30T19:13:34.243+0000] {processor.py:830} INFO - Processing file /opt/airflow/dags/reddit_pipeline_dag.py for tasks to queue
[2025-10-30T19:13:34.244+0000] {logging_mixin.py:188} INFO - [2025-10-30T19:13:34.244+0000] {dagbag.py:538} INFO - Filling up the DagBag from /opt/airflow/dags/reddit_pipeline_dag.py
[2025-10-30T19:13:34.262+0000] {processor.py:840} INFO - DAG(s) 'reddit_pipeline_dag' retrieved from /opt/airflow/dags/reddit_pipeline_dag.py
[2025-10-30T19:13:34.283+0000] {logging_mixin.py:188} INFO - [2025-10-30T19:13:34.283+0000] {dag.py:3036} INFO - Sync 1 DAGs
[2025-10-30T19:13:34.300+0000] {logging_mixin.py:188} INFO - [2025-10-30T19:13:34.300+0000] {dag.py:3823} INFO - Setting next_dagrun for reddit_pipeline_dag to 2025-10-30 19:00:00+00:00, run_after=2025-10-30 20:00:00+00:00
[2025-10-30T19:13:34.315+0000] {processor.py:183} INFO - Processing /opt/airflow/dags/reddit_pipeline_dag.py took 0.076 seconds
[2025-10-30T19:14:04.474+0000] {processor.py:161} INFO - Started process (PID=2900) to work on /opt/airflow/dags/reddit_pipeline_dag.py
[2025-10-30T19:14:04.475+0000] {processor.py:830} INFO - Processing file /opt/airflow/dags/reddit_pipeline_dag.py for tasks to queue
[2025-10-30T19:14:04.476+0000] {logging_mixin.py:188} INFO - [2025-10-30T19:14:04.475+0000] {dagbag.py:538} INFO - Filling up the DagBag from /opt/airflow/dags/reddit_pipeline_dag.py
[2025-10-30T19:14:04.492+0000] {processor.py:840} INFO - DAG(s) 'reddit_pipeline_dag' retrieved from /opt/airflow/dags/reddit_pipeline_dag.py
[2025-10-30T19:14:04.512+0000] {logging_mixin.py:188} INFO - [2025-10-30T19:14:04.512+0000] {dag.py:3036} INFO - Sync 1 DAGs
[2025-10-30T19:14:04.527+0000] {logging_mixin.py:188} INFO - [2025-10-30T19:14:04.527+0000] {dag.py:3823} INFO - Setting next_dagrun for reddit_pipeline_dag to 2025-10-30 19:00:00+00:00, run_after=2025-10-30 20:00:00+00:00
[2025-10-30T19:14:04.541+0000] {processor.py:183} INFO - Processing /opt/airflow/dags/reddit_pipeline_dag.py took 0.069 seconds
[2025-10-30T19:14:34.694+0000] {processor.py:161} INFO - Started process (PID=2905) to work on /opt/airflow/dags/reddit_pipeline_dag.py
[2025-10-30T19:14:34.696+0000] {processor.py:830} INFO - Processing file /opt/airflow/dags/reddit_pipeline_dag.py for tasks to queue
[2025-10-30T19:14:34.696+0000] {logging_mixin.py:188} INFO - [2025-10-30T19:14:34.696+0000] {dagbag.py:538} INFO - Filling up the DagBag from /opt/airflow/dags/reddit_pipeline_dag.py
[2025-10-30T19:14:34.714+0000] {processor.py:840} INFO - DAG(s) 'reddit_pipeline_dag' retrieved from /opt/airflow/dags/reddit_pipeline_dag.py
[2025-10-30T19:14:34.734+0000] {logging_mixin.py:188} INFO - [2025-10-30T19:14:34.734+0000] {dag.py:3036} INFO - Sync 1 DAGs
[2025-10-30T19:14:34.752+0000] {logging_mixin.py:188} INFO - [2025-10-30T19:14:34.752+0000] {dag.py:3823} INFO - Setting next_dagrun for reddit_pipeline_dag to 2025-10-30 19:00:00+00:00, run_after=2025-10-30 20:00:00+00:00
[2025-10-30T19:14:34.766+0000] {processor.py:183} INFO - Processing /opt/airflow/dags/reddit_pipeline_dag.py took 0.074 seconds
[2025-10-30T19:15:04.965+0000] {processor.py:161} INFO - Started process (PID=2910) to work on /opt/airflow/dags/reddit_pipeline_dag.py
[2025-10-30T19:15:04.966+0000] {processor.py:830} INFO - Processing file /opt/airflow/dags/reddit_pipeline_dag.py for tasks to queue
[2025-10-30T19:15:04.967+0000] {logging_mixin.py:188} INFO - [2025-10-30T19:15:04.966+0000] {dagbag.py:538} INFO - Filling up the DagBag from /opt/airflow/dags/reddit_pipeline_dag.py
[2025-10-30T19:15:04.982+0000] {processor.py:840} INFO - DAG(s) 'reddit_pipeline_dag' retrieved from /opt/airflow/dags/reddit_pipeline_dag.py
[2025-10-30T19:15:05.002+0000] {logging_mixin.py:188} INFO - [2025-10-30T19:15:05.002+0000] {dag.py:3036} INFO - Sync 1 DAGs
[2025-10-30T19:15:05.017+0000] {logging_mixin.py:188} INFO - [2025-10-30T19:15:05.017+0000] {dag.py:3823} INFO - Setting next_dagrun for reddit_pipeline_dag to 2025-10-30 19:00:00+00:00, run_after=2025-10-30 20:00:00+00:00
[2025-10-30T19:15:05.033+0000] {processor.py:183} INFO - Processing /opt/airflow/dags/reddit_pipeline_dag.py took 0.070 seconds
[2025-10-30T19:15:35.187+0000] {processor.py:161} INFO - Started process (PID=2915) to work on /opt/airflow/dags/reddit_pipeline_dag.py
[2025-10-30T19:15:35.188+0000] {processor.py:830} INFO - Processing file /opt/airflow/dags/reddit_pipeline_dag.py for tasks to queue
[2025-10-30T19:15:35.189+0000] {logging_mixin.py:188} INFO - [2025-10-30T19:15:35.189+0000] {dagbag.py:538} INFO - Filling up the DagBag from /opt/airflow/dags/reddit_pipeline_dag.py
[2025-10-30T19:15:35.207+0000] {processor.py:840} INFO - DAG(s) 'reddit_pipeline_dag' retrieved from /opt/airflow/dags/reddit_pipeline_dag.py
[2025-10-30T19:15:35.226+0000] {logging_mixin.py:188} INFO - [2025-10-30T19:15:35.225+0000] {dag.py:3036} INFO - Sync 1 DAGs
[2025-10-30T19:15:35.242+0000] {logging_mixin.py:188} INFO - [2025-10-30T19:15:35.242+0000] {dag.py:3823} INFO - Setting next_dagrun for reddit_pipeline_dag to 2025-10-30 19:00:00+00:00, run_after=2025-10-30 20:00:00+00:00
[2025-10-30T19:15:35.258+0000] {processor.py:183} INFO - Processing /opt/airflow/dags/reddit_pipeline_dag.py took 0.073 seconds
[2025-10-30T19:16:05.439+0000] {processor.py:161} INFO - Started process (PID=2920) to work on /opt/airflow/dags/reddit_pipeline_dag.py
[2025-10-30T19:16:05.440+0000] {processor.py:830} INFO - Processing file /opt/airflow/dags/reddit_pipeline_dag.py for tasks to queue
[2025-10-30T19:16:05.441+0000] {logging_mixin.py:188} INFO - [2025-10-30T19:16:05.441+0000] {dagbag.py:538} INFO - Filling up the DagBag from /opt/airflow/dags/reddit_pipeline_dag.py
[2025-10-30T19:16:05.456+0000] {processor.py:840} INFO - DAG(s) 'reddit_pipeline_dag' retrieved from /opt/airflow/dags/reddit_pipeline_dag.py
[2025-10-30T19:16:05.476+0000] {logging_mixin.py:188} INFO - [2025-10-30T19:16:05.475+0000] {dag.py:3036} INFO - Sync 1 DAGs
[2025-10-30T19:16:05.493+0000] {logging_mixin.py:188} INFO - [2025-10-30T19:16:05.493+0000] {dag.py:3823} INFO - Setting next_dagrun for reddit_pipeline_dag to 2025-10-30 19:00:00+00:00, run_after=2025-10-30 20:00:00+00:00
[2025-10-30T19:16:05.506+0000] {processor.py:183} INFO - Processing /opt/airflow/dags/reddit_pipeline_dag.py took 0.070 seconds
[2025-10-30T19:16:35.683+0000] {processor.py:161} INFO - Started process (PID=2925) to work on /opt/airflow/dags/reddit_pipeline_dag.py
[2025-10-30T19:16:35.684+0000] {processor.py:830} INFO - Processing file /opt/airflow/dags/reddit_pipeline_dag.py for tasks to queue
[2025-10-30T19:16:35.685+0000] {logging_mixin.py:188} INFO - [2025-10-30T19:16:35.684+0000] {dagbag.py:538} INFO - Filling up the DagBag from /opt/airflow/dags/reddit_pipeline_dag.py
[2025-10-30T19:16:35.705+0000] {processor.py:840} INFO - DAG(s) 'reddit_pipeline_dag' retrieved from /opt/airflow/dags/reddit_pipeline_dag.py
[2025-10-30T19:16:35.731+0000] {logging_mixin.py:188} INFO - [2025-10-30T19:16:35.730+0000] {dag.py:3036} INFO - Sync 1 DAGs
[2025-10-30T19:16:35.747+0000] {logging_mixin.py:188} INFO - [2025-10-30T19:16:35.747+0000] {dag.py:3823} INFO - Setting next_dagrun for reddit_pipeline_dag to 2025-10-30 19:00:00+00:00, run_after=2025-10-30 20:00:00+00:00
[2025-10-30T19:16:35.760+0000] {processor.py:183} INFO - Processing /opt/airflow/dags/reddit_pipeline_dag.py took 0.080 seconds
[2025-10-30T19:17:05.896+0000] {processor.py:161} INFO - Started process (PID=2930) to work on /opt/airflow/dags/reddit_pipeline_dag.py
[2025-10-30T19:17:05.897+0000] {processor.py:830} INFO - Processing file /opt/airflow/dags/reddit_pipeline_dag.py for tasks to queue
[2025-10-30T19:17:05.898+0000] {logging_mixin.py:188} INFO - [2025-10-30T19:17:05.898+0000] {dagbag.py:538} INFO - Filling up the DagBag from /opt/airflow/dags/reddit_pipeline_dag.py
[2025-10-30T19:17:05.914+0000] {processor.py:840} INFO - DAG(s) 'reddit_pipeline_dag' retrieved from /opt/airflow/dags/reddit_pipeline_dag.py
[2025-10-30T19:17:05.933+0000] {logging_mixin.py:188} INFO - [2025-10-30T19:17:05.932+0000] {dag.py:3036} INFO - Sync 1 DAGs
[2025-10-30T19:17:05.949+0000] {logging_mixin.py:188} INFO - [2025-10-30T19:17:05.949+0000] {dag.py:3823} INFO - Setting next_dagrun for reddit_pipeline_dag to 2025-10-30 19:00:00+00:00, run_after=2025-10-30 20:00:00+00:00
[2025-10-30T19:17:05.962+0000] {processor.py:183} INFO - Processing /opt/airflow/dags/reddit_pipeline_dag.py took 0.069 seconds
[2025-10-30T19:17:36.171+0000] {processor.py:161} INFO - Started process (PID=2935) to work on /opt/airflow/dags/reddit_pipeline_dag.py
[2025-10-30T19:17:36.172+0000] {processor.py:830} INFO - Processing file /opt/airflow/dags/reddit_pipeline_dag.py for tasks to queue
[2025-10-30T19:17:36.173+0000] {logging_mixin.py:188} INFO - [2025-10-30T19:17:36.173+0000] {dagbag.py:538} INFO - Filling up the DagBag from /opt/airflow/dags/reddit_pipeline_dag.py
[2025-10-30T19:17:36.186+0000] {processor.py:840} INFO - DAG(s) 'reddit_pipeline_dag' retrieved from /opt/airflow/dags/reddit_pipeline_dag.py
[2025-10-30T19:17:36.204+0000] {logging_mixin.py:188} INFO - [2025-10-30T19:17:36.204+0000] {dag.py:3036} INFO - Sync 1 DAGs
[2025-10-30T19:17:36.219+0000] {logging_mixin.py:188} INFO - [2025-10-30T19:17:36.219+0000] {dag.py:3823} INFO - Setting next_dagrun for reddit_pipeline_dag to 2025-10-30 19:00:00+00:00, run_after=2025-10-30 20:00:00+00:00
[2025-10-30T19:17:36.233+0000] {processor.py:183} INFO - Processing /opt/airflow/dags/reddit_pipeline_dag.py took 0.064 seconds
[2025-10-30T19:18:06.453+0000] {processor.py:161} INFO - Started process (PID=2940) to work on /opt/airflow/dags/reddit_pipeline_dag.py
[2025-10-30T19:18:06.455+0000] {processor.py:830} INFO - Processing file /opt/airflow/dags/reddit_pipeline_dag.py for tasks to queue
[2025-10-30T19:18:06.456+0000] {logging_mixin.py:188} INFO - [2025-10-30T19:18:06.456+0000] {dagbag.py:538} INFO - Filling up the DagBag from /opt/airflow/dags/reddit_pipeline_dag.py
[2025-10-30T19:18:06.470+0000] {processor.py:840} INFO - DAG(s) 'reddit_pipeline_dag' retrieved from /opt/airflow/dags/reddit_pipeline_dag.py
[2025-10-30T19:18:06.492+0000] {logging_mixin.py:188} INFO - [2025-10-30T19:18:06.492+0000] {dag.py:3036} INFO - Sync 1 DAGs
[2025-10-30T19:18:06.507+0000] {logging_mixin.py:188} INFO - [2025-10-30T19:18:06.507+0000] {dag.py:3823} INFO - Setting next_dagrun for reddit_pipeline_dag to 2025-10-30 19:00:00+00:00, run_after=2025-10-30 20:00:00+00:00
[2025-10-30T19:18:06.523+0000] {processor.py:183} INFO - Processing /opt/airflow/dags/reddit_pipeline_dag.py took 0.072 seconds
[2025-10-30T19:18:36.690+0000] {processor.py:161} INFO - Started process (PID=2945) to work on /opt/airflow/dags/reddit_pipeline_dag.py
[2025-10-30T19:18:36.691+0000] {processor.py:830} INFO - Processing file /opt/airflow/dags/reddit_pipeline_dag.py for tasks to queue
[2025-10-30T19:18:36.692+0000] {logging_mixin.py:188} INFO - [2025-10-30T19:18:36.692+0000] {dagbag.py:538} INFO - Filling up the DagBag from /opt/airflow/dags/reddit_pipeline_dag.py
[2025-10-30T19:18:36.711+0000] {processor.py:840} INFO - DAG(s) 'reddit_pipeline_dag' retrieved from /opt/airflow/dags/reddit_pipeline_dag.py
[2025-10-30T19:18:36.732+0000] {logging_mixin.py:188} INFO - [2025-10-30T19:18:36.732+0000] {dag.py:3036} INFO - Sync 1 DAGs
[2025-10-30T19:18:36.748+0000] {logging_mixin.py:188} INFO - [2025-10-30T19:18:36.748+0000] {dag.py:3823} INFO - Setting next_dagrun for reddit_pipeline_dag to 2025-10-30 19:00:00+00:00, run_after=2025-10-30 20:00:00+00:00
[2025-10-30T19:18:36.764+0000] {processor.py:183} INFO - Processing /opt/airflow/dags/reddit_pipeline_dag.py took 0.076 seconds
[2025-10-30T19:19:06.952+0000] {processor.py:161} INFO - Started process (PID=2950) to work on /opt/airflow/dags/reddit_pipeline_dag.py
[2025-10-30T19:19:06.953+0000] {processor.py:830} INFO - Processing file /opt/airflow/dags/reddit_pipeline_dag.py for tasks to queue
[2025-10-30T19:19:06.954+0000] {logging_mixin.py:188} INFO - [2025-10-30T19:19:06.954+0000] {dagbag.py:538} INFO - Filling up the DagBag from /opt/airflow/dags/reddit_pipeline_dag.py
[2025-10-30T19:19:06.968+0000] {processor.py:840} INFO - DAG(s) 'reddit_pipeline_dag' retrieved from /opt/airflow/dags/reddit_pipeline_dag.py
[2025-10-30T19:19:06.987+0000] {logging_mixin.py:188} INFO - [2025-10-30T19:19:06.987+0000] {dag.py:3036} INFO - Sync 1 DAGs
[2025-10-30T19:19:07.002+0000] {logging_mixin.py:188} INFO - [2025-10-30T19:19:07.002+0000] {dag.py:3823} INFO - Setting next_dagrun for reddit_pipeline_dag to 2025-10-30 19:00:00+00:00, run_after=2025-10-30 20:00:00+00:00
[2025-10-30T19:19:07.020+0000] {processor.py:183} INFO - Processing /opt/airflow/dags/reddit_pipeline_dag.py took 0.070 seconds
[2025-10-30T19:19:37.191+0000] {processor.py:161} INFO - Started process (PID=2955) to work on /opt/airflow/dags/reddit_pipeline_dag.py
[2025-10-30T19:19:37.192+0000] {processor.py:830} INFO - Processing file /opt/airflow/dags/reddit_pipeline_dag.py for tasks to queue
[2025-10-30T19:19:37.193+0000] {logging_mixin.py:188} INFO - [2025-10-30T19:19:37.193+0000] {dagbag.py:538} INFO - Filling up the DagBag from /opt/airflow/dags/reddit_pipeline_dag.py
[2025-10-30T19:19:37.207+0000] {processor.py:840} INFO - DAG(s) 'reddit_pipeline_dag' retrieved from /opt/airflow/dags/reddit_pipeline_dag.py
[2025-10-30T19:19:37.226+0000] {logging_mixin.py:188} INFO - [2025-10-30T19:19:37.226+0000] {dag.py:3036} INFO - Sync 1 DAGs
[2025-10-30T19:19:37.242+0000] {logging_mixin.py:188} INFO - [2025-10-30T19:19:37.241+0000] {dag.py:3823} INFO - Setting next_dagrun for reddit_pipeline_dag to 2025-10-30 19:00:00+00:00, run_after=2025-10-30 20:00:00+00:00
[2025-10-30T19:19:37.255+0000] {processor.py:183} INFO - Processing /opt/airflow/dags/reddit_pipeline_dag.py took 0.066 seconds
[2025-10-30T19:20:07.422+0000] {processor.py:161} INFO - Started process (PID=2960) to work on /opt/airflow/dags/reddit_pipeline_dag.py
[2025-10-30T19:20:07.423+0000] {processor.py:830} INFO - Processing file /opt/airflow/dags/reddit_pipeline_dag.py for tasks to queue
[2025-10-30T19:20:07.424+0000] {logging_mixin.py:188} INFO - [2025-10-30T19:20:07.424+0000] {dagbag.py:538} INFO - Filling up the DagBag from /opt/airflow/dags/reddit_pipeline_dag.py
[2025-10-30T19:20:07.438+0000] {processor.py:840} INFO - DAG(s) 'reddit_pipeline_dag' retrieved from /opt/airflow/dags/reddit_pipeline_dag.py
[2025-10-30T19:20:07.457+0000] {logging_mixin.py:188} INFO - [2025-10-30T19:20:07.456+0000] {dag.py:3036} INFO - Sync 1 DAGs
[2025-10-30T19:20:07.472+0000] {logging_mixin.py:188} INFO - [2025-10-30T19:20:07.472+0000] {dag.py:3823} INFO - Setting next_dagrun for reddit_pipeline_dag to 2025-10-30 19:00:00+00:00, run_after=2025-10-30 20:00:00+00:00
[2025-10-30T19:20:07.487+0000] {processor.py:183} INFO - Processing /opt/airflow/dags/reddit_pipeline_dag.py took 0.067 seconds
[2025-10-30T19:20:37.656+0000] {processor.py:161} INFO - Started process (PID=2965) to work on /opt/airflow/dags/reddit_pipeline_dag.py
[2025-10-30T19:20:37.656+0000] {processor.py:830} INFO - Processing file /opt/airflow/dags/reddit_pipeline_dag.py for tasks to queue
[2025-10-30T19:20:37.657+0000] {logging_mixin.py:188} INFO - [2025-10-30T19:20:37.657+0000] {dagbag.py:538} INFO - Filling up the DagBag from /opt/airflow/dags/reddit_pipeline_dag.py
[2025-10-30T19:20:37.671+0000] {processor.py:840} INFO - DAG(s) 'reddit_pipeline_dag' retrieved from /opt/airflow/dags/reddit_pipeline_dag.py
[2025-10-30T19:20:37.690+0000] {logging_mixin.py:188} INFO - [2025-10-30T19:20:37.690+0000] {dag.py:3036} INFO - Sync 1 DAGs
[2025-10-30T19:20:37.705+0000] {logging_mixin.py:188} INFO - [2025-10-30T19:20:37.705+0000] {dag.py:3823} INFO - Setting next_dagrun for reddit_pipeline_dag to 2025-10-30 19:00:00+00:00, run_after=2025-10-30 20:00:00+00:00
[2025-10-30T19:20:37.720+0000] {processor.py:183} INFO - Processing /opt/airflow/dags/reddit_pipeline_dag.py took 0.067 seconds
[2025-10-30T19:21:07.900+0000] {processor.py:161} INFO - Started process (PID=2970) to work on /opt/airflow/dags/reddit_pipeline_dag.py
[2025-10-30T19:21:07.901+0000] {processor.py:830} INFO - Processing file /opt/airflow/dags/reddit_pipeline_dag.py for tasks to queue
[2025-10-30T19:21:07.902+0000] {logging_mixin.py:188} INFO - [2025-10-30T19:21:07.902+0000] {dagbag.py:538} INFO - Filling up the DagBag from /opt/airflow/dags/reddit_pipeline_dag.py
[2025-10-30T19:21:07.915+0000] {processor.py:840} INFO - DAG(s) 'reddit_pipeline_dag' retrieved from /opt/airflow/dags/reddit_pipeline_dag.py
[2025-10-30T19:21:07.934+0000] {logging_mixin.py:188} INFO - [2025-10-30T19:21:07.934+0000] {dag.py:3036} INFO - Sync 1 DAGs
[2025-10-30T19:21:07.949+0000] {logging_mixin.py:188} INFO - [2025-10-30T19:21:07.949+0000] {dag.py:3823} INFO - Setting next_dagrun for reddit_pipeline_dag to 2025-10-30 19:00:00+00:00, run_after=2025-10-30 20:00:00+00:00
[2025-10-30T19:21:07.963+0000] {processor.py:183} INFO - Processing /opt/airflow/dags/reddit_pipeline_dag.py took 0.065 seconds
[2025-10-30T19:21:38.132+0000] {processor.py:161} INFO - Started process (PID=2975) to work on /opt/airflow/dags/reddit_pipeline_dag.py
[2025-10-30T19:21:38.133+0000] {processor.py:830} INFO - Processing file /opt/airflow/dags/reddit_pipeline_dag.py for tasks to queue
[2025-10-30T19:21:38.134+0000] {logging_mixin.py:188} INFO - [2025-10-30T19:21:38.134+0000] {dagbag.py:538} INFO - Filling up the DagBag from /opt/airflow/dags/reddit_pipeline_dag.py
[2025-10-30T19:21:38.149+0000] {processor.py:840} INFO - DAG(s) 'reddit_pipeline_dag' retrieved from /opt/airflow/dags/reddit_pipeline_dag.py
[2025-10-30T19:21:38.170+0000] {logging_mixin.py:188} INFO - [2025-10-30T19:21:38.170+0000] {dag.py:3036} INFO - Sync 1 DAGs
[2025-10-30T19:21:38.188+0000] {logging_mixin.py:188} INFO - [2025-10-30T19:21:38.187+0000] {dag.py:3823} INFO - Setting next_dagrun for reddit_pipeline_dag to 2025-10-30 19:00:00+00:00, run_after=2025-10-30 20:00:00+00:00
[2025-10-30T19:21:38.219+0000] {processor.py:183} INFO - Processing /opt/airflow/dags/reddit_pipeline_dag.py took 0.089 seconds
[2025-10-30T19:22:08.389+0000] {processor.py:161} INFO - Started process (PID=2980) to work on /opt/airflow/dags/reddit_pipeline_dag.py
[2025-10-30T19:22:08.389+0000] {processor.py:830} INFO - Processing file /opt/airflow/dags/reddit_pipeline_dag.py for tasks to queue
[2025-10-30T19:22:08.390+0000] {logging_mixin.py:188} INFO - [2025-10-30T19:22:08.390+0000] {dagbag.py:538} INFO - Filling up the DagBag from /opt/airflow/dags/reddit_pipeline_dag.py
[2025-10-30T19:22:08.405+0000] {processor.py:840} INFO - DAG(s) 'reddit_pipeline_dag' retrieved from /opt/airflow/dags/reddit_pipeline_dag.py
[2025-10-30T19:22:08.425+0000] {logging_mixin.py:188} INFO - [2025-10-30T19:22:08.425+0000] {dag.py:3036} INFO - Sync 1 DAGs
[2025-10-30T19:22:08.441+0000] {logging_mixin.py:188} INFO - [2025-10-30T19:22:08.441+0000] {dag.py:3823} INFO - Setting next_dagrun for reddit_pipeline_dag to 2025-10-30 19:00:00+00:00, run_after=2025-10-30 20:00:00+00:00
[2025-10-30T19:22:08.455+0000] {processor.py:183} INFO - Processing /opt/airflow/dags/reddit_pipeline_dag.py took 0.069 seconds
[2025-10-30T19:22:38.641+0000] {processor.py:161} INFO - Started process (PID=2985) to work on /opt/airflow/dags/reddit_pipeline_dag.py
[2025-10-30T19:22:38.642+0000] {processor.py:830} INFO - Processing file /opt/airflow/dags/reddit_pipeline_dag.py for tasks to queue
[2025-10-30T19:22:38.643+0000] {logging_mixin.py:188} INFO - [2025-10-30T19:22:38.643+0000] {dagbag.py:538} INFO - Filling up the DagBag from /opt/airflow/dags/reddit_pipeline_dag.py
[2025-10-30T19:22:38.661+0000] {processor.py:840} INFO - DAG(s) 'reddit_pipeline_dag' retrieved from /opt/airflow/dags/reddit_pipeline_dag.py
[2025-10-30T19:22:38.687+0000] {logging_mixin.py:188} INFO - [2025-10-30T19:22:38.687+0000] {dag.py:3036} INFO - Sync 1 DAGs
[2025-10-30T19:22:38.703+0000] {logging_mixin.py:188} INFO - [2025-10-30T19:22:38.703+0000] {dag.py:3823} INFO - Setting next_dagrun for reddit_pipeline_dag to 2025-10-30 19:00:00+00:00, run_after=2025-10-30 20:00:00+00:00
[2025-10-30T19:22:38.719+0000] {processor.py:183} INFO - Processing /opt/airflow/dags/reddit_pipeline_dag.py took 0.080 seconds
[2025-10-30T19:23:08.875+0000] {processor.py:161} INFO - Started process (PID=2990) to work on /opt/airflow/dags/reddit_pipeline_dag.py
[2025-10-30T19:23:08.876+0000] {processor.py:830} INFO - Processing file /opt/airflow/dags/reddit_pipeline_dag.py for tasks to queue
[2025-10-30T19:23:08.877+0000] {logging_mixin.py:188} INFO - [2025-10-30T19:23:08.877+0000] {dagbag.py:538} INFO - Filling up the DagBag from /opt/airflow/dags/reddit_pipeline_dag.py
[2025-10-30T19:23:08.891+0000] {processor.py:840} INFO - DAG(s) 'reddit_pipeline_dag' retrieved from /opt/airflow/dags/reddit_pipeline_dag.py
[2025-10-30T19:23:08.911+0000] {logging_mixin.py:188} INFO - [2025-10-30T19:23:08.911+0000] {dag.py:3036} INFO - Sync 1 DAGs
[2025-10-30T19:23:08.926+0000] {logging_mixin.py:188} INFO - [2025-10-30T19:23:08.926+0000] {dag.py:3823} INFO - Setting next_dagrun for reddit_pipeline_dag to 2025-10-30 19:00:00+00:00, run_after=2025-10-30 20:00:00+00:00
[2025-10-30T19:23:08.944+0000] {processor.py:183} INFO - Processing /opt/airflow/dags/reddit_pipeline_dag.py took 0.071 seconds
[2025-10-30T19:23:39.212+0000] {processor.py:161} INFO - Started process (PID=2995) to work on /opt/airflow/dags/reddit_pipeline_dag.py
[2025-10-30T19:23:39.213+0000] {processor.py:830} INFO - Processing file /opt/airflow/dags/reddit_pipeline_dag.py for tasks to queue
[2025-10-30T19:23:39.214+0000] {logging_mixin.py:188} INFO - [2025-10-30T19:23:39.213+0000] {dagbag.py:538} INFO - Filling up the DagBag from /opt/airflow/dags/reddit_pipeline_dag.py
[2025-10-30T19:23:39.227+0000] {processor.py:840} INFO - DAG(s) 'reddit_pipeline_dag' retrieved from /opt/airflow/dags/reddit_pipeline_dag.py
[2025-10-30T19:23:39.247+0000] {logging_mixin.py:188} INFO - [2025-10-30T19:23:39.247+0000] {dag.py:3036} INFO - Sync 1 DAGs
[2025-10-30T19:23:39.262+0000] {logging_mixin.py:188} INFO - [2025-10-30T19:23:39.262+0000] {dag.py:3823} INFO - Setting next_dagrun for reddit_pipeline_dag to 2025-10-30 19:00:00+00:00, run_after=2025-10-30 20:00:00+00:00
[2025-10-30T19:23:39.276+0000] {processor.py:183} INFO - Processing /opt/airflow/dags/reddit_pipeline_dag.py took 0.066 seconds
[2025-10-30T19:24:09.457+0000] {processor.py:161} INFO - Started process (PID=3000) to work on /opt/airflow/dags/reddit_pipeline_dag.py
[2025-10-30T19:24:09.458+0000] {processor.py:830} INFO - Processing file /opt/airflow/dags/reddit_pipeline_dag.py for tasks to queue
[2025-10-30T19:24:09.459+0000] {logging_mixin.py:188} INFO - [2025-10-30T19:24:09.458+0000] {dagbag.py:538} INFO - Filling up the DagBag from /opt/airflow/dags/reddit_pipeline_dag.py
[2025-10-30T19:24:09.472+0000] {processor.py:840} INFO - DAG(s) 'reddit_pipeline_dag' retrieved from /opt/airflow/dags/reddit_pipeline_dag.py
[2025-10-30T19:24:09.492+0000] {logging_mixin.py:188} INFO - [2025-10-30T19:24:09.492+0000] {dag.py:3036} INFO - Sync 1 DAGs
[2025-10-30T19:24:09.508+0000] {logging_mixin.py:188} INFO - [2025-10-30T19:24:09.508+0000] {dag.py:3823} INFO - Setting next_dagrun for reddit_pipeline_dag to 2025-10-30 19:00:00+00:00, run_after=2025-10-30 20:00:00+00:00
[2025-10-30T19:24:09.524+0000] {processor.py:183} INFO - Processing /opt/airflow/dags/reddit_pipeline_dag.py took 0.069 seconds
[2025-10-30T19:24:39.753+0000] {processor.py:161} INFO - Started process (PID=3005) to work on /opt/airflow/dags/reddit_pipeline_dag.py
[2025-10-30T19:24:39.754+0000] {processor.py:830} INFO - Processing file /opt/airflow/dags/reddit_pipeline_dag.py for tasks to queue
[2025-10-30T19:24:39.755+0000] {logging_mixin.py:188} INFO - [2025-10-30T19:24:39.755+0000] {dagbag.py:538} INFO - Filling up the DagBag from /opt/airflow/dags/reddit_pipeline_dag.py
[2025-10-30T19:24:39.771+0000] {processor.py:840} INFO - DAG(s) 'reddit_pipeline_dag' retrieved from /opt/airflow/dags/reddit_pipeline_dag.py
[2025-10-30T19:24:39.791+0000] {logging_mixin.py:188} INFO - [2025-10-30T19:24:39.791+0000] {dag.py:3036} INFO - Sync 1 DAGs
[2025-10-30T19:24:39.808+0000] {logging_mixin.py:188} INFO - [2025-10-30T19:24:39.808+0000] {dag.py:3823} INFO - Setting next_dagrun for reddit_pipeline_dag to 2025-10-30 19:00:00+00:00, run_after=2025-10-30 20:00:00+00:00
[2025-10-30T19:24:39.823+0000] {processor.py:183} INFO - Processing /opt/airflow/dags/reddit_pipeline_dag.py took 0.072 seconds
[2025-10-30T19:25:10.012+0000] {processor.py:161} INFO - Started process (PID=3010) to work on /opt/airflow/dags/reddit_pipeline_dag.py
[2025-10-30T19:25:10.013+0000] {processor.py:830} INFO - Processing file /opt/airflow/dags/reddit_pipeline_dag.py for tasks to queue
[2025-10-30T19:25:10.014+0000] {logging_mixin.py:188} INFO - [2025-10-30T19:25:10.014+0000] {dagbag.py:538} INFO - Filling up the DagBag from /opt/airflow/dags/reddit_pipeline_dag.py
[2025-10-30T19:25:10.040+0000] {processor.py:840} INFO - DAG(s) 'reddit_pipeline_dag' retrieved from /opt/airflow/dags/reddit_pipeline_dag.py
[2025-10-30T19:25:10.065+0000] {logging_mixin.py:188} INFO - [2025-10-30T19:25:10.065+0000] {dag.py:3036} INFO - Sync 1 DAGs
[2025-10-30T19:25:10.083+0000] {logging_mixin.py:188} INFO - [2025-10-30T19:25:10.083+0000] {dag.py:3823} INFO - Setting next_dagrun for reddit_pipeline_dag to 2025-10-30 19:00:00+00:00, run_after=2025-10-30 20:00:00+00:00
[2025-10-30T19:25:10.098+0000] {processor.py:183} INFO - Processing /opt/airflow/dags/reddit_pipeline_dag.py took 0.089 seconds
[2025-10-30T19:25:40.260+0000] {processor.py:161} INFO - Started process (PID=3015) to work on /opt/airflow/dags/reddit_pipeline_dag.py
[2025-10-30T19:25:40.261+0000] {processor.py:830} INFO - Processing file /opt/airflow/dags/reddit_pipeline_dag.py for tasks to queue
[2025-10-30T19:25:40.262+0000] {logging_mixin.py:188} INFO - [2025-10-30T19:25:40.262+0000] {dagbag.py:538} INFO - Filling up the DagBag from /opt/airflow/dags/reddit_pipeline_dag.py
[2025-10-30T19:25:40.278+0000] {processor.py:840} INFO - DAG(s) 'reddit_pipeline_dag' retrieved from /opt/airflow/dags/reddit_pipeline_dag.py
[2025-10-30T19:25:40.302+0000] {logging_mixin.py:188} INFO - [2025-10-30T19:25:40.301+0000] {dag.py:3036} INFO - Sync 1 DAGs
[2025-10-30T19:25:40.316+0000] {logging_mixin.py:188} INFO - [2025-10-30T19:25:40.316+0000] {dag.py:3823} INFO - Setting next_dagrun for reddit_pipeline_dag to 2025-10-30 19:00:00+00:00, run_after=2025-10-30 20:00:00+00:00
[2025-10-30T19:25:40.330+0000] {processor.py:183} INFO - Processing /opt/airflow/dags/reddit_pipeline_dag.py took 0.072 seconds
[2025-10-30T19:26:10.527+0000] {processor.py:161} INFO - Started process (PID=3020) to work on /opt/airflow/dags/reddit_pipeline_dag.py
[2025-10-30T19:26:10.528+0000] {processor.py:830} INFO - Processing file /opt/airflow/dags/reddit_pipeline_dag.py for tasks to queue
[2025-10-30T19:26:10.528+0000] {logging_mixin.py:188} INFO - [2025-10-30T19:26:10.528+0000] {dagbag.py:538} INFO - Filling up the DagBag from /opt/airflow/dags/reddit_pipeline_dag.py
[2025-10-30T19:26:10.545+0000] {processor.py:840} INFO - DAG(s) 'reddit_pipeline_dag' retrieved from /opt/airflow/dags/reddit_pipeline_dag.py
[2025-10-30T19:26:10.564+0000] {logging_mixin.py:188} INFO - [2025-10-30T19:26:10.564+0000] {dag.py:3036} INFO - Sync 1 DAGs
[2025-10-30T19:26:10.581+0000] {logging_mixin.py:188} INFO - [2025-10-30T19:26:10.581+0000] {dag.py:3823} INFO - Setting next_dagrun for reddit_pipeline_dag to 2025-10-30 19:00:00+00:00, run_after=2025-10-30 20:00:00+00:00
[2025-10-30T19:26:10.596+0000] {processor.py:183} INFO - Processing /opt/airflow/dags/reddit_pipeline_dag.py took 0.071 seconds
[2025-10-30T19:26:40.761+0000] {processor.py:161} INFO - Started process (PID=3025) to work on /opt/airflow/dags/reddit_pipeline_dag.py
[2025-10-30T19:26:40.762+0000] {processor.py:830} INFO - Processing file /opt/airflow/dags/reddit_pipeline_dag.py for tasks to queue
[2025-10-30T19:26:40.763+0000] {logging_mixin.py:188} INFO - [2025-10-30T19:26:40.763+0000] {dagbag.py:538} INFO - Filling up the DagBag from /opt/airflow/dags/reddit_pipeline_dag.py
[2025-10-30T19:26:40.779+0000] {processor.py:840} INFO - DAG(s) 'reddit_pipeline_dag' retrieved from /opt/airflow/dags/reddit_pipeline_dag.py
[2025-10-30T19:26:40.799+0000] {logging_mixin.py:188} INFO - [2025-10-30T19:26:40.798+0000] {dag.py:3036} INFO - Sync 1 DAGs
[2025-10-30T19:26:40.814+0000] {logging_mixin.py:188} INFO - [2025-10-30T19:26:40.813+0000] {dag.py:3823} INFO - Setting next_dagrun for reddit_pipeline_dag to 2025-10-30 19:00:00+00:00, run_after=2025-10-30 20:00:00+00:00
[2025-10-30T19:26:40.830+0000] {processor.py:183} INFO - Processing /opt/airflow/dags/reddit_pipeline_dag.py took 0.071 seconds
[2025-10-30T19:27:10.978+0000] {processor.py:161} INFO - Started process (PID=3030) to work on /opt/airflow/dags/reddit_pipeline_dag.py
[2025-10-30T19:27:10.979+0000] {processor.py:830} INFO - Processing file /opt/airflow/dags/reddit_pipeline_dag.py for tasks to queue
[2025-10-30T19:27:10.981+0000] {logging_mixin.py:188} INFO - [2025-10-30T19:27:10.980+0000] {dagbag.py:538} INFO - Filling up the DagBag from /opt/airflow/dags/reddit_pipeline_dag.py
[2025-10-30T19:27:10.999+0000] {processor.py:840} INFO - DAG(s) 'reddit_pipeline_dag' retrieved from /opt/airflow/dags/reddit_pipeline_dag.py
[2025-10-30T19:27:11.018+0000] {logging_mixin.py:188} INFO - [2025-10-30T19:27:11.018+0000] {dag.py:3036} INFO - Sync 1 DAGs
[2025-10-30T19:27:11.035+0000] {logging_mixin.py:188} INFO - [2025-10-30T19:27:11.035+0000] {dag.py:3823} INFO - Setting next_dagrun for reddit_pipeline_dag to 2025-10-30 19:00:00+00:00, run_after=2025-10-30 20:00:00+00:00
[2025-10-30T19:27:11.050+0000] {processor.py:183} INFO - Processing /opt/airflow/dags/reddit_pipeline_dag.py took 0.075 seconds
[2025-10-30T19:27:41.234+0000] {processor.py:161} INFO - Started process (PID=3035) to work on /opt/airflow/dags/reddit_pipeline_dag.py
[2025-10-30T19:27:41.235+0000] {processor.py:830} INFO - Processing file /opt/airflow/dags/reddit_pipeline_dag.py for tasks to queue
[2025-10-30T19:27:41.236+0000] {logging_mixin.py:188} INFO - [2025-10-30T19:27:41.236+0000] {dagbag.py:538} INFO - Filling up the DagBag from /opt/airflow/dags/reddit_pipeline_dag.py
[2025-10-30T19:27:41.250+0000] {processor.py:840} INFO - DAG(s) 'reddit_pipeline_dag' retrieved from /opt/airflow/dags/reddit_pipeline_dag.py
[2025-10-30T19:27:41.270+0000] {logging_mixin.py:188} INFO - [2025-10-30T19:27:41.270+0000] {dag.py:3036} INFO - Sync 1 DAGs
[2025-10-30T19:27:41.286+0000] {logging_mixin.py:188} INFO - [2025-10-30T19:27:41.286+0000] {dag.py:3823} INFO - Setting next_dagrun for reddit_pipeline_dag to 2025-10-30 19:00:00+00:00, run_after=2025-10-30 20:00:00+00:00
[2025-10-30T19:27:41.299+0000] {processor.py:183} INFO - Processing /opt/airflow/dags/reddit_pipeline_dag.py took 0.067 seconds
[2025-10-30T19:28:11.478+0000] {processor.py:161} INFO - Started process (PID=3040) to work on /opt/airflow/dags/reddit_pipeline_dag.py
[2025-10-30T19:28:11.479+0000] {processor.py:830} INFO - Processing file /opt/airflow/dags/reddit_pipeline_dag.py for tasks to queue
[2025-10-30T19:28:11.480+0000] {logging_mixin.py:188} INFO - [2025-10-30T19:28:11.480+0000] {dagbag.py:538} INFO - Filling up the DagBag from /opt/airflow/dags/reddit_pipeline_dag.py
[2025-10-30T19:28:11.498+0000] {processor.py:840} INFO - DAG(s) 'reddit_pipeline_dag' retrieved from /opt/airflow/dags/reddit_pipeline_dag.py
[2025-10-30T19:28:11.522+0000] {logging_mixin.py:188} INFO - [2025-10-30T19:28:11.521+0000] {dag.py:3036} INFO - Sync 1 DAGs
[2025-10-30T19:28:11.544+0000] {logging_mixin.py:188} INFO - [2025-10-30T19:28:11.544+0000] {dag.py:3823} INFO - Setting next_dagrun for reddit_pipeline_dag to 2025-10-30 19:00:00+00:00, run_after=2025-10-30 20:00:00+00:00
[2025-10-30T19:28:11.565+0000] {processor.py:183} INFO - Processing /opt/airflow/dags/reddit_pipeline_dag.py took 0.090 seconds
[2025-10-30T19:28:41.690+0000] {processor.py:161} INFO - Started process (PID=3045) to work on /opt/airflow/dags/reddit_pipeline_dag.py
[2025-10-30T19:28:41.691+0000] {processor.py:830} INFO - Processing file /opt/airflow/dags/reddit_pipeline_dag.py for tasks to queue
[2025-10-30T19:28:41.692+0000] {logging_mixin.py:188} INFO - [2025-10-30T19:28:41.691+0000] {dagbag.py:538} INFO - Filling up the DagBag from /opt/airflow/dags/reddit_pipeline_dag.py
[2025-10-30T19:28:41.706+0000] {processor.py:840} INFO - DAG(s) 'reddit_pipeline_dag' retrieved from /opt/airflow/dags/reddit_pipeline_dag.py
[2025-10-30T19:28:41.727+0000] {logging_mixin.py:188} INFO - [2025-10-30T19:28:41.727+0000] {dag.py:3036} INFO - Sync 1 DAGs
[2025-10-30T19:28:41.743+0000] {logging_mixin.py:188} INFO - [2025-10-30T19:28:41.743+0000] {dag.py:3823} INFO - Setting next_dagrun for reddit_pipeline_dag to 2025-10-30 19:00:00+00:00, run_after=2025-10-30 20:00:00+00:00
[2025-10-30T19:28:41.757+0000] {processor.py:183} INFO - Processing /opt/airflow/dags/reddit_pipeline_dag.py took 0.070 seconds
[2025-10-30T19:29:11.932+0000] {processor.py:161} INFO - Started process (PID=3050) to work on /opt/airflow/dags/reddit_pipeline_dag.py
[2025-10-30T19:29:11.933+0000] {processor.py:830} INFO - Processing file /opt/airflow/dags/reddit_pipeline_dag.py for tasks to queue
[2025-10-30T19:29:11.934+0000] {logging_mixin.py:188} INFO - [2025-10-30T19:29:11.934+0000] {dagbag.py:538} INFO - Filling up the DagBag from /opt/airflow/dags/reddit_pipeline_dag.py
[2025-10-30T19:29:11.947+0000] {processor.py:840} INFO - DAG(s) 'reddit_pipeline_dag' retrieved from /opt/airflow/dags/reddit_pipeline_dag.py
[2025-10-30T19:29:11.966+0000] {logging_mixin.py:188} INFO - [2025-10-30T19:29:11.966+0000] {dag.py:3036} INFO - Sync 1 DAGs
[2025-10-30T19:29:11.980+0000] {logging_mixin.py:188} INFO - [2025-10-30T19:29:11.980+0000] {dag.py:3823} INFO - Setting next_dagrun for reddit_pipeline_dag to 2025-10-30 19:00:00+00:00, run_after=2025-10-30 20:00:00+00:00
[2025-10-30T19:29:11.994+0000] {processor.py:183} INFO - Processing /opt/airflow/dags/reddit_pipeline_dag.py took 0.064 seconds
[2025-10-30T19:29:42.147+0000] {processor.py:161} INFO - Started process (PID=3055) to work on /opt/airflow/dags/reddit_pipeline_dag.py
[2025-10-30T19:29:42.148+0000] {processor.py:830} INFO - Processing file /opt/airflow/dags/reddit_pipeline_dag.py for tasks to queue
[2025-10-30T19:29:42.149+0000] {logging_mixin.py:188} INFO - [2025-10-30T19:29:42.148+0000] {dagbag.py:538} INFO - Filling up the DagBag from /opt/airflow/dags/reddit_pipeline_dag.py
[2025-10-30T19:29:42.163+0000] {processor.py:840} INFO - DAG(s) 'reddit_pipeline_dag' retrieved from /opt/airflow/dags/reddit_pipeline_dag.py
[2025-10-30T19:29:42.182+0000] {logging_mixin.py:188} INFO - [2025-10-30T19:29:42.182+0000] {dag.py:3036} INFO - Sync 1 DAGs
[2025-10-30T19:29:42.199+0000] {logging_mixin.py:188} INFO - [2025-10-30T19:29:42.198+0000] {dag.py:3823} INFO - Setting next_dagrun for reddit_pipeline_dag to 2025-10-30 19:00:00+00:00, run_after=2025-10-30 20:00:00+00:00
[2025-10-30T19:29:42.212+0000] {processor.py:183} INFO - Processing /opt/airflow/dags/reddit_pipeline_dag.py took 0.067 seconds
[2025-10-30T19:30:12.398+0000] {processor.py:161} INFO - Started process (PID=3060) to work on /opt/airflow/dags/reddit_pipeline_dag.py
[2025-10-30T19:30:12.399+0000] {processor.py:830} INFO - Processing file /opt/airflow/dags/reddit_pipeline_dag.py for tasks to queue
[2025-10-30T19:30:12.400+0000] {logging_mixin.py:188} INFO - [2025-10-30T19:30:12.399+0000] {dagbag.py:538} INFO - Filling up the DagBag from /opt/airflow/dags/reddit_pipeline_dag.py
[2025-10-30T19:30:12.428+0000] {processor.py:840} INFO - DAG(s) 'reddit_pipeline_dag' retrieved from /opt/airflow/dags/reddit_pipeline_dag.py
[2025-10-30T19:30:12.449+0000] {logging_mixin.py:188} INFO - [2025-10-30T19:30:12.449+0000] {dag.py:3036} INFO - Sync 1 DAGs
[2025-10-30T19:30:12.463+0000] {logging_mixin.py:188} INFO - [2025-10-30T19:30:12.463+0000] {dag.py:3823} INFO - Setting next_dagrun for reddit_pipeline_dag to 2025-10-30 19:00:00+00:00, run_after=2025-10-30 20:00:00+00:00
[2025-10-30T19:30:12.478+0000] {processor.py:183} INFO - Processing /opt/airflow/dags/reddit_pipeline_dag.py took 0.082 seconds
[2025-10-30T19:30:42.601+0000] {processor.py:161} INFO - Started process (PID=3065) to work on /opt/airflow/dags/reddit_pipeline_dag.py
[2025-10-30T19:30:42.602+0000] {processor.py:830} INFO - Processing file /opt/airflow/dags/reddit_pipeline_dag.py for tasks to queue
[2025-10-30T19:30:42.603+0000] {logging_mixin.py:188} INFO - [2025-10-30T19:30:42.603+0000] {dagbag.py:538} INFO - Filling up the DagBag from /opt/airflow/dags/reddit_pipeline_dag.py
[2025-10-30T19:30:42.616+0000] {processor.py:840} INFO - DAG(s) 'reddit_pipeline_dag' retrieved from /opt/airflow/dags/reddit_pipeline_dag.py
[2025-10-30T19:30:42.637+0000] {logging_mixin.py:188} INFO - [2025-10-30T19:30:42.636+0000] {dag.py:3036} INFO - Sync 1 DAGs
[2025-10-30T19:30:42.653+0000] {logging_mixin.py:188} INFO - [2025-10-30T19:30:42.653+0000] {dag.py:3823} INFO - Setting next_dagrun for reddit_pipeline_dag to 2025-10-30 19:00:00+00:00, run_after=2025-10-30 20:00:00+00:00
[2025-10-30T19:30:42.666+0000] {processor.py:183} INFO - Processing /opt/airflow/dags/reddit_pipeline_dag.py took 0.067 seconds
[2025-10-30T19:31:13.003+0000] {processor.py:161} INFO - Started process (PID=3070) to work on /opt/airflow/dags/reddit_pipeline_dag.py
[2025-10-30T19:31:13.005+0000] {processor.py:830} INFO - Processing file /opt/airflow/dags/reddit_pipeline_dag.py for tasks to queue
[2025-10-30T19:31:13.006+0000] {logging_mixin.py:188} INFO - [2025-10-30T19:31:13.005+0000] {dagbag.py:538} INFO - Filling up the DagBag from /opt/airflow/dags/reddit_pipeline_dag.py
[2025-10-30T19:31:13.024+0000] {processor.py:840} INFO - DAG(s) 'reddit_pipeline_dag' retrieved from /opt/airflow/dags/reddit_pipeline_dag.py
[2025-10-30T19:31:13.046+0000] {logging_mixin.py:188} INFO - [2025-10-30T19:31:13.046+0000] {dag.py:3036} INFO - Sync 1 DAGs
[2025-10-30T19:31:13.063+0000] {logging_mixin.py:188} INFO - [2025-10-30T19:31:13.063+0000] {dag.py:3823} INFO - Setting next_dagrun for reddit_pipeline_dag to 2025-10-30 19:00:00+00:00, run_after=2025-10-30 20:00:00+00:00
[2025-10-30T19:31:13.078+0000] {processor.py:183} INFO - Processing /opt/airflow/dags/reddit_pipeline_dag.py took 0.079 seconds
[2025-10-30T19:31:43.316+0000] {processor.py:161} INFO - Started process (PID=3075) to work on /opt/airflow/dags/reddit_pipeline_dag.py
[2025-10-30T19:31:43.324+0000] {processor.py:830} INFO - Processing file /opt/airflow/dags/reddit_pipeline_dag.py for tasks to queue
[2025-10-30T19:31:43.325+0000] {logging_mixin.py:188} INFO - [2025-10-30T19:31:43.325+0000] {dagbag.py:538} INFO - Filling up the DagBag from /opt/airflow/dags/reddit_pipeline_dag.py
[2025-10-30T19:31:43.347+0000] {processor.py:840} INFO - DAG(s) 'reddit_pipeline_dag' retrieved from /opt/airflow/dags/reddit_pipeline_dag.py
[2025-10-30T19:31:43.376+0000] {logging_mixin.py:188} INFO - [2025-10-30T19:31:43.375+0000] {dag.py:3036} INFO - Sync 1 DAGs
[2025-10-30T19:31:43.396+0000] {logging_mixin.py:188} INFO - [2025-10-30T19:31:43.396+0000] {dag.py:3823} INFO - Setting next_dagrun for reddit_pipeline_dag to 2025-10-30 19:00:00+00:00, run_after=2025-10-30 20:00:00+00:00
[2025-10-30T19:31:43.420+0000] {processor.py:183} INFO - Processing /opt/airflow/dags/reddit_pipeline_dag.py took 0.107 seconds
[2025-10-30T19:32:13.618+0000] {processor.py:161} INFO - Started process (PID=3080) to work on /opt/airflow/dags/reddit_pipeline_dag.py
[2025-10-30T19:32:13.619+0000] {processor.py:830} INFO - Processing file /opt/airflow/dags/reddit_pipeline_dag.py for tasks to queue
[2025-10-30T19:32:13.622+0000] {logging_mixin.py:188} INFO - [2025-10-30T19:32:13.622+0000] {dagbag.py:538} INFO - Filling up the DagBag from /opt/airflow/dags/reddit_pipeline_dag.py
[2025-10-30T19:32:13.647+0000] {processor.py:840} INFO - DAG(s) 'reddit_pipeline_dag' retrieved from /opt/airflow/dags/reddit_pipeline_dag.py
[2025-10-30T19:32:13.675+0000] {logging_mixin.py:188} INFO - [2025-10-30T19:32:13.675+0000] {dag.py:3036} INFO - Sync 1 DAGs
[2025-10-30T19:32:13.693+0000] {logging_mixin.py:188} INFO - [2025-10-30T19:32:13.693+0000] {dag.py:3823} INFO - Setting next_dagrun for reddit_pipeline_dag to 2025-10-30 19:00:00+00:00, run_after=2025-10-30 20:00:00+00:00
[2025-10-30T19:32:13.712+0000] {processor.py:183} INFO - Processing /opt/airflow/dags/reddit_pipeline_dag.py took 0.096 seconds
[2025-10-30T19:32:43.852+0000] {processor.py:161} INFO - Started process (PID=3085) to work on /opt/airflow/dags/reddit_pipeline_dag.py
[2025-10-30T19:32:43.854+0000] {processor.py:830} INFO - Processing file /opt/airflow/dags/reddit_pipeline_dag.py for tasks to queue
[2025-10-30T19:32:43.856+0000] {logging_mixin.py:188} INFO - [2025-10-30T19:32:43.855+0000] {dagbag.py:538} INFO - Filling up the DagBag from /opt/airflow/dags/reddit_pipeline_dag.py
[2025-10-30T19:32:43.883+0000] {processor.py:840} INFO - DAG(s) 'reddit_pipeline_dag' retrieved from /opt/airflow/dags/reddit_pipeline_dag.py
[2025-10-30T19:32:43.904+0000] {logging_mixin.py:188} INFO - [2025-10-30T19:32:43.904+0000] {dag.py:3036} INFO - Sync 1 DAGs
[2025-10-30T19:32:43.923+0000] {logging_mixin.py:188} INFO - [2025-10-30T19:32:43.923+0000] {dag.py:3823} INFO - Setting next_dagrun for reddit_pipeline_dag to 2025-10-30 19:00:00+00:00, run_after=2025-10-30 20:00:00+00:00
[2025-10-30T19:32:43.943+0000] {processor.py:183} INFO - Processing /opt/airflow/dags/reddit_pipeline_dag.py took 0.093 seconds
[2025-10-30T19:33:14.119+0000] {processor.py:161} INFO - Started process (PID=3090) to work on /opt/airflow/dags/reddit_pipeline_dag.py
[2025-10-30T19:33:14.121+0000] {processor.py:830} INFO - Processing file /opt/airflow/dags/reddit_pipeline_dag.py for tasks to queue
[2025-10-30T19:33:14.122+0000] {logging_mixin.py:188} INFO - [2025-10-30T19:33:14.122+0000] {dagbag.py:538} INFO - Filling up the DagBag from /opt/airflow/dags/reddit_pipeline_dag.py
[2025-10-30T19:33:14.141+0000] {processor.py:840} INFO - DAG(s) 'reddit_pipeline_dag' retrieved from /opt/airflow/dags/reddit_pipeline_dag.py
[2025-10-30T19:33:14.166+0000] {logging_mixin.py:188} INFO - [2025-10-30T19:33:14.166+0000] {dag.py:3036} INFO - Sync 1 DAGs
[2025-10-30T19:33:14.190+0000] {logging_mixin.py:188} INFO - [2025-10-30T19:33:14.190+0000] {dag.py:3823} INFO - Setting next_dagrun for reddit_pipeline_dag to 2025-10-30 19:00:00+00:00, run_after=2025-10-30 20:00:00+00:00
[2025-10-30T19:33:14.206+0000] {processor.py:183} INFO - Processing /opt/airflow/dags/reddit_pipeline_dag.py took 0.090 seconds
[2025-10-30T19:33:44.392+0000] {processor.py:161} INFO - Started process (PID=3095) to work on /opt/airflow/dags/reddit_pipeline_dag.py
[2025-10-30T19:33:44.393+0000] {processor.py:830} INFO - Processing file /opt/airflow/dags/reddit_pipeline_dag.py for tasks to queue
[2025-10-30T19:33:44.394+0000] {logging_mixin.py:188} INFO - [2025-10-30T19:33:44.394+0000] {dagbag.py:538} INFO - Filling up the DagBag from /opt/airflow/dags/reddit_pipeline_dag.py
[2025-10-30T19:33:44.414+0000] {processor.py:840} INFO - DAG(s) 'reddit_pipeline_dag' retrieved from /opt/airflow/dags/reddit_pipeline_dag.py
[2025-10-30T19:33:44.441+0000] {logging_mixin.py:188} INFO - [2025-10-30T19:33:44.441+0000] {dag.py:3036} INFO - Sync 1 DAGs
[2025-10-30T19:33:44.463+0000] {logging_mixin.py:188} INFO - [2025-10-30T19:33:44.462+0000] {dag.py:3823} INFO - Setting next_dagrun for reddit_pipeline_dag to 2025-10-30 19:00:00+00:00, run_after=2025-10-30 20:00:00+00:00
[2025-10-30T19:33:44.482+0000] {processor.py:183} INFO - Processing /opt/airflow/dags/reddit_pipeline_dag.py took 0.093 seconds
[2025-10-30T19:34:14.625+0000] {processor.py:161} INFO - Started process (PID=3100) to work on /opt/airflow/dags/reddit_pipeline_dag.py
[2025-10-30T19:34:14.626+0000] {processor.py:830} INFO - Processing file /opt/airflow/dags/reddit_pipeline_dag.py for tasks to queue
[2025-10-30T19:34:14.627+0000] {logging_mixin.py:188} INFO - [2025-10-30T19:34:14.627+0000] {dagbag.py:538} INFO - Filling up the DagBag from /opt/airflow/dags/reddit_pipeline_dag.py
[2025-10-30T19:34:14.652+0000] {processor.py:840} INFO - DAG(s) 'reddit_pipeline_dag' retrieved from /opt/airflow/dags/reddit_pipeline_dag.py
[2025-10-30T19:34:14.679+0000] {logging_mixin.py:188} INFO - [2025-10-30T19:34:14.678+0000] {dag.py:3036} INFO - Sync 1 DAGs
[2025-10-30T19:34:14.699+0000] {logging_mixin.py:188} INFO - [2025-10-30T19:34:14.698+0000] {dag.py:3823} INFO - Setting next_dagrun for reddit_pipeline_dag to 2025-10-30 19:00:00+00:00, run_after=2025-10-30 20:00:00+00:00
[2025-10-30T19:34:14.725+0000] {processor.py:183} INFO - Processing /opt/airflow/dags/reddit_pipeline_dag.py took 0.103 seconds
[2025-10-30T19:34:19.713+0000] {processor.py:161} INFO - Started process (PID=3105) to work on /opt/airflow/dags/reddit_pipeline_dag.py
[2025-10-30T19:34:19.714+0000] {processor.py:830} INFO - Processing file /opt/airflow/dags/reddit_pipeline_dag.py for tasks to queue
[2025-10-30T19:34:19.715+0000] {logging_mixin.py:188} INFO - [2025-10-30T19:34:19.715+0000] {dagbag.py:538} INFO - Filling up the DagBag from /opt/airflow/dags/reddit_pipeline_dag.py
[2025-10-30T19:34:19.738+0000] {processor.py:840} INFO - DAG(s) 'reddit_pipeline_dag' retrieved from /opt/airflow/dags/reddit_pipeline_dag.py
[2025-10-30T19:34:19.861+0000] {logging_mixin.py:188} INFO - [2025-10-30T19:34:19.861+0000] {dag.py:3036} INFO - Sync 1 DAGs
[2025-10-30T19:34:19.880+0000] {logging_mixin.py:188} INFO - [2025-10-30T19:34:19.879+0000] {dag.py:3823} INFO - Setting next_dagrun for reddit_pipeline_dag to 2025-10-30 19:00:00+00:00, run_after=2025-10-30 20:00:00+00:00
[2025-10-30T19:34:19.901+0000] {processor.py:183} INFO - Processing /opt/airflow/dags/reddit_pipeline_dag.py took 0.190 seconds
[2025-10-30T19:34:49.997+0000] {processor.py:161} INFO - Started process (PID=3110) to work on /opt/airflow/dags/reddit_pipeline_dag.py
[2025-10-30T19:34:49.998+0000] {processor.py:830} INFO - Processing file /opt/airflow/dags/reddit_pipeline_dag.py for tasks to queue
[2025-10-30T19:34:49.999+0000] {logging_mixin.py:188} INFO - [2025-10-30T19:34:49.998+0000] {dagbag.py:538} INFO - Filling up the DagBag from /opt/airflow/dags/reddit_pipeline_dag.py
[2025-10-30T19:34:50.020+0000] {processor.py:840} INFO - DAG(s) 'reddit_pipeline_dag' retrieved from /opt/airflow/dags/reddit_pipeline_dag.py
[2025-10-30T19:34:50.045+0000] {logging_mixin.py:188} INFO - [2025-10-30T19:34:50.045+0000] {dag.py:3036} INFO - Sync 1 DAGs
[2025-10-30T19:34:50.063+0000] {logging_mixin.py:188} INFO - [2025-10-30T19:34:50.062+0000] {dag.py:3823} INFO - Setting next_dagrun for reddit_pipeline_dag to 2025-10-30 19:00:00+00:00, run_after=2025-10-30 20:00:00+00:00
[2025-10-30T19:34:50.081+0000] {processor.py:183} INFO - Processing /opt/airflow/dags/reddit_pipeline_dag.py took 0.087 seconds
[2025-10-30T19:35:20.330+0000] {processor.py:161} INFO - Started process (PID=3115) to work on /opt/airflow/dags/reddit_pipeline_dag.py
[2025-10-30T19:35:20.330+0000] {processor.py:830} INFO - Processing file /opt/airflow/dags/reddit_pipeline_dag.py for tasks to queue
[2025-10-30T19:35:20.331+0000] {logging_mixin.py:188} INFO - [2025-10-30T19:35:20.331+0000] {dagbag.py:538} INFO - Filling up the DagBag from /opt/airflow/dags/reddit_pipeline_dag.py
[2025-10-30T19:35:20.349+0000] {processor.py:840} INFO - DAG(s) 'reddit_pipeline_dag' retrieved from /opt/airflow/dags/reddit_pipeline_dag.py
[2025-10-30T19:35:20.375+0000] {logging_mixin.py:188} INFO - [2025-10-30T19:35:20.375+0000] {dag.py:3036} INFO - Sync 1 DAGs
[2025-10-30T19:35:20.396+0000] {logging_mixin.py:188} INFO - [2025-10-30T19:35:20.395+0000] {dag.py:3823} INFO - Setting next_dagrun for reddit_pipeline_dag to 2025-10-30 19:00:00+00:00, run_after=2025-10-30 20:00:00+00:00
[2025-10-30T19:35:20.416+0000] {processor.py:183} INFO - Processing /opt/airflow/dags/reddit_pipeline_dag.py took 0.089 seconds
[2025-10-30T19:35:50.576+0000] {processor.py:161} INFO - Started process (PID=3120) to work on /opt/airflow/dags/reddit_pipeline_dag.py
[2025-10-30T19:35:50.577+0000] {processor.py:830} INFO - Processing file /opt/airflow/dags/reddit_pipeline_dag.py for tasks to queue
[2025-10-30T19:35:50.582+0000] {logging_mixin.py:188} INFO - [2025-10-30T19:35:50.582+0000] {dagbag.py:538} INFO - Filling up the DagBag from /opt/airflow/dags/reddit_pipeline_dag.py
[2025-10-30T19:35:50.602+0000] {processor.py:840} INFO - DAG(s) 'reddit_pipeline_dag' retrieved from /opt/airflow/dags/reddit_pipeline_dag.py
[2025-10-30T19:35:50.621+0000] {logging_mixin.py:188} INFO - [2025-10-30T19:35:50.620+0000] {dag.py:3036} INFO - Sync 1 DAGs
[2025-10-30T19:35:50.636+0000] {logging_mixin.py:188} INFO - [2025-10-30T19:35:50.636+0000] {dag.py:3823} INFO - Setting next_dagrun for reddit_pipeline_dag to 2025-10-30 19:00:00+00:00, run_after=2025-10-30 20:00:00+00:00
[2025-10-30T19:35:50.650+0000] {processor.py:183} INFO - Processing /opt/airflow/dags/reddit_pipeline_dag.py took 0.077 seconds
[2025-10-30T19:36:20.838+0000] {processor.py:161} INFO - Started process (PID=3125) to work on /opt/airflow/dags/reddit_pipeline_dag.py
[2025-10-30T19:36:20.839+0000] {processor.py:830} INFO - Processing file /opt/airflow/dags/reddit_pipeline_dag.py for tasks to queue
[2025-10-30T19:36:20.840+0000] {logging_mixin.py:188} INFO - [2025-10-30T19:36:20.839+0000] {dagbag.py:538} INFO - Filling up the DagBag from /opt/airflow/dags/reddit_pipeline_dag.py
[2025-10-30T19:36:20.857+0000] {processor.py:840} INFO - DAG(s) 'reddit_pipeline_dag' retrieved from /opt/airflow/dags/reddit_pipeline_dag.py
[2025-10-30T19:36:20.881+0000] {logging_mixin.py:188} INFO - [2025-10-30T19:36:20.881+0000] {dag.py:3036} INFO - Sync 1 DAGs
[2025-10-30T19:36:20.899+0000] {logging_mixin.py:188} INFO - [2025-10-30T19:36:20.898+0000] {dag.py:3823} INFO - Setting next_dagrun for reddit_pipeline_dag to 2025-10-30 19:00:00+00:00, run_after=2025-10-30 20:00:00+00:00
[2025-10-30T19:36:20.913+0000] {processor.py:183} INFO - Processing /opt/airflow/dags/reddit_pipeline_dag.py took 0.077 seconds
[2025-10-30T19:36:51.062+0000] {processor.py:161} INFO - Started process (PID=3130) to work on /opt/airflow/dags/reddit_pipeline_dag.py
[2025-10-30T19:36:51.063+0000] {processor.py:830} INFO - Processing file /opt/airflow/dags/reddit_pipeline_dag.py for tasks to queue
[2025-10-30T19:36:51.063+0000] {logging_mixin.py:188} INFO - [2025-10-30T19:36:51.063+0000] {dagbag.py:538} INFO - Filling up the DagBag from /opt/airflow/dags/reddit_pipeline_dag.py
[2025-10-30T19:36:51.078+0000] {processor.py:840} INFO - DAG(s) 'reddit_pipeline_dag' retrieved from /opt/airflow/dags/reddit_pipeline_dag.py
[2025-10-30T19:36:51.096+0000] {logging_mixin.py:188} INFO - [2025-10-30T19:36:51.096+0000] {dag.py:3036} INFO - Sync 1 DAGs
[2025-10-30T19:36:51.111+0000] {logging_mixin.py:188} INFO - [2025-10-30T19:36:51.110+0000] {dag.py:3823} INFO - Setting next_dagrun for reddit_pipeline_dag to 2025-10-30 19:00:00+00:00, run_after=2025-10-30 20:00:00+00:00
[2025-10-30T19:36:51.127+0000] {processor.py:183} INFO - Processing /opt/airflow/dags/reddit_pipeline_dag.py took 0.068 seconds
[2025-10-30T19:37:21.314+0000] {processor.py:161} INFO - Started process (PID=3135) to work on /opt/airflow/dags/reddit_pipeline_dag.py
[2025-10-30T19:37:21.315+0000] {processor.py:830} INFO - Processing file /opt/airflow/dags/reddit_pipeline_dag.py for tasks to queue
[2025-10-30T19:37:21.316+0000] {logging_mixin.py:188} INFO - [2025-10-30T19:37:21.316+0000] {dagbag.py:538} INFO - Filling up the DagBag from /opt/airflow/dags/reddit_pipeline_dag.py
[2025-10-30T19:37:21.335+0000] {processor.py:840} INFO - DAG(s) 'reddit_pipeline_dag' retrieved from /opt/airflow/dags/reddit_pipeline_dag.py
[2025-10-30T19:37:21.359+0000] {logging_mixin.py:188} INFO - [2025-10-30T19:37:21.359+0000] {dag.py:3036} INFO - Sync 1 DAGs
[2025-10-30T19:37:21.376+0000] {logging_mixin.py:188} INFO - [2025-10-30T19:37:21.376+0000] {dag.py:3823} INFO - Setting next_dagrun for reddit_pipeline_dag to 2025-10-30 19:00:00+00:00, run_after=2025-10-30 20:00:00+00:00
[2025-10-30T19:37:21.392+0000] {processor.py:183} INFO - Processing /opt/airflow/dags/reddit_pipeline_dag.py took 0.080 seconds
[2025-10-30T19:37:51.539+0000] {processor.py:161} INFO - Started process (PID=3140) to work on /opt/airflow/dags/reddit_pipeline_dag.py
[2025-10-30T19:37:51.540+0000] {processor.py:830} INFO - Processing file /opt/airflow/dags/reddit_pipeline_dag.py for tasks to queue
[2025-10-30T19:37:51.541+0000] {logging_mixin.py:188} INFO - [2025-10-30T19:37:51.541+0000] {dagbag.py:538} INFO - Filling up the DagBag from /opt/airflow/dags/reddit_pipeline_dag.py
[2025-10-30T19:37:51.560+0000] {processor.py:840} INFO - DAG(s) 'reddit_pipeline_dag' retrieved from /opt/airflow/dags/reddit_pipeline_dag.py
[2025-10-30T19:37:51.582+0000] {logging_mixin.py:188} INFO - [2025-10-30T19:37:51.582+0000] {dag.py:3036} INFO - Sync 1 DAGs
[2025-10-30T19:37:51.602+0000] {logging_mixin.py:188} INFO - [2025-10-30T19:37:51.601+0000] {dag.py:3823} INFO - Setting next_dagrun for reddit_pipeline_dag to 2025-10-30 19:00:00+00:00, run_after=2025-10-30 20:00:00+00:00
[2025-10-30T19:37:51.621+0000] {processor.py:183} INFO - Processing /opt/airflow/dags/reddit_pipeline_dag.py took 0.084 seconds
[2025-10-30T19:38:21.866+0000] {processor.py:161} INFO - Started process (PID=3145) to work on /opt/airflow/dags/reddit_pipeline_dag.py
[2025-10-30T19:38:21.867+0000] {processor.py:830} INFO - Processing file /opt/airflow/dags/reddit_pipeline_dag.py for tasks to queue
[2025-10-30T19:38:21.868+0000] {logging_mixin.py:188} INFO - [2025-10-30T19:38:21.868+0000] {dagbag.py:538} INFO - Filling up the DagBag from /opt/airflow/dags/reddit_pipeline_dag.py
[2025-10-30T19:38:21.909+0000] {processor.py:840} INFO - DAG(s) 'reddit_pipeline_dag' retrieved from /opt/airflow/dags/reddit_pipeline_dag.py
[2025-10-30T19:38:21.939+0000] {logging_mixin.py:188} INFO - [2025-10-30T19:38:21.939+0000] {dag.py:3036} INFO - Sync 1 DAGs
[2025-10-30T19:38:21.965+0000] {logging_mixin.py:188} INFO - [2025-10-30T19:38:21.965+0000] {dag.py:3823} INFO - Setting next_dagrun for reddit_pipeline_dag to 2025-10-30 19:00:00+00:00, run_after=2025-10-30 20:00:00+00:00
[2025-10-30T19:38:21.990+0000] {processor.py:183} INFO - Processing /opt/airflow/dags/reddit_pipeline_dag.py took 0.126 seconds
[2025-10-30T19:38:52.085+0000] {processor.py:161} INFO - Started process (PID=3150) to work on /opt/airflow/dags/reddit_pipeline_dag.py
[2025-10-30T19:38:52.086+0000] {processor.py:830} INFO - Processing file /opt/airflow/dags/reddit_pipeline_dag.py for tasks to queue
[2025-10-30T19:38:52.087+0000] {logging_mixin.py:188} INFO - [2025-10-30T19:38:52.087+0000] {dagbag.py:538} INFO - Filling up the DagBag from /opt/airflow/dags/reddit_pipeline_dag.py
[2025-10-30T19:38:52.107+0000] {processor.py:840} INFO - DAG(s) 'reddit_pipeline_dag' retrieved from /opt/airflow/dags/reddit_pipeline_dag.py
[2025-10-30T19:38:52.130+0000] {logging_mixin.py:188} INFO - [2025-10-30T19:38:52.130+0000] {dag.py:3036} INFO - Sync 1 DAGs
[2025-10-30T19:38:52.146+0000] {logging_mixin.py:188} INFO - [2025-10-30T19:38:52.146+0000] {dag.py:3823} INFO - Setting next_dagrun for reddit_pipeline_dag to 2025-10-30 19:00:00+00:00, run_after=2025-10-30 20:00:00+00:00
[2025-10-30T19:38:52.161+0000] {processor.py:183} INFO - Processing /opt/airflow/dags/reddit_pipeline_dag.py took 0.081 seconds
[2025-10-30T19:39:22.276+0000] {processor.py:161} INFO - Started process (PID=3155) to work on /opt/airflow/dags/reddit_pipeline_dag.py
[2025-10-30T19:39:22.278+0000] {processor.py:830} INFO - Processing file /opt/airflow/dags/reddit_pipeline_dag.py for tasks to queue
[2025-10-30T19:39:22.278+0000] {logging_mixin.py:188} INFO - [2025-10-30T19:39:22.278+0000] {dagbag.py:538} INFO - Filling up the DagBag from /opt/airflow/dags/reddit_pipeline_dag.py
[2025-10-30T19:39:22.297+0000] {processor.py:840} INFO - DAG(s) 'reddit_pipeline_dag' retrieved from /opt/airflow/dags/reddit_pipeline_dag.py
[2025-10-30T19:39:22.322+0000] {logging_mixin.py:188} INFO - [2025-10-30T19:39:22.322+0000] {dag.py:3036} INFO - Sync 1 DAGs
[2025-10-30T19:39:22.342+0000] {logging_mixin.py:188} INFO - [2025-10-30T19:39:22.342+0000] {dag.py:3823} INFO - Setting next_dagrun for reddit_pipeline_dag to 2025-10-30 19:00:00+00:00, run_after=2025-10-30 20:00:00+00:00
[2025-10-30T19:39:22.359+0000] {processor.py:183} INFO - Processing /opt/airflow/dags/reddit_pipeline_dag.py took 0.085 seconds
