[2025-10-30T15:52:54.171+0000] {manager.py:469} INFO - Processing files using up to 2 processes at a time 
[2025-10-30T15:52:54.172+0000] {manager.py:470} INFO - Process each file at most once every 30 seconds
[2025-10-30T15:52:54.173+0000] {manager.py:471} INFO - Checking for new files in /opt/airflow/dags every 300 seconds
[2025-10-30T15:52:54.174+0000] {manager.py:738} INFO - Searching for files in /opt/airflow/dags
[2025-10-30T15:52:54.195+0000] {manager.py:741} INFO - There are 1 files in /opt/airflow/dags
[2025-10-30T15:52:54.304+0000] {manager.py:879} INFO - 
================================================================================
DAG File Processing Stats

File Path                                   PID  Runtime      # DAGs    # Errors  Last Runtime    Last Run
----------------------------------------  -----  ---------  --------  ----------  --------------  ----------
/opt/airflow/dags/reddit_pipeline_dag.py    222  0.05s             0           0
================================================================================
[2025-10-30T15:53:26.125+0000] {manager.py:879} INFO - 
================================================================================
DAG File Processing Stats

File Path                                 PID    Runtime      # DAGs    # Errors  Last Runtime    Last Run
----------------------------------------  -----  ---------  --------  ----------  --------------  -------------------
/opt/airflow/dags/reddit_pipeline_dag.py                           1           0  0.23s           2025-10-30T15:53:25
================================================================================
[2025-10-30T15:53:57.888+0000] {manager.py:879} INFO - 
================================================================================
DAG File Processing Stats

File Path                                 PID    Runtime      # DAGs    # Errors  Last Runtime    Last Run
----------------------------------------  -----  ---------  --------  ----------  --------------  -------------------
/opt/airflow/dags/reddit_pipeline_dag.py                           1           0  0.13s           2025-10-30T15:53:56
================================================================================
[2025-10-30T15:54:29.779+0000] {manager.py:879} INFO - 
================================================================================
DAG File Processing Stats

File Path                                 PID    Runtime      # DAGs    # Errors  Last Runtime    Last Run
----------------------------------------  -----  ---------  --------  ----------  --------------  -------------------
/opt/airflow/dags/reddit_pipeline_dag.py                           1           0  0.14s           2025-10-30T15:54:26
================================================================================
[2025-10-30T15:55:01.535+0000] {manager.py:879} INFO - 
================================================================================
DAG File Processing Stats

File Path                                 PID    Runtime      # DAGs    # Errors  Last Runtime    Last Run
----------------------------------------  -----  ---------  --------  ----------  --------------  -------------------
/opt/airflow/dags/reddit_pipeline_dag.py                           1           0  0.15s           2025-10-30T15:54:57
================================================================================
[2025-10-30T15:55:33.423+0000] {manager.py:879} INFO - 
================================================================================
DAG File Processing Stats

File Path                                 PID    Runtime      # DAGs    # Errors  Last Runtime    Last Run
----------------------------------------  -----  ---------  --------  ----------  --------------  -------------------
/opt/airflow/dags/reddit_pipeline_dag.py                           1           0  0.14s           2025-10-30T15:55:29
================================================================================
[2025-10-30T15:56:05.241+0000] {manager.py:879} INFO - 
================================================================================
DAG File Processing Stats

File Path                                 PID    Runtime      # DAGs    # Errors  Last Runtime    Last Run
----------------------------------------  -----  ---------  --------  ----------  --------------  -------------------
/opt/airflow/dags/reddit_pipeline_dag.py                           1           0  0.11s           2025-10-30T15:56:00
================================================================================
[2025-10-30T15:56:37.066+0000] {manager.py:879} INFO - 
================================================================================
DAG File Processing Stats

File Path                                 PID    Runtime      # DAGs    # Errors  Last Runtime    Last Run
----------------------------------------  -----  ---------  --------  ----------  --------------  -------------------
/opt/airflow/dags/reddit_pipeline_dag.py                           1           0  0.18s           2025-10-30T15:56:32
================================================================================
[2025-10-30T15:57:08.883+0000] {manager.py:879} INFO - 
================================================================================
DAG File Processing Stats

File Path                                 PID    Runtime      # DAGs    # Errors  Last Runtime    Last Run
----------------------------------------  -----  ---------  --------  ----------  --------------  -------------------
/opt/airflow/dags/reddit_pipeline_dag.py                           1           0  0.14s           2025-10-30T15:57:03
================================================================================
[2025-10-30T15:57:40.683+0000] {manager.py:879} INFO - 
================================================================================
DAG File Processing Stats

File Path                                 PID    Runtime      # DAGs    # Errors  Last Runtime    Last Run
----------------------------------------  -----  ---------  --------  ----------  --------------  -------------------
/opt/airflow/dags/reddit_pipeline_dag.py                           1           0  0.16s           2025-10-30T15:57:35
================================================================================
[2025-10-30T15:57:54.771+0000] {manager.py:738} INFO - Searching for files in /opt/airflow/dags
[2025-10-30T15:57:54.787+0000] {manager.py:741} INFO - There are 1 files in /opt/airflow/dags
[2025-10-30T15:58:12.529+0000] {manager.py:879} INFO - 
================================================================================
DAG File Processing Stats

File Path                                 PID    Runtime      # DAGs    # Errors  Last Runtime    Last Run
----------------------------------------  -----  ---------  --------  ----------  --------------  -------------------
/opt/airflow/dags/reddit_pipeline_dag.py                           1           0  0.10s           2025-10-30T15:58:06
================================================================================
[2025-10-30T15:58:44.329+0000] {manager.py:879} INFO - 
================================================================================
DAG File Processing Stats

File Path                                 PID    Runtime      # DAGs    # Errors  Last Runtime    Last Run
----------------------------------------  -----  ---------  --------  ----------  --------------  -------------------
/opt/airflow/dags/reddit_pipeline_dag.py                           1           0  0.10s           2025-10-30T15:58:38
================================================================================
[2025-10-30T15:59:16.116+0000] {manager.py:879} INFO - 
================================================================================
DAG File Processing Stats

File Path                                 PID    Runtime      # DAGs    # Errors  Last Runtime    Last Run
----------------------------------------  -----  ---------  --------  ----------  --------------  -------------------
/opt/airflow/dags/reddit_pipeline_dag.py                           1           0  0.12s           2025-10-30T15:59:10
================================================================================
[2025-10-30T15:59:47.945+0000] {manager.py:879} INFO - 
================================================================================
DAG File Processing Stats

File Path                                 PID    Runtime      # DAGs    # Errors  Last Runtime    Last Run
----------------------------------------  -----  ---------  --------  ----------  --------------  -------------------
/opt/airflow/dags/reddit_pipeline_dag.py                           1           0  0.11s           2025-10-30T15:59:41
================================================================================
[2025-10-30T16:00:19.730+0000] {manager.py:879} INFO - 
================================================================================
DAG File Processing Stats

File Path                                 PID    Runtime      # DAGs    # Errors  Last Runtime    Last Run
----------------------------------------  -----  ---------  --------  ----------  --------------  -------------------
/opt/airflow/dags/reddit_pipeline_dag.py                           1           0  0.11s           2025-10-30T16:00:12
================================================================================
[2025-10-30T16:00:51.536+0000] {manager.py:879} INFO - 
================================================================================
DAG File Processing Stats

File Path                                 PID    Runtime      # DAGs    # Errors  Last Runtime    Last Run
----------------------------------------  -----  ---------  --------  ----------  --------------  -------------------
/opt/airflow/dags/reddit_pipeline_dag.py                           1           0  0.12s           2025-10-30T16:00:44
================================================================================
[2025-10-30T16:01:23.340+0000] {manager.py:879} INFO - 
================================================================================
DAG File Processing Stats

File Path                                 PID    Runtime      # DAGs    # Errors  Last Runtime    Last Run
----------------------------------------  -----  ---------  --------  ----------  --------------  -------------------
/opt/airflow/dags/reddit_pipeline_dag.py                           1           0  0.10s           2025-10-30T16:01:16
================================================================================
[2025-10-30T16:01:55.139+0000] {manager.py:879} INFO - 
================================================================================
DAG File Processing Stats

File Path                                 PID    Runtime      # DAGs    # Errors  Last Runtime    Last Run
----------------------------------------  -----  ---------  --------  ----------  --------------  -------------------
/opt/airflow/dags/reddit_pipeline_dag.py                           1           0  0.11s           2025-10-30T16:01:48
================================================================================
[2025-10-30T16:02:26.931+0000] {manager.py:879} INFO - 
================================================================================
DAG File Processing Stats

File Path                                 PID    Runtime      # DAGs    # Errors  Last Runtime    Last Run
----------------------------------------  -----  ---------  --------  ----------  --------------  -------------------
/opt/airflow/dags/reddit_pipeline_dag.py                           1           0  0.10s           2025-10-30T16:02:18
================================================================================
[2025-10-30T16:02:54.778+0000] {manager.py:738} INFO - Searching for files in /opt/airflow/dags
[2025-10-30T16:02:54.793+0000] {manager.py:741} INFO - There are 1 files in /opt/airflow/dags
[2025-10-30T16:02:58.715+0000] {manager.py:879} INFO - 
================================================================================
DAG File Processing Stats

File Path                                 PID    Runtime      # DAGs    # Errors  Last Runtime    Last Run
----------------------------------------  -----  ---------  --------  ----------  --------------  -------------------
/opt/airflow/dags/reddit_pipeline_dag.py                           1           0  0.10s           2025-10-30T16:02:50
================================================================================
[2025-10-30T16:03:30.610+0000] {manager.py:879} INFO - 
================================================================================
DAG File Processing Stats

File Path                                 PID    Runtime      # DAGs    # Errors  Last Runtime    Last Run
----------------------------------------  -----  ---------  --------  ----------  --------------  -------------------
/opt/airflow/dags/reddit_pipeline_dag.py                           1           0  0.12s           2025-10-30T16:03:22
================================================================================
[2025-10-30T16:04:02.395+0000] {manager.py:879} INFO - 
================================================================================
DAG File Processing Stats

File Path                                 PID    Runtime      # DAGs    # Errors  Last Runtime    Last Run
----------------------------------------  -----  ---------  --------  ----------  --------------  -------------------
/opt/airflow/dags/reddit_pipeline_dag.py                           1           0  0.10s           2025-10-30T16:03:54
================================================================================
[2025-10-30T16:04:34.188+0000] {manager.py:879} INFO - 
================================================================================
DAG File Processing Stats

File Path                                 PID    Runtime      # DAGs    # Errors  Last Runtime    Last Run
----------------------------------------  -----  ---------  --------  ----------  --------------  -------------------
/opt/airflow/dags/reddit_pipeline_dag.py                           1           0  0.13s           2025-10-30T16:04:25
================================================================================
[2025-10-30T16:05:05.982+0000] {manager.py:879} INFO - 
================================================================================
DAG File Processing Stats

File Path                                 PID    Runtime      # DAGs    # Errors  Last Runtime    Last Run
----------------------------------------  -----  ---------  --------  ----------  --------------  -------------------
/opt/airflow/dags/reddit_pipeline_dag.py                           1           0  0.11s           2025-10-30T16:04:56
================================================================================
[2025-10-30T16:05:37.804+0000] {manager.py:879} INFO - 
================================================================================
DAG File Processing Stats

File Path                                 PID    Runtime      # DAGs    # Errors  Last Runtime    Last Run
----------------------------------------  -----  ---------  --------  ----------  --------------  -------------------
/opt/airflow/dags/reddit_pipeline_dag.py                           1           0  0.14s           2025-10-30T16:05:28
================================================================================
[2025-10-30T16:06:09.669+0000] {manager.py:879} INFO - 
================================================================================
DAG File Processing Stats

File Path                                 PID    Runtime      # DAGs    # Errors  Last Runtime    Last Run
----------------------------------------  -----  ---------  --------  ----------  --------------  -------------------
/opt/airflow/dags/reddit_pipeline_dag.py                           1           0  0.12s           2025-10-30T16:06:00
================================================================================
[2025-10-30T16:06:41.451+0000] {manager.py:879} INFO - 
================================================================================
DAG File Processing Stats

File Path                                 PID    Runtime      # DAGs    # Errors  Last Runtime    Last Run
----------------------------------------  -----  ---------  --------  ----------  --------------  -------------------
/opt/airflow/dags/reddit_pipeline_dag.py                           1           0  0.16s           2025-10-30T16:06:32
================================================================================
[2025-10-30T16:07:13.324+0000] {manager.py:879} INFO - 
================================================================================
DAG File Processing Stats

File Path                                 PID    Runtime      # DAGs    # Errors  Last Runtime    Last Run
----------------------------------------  -----  ---------  --------  ----------  --------------  -------------------
/opt/airflow/dags/reddit_pipeline_dag.py                           1           0  0.11s           2025-10-30T16:07:03
================================================================================
[2025-10-30T16:07:45.146+0000] {manager.py:879} INFO - 
================================================================================
DAG File Processing Stats

File Path                                 PID    Runtime      # DAGs    # Errors  Last Runtime    Last Run
----------------------------------------  -----  ---------  --------  ----------  --------------  -------------------
/opt/airflow/dags/reddit_pipeline_dag.py                           1           0  0.11s           2025-10-30T16:07:35
================================================================================
[2025-10-30T16:07:55.203+0000] {manager.py:738} INFO - Searching for files in /opt/airflow/dags
[2025-10-30T16:07:55.221+0000] {manager.py:741} INFO - There are 1 files in /opt/airflow/dags
[2025-10-30T16:08:16.999+0000] {manager.py:879} INFO - 
================================================================================
DAG File Processing Stats

File Path                                 PID    Runtime      # DAGs    # Errors  Last Runtime    Last Run
----------------------------------------  -----  ---------  --------  ----------  --------------  -------------------
/opt/airflow/dags/reddit_pipeline_dag.py                           1           0  0.10s           2025-10-30T16:08:06
================================================================================
[2025-10-30T16:08:48.771+0000] {manager.py:879} INFO - 
================================================================================
DAG File Processing Stats

File Path                                 PID    Runtime      # DAGs    # Errors  Last Runtime    Last Run
----------------------------------------  -----  ---------  --------  ----------  --------------  -------------------
/opt/airflow/dags/reddit_pipeline_dag.py                           1           0  0.10s           2025-10-30T16:08:37
================================================================================
[2025-10-30T16:09:20.573+0000] {manager.py:879} INFO - 
================================================================================
DAG File Processing Stats

File Path                                 PID    Runtime      # DAGs    # Errors  Last Runtime    Last Run
----------------------------------------  -----  ---------  --------  ----------  --------------  -------------------
/opt/airflow/dags/reddit_pipeline_dag.py                           1           0  0.10s           2025-10-30T16:09:09
================================================================================
[2025-10-30T16:09:52.357+0000] {manager.py:879} INFO - 
================================================================================
DAG File Processing Stats

File Path                                 PID    Runtime      # DAGs    # Errors  Last Runtime    Last Run
----------------------------------------  -----  ---------  --------  ----------  --------------  -------------------
/opt/airflow/dags/reddit_pipeline_dag.py                           1           0  0.11s           2025-10-30T16:09:41
================================================================================
[2025-10-30T16:10:24.206+0000] {manager.py:879} INFO - 
================================================================================
DAG File Processing Stats

File Path                                 PID    Runtime      # DAGs    # Errors  Last Runtime    Last Run
----------------------------------------  -----  ---------  --------  ----------  --------------  -------------------
/opt/airflow/dags/reddit_pipeline_dag.py                           1           0  0.11s           2025-10-30T16:10:13
================================================================================
[2025-10-30T16:10:55.962+0000] {manager.py:879} INFO - 
================================================================================
DAG File Processing Stats

File Path                                 PID    Runtime      # DAGs    # Errors  Last Runtime    Last Run
----------------------------------------  -----  ---------  --------  ----------  --------------  -------------------
/opt/airflow/dags/reddit_pipeline_dag.py                           1           0  0.11s           2025-10-30T16:10:44
================================================================================
[2025-10-30T16:11:27.764+0000] {manager.py:879} INFO - 
================================================================================
DAG File Processing Stats

File Path                                 PID    Runtime      # DAGs    # Errors  Last Runtime    Last Run
----------------------------------------  -----  ---------  --------  ----------  --------------  -------------------
/opt/airflow/dags/reddit_pipeline_dag.py                           1           0  0.12s           2025-10-30T16:11:15
================================================================================
[2025-10-30T16:11:59.537+0000] {manager.py:879} INFO - 
================================================================================
DAG File Processing Stats

File Path                                 PID    Runtime      # DAGs    # Errors  Last Runtime    Last Run
----------------------------------------  -----  ---------  --------  ----------  --------------  -------------------
/opt/airflow/dags/reddit_pipeline_dag.py                           1           0  0.12s           2025-10-30T16:11:47
================================================================================
[2025-10-30T16:12:31.360+0000] {manager.py:879} INFO - 
================================================================================
DAG File Processing Stats

File Path                                 PID    Runtime      # DAGs    # Errors  Last Runtime    Last Run
----------------------------------------  -----  ---------  --------  ----------  --------------  -------------------
/opt/airflow/dags/reddit_pipeline_dag.py                           1           0  0.11s           2025-10-30T16:12:19
================================================================================
[2025-10-30T16:12:56.074+0000] {manager.py:738} INFO - Searching for files in /opt/airflow/dags
[2025-10-30T16:12:56.090+0000] {manager.py:741} INFO - There are 1 files in /opt/airflow/dags
[2025-10-30T16:13:03.142+0000] {manager.py:879} INFO - 
================================================================================
DAG File Processing Stats

File Path                                 PID    Runtime      # DAGs    # Errors  Last Runtime    Last Run
----------------------------------------  -----  ---------  --------  ----------  --------------  -------------------
/opt/airflow/dags/reddit_pipeline_dag.py                           1           0  0.11s           2025-10-30T16:12:51
================================================================================
[2025-10-30T16:13:34.936+0000] {manager.py:879} INFO - 
================================================================================
DAG File Processing Stats

File Path                                 PID    Runtime      # DAGs    # Errors  Last Runtime    Last Run
----------------------------------------  -----  ---------  --------  ----------  --------------  -------------------
/opt/airflow/dags/reddit_pipeline_dag.py                           1           0  0.10s           2025-10-30T16:13:21
================================================================================
[2025-10-30T16:14:06.750+0000] {manager.py:879} INFO - 
================================================================================
DAG File Processing Stats

File Path                                 PID    Runtime      # DAGs    # Errors  Last Runtime    Last Run
----------------------------------------  -----  ---------  --------  ----------  --------------  -------------------
/opt/airflow/dags/reddit_pipeline_dag.py                           1           0  0.11s           2025-10-30T16:13:53
================================================================================
[2025-10-30T16:14:38.536+0000] {manager.py:879} INFO - 
================================================================================
DAG File Processing Stats

File Path                                 PID    Runtime      # DAGs    # Errors  Last Runtime    Last Run
----------------------------------------  -----  ---------  --------  ----------  --------------  -------------------
/opt/airflow/dags/reddit_pipeline_dag.py                           1           0  0.10s           2025-10-30T16:14:25
================================================================================
[2025-10-30T16:15:10.335+0000] {manager.py:879} INFO - 
================================================================================
DAG File Processing Stats

File Path                                 PID    Runtime      # DAGs    # Errors  Last Runtime    Last Run
----------------------------------------  -----  ---------  --------  ----------  --------------  -------------------
/opt/airflow/dags/reddit_pipeline_dag.py                           1           0  0.11s           2025-10-30T16:14:57
================================================================================
[2025-10-30T16:15:42.128+0000] {manager.py:879} INFO - 
================================================================================
DAG File Processing Stats

File Path                                 PID    Runtime      # DAGs    # Errors  Last Runtime    Last Run
----------------------------------------  -----  ---------  --------  ----------  --------------  -------------------
/opt/airflow/dags/reddit_pipeline_dag.py                           1           0  0.14s           2025-10-30T16:15:28
================================================================================
[2025-10-30T16:16:13.980+0000] {manager.py:879} INFO - 
================================================================================
DAG File Processing Stats

File Path                                 PID    Runtime      # DAGs    # Errors  Last Runtime    Last Run
----------------------------------------  -----  ---------  --------  ----------  --------------  -------------------
/opt/airflow/dags/reddit_pipeline_dag.py                           1           0  0.13s           2025-10-30T16:15:59
================================================================================
[2025-10-30T16:16:45.765+0000] {manager.py:879} INFO - 
================================================================================
DAG File Processing Stats

File Path                                 PID    Runtime      # DAGs    # Errors  Last Runtime    Last Run
----------------------------------------  -----  ---------  --------  ----------  --------------  -------------------
/opt/airflow/dags/reddit_pipeline_dag.py                           1           0  0.14s           2025-10-30T16:16:31
================================================================================
[2025-10-30T16:17:17.597+0000] {manager.py:879} INFO - 
================================================================================
DAG File Processing Stats

File Path                                 PID    Runtime      # DAGs    # Errors  Last Runtime    Last Run
----------------------------------------  -----  ---------  --------  ----------  --------------  -------------------
/opt/airflow/dags/reddit_pipeline_dag.py                           1           0  0.11s           2025-10-30T16:17:03
================================================================================
[2025-10-30T16:17:49.347+0000] {manager.py:879} INFO - 
================================================================================
DAG File Processing Stats

File Path                                 PID    Runtime      # DAGs    # Errors  Last Runtime    Last Run
----------------------------------------  -----  ---------  --------  ----------  --------------  -------------------
/opt/airflow/dags/reddit_pipeline_dag.py                           1           0  0.11s           2025-10-30T16:17:35
================================================================================
[2025-10-30T16:17:56.387+0000] {manager.py:738} INFO - Searching for files in /opt/airflow/dags
[2025-10-30T16:17:56.402+0000] {manager.py:741} INFO - There are 1 files in /opt/airflow/dags
[2025-10-30T16:18:21.160+0000] {manager.py:879} INFO - 
================================================================================
DAG File Processing Stats

File Path                                 PID    Runtime      # DAGs    # Errors  Last Runtime    Last Run
----------------------------------------  -----  ---------  --------  ----------  --------------  -------------------
/opt/airflow/dags/reddit_pipeline_dag.py                           1           0  0.12s           2025-10-30T16:18:06
================================================================================
[2025-10-30T16:18:52.975+0000] {manager.py:879} INFO - 
================================================================================
DAG File Processing Stats

File Path                                 PID    Runtime      # DAGs    # Errors  Last Runtime    Last Run
----------------------------------------  -----  ---------  --------  ----------  --------------  -------------------
/opt/airflow/dags/reddit_pipeline_dag.py                           1           0  0.10s           2025-10-30T16:18:37
================================================================================
[2025-10-30T16:19:24.738+0000] {manager.py:879} INFO - 
================================================================================
DAG File Processing Stats

File Path                                 PID    Runtime      # DAGs    # Errors  Last Runtime    Last Run
----------------------------------------  -----  ---------  --------  ----------  --------------  -------------------
/opt/airflow/dags/reddit_pipeline_dag.py                           1           0  0.11s           2025-10-30T16:19:09
================================================================================
[2025-10-30T16:19:56.562+0000] {manager.py:879} INFO - 
================================================================================
DAG File Processing Stats

File Path                                 PID    Runtime      # DAGs    # Errors  Last Runtime    Last Run
----------------------------------------  -----  ---------  --------  ----------  --------------  -------------------
/opt/airflow/dags/reddit_pipeline_dag.py                           1           0  0.10s           2025-10-30T16:19:41
================================================================================
[2025-10-30T16:20:28.328+0000] {manager.py:879} INFO - 
================================================================================
DAG File Processing Stats

File Path                                 PID    Runtime      # DAGs    # Errors  Last Runtime    Last Run
----------------------------------------  -----  ---------  --------  ----------  --------------  -------------------
/opt/airflow/dags/reddit_pipeline_dag.py                           1           0  0.11s           2025-10-30T16:20:12
================================================================================
[2025-10-30T16:21:00.124+0000] {manager.py:879} INFO - 
================================================================================
DAG File Processing Stats

File Path                                 PID    Runtime      # DAGs    # Errors  Last Runtime    Last Run
----------------------------------------  -----  ---------  --------  ----------  --------------  -------------------
/opt/airflow/dags/reddit_pipeline_dag.py                           1           0  0.10s           2025-10-30T16:20:44
================================================================================
[2025-10-30T16:21:31.873+0000] {manager.py:879} INFO - 
================================================================================
DAG File Processing Stats

File Path                                 PID    Runtime      # DAGs    # Errors  Last Runtime    Last Run
----------------------------------------  -----  ---------  --------  ----------  --------------  -------------------
/opt/airflow/dags/reddit_pipeline_dag.py                           1           0  0.11s           2025-10-30T16:21:15
================================================================================
[2025-10-30T16:22:03.678+0000] {manager.py:879} INFO - 
================================================================================
DAG File Processing Stats

File Path                                 PID    Runtime      # DAGs    # Errors  Last Runtime    Last Run
----------------------------------------  -----  ---------  --------  ----------  --------------  -------------------
/opt/airflow/dags/reddit_pipeline_dag.py                           1           0  0.13s           2025-10-30T16:21:47
================================================================================
[2025-10-30T16:22:35.457+0000] {manager.py:879} INFO - 
================================================================================
DAG File Processing Stats

File Path                                 PID    Runtime      # DAGs    # Errors  Last Runtime    Last Run
----------------------------------------  -----  ---------  --------  ----------  --------------  -------------------
/opt/airflow/dags/reddit_pipeline_dag.py                           1           0  0.12s           2025-10-30T16:22:18
================================================================================
[2025-10-30T16:22:57.157+0000] {manager.py:738} INFO - Searching for files in /opt/airflow/dags
[2025-10-30T16:22:57.173+0000] {manager.py:741} INFO - There are 1 files in /opt/airflow/dags
[2025-10-30T16:23:07.250+0000] {manager.py:879} INFO - 
================================================================================
DAG File Processing Stats

File Path                                 PID    Runtime      # DAGs    # Errors  Last Runtime    Last Run
----------------------------------------  -----  ---------  --------  ----------  --------------  -------------------
/opt/airflow/dags/reddit_pipeline_dag.py                           1           0  0.19s           2025-10-30T16:22:50
================================================================================
[2025-10-30T16:23:39.044+0000] {manager.py:879} INFO - 
================================================================================
DAG File Processing Stats

File Path                                 PID    Runtime      # DAGs    # Errors  Last Runtime    Last Run
----------------------------------------  -----  ---------  --------  ----------  --------------  -------------------
/opt/airflow/dags/reddit_pipeline_dag.py                           1           0  0.16s           2025-10-30T16:23:22
================================================================================
[2025-10-30T16:24:10.821+0000] {manager.py:879} INFO - 
================================================================================
DAG File Processing Stats

File Path                                 PID    Runtime      # DAGs    # Errors  Last Runtime    Last Run
----------------------------------------  -----  ---------  --------  ----------  --------------  -------------------
/opt/airflow/dags/reddit_pipeline_dag.py                           1           0  0.12s           2025-10-30T16:23:53
================================================================================
[2025-10-30T16:24:42.569+0000] {manager.py:879} INFO - 
================================================================================
DAG File Processing Stats

File Path                                 PID    Runtime      # DAGs    # Errors  Last Runtime    Last Run
----------------------------------------  -----  ---------  --------  ----------  --------------  -------------------
/opt/airflow/dags/reddit_pipeline_dag.py                           1           0  0.11s           2025-10-30T16:24:24
================================================================================
[2025-10-30T16:25:14.300+0000] {manager.py:879} INFO - 
================================================================================
DAG File Processing Stats

File Path                                 PID    Runtime      # DAGs    # Errors  Last Runtime    Last Run
----------------------------------------  -----  ---------  --------  ----------  --------------  -------------------
/opt/airflow/dags/reddit_pipeline_dag.py                           1           0  0.11s           2025-10-30T16:24:56
================================================================================
[2025-10-30T16:25:46.079+0000] {manager.py:879} INFO - 
================================================================================
DAG File Processing Stats

File Path                                 PID    Runtime      # DAGs    # Errors  Last Runtime    Last Run
----------------------------------------  -----  ---------  --------  ----------  --------------  -------------------
/opt/airflow/dags/reddit_pipeline_dag.py                           1           0  0.13s           2025-10-30T16:25:28
================================================================================
[2025-10-30T16:26:17.816+0000] {manager.py:879} INFO - 
================================================================================
DAG File Processing Stats

File Path                                 PID    Runtime      # DAGs    # Errors  Last Runtime    Last Run
----------------------------------------  -----  ---------  --------  ----------  --------------  -------------------
/opt/airflow/dags/reddit_pipeline_dag.py                           1           0  0.10s           2025-10-30T16:25:59
================================================================================
[2025-10-30T16:26:49.566+0000] {manager.py:879} INFO - 
================================================================================
DAG File Processing Stats

File Path                                 PID    Runtime      # DAGs    # Errors  Last Runtime    Last Run
----------------------------------------  -----  ---------  --------  ----------  --------------  -------------------
/opt/airflow/dags/reddit_pipeline_dag.py                           1           0  0.11s           2025-10-30T16:26:31
================================================================================
[2025-10-30T16:27:21.354+0000] {manager.py:879} INFO - 
================================================================================
DAG File Processing Stats

File Path                                 PID    Runtime      # DAGs    # Errors  Last Runtime    Last Run
----------------------------------------  -----  ---------  --------  ----------  --------------  -------------------
/opt/airflow/dags/reddit_pipeline_dag.py                           1           0  0.10s           2025-10-30T16:27:02
================================================================================
[2025-10-30T16:27:53.063+0000] {manager.py:879} INFO - 
================================================================================
DAG File Processing Stats

File Path                                 PID    Runtime      # DAGs    # Errors  Last Runtime    Last Run
----------------------------------------  -----  ---------  --------  ----------  --------------  -------------------
/opt/airflow/dags/reddit_pipeline_dag.py                           1           0  0.11s           2025-10-30T16:27:34
================================================================================
[2025-10-30T16:27:57.174+0000] {manager.py:738} INFO - Searching for files in /opt/airflow/dags
[2025-10-30T16:27:57.187+0000] {manager.py:741} INFO - There are 1 files in /opt/airflow/dags
[2025-10-30T16:28:24.828+0000] {manager.py:879} INFO - 
================================================================================
DAG File Processing Stats

File Path                                 PID    Runtime      # DAGs    # Errors  Last Runtime    Last Run
----------------------------------------  -----  ---------  --------  ----------  --------------  -------------------
/opt/airflow/dags/reddit_pipeline_dag.py                           1           0  0.10s           2025-10-30T16:28:05
================================================================================
[2025-10-30T16:28:56.529+0000] {manager.py:879} INFO - 
================================================================================
DAG File Processing Stats

File Path                                 PID    Runtime      # DAGs    # Errors  Last Runtime    Last Run
----------------------------------------  -----  ---------  --------  ----------  --------------  -------------------
/opt/airflow/dags/reddit_pipeline_dag.py                           1           0  0.11s           2025-10-30T16:28:37
================================================================================
[2025-10-30T16:29:28.295+0000] {manager.py:879} INFO - 
================================================================================
DAG File Processing Stats

File Path                                 PID    Runtime      # DAGs    # Errors  Last Runtime    Last Run
----------------------------------------  -----  ---------  --------  ----------  --------------  -------------------
/opt/airflow/dags/reddit_pipeline_dag.py                           1           0  0.10s           2025-10-30T16:29:08
================================================================================
[2025-10-30T16:29:59.979+0000] {manager.py:879} INFO - 
================================================================================
DAG File Processing Stats

File Path                                 PID    Runtime      # DAGs    # Errors  Last Runtime    Last Run
----------------------------------------  -----  ---------  --------  ----------  --------------  -------------------
/opt/airflow/dags/reddit_pipeline_dag.py                           1           0  0.10s           2025-10-30T16:29:39
================================================================================
[2025-10-30T16:30:31.694+0000] {manager.py:879} INFO - 
================================================================================
DAG File Processing Stats

File Path                                 PID    Runtime      # DAGs    # Errors  Last Runtime    Last Run
----------------------------------------  -----  ---------  --------  ----------  --------------  -------------------
/opt/airflow/dags/reddit_pipeline_dag.py                           1           0  0.11s           2025-10-30T16:30:11
================================================================================
[2025-10-30T16:31:03.391+0000] {manager.py:879} INFO - 
================================================================================
DAG File Processing Stats

File Path                                 PID    Runtime      # DAGs    # Errors  Last Runtime    Last Run
----------------------------------------  -----  ---------  --------  ----------  --------------  -------------------
/opt/airflow/dags/reddit_pipeline_dag.py                           1           0  0.11s           2025-10-30T16:30:43
================================================================================
[2025-10-30T16:31:35.138+0000] {manager.py:879} INFO - 
================================================================================
DAG File Processing Stats

File Path                                 PID    Runtime      # DAGs    # Errors  Last Runtime    Last Run
----------------------------------------  -----  ---------  --------  ----------  --------------  -------------------
/opt/airflow/dags/reddit_pipeline_dag.py                           1           0  0.11s           2025-10-30T16:31:14
================================================================================
[2025-10-30T16:32:06.830+0000] {manager.py:879} INFO - 
================================================================================
DAG File Processing Stats

File Path                                 PID    Runtime      # DAGs    # Errors  Last Runtime    Last Run
----------------------------------------  -----  ---------  --------  ----------  --------------  -------------------
/opt/airflow/dags/reddit_pipeline_dag.py                           1           0  0.11s           2025-10-30T16:31:45
================================================================================
[2025-10-30T16:32:38.507+0000] {manager.py:879} INFO - 
================================================================================
DAG File Processing Stats

File Path                                 PID    Runtime      # DAGs    # Errors  Last Runtime    Last Run
----------------------------------------  -----  ---------  --------  ----------  --------------  -------------------
/opt/airflow/dags/reddit_pipeline_dag.py                           1           0  0.11s           2025-10-30T16:32:17
================================================================================
[2025-10-30T16:32:58.051+0000] {manager.py:738} INFO - Searching for files in /opt/airflow/dags
[2025-10-30T16:32:58.064+0000] {manager.py:741} INFO - There are 1 files in /opt/airflow/dags
[2025-10-30T16:33:10.143+0000] {manager.py:879} INFO - 
================================================================================
DAG File Processing Stats

File Path                                 PID    Runtime      # DAGs    # Errors  Last Runtime    Last Run
----------------------------------------  -----  ---------  --------  ----------  --------------  -------------------
/opt/airflow/dags/reddit_pipeline_dag.py                           1           0  0.10s           2025-10-30T16:32:49
================================================================================
[2025-10-30T16:33:41.861+0000] {manager.py:879} INFO - 
================================================================================
DAG File Processing Stats

File Path                                 PID    Runtime      # DAGs    # Errors  Last Runtime    Last Run
----------------------------------------  -----  ---------  --------  ----------  --------------  -------------------
/opt/airflow/dags/reddit_pipeline_dag.py                           1           0  0.70s           2025-10-30T16:33:19
================================================================================
[2025-10-30T16:34:13.582+0000] {manager.py:879} INFO - 
================================================================================
DAG File Processing Stats

File Path                                 PID    Runtime      # DAGs    # Errors  Last Runtime    Last Run
----------------------------------------  -----  ---------  --------  ----------  --------------  -------------------
/opt/airflow/dags/reddit_pipeline_dag.py                           1           0  0.10s           2025-10-30T16:33:51
================================================================================
[2025-10-30T16:34:45.188+0000] {manager.py:879} INFO - 
================================================================================
DAG File Processing Stats

File Path                                 PID    Runtime      # DAGs    # Errors  Last Runtime    Last Run
----------------------------------------  -----  ---------  --------  ----------  --------------  -------------------
/opt/airflow/dags/reddit_pipeline_dag.py                           1           0  0.12s           2025-10-30T16:34:23
================================================================================
[2025-10-30T16:35:16.754+0000] {manager.py:879} INFO - 
================================================================================
DAG File Processing Stats

File Path                                 PID    Runtime      # DAGs    # Errors  Last Runtime    Last Run
----------------------------------------  -----  ---------  --------  ----------  --------------  -------------------
/opt/airflow/dags/reddit_pipeline_dag.py                           1           0  0.10s           2025-10-30T16:34:54
================================================================================
[2025-10-30T16:35:48.431+0000] {manager.py:879} INFO - 
================================================================================
DAG File Processing Stats

File Path                                 PID    Runtime      # DAGs    # Errors  Last Runtime    Last Run
----------------------------------------  -----  ---------  --------  ----------  --------------  -------------------
/opt/airflow/dags/reddit_pipeline_dag.py                           1           0  0.12s           2025-10-30T16:35:26
================================================================================
[2025-10-30T16:36:20.048+0000] {manager.py:879} INFO - 
================================================================================
DAG File Processing Stats

File Path                                 PID    Runtime      # DAGs    # Errors  Last Runtime    Last Run
----------------------------------------  -----  ---------  --------  ----------  --------------  -------------------
/opt/airflow/dags/reddit_pipeline_dag.py                           1           0  0.10s           2025-10-30T16:35:56
================================================================================
[2025-10-30T16:36:51.680+0000] {manager.py:879} INFO - 
================================================================================
DAG File Processing Stats

File Path                                 PID    Runtime      # DAGs    # Errors  Last Runtime    Last Run
----------------------------------------  -----  ---------  --------  ----------  --------------  -------------------
/opt/airflow/dags/reddit_pipeline_dag.py                           1           0  0.12s           2025-10-30T16:36:28
================================================================================
[2025-10-30T16:37:23.290+0000] {manager.py:879} INFO - 
================================================================================
DAG File Processing Stats

File Path                                 PID    Runtime      # DAGs    # Errors  Last Runtime    Last Run
----------------------------------------  -----  ---------  --------  ----------  --------------  -------------------
/opt/airflow/dags/reddit_pipeline_dag.py                           1           0  0.13s           2025-10-30T16:37:00
================================================================================
[2025-10-30T16:37:54.924+0000] {manager.py:879} INFO - 
================================================================================
DAG File Processing Stats

File Path                                 PID    Runtime      # DAGs    # Errors  Last Runtime    Last Run
----------------------------------------  -----  ---------  --------  ----------  --------------  -------------------
/opt/airflow/dags/reddit_pipeline_dag.py                           1           0  0.12s           2025-10-30T16:37:31
================================================================================
[2025-10-30T16:37:58.953+0000] {manager.py:738} INFO - Searching for files in /opt/airflow/dags
[2025-10-30T16:37:58.971+0000] {manager.py:741} INFO - There are 1 files in /opt/airflow/dags
[2025-10-30T16:38:26.562+0000] {manager.py:879} INFO - 
================================================================================
DAG File Processing Stats

File Path                                 PID    Runtime      # DAGs    # Errors  Last Runtime    Last Run
----------------------------------------  -----  ---------  --------  ----------  --------------  -------------------
/opt/airflow/dags/reddit_pipeline_dag.py                           1           0  0.13s           2025-10-30T16:38:02
================================================================================
[2025-10-30T16:38:58.202+0000] {manager.py:879} INFO - 
================================================================================
DAG File Processing Stats

File Path                                 PID    Runtime      # DAGs    # Errors  Last Runtime    Last Run
----------------------------------------  -----  ---------  --------  ----------  --------------  -------------------
/opt/airflow/dags/reddit_pipeline_dag.py                           1           0  0.16s           2025-10-30T16:38:34
================================================================================
[2025-10-30T16:39:29.592+0000] {manager.py:879} INFO - 
================================================================================
DAG File Processing Stats

File Path                                 PID    Runtime      # DAGs    # Errors  Last Runtime    Last Run
----------------------------------------  -----  ---------  --------  ----------  --------------  -------------------
/opt/airflow/dags/reddit_pipeline_dag.py                           1           0  0.11s           2025-10-30T16:39:05
================================================================================
[2025-10-30T16:40:01.031+0000] {manager.py:879} INFO - 
================================================================================
DAG File Processing Stats

File Path                                 PID    Runtime      # DAGs    # Errors  Last Runtime    Last Run
----------------------------------------  -----  ---------  --------  ----------  --------------  -------------------
/opt/airflow/dags/reddit_pipeline_dag.py                           1           0  0.12s           2025-10-30T16:39:36
================================================================================
[2025-10-30T16:40:32.505+0000] {manager.py:879} INFO - 
================================================================================
DAG File Processing Stats

File Path                                 PID    Runtime      # DAGs    # Errors  Last Runtime    Last Run
----------------------------------------  -----  ---------  --------  ----------  --------------  -------------------
/opt/airflow/dags/reddit_pipeline_dag.py                           1           0  0.09s           2025-10-30T16:40:07
================================================================================
[2025-10-30T16:41:03.896+0000] {manager.py:879} INFO - 
================================================================================
DAG File Processing Stats

File Path                                 PID    Runtime      # DAGs    # Errors  Last Runtime    Last Run
----------------------------------------  -----  ---------  --------  ----------  --------------  -------------------
/opt/airflow/dags/reddit_pipeline_dag.py                           1           0  0.11s           2025-10-30T16:40:38
================================================================================
[2025-10-30T16:41:35.310+0000] {manager.py:879} INFO - 
================================================================================
DAG File Processing Stats

File Path                                 PID    Runtime      # DAGs    # Errors  Last Runtime    Last Run
----------------------------------------  -----  ---------  --------  ----------  --------------  -------------------
/opt/airflow/dags/reddit_pipeline_dag.py                           1           0  0.11s           2025-10-30T16:41:10
================================================================================
[2025-10-30T16:42:06.175+0000] {manager.py:879} INFO - 
================================================================================
DAG File Processing Stats

File Path                                 PID    Runtime      # DAGs    # Errors  Last Runtime    Last Run
----------------------------------------  -----  ---------  --------  ----------  --------------  -------------------
/opt/airflow/dags/reddit_pipeline_dag.py                           1           0  0.09s           2025-10-30T16:41:41
================================================================================
[2025-10-30T16:42:37.469+0000] {manager.py:879} INFO - 
================================================================================
DAG File Processing Stats

File Path                                 PID    Runtime      # DAGs    # Errors  Last Runtime    Last Run
----------------------------------------  -----  ---------  --------  ----------  --------------  -------------------
/opt/airflow/dags/reddit_pipeline_dag.py                           1           0  0.09s           2025-10-30T16:42:11
================================================================================
[2025-10-30T16:42:59.637+0000] {manager.py:738} INFO - Searching for files in /opt/airflow/dags
[2025-10-30T16:42:59.654+0000] {manager.py:741} INFO - There are 1 files in /opt/airflow/dags
[2025-10-30T16:43:08.754+0000] {manager.py:879} INFO - 
================================================================================
DAG File Processing Stats

File Path                                 PID    Runtime      # DAGs    # Errors  Last Runtime    Last Run
----------------------------------------  -----  ---------  --------  ----------  --------------  -------------------
/opt/airflow/dags/reddit_pipeline_dag.py                           1           0  0.09s           2025-10-30T16:42:42
================================================================================
[2025-10-30T16:43:39.555+0000] {manager.py:879} INFO - 
================================================================================
DAG File Processing Stats

File Path                                 PID    Runtime      # DAGs    # Errors  Last Runtime    Last Run
----------------------------------------  -----  ---------  --------  ----------  --------------  -------------------
/opt/airflow/dags/reddit_pipeline_dag.py                           1           0  0.09s           2025-10-30T16:43:13
================================================================================
[2025-10-30T16:44:10.356+0000] {manager.py:879} INFO - 
================================================================================
DAG File Processing Stats

File Path                                 PID    Runtime      # DAGs    # Errors  Last Runtime    Last Run
----------------------------------------  -----  ---------  --------  ----------  --------------  -------------------
/opt/airflow/dags/reddit_pipeline_dag.py                           1           0  0.09s           2025-10-30T16:43:44
================================================================================
[2025-10-30T16:44:41.150+0000] {manager.py:879} INFO - 
================================================================================
DAG File Processing Stats

File Path                                 PID    Runtime      # DAGs    # Errors  Last Runtime    Last Run
----------------------------------------  -----  ---------  --------  ----------  --------------  -------------------
/opt/airflow/dags/reddit_pipeline_dag.py                           1           0  0.10s           2025-10-30T16:44:14
================================================================================
[2025-10-30T16:45:11.879+0000] {manager.py:879} INFO - 
================================================================================
DAG File Processing Stats

File Path                                 PID    Runtime      # DAGs    # Errors  Last Runtime    Last Run
----------------------------------------  -----  ---------  --------  ----------  --------------  -------------------
/opt/airflow/dags/reddit_pipeline_dag.py                           1           0  0.09s           2025-10-30T16:44:45
================================================================================
[2025-10-30T16:45:42.605+0000] {manager.py:879} INFO - 
================================================================================
DAG File Processing Stats

File Path                                 PID    Runtime      # DAGs    # Errors  Last Runtime    Last Run
----------------------------------------  -----  ---------  --------  ----------  --------------  -------------------
/opt/airflow/dags/reddit_pipeline_dag.py                           1           0  0.09s           2025-10-30T16:45:16
================================================================================
[2025-10-30T16:46:13.417+0000] {manager.py:879} INFO - 
================================================================================
DAG File Processing Stats

File Path                                 PID    Runtime      # DAGs    # Errors  Last Runtime    Last Run
----------------------------------------  -----  ---------  --------  ----------  --------------  -------------------
/opt/airflow/dags/reddit_pipeline_dag.py                           1           0  0.08s           2025-10-30T16:45:47
================================================================================
[2025-10-30T16:46:44.314+0000] {manager.py:879} INFO - 
================================================================================
DAG File Processing Stats

File Path                                 PID    Runtime      # DAGs    # Errors  Last Runtime    Last Run
----------------------------------------  -----  ---------  --------  ----------  --------------  -------------------
/opt/airflow/dags/reddit_pipeline_dag.py                           1           0  0.16s           2025-10-30T16:46:18
================================================================================
[2025-10-30T16:47:15.046+0000] {manager.py:879} INFO - 
================================================================================
DAG File Processing Stats

File Path                                 PID    Runtime      # DAGs    # Errors  Last Runtime    Last Run
----------------------------------------  -----  ---------  --------  ----------  --------------  -------------------
/opt/airflow/dags/reddit_pipeline_dag.py                           1           0  0.13s           2025-10-30T16:46:48
================================================================================
[2025-10-30T16:47:45.753+0000] {manager.py:879} INFO - 
================================================================================
DAG File Processing Stats

File Path                                 PID    Runtime      # DAGs    # Errors  Last Runtime    Last Run
----------------------------------------  -----  ---------  --------  ----------  --------------  -------------------
/opt/airflow/dags/reddit_pipeline_dag.py                           1           0  0.10s           2025-10-30T16:47:19
================================================================================
[2025-10-30T16:48:00.384+0000] {manager.py:738} INFO - Searching for files in /opt/airflow/dags
[2025-10-30T16:48:00.399+0000] {manager.py:741} INFO - There are 1 files in /opt/airflow/dags
[2025-10-30T16:48:16.532+0000] {manager.py:879} INFO - 
================================================================================
DAG File Processing Stats

File Path                                 PID    Runtime      # DAGs    # Errors  Last Runtime    Last Run
----------------------------------------  -----  ---------  --------  ----------  --------------  -------------------
/opt/airflow/dags/reddit_pipeline_dag.py                           1           0  0.09s           2025-10-30T16:47:50
================================================================================
[2025-10-30T16:48:47.178+0000] {manager.py:879} INFO - 
================================================================================
DAG File Processing Stats

File Path                                 PID    Runtime      # DAGs    # Errors  Last Runtime    Last Run
----------------------------------------  -----  ---------  --------  ----------  --------------  -------------------
/opt/airflow/dags/reddit_pipeline_dag.py                           1           0  0.09s           2025-10-30T16:48:20
================================================================================
[2025-10-30T16:49:17.584+0000] {manager.py:879} INFO - 
================================================================================
DAG File Processing Stats

File Path                                 PID    Runtime      # DAGs    # Errors  Last Runtime    Last Run
----------------------------------------  -----  ---------  --------  ----------  --------------  -------------------
/opt/airflow/dags/reddit_pipeline_dag.py                           1           0  0.09s           2025-10-30T16:48:51
================================================================================
[2025-10-30T16:49:48.039+0000] {manager.py:879} INFO - 
================================================================================
DAG File Processing Stats

File Path                                 PID    Runtime      # DAGs    # Errors  Last Runtime    Last Run
----------------------------------------  -----  ---------  --------  ----------  --------------  -------------------
/opt/airflow/dags/reddit_pipeline_dag.py                           1           0  0.10s           2025-10-30T16:49:21
================================================================================
[2025-10-30T16:50:18.505+0000] {manager.py:879} INFO - 
================================================================================
DAG File Processing Stats

File Path                                 PID    Runtime      # DAGs    # Errors  Last Runtime    Last Run
----------------------------------------  -----  ---------  --------  ----------  --------------  -------------------
/opt/airflow/dags/reddit_pipeline_dag.py                           1           0  0.09s           2025-10-30T16:49:52
================================================================================
[2025-10-30T16:50:48.948+0000] {manager.py:879} INFO - 
================================================================================
DAG File Processing Stats

File Path                                 PID    Runtime      # DAGs    # Errors  Last Runtime    Last Run
----------------------------------------  -----  ---------  --------  ----------  --------------  -------------------
/opt/airflow/dags/reddit_pipeline_dag.py                           1           0  0.09s           2025-10-30T16:50:22
================================================================================
[2025-10-30T16:51:19.376+0000] {manager.py:879} INFO - 
================================================================================
DAG File Processing Stats

File Path                                 PID    Runtime      # DAGs    # Errors  Last Runtime    Last Run
----------------------------------------  -----  ---------  --------  ----------  --------------  -------------------
/opt/airflow/dags/reddit_pipeline_dag.py                           1           0  0.10s           2025-10-30T16:50:53
================================================================================
[2025-10-30T16:51:49.734+0000] {manager.py:879} INFO - 
================================================================================
DAG File Processing Stats

File Path                                 PID    Runtime      # DAGs    # Errors  Last Runtime    Last Run
----------------------------------------  -----  ---------  --------  ----------  --------------  -------------------
/opt/airflow/dags/reddit_pipeline_dag.py                           1           0  0.10s           2025-10-30T16:51:23
================================================================================
[2025-10-30T16:52:20.177+0000] {manager.py:879} INFO - 
================================================================================
DAG File Processing Stats

File Path                                 PID    Runtime      # DAGs    # Errors  Last Runtime    Last Run
----------------------------------------  -----  ---------  --------  ----------  --------------  -------------------
/opt/airflow/dags/reddit_pipeline_dag.py                           1           0  0.14s           2025-10-30T16:51:53
================================================================================
[2025-10-30T16:52:50.562+0000] {manager.py:879} INFO - 
================================================================================
DAG File Processing Stats

File Path                                 PID    Runtime      # DAGs    # Errors  Last Runtime    Last Run
----------------------------------------  -----  ---------  --------  ----------  --------------  -------------------
/opt/airflow/dags/reddit_pipeline_dag.py                           1           0  0.11s           2025-10-30T16:52:24
================================================================================
[2025-10-30T16:53:00.674+0000] {manager.py:738} INFO - Searching for files in /opt/airflow/dags
[2025-10-30T16:53:00.689+0000] {manager.py:741} INFO - There are 1 files in /opt/airflow/dags
[2025-10-30T16:53:20.972+0000] {manager.py:879} INFO - 
================================================================================
DAG File Processing Stats

File Path                                 PID    Runtime      # DAGs    # Errors  Last Runtime    Last Run
----------------------------------------  -----  ---------  --------  ----------  --------------  -------------------
/opt/airflow/dags/reddit_pipeline_dag.py                           1           0  0.09s           2025-10-30T16:52:54
================================================================================
[2025-10-30T16:53:51.295+0000] {manager.py:879} INFO - 
================================================================================
DAG File Processing Stats

File Path                                 PID    Runtime      # DAGs    # Errors  Last Runtime    Last Run
----------------------------------------  -----  ---------  --------  ----------  --------------  -------------------
/opt/airflow/dags/reddit_pipeline_dag.py                           1           0  0.09s           2025-10-30T16:53:25
================================================================================
[2025-10-30T16:54:21.630+0000] {manager.py:879} INFO - 
================================================================================
DAG File Processing Stats

File Path                                 PID    Runtime      # DAGs    # Errors  Last Runtime    Last Run
----------------------------------------  -----  ---------  --------  ----------  --------------  -------------------
/opt/airflow/dags/reddit_pipeline_dag.py                           1           0  0.09s           2025-10-30T16:53:55
================================================================================
[2025-10-30T16:54:51.948+0000] {manager.py:879} INFO - 
================================================================================
DAG File Processing Stats

File Path                                 PID    Runtime      # DAGs    # Errors  Last Runtime    Last Run
----------------------------------------  -----  ---------  --------  ----------  --------------  -------------------
/opt/airflow/dags/reddit_pipeline_dag.py                           1           0  0.09s           2025-10-30T16:54:25
================================================================================
[2025-10-30T16:55:22.295+0000] {manager.py:879} INFO - 
================================================================================
DAG File Processing Stats

File Path                                 PID    Runtime      # DAGs    # Errors  Last Runtime    Last Run
----------------------------------------  -----  ---------  --------  ----------  --------------  -------------------
/opt/airflow/dags/reddit_pipeline_dag.py                           1           0  0.09s           2025-10-30T16:54:56
================================================================================
[2025-10-30T16:55:52.610+0000] {manager.py:879} INFO - 
================================================================================
DAG File Processing Stats

File Path                                 PID    Runtime      # DAGs    # Errors  Last Runtime    Last Run
----------------------------------------  -----  ---------  --------  ----------  --------------  -------------------
/opt/airflow/dags/reddit_pipeline_dag.py                           1           0  0.10s           2025-10-30T16:55:26
================================================================================
[2025-10-30T16:56:22.902+0000] {manager.py:879} INFO - 
================================================================================
DAG File Processing Stats

File Path                                 PID    Runtime      # DAGs    # Errors  Last Runtime    Last Run
----------------------------------------  -----  ---------  --------  ----------  --------------  -------------------
/opt/airflow/dags/reddit_pipeline_dag.py                           1           0  0.09s           2025-10-30T16:55:56
================================================================================
[2025-10-30T16:56:53.137+0000] {manager.py:879} INFO - 
================================================================================
DAG File Processing Stats

File Path                                 PID    Runtime      # DAGs    # Errors  Last Runtime    Last Run
----------------------------------------  -----  ---------  --------  ----------  --------------  -------------------
/opt/airflow/dags/reddit_pipeline_dag.py                           1           0  0.16s           2025-10-30T16:56:27
================================================================================
[2025-10-30T16:57:23.379+0000] {manager.py:879} INFO - 
================================================================================
DAG File Processing Stats

File Path                                 PID    Runtime      # DAGs    # Errors  Last Runtime    Last Run
----------------------------------------  -----  ---------  --------  ----------  --------------  -------------------
/opt/airflow/dags/reddit_pipeline_dag.py                           1           0  0.10s           2025-10-30T16:56:57
================================================================================
[2025-10-30T16:57:53.694+0000] {manager.py:879} INFO - 
================================================================================
DAG File Processing Stats

File Path                                 PID    Runtime      # DAGs    # Errors  Last Runtime    Last Run
----------------------------------------  -----  ---------  --------  ----------  --------------  -------------------
/opt/airflow/dags/reddit_pipeline_dag.py                           1           0  0.10s           2025-10-30T16:57:27
================================================================================
[2025-10-30T16:58:00.765+0000] {manager.py:738} INFO - Searching for files in /opt/airflow/dags
[2025-10-30T16:58:00.810+0000] {manager.py:741} INFO - There are 1 files in /opt/airflow/dags
[2025-10-30T16:58:24.006+0000] {manager.py:879} INFO - 
================================================================================
DAG File Processing Stats

File Path                                 PID    Runtime      # DAGs    # Errors  Last Runtime    Last Run
----------------------------------------  -----  ---------  --------  ----------  --------------  -------------------
/opt/airflow/dags/reddit_pipeline_dag.py                           1           0  0.11s           2025-10-30T16:57:57
================================================================================
[2025-10-30T16:58:54.251+0000] {manager.py:879} INFO - 
================================================================================
DAG File Processing Stats

File Path                                 PID    Runtime      # DAGs    # Errors  Last Runtime    Last Run
----------------------------------------  -----  ---------  --------  ----------  --------------  -------------------
/opt/airflow/dags/reddit_pipeline_dag.py                           1           0  0.11s           2025-10-30T16:58:28
================================================================================
[2025-10-30T16:59:24.502+0000] {manager.py:879} INFO - 
================================================================================
DAG File Processing Stats

File Path                                 PID    Runtime      # DAGs    # Errors  Last Runtime    Last Run
----------------------------------------  -----  ---------  --------  ----------  --------------  -------------------
/opt/airflow/dags/reddit_pipeline_dag.py                           1           0  0.12s           2025-10-30T16:58:58
================================================================================
[2025-10-30T16:59:54.751+0000] {manager.py:879} INFO - 
================================================================================
DAG File Processing Stats

File Path                                 PID    Runtime      # DAGs    # Errors  Last Runtime    Last Run
----------------------------------------  -----  ---------  --------  ----------  --------------  -------------------
/opt/airflow/dags/reddit_pipeline_dag.py                           1           0  0.20s           2025-10-30T16:59:28
================================================================================
[2025-10-30T17:00:24.958+0000] {manager.py:879} INFO - 
================================================================================
DAG File Processing Stats

File Path                                 PID    Runtime      # DAGs    # Errors  Last Runtime    Last Run
----------------------------------------  -----  ---------  --------  ----------  --------------  -------------------
/opt/airflow/dags/reddit_pipeline_dag.py                           1           0  0.10s           2025-10-30T16:59:58
================================================================================
[2025-10-30T17:00:55.227+0000] {manager.py:879} INFO - 
================================================================================
DAG File Processing Stats

File Path                                 PID    Runtime      # DAGs    # Errors  Last Runtime    Last Run
----------------------------------------  -----  ---------  --------  ----------  --------------  -------------------
/opt/airflow/dags/reddit_pipeline_dag.py                           1           0  0.10s           2025-10-30T17:00:29
================================================================================
[2025-10-30T17:01:25.446+0000] {manager.py:879} INFO - 
================================================================================
DAG File Processing Stats

File Path                                 PID    Runtime      # DAGs    # Errors  Last Runtime    Last Run
----------------------------------------  -----  ---------  --------  ----------  --------------  -------------------
/opt/airflow/dags/reddit_pipeline_dag.py                           1           0  0.11s           2025-10-30T17:00:59
================================================================================
[2025-10-30T17:01:55.750+0000] {manager.py:879} INFO - 
================================================================================
DAG File Processing Stats

File Path                                 PID    Runtime      # DAGs    # Errors  Last Runtime    Last Run
----------------------------------------  -----  ---------  --------  ----------  --------------  -------------------
/opt/airflow/dags/reddit_pipeline_dag.py                           1           0  0.10s           2025-10-30T17:01:29
================================================================================
[2025-10-30T17:02:25.989+0000] {manager.py:879} INFO - 
================================================================================
DAG File Processing Stats

File Path                                 PID    Runtime      # DAGs    # Errors  Last Runtime    Last Run
----------------------------------------  -----  ---------  --------  ----------  --------------  -------------------
/opt/airflow/dags/reddit_pipeline_dag.py                           1           0  0.09s           2025-10-30T17:01:59
================================================================================
[2025-10-30T17:02:56.241+0000] {manager.py:879} INFO - 
================================================================================
DAG File Processing Stats

File Path                                 PID    Runtime      # DAGs    # Errors  Last Runtime    Last Run
----------------------------------------  -----  ---------  --------  ----------  --------------  -------------------
/opt/airflow/dags/reddit_pipeline_dag.py                           1           0  0.10s           2025-10-30T17:02:30
================================================================================
[2025-10-30T17:03:01.297+0000] {manager.py:738} INFO - Searching for files in /opt/airflow/dags
[2025-10-30T17:03:01.310+0000] {manager.py:741} INFO - There are 1 files in /opt/airflow/dags
[2025-10-30T17:03:26.490+0000] {manager.py:879} INFO - 
================================================================================
DAG File Processing Stats

File Path                                 PID    Runtime      # DAGs    # Errors  Last Runtime    Last Run
----------------------------------------  -----  ---------  --------  ----------  --------------  -------------------
/opt/airflow/dags/reddit_pipeline_dag.py                           1           0  0.09s           2025-10-30T17:03:00
================================================================================
[2025-10-30T17:03:56.720+0000] {manager.py:879} INFO - 
================================================================================
DAG File Processing Stats

File Path                                 PID    Runtime      # DAGs    # Errors  Last Runtime    Last Run
----------------------------------------  -----  ---------  --------  ----------  --------------  -------------------
/opt/airflow/dags/reddit_pipeline_dag.py                           1           0  0.09s           2025-10-30T17:03:30
================================================================================
[2025-10-30T17:04:26.972+0000] {manager.py:879} INFO - 
================================================================================
DAG File Processing Stats

File Path                                 PID    Runtime      # DAGs    # Errors  Last Runtime    Last Run
----------------------------------------  -----  ---------  --------  ----------  --------------  -------------------
/opt/airflow/dags/reddit_pipeline_dag.py                           1           0  0.09s           2025-10-30T17:04:00
================================================================================
[2025-10-30T17:04:57.224+0000] {manager.py:879} INFO - 
================================================================================
DAG File Processing Stats

File Path                                 PID    Runtime      # DAGs    # Errors  Last Runtime    Last Run
----------------------------------------  -----  ---------  --------  ----------  --------------  -------------------
/opt/airflow/dags/reddit_pipeline_dag.py                           1           0  0.09s           2025-10-30T17:04:31
================================================================================
[2025-10-30T17:05:27.465+0000] {manager.py:879} INFO - 
================================================================================
DAG File Processing Stats

File Path                                 PID    Runtime      # DAGs    # Errors  Last Runtime    Last Run
----------------------------------------  -----  ---------  --------  ----------  --------------  -------------------
/opt/airflow/dags/reddit_pipeline_dag.py                           1           0  0.10s           2025-10-30T17:05:01
================================================================================
[2025-10-30T17:05:57.729+0000] {manager.py:879} INFO - 
================================================================================
DAG File Processing Stats

File Path                                 PID    Runtime      # DAGs    # Errors  Last Runtime    Last Run
----------------------------------------  -----  ---------  --------  ----------  --------------  -------------------
/opt/airflow/dags/reddit_pipeline_dag.py                           1           0  0.17s           2025-10-30T17:05:31
================================================================================
[2025-10-30T17:06:28.027+0000] {manager.py:879} INFO - 
================================================================================
DAG File Processing Stats

File Path                                 PID    Runtime      # DAGs    # Errors  Last Runtime    Last Run
----------------------------------------  -----  ---------  --------  ----------  --------------  -------------------
/opt/airflow/dags/reddit_pipeline_dag.py                           1           0  0.10s           2025-10-30T17:06:01
================================================================================
[2025-10-30T17:06:58.256+0000] {manager.py:879} INFO - 
================================================================================
DAG File Processing Stats

File Path                                 PID    Runtime      # DAGs    # Errors  Last Runtime    Last Run
----------------------------------------  -----  ---------  --------  ----------  --------------  -------------------
/opt/airflow/dags/reddit_pipeline_dag.py                           1           0  0.10s           2025-10-30T17:06:32
================================================================================
[2025-10-30T17:07:28.510+0000] {manager.py:879} INFO - 
================================================================================
DAG File Processing Stats

File Path                                 PID    Runtime      # DAGs    # Errors  Last Runtime    Last Run
----------------------------------------  -----  ---------  --------  ----------  --------------  -------------------
/opt/airflow/dags/reddit_pipeline_dag.py                           1           0  0.09s           2025-10-30T17:07:02
================================================================================
[2025-10-30T17:07:58.759+0000] {manager.py:879} INFO - 
================================================================================
DAG File Processing Stats

File Path                                 PID    Runtime      # DAGs    # Errors  Last Runtime    Last Run
----------------------------------------  -----  ---------  --------  ----------  --------------  -------------------
/opt/airflow/dags/reddit_pipeline_dag.py                           1           0  0.09s           2025-10-30T17:07:32
================================================================================
[2025-10-30T17:08:01.781+0000] {manager.py:738} INFO - Searching for files in /opt/airflow/dags
[2025-10-30T17:08:01.796+0000] {manager.py:741} INFO - There are 1 files in /opt/airflow/dags
[2025-10-30T17:08:29.014+0000] {manager.py:879} INFO - 
================================================================================
DAG File Processing Stats

File Path                                 PID    Runtime      # DAGs    # Errors  Last Runtime    Last Run
----------------------------------------  -----  ---------  --------  ----------  --------------  -------------------
/opt/airflow/dags/reddit_pipeline_dag.py                           1           0  0.09s           2025-10-30T17:08:02
================================================================================
[2025-10-30T17:08:59.247+0000] {manager.py:879} INFO - 
================================================================================
DAG File Processing Stats

File Path                                 PID    Runtime      # DAGs    # Errors  Last Runtime    Last Run
----------------------------------------  -----  ---------  --------  ----------  --------------  -------------------
/opt/airflow/dags/reddit_pipeline_dag.py                           1           0  0.09s           2025-10-30T17:08:33
================================================================================
[2025-10-30T17:09:29.490+0000] {manager.py:879} INFO - 
================================================================================
DAG File Processing Stats

File Path                                 PID    Runtime      # DAGs    # Errors  Last Runtime    Last Run
----------------------------------------  -----  ---------  --------  ----------  --------------  -------------------
/opt/airflow/dags/reddit_pipeline_dag.py                           1           0  0.09s           2025-10-30T17:09:03
================================================================================
[2025-10-30T17:09:59.738+0000] {manager.py:879} INFO - 
================================================================================
DAG File Processing Stats

File Path                                 PID    Runtime      # DAGs    # Errors  Last Runtime    Last Run
----------------------------------------  -----  ---------  --------  ----------  --------------  -------------------
/opt/airflow/dags/reddit_pipeline_dag.py                           1           0  0.09s           2025-10-30T17:09:33
================================================================================
[2025-10-30T17:10:29.977+0000] {manager.py:879} INFO - 
================================================================================
DAG File Processing Stats

File Path                                 PID    Runtime      # DAGs    # Errors  Last Runtime    Last Run
----------------------------------------  -----  ---------  --------  ----------  --------------  -------------------
/opt/airflow/dags/reddit_pipeline_dag.py                           1           0  0.13s           2025-10-30T17:10:03
================================================================================
[2025-10-30T17:11:00.261+0000] {manager.py:879} INFO - 
================================================================================
DAG File Processing Stats

File Path                                 PID    Runtime      # DAGs    # Errors  Last Runtime    Last Run
----------------------------------------  -----  ---------  --------  ----------  --------------  -------------------
/opt/airflow/dags/reddit_pipeline_dag.py                           1           0  0.16s           2025-10-30T17:10:34
================================================================================
[2025-10-30T17:11:30.491+0000] {manager.py:879} INFO - 
================================================================================
DAG File Processing Stats

File Path                                 PID    Runtime      # DAGs    # Errors  Last Runtime    Last Run
----------------------------------------  -----  ---------  --------  ----------  --------------  -------------------
/opt/airflow/dags/reddit_pipeline_dag.py                           1           0  0.09s           2025-10-30T17:11:04
================================================================================
[2025-10-30T17:12:00.728+0000] {manager.py:879} INFO - 
================================================================================
DAG File Processing Stats

File Path                                 PID    Runtime      # DAGs    # Errors  Last Runtime    Last Run
----------------------------------------  -----  ---------  --------  ----------  --------------  -------------------
/opt/airflow/dags/reddit_pipeline_dag.py                           1           0  0.09s           2025-10-30T17:11:34
================================================================================
[2025-10-30T17:12:30.973+0000] {manager.py:879} INFO - 
================================================================================
DAG File Processing Stats

File Path                                 PID    Runtime      # DAGs    # Errors  Last Runtime    Last Run
----------------------------------------  -----  ---------  --------  ----------  --------------  -------------------
/opt/airflow/dags/reddit_pipeline_dag.py                           1           0  0.10s           2025-10-30T17:12:04
================================================================================
[2025-10-30T17:13:01.204+0000] {manager.py:879} INFO - 
================================================================================
DAG File Processing Stats

File Path                                 PID    Runtime      # DAGs    # Errors  Last Runtime    Last Run
----------------------------------------  -----  ---------  --------  ----------  --------------  -------------------
/opt/airflow/dags/reddit_pipeline_dag.py                           1           0  0.09s           2025-10-30T17:12:35
================================================================================
[2025-10-30T17:13:02.210+0000] {manager.py:738} INFO - Searching for files in /opt/airflow/dags
[2025-10-30T17:13:02.224+0000] {manager.py:741} INFO - There are 1 files in /opt/airflow/dags
[2025-10-30T17:13:31.435+0000] {manager.py:879} INFO - 
================================================================================
DAG File Processing Stats

File Path                                 PID    Runtime      # DAGs    # Errors  Last Runtime    Last Run
----------------------------------------  -----  ---------  --------  ----------  --------------  -------------------
/opt/airflow/dags/reddit_pipeline_dag.py                           1           0  0.11s           2025-10-30T17:13:05
================================================================================
[2025-10-30T17:14:01.678+0000] {manager.py:879} INFO - 
================================================================================
DAG File Processing Stats

File Path                                 PID    Runtime      # DAGs    # Errors  Last Runtime    Last Run
----------------------------------------  -----  ---------  --------  ----------  --------------  -------------------
/opt/airflow/dags/reddit_pipeline_dag.py                           1           0  0.09s           2025-10-30T17:13:35
================================================================================
[2025-10-30T17:14:31.901+0000] {manager.py:879} INFO - 
================================================================================
DAG File Processing Stats

File Path                                 PID    Runtime      # DAGs    # Errors  Last Runtime    Last Run
----------------------------------------  -----  ---------  --------  ----------  --------------  -------------------
/opt/airflow/dags/reddit_pipeline_dag.py                           1           0  0.09s           2025-10-30T17:14:05
================================================================================
[2025-10-30T17:15:02.143+0000] {manager.py:879} INFO - 
================================================================================
DAG File Processing Stats

File Path                                 PID    Runtime      # DAGs    # Errors  Last Runtime    Last Run
----------------------------------------  -----  ---------  --------  ----------  --------------  -------------------
/opt/airflow/dags/reddit_pipeline_dag.py                           1           0  0.09s           2025-10-30T17:14:36
================================================================================
[2025-10-30T17:15:32.447+0000] {manager.py:879} INFO - 
================================================================================
DAG File Processing Stats

File Path                                 PID    Runtime      # DAGs    # Errors  Last Runtime    Last Run
----------------------------------------  -----  ---------  --------  ----------  --------------  -------------------
/opt/airflow/dags/reddit_pipeline_dag.py                           1           0  0.10s           2025-10-30T17:15:06
================================================================================
[2025-10-30T17:16:02.713+0000] {manager.py:879} INFO - 
================================================================================
DAG File Processing Stats

File Path                                 PID    Runtime      # DAGs    # Errors  Last Runtime    Last Run
----------------------------------------  -----  ---------  --------  ----------  --------------  -------------------
/opt/airflow/dags/reddit_pipeline_dag.py                           1           0  0.10s           2025-10-30T17:15:36
================================================================================
[2025-10-30T17:16:32.937+0000] {manager.py:879} INFO - 
================================================================================
DAG File Processing Stats

File Path                                 PID    Runtime      # DAGs    # Errors  Last Runtime    Last Run
----------------------------------------  -----  ---------  --------  ----------  --------------  -------------------
/opt/airflow/dags/reddit_pipeline_dag.py                           1           0  0.09s           2025-10-30T17:16:06
================================================================================
[2025-10-30T17:17:03.169+0000] {manager.py:879} INFO - 
================================================================================
DAG File Processing Stats

File Path                                 PID    Runtime      # DAGs    # Errors  Last Runtime    Last Run
----------------------------------------  -----  ---------  --------  ----------  --------------  -------------------
/opt/airflow/dags/reddit_pipeline_dag.py                           1           0  0.12s           2025-10-30T17:16:37
================================================================================
[2025-10-30T17:17:33.481+0000] {manager.py:879} INFO - 
================================================================================
DAG File Processing Stats

File Path                                 PID    Runtime      # DAGs    # Errors  Last Runtime    Last Run
----------------------------------------  -----  ---------  --------  ----------  --------------  -------------------
/opt/airflow/dags/reddit_pipeline_dag.py                           1           0  0.09s           2025-10-30T17:17:07
================================================================================
[2025-10-30T17:18:02.706+0000] {manager.py:738} INFO - Searching for files in /opt/airflow/dags
[2025-10-30T17:18:02.716+0000] {manager.py:741} INFO - There are 1 files in /opt/airflow/dags
[2025-10-30T17:18:03.735+0000] {manager.py:879} INFO - 
================================================================================
DAG File Processing Stats

File Path                                 PID    Runtime      # DAGs    # Errors  Last Runtime    Last Run
----------------------------------------  -----  ---------  --------  ----------  --------------  -------------------
/opt/airflow/dags/reddit_pipeline_dag.py                           1           0  0.11s           2025-10-30T17:17:37
================================================================================
[2025-10-30T17:18:34.020+0000] {manager.py:879} INFO - 
================================================================================
DAG File Processing Stats

File Path                                 PID    Runtime      # DAGs    # Errors  Last Runtime    Last Run
----------------------------------------  -----  ---------  --------  ----------  --------------  -------------------
/opt/airflow/dags/reddit_pipeline_dag.py                           1           0  0.09s           2025-10-30T17:18:07
================================================================================
[2025-10-30T17:19:04.248+0000] {manager.py:879} INFO - 
================================================================================
DAG File Processing Stats

File Path                                 PID    Runtime      # DAGs    # Errors  Last Runtime    Last Run
----------------------------------------  -----  ---------  --------  ----------  --------------  -------------------
/opt/airflow/dags/reddit_pipeline_dag.py                           1           0  0.09s           2025-10-30T17:18:38
================================================================================
[2025-10-30T17:19:34.505+0000] {manager.py:879} INFO - 
================================================================================
DAG File Processing Stats

File Path                                 PID    Runtime      # DAGs    # Errors  Last Runtime    Last Run
----------------------------------------  -----  ---------  --------  ----------  --------------  -------------------
/opt/airflow/dags/reddit_pipeline_dag.py                           1           0  0.11s           2025-10-30T17:19:08
================================================================================
[2025-10-30T17:20:04.730+0000] {manager.py:879} INFO - 
================================================================================
DAG File Processing Stats

File Path                                 PID    Runtime      # DAGs    # Errors  Last Runtime    Last Run
----------------------------------------  -----  ---------  --------  ----------  --------------  -------------------
/opt/airflow/dags/reddit_pipeline_dag.py                           1           0  0.09s           2025-10-30T17:19:38
================================================================================
[2025-10-30T17:20:34.983+0000] {manager.py:879} INFO - 
================================================================================
DAG File Processing Stats

File Path                                 PID    Runtime      # DAGs    # Errors  Last Runtime    Last Run
----------------------------------------  -----  ---------  --------  ----------  --------------  -------------------
/opt/airflow/dags/reddit_pipeline_dag.py                           1           0  0.10s           2025-10-30T17:20:08
================================================================================
[2025-10-30T17:21:05.216+0000] {manager.py:879} INFO - 
================================================================================
DAG File Processing Stats

File Path                                 PID    Runtime      # DAGs    # Errors  Last Runtime    Last Run
----------------------------------------  -----  ---------  --------  ----------  --------------  -------------------
/opt/airflow/dags/reddit_pipeline_dag.py                           1           0  0.09s           2025-10-30T17:20:39
================================================================================
[2025-10-30T17:21:35.445+0000] {manager.py:879} INFO - 
================================================================================
DAG File Processing Stats

File Path                                 PID    Runtime      # DAGs    # Errors  Last Runtime    Last Run
----------------------------------------  -----  ---------  --------  ----------  --------------  -------------------
/opt/airflow/dags/reddit_pipeline_dag.py                           1           0  0.09s           2025-10-30T17:21:09
================================================================================
[2025-10-30T17:22:05.668+0000] {manager.py:879} INFO - 
================================================================================
DAG File Processing Stats

File Path                                 PID    Runtime      # DAGs    # Errors  Last Runtime    Last Run
----------------------------------------  -----  ---------  --------  ----------  --------------  -------------------
/opt/airflow/dags/reddit_pipeline_dag.py                           1           0  0.09s           2025-10-30T17:21:39
================================================================================
[2025-10-30T17:22:35.909+0000] {manager.py:879} INFO - 
================================================================================
DAG File Processing Stats

File Path                                 PID    Runtime      # DAGs    # Errors  Last Runtime    Last Run
----------------------------------------  -----  ---------  --------  ----------  --------------  -------------------
/opt/airflow/dags/reddit_pipeline_dag.py                           1           0  0.09s           2025-10-30T17:22:09
================================================================================
[2025-10-30T17:23:03.142+0000] {manager.py:738} INFO - Searching for files in /opt/airflow/dags
[2025-10-30T17:23:03.157+0000] {manager.py:741} INFO - There are 1 files in /opt/airflow/dags
[2025-10-30T17:23:06.187+0000] {manager.py:879} INFO - 
================================================================================
DAG File Processing Stats

File Path                                 PID    Runtime      # DAGs    # Errors  Last Runtime    Last Run
----------------------------------------  -----  ---------  --------  ----------  --------------  -------------------
/opt/airflow/dags/reddit_pipeline_dag.py                           1           0  0.10s           2025-10-30T17:22:40
================================================================================
[2025-10-30T17:23:36.415+0000] {manager.py:879} INFO - 
================================================================================
DAG File Processing Stats

File Path                                 PID    Runtime      # DAGs    # Errors  Last Runtime    Last Run
----------------------------------------  -----  ---------  --------  ----------  --------------  -------------------
/opt/airflow/dags/reddit_pipeline_dag.py                           1           0  0.09s           2025-10-30T17:23:10
================================================================================
[2025-10-30T17:24:06.648+0000] {manager.py:879} INFO - 
================================================================================
DAG File Processing Stats

File Path                                 PID    Runtime      # DAGs    # Errors  Last Runtime    Last Run
----------------------------------------  -----  ---------  --------  ----------  --------------  -------------------
/opt/airflow/dags/reddit_pipeline_dag.py                           1           0  0.09s           2025-10-30T17:23:40
================================================================================
[2025-10-30T17:24:36.918+0000] {manager.py:879} INFO - 
================================================================================
DAG File Processing Stats

File Path                                 PID    Runtime      # DAGs    # Errors  Last Runtime    Last Run
----------------------------------------  -----  ---------  --------  ----------  --------------  -------------------
/opt/airflow/dags/reddit_pipeline_dag.py                           1           0  0.09s           2025-10-30T17:24:10
================================================================================
[2025-10-30T17:25:07.153+0000] {manager.py:879} INFO - 
================================================================================
DAG File Processing Stats

File Path                                 PID    Runtime      # DAGs    # Errors  Last Runtime    Last Run
----------------------------------------  -----  ---------  --------  ----------  --------------  -------------------
/opt/airflow/dags/reddit_pipeline_dag.py                           1           0  0.09s           2025-10-30T17:24:41
================================================================================
[2025-10-30T17:25:37.401+0000] {manager.py:879} INFO - 
================================================================================
DAG File Processing Stats

File Path                                 PID    Runtime      # DAGs    # Errors  Last Runtime    Last Run
----------------------------------------  -----  ---------  --------  ----------  --------------  -------------------
/opt/airflow/dags/reddit_pipeline_dag.py                           1           0  0.14s           2025-10-30T17:25:11
================================================================================
[2025-10-30T17:26:07.694+0000] {manager.py:879} INFO - 
================================================================================
DAG File Processing Stats

File Path                                 PID    Runtime      # DAGs    # Errors  Last Runtime    Last Run
----------------------------------------  -----  ---------  --------  ----------  --------------  -------------------
/opt/airflow/dags/reddit_pipeline_dag.py                           1           0  0.10s           2025-10-30T17:25:41
================================================================================
[2025-10-30T17:26:37.919+0000] {manager.py:879} INFO - 
================================================================================
DAG File Processing Stats

File Path                                 PID    Runtime      # DAGs    # Errors  Last Runtime    Last Run
----------------------------------------  -----  ---------  --------  ----------  --------------  -------------------
/opt/airflow/dags/reddit_pipeline_dag.py                           1           0  0.10s           2025-10-30T17:26:11
================================================================================
[2025-10-30T17:27:08.164+0000] {manager.py:879} INFO - 
================================================================================
DAG File Processing Stats

File Path                                 PID    Runtime      # DAGs    # Errors  Last Runtime    Last Run
----------------------------------------  -----  ---------  --------  ----------  --------------  -------------------
/opt/airflow/dags/reddit_pipeline_dag.py                           1           0  0.09s           2025-10-30T17:26:42
================================================================================
[2025-10-30T17:27:38.389+0000] {manager.py:879} INFO - 
================================================================================
DAG File Processing Stats

File Path                                 PID    Runtime      # DAGs    # Errors  Last Runtime    Last Run
----------------------------------------  -----  ---------  --------  ----------  --------------  -------------------
/opt/airflow/dags/reddit_pipeline_dag.py                           1           0  0.10s           2025-10-30T17:27:12
================================================================================
[2025-10-30T17:28:03.630+0000] {manager.py:738} INFO - Searching for files in /opt/airflow/dags
[2025-10-30T17:28:03.643+0000] {manager.py:741} INFO - There are 1 files in /opt/airflow/dags
[2025-10-30T17:28:08.684+0000] {manager.py:879} INFO - 
================================================================================
DAG File Processing Stats

File Path                                 PID    Runtime      # DAGs    # Errors  Last Runtime    Last Run
----------------------------------------  -----  ---------  --------  ----------  --------------  -------------------
/opt/airflow/dags/reddit_pipeline_dag.py                           1           0  0.09s           2025-10-30T17:27:42
================================================================================
[2025-10-30T17:28:38.895+0000] {manager.py:879} INFO - 
================================================================================
DAG File Processing Stats

File Path                                 PID    Runtime      # DAGs    # Errors  Last Runtime    Last Run
----------------------------------------  -----  ---------  --------  ----------  --------------  -------------------
/opt/airflow/dags/reddit_pipeline_dag.py                           1           0  0.09s           2025-10-30T17:28:12
================================================================================
[2025-10-30T17:29:09.135+0000] {manager.py:879} INFO - 
================================================================================
DAG File Processing Stats

File Path                                 PID    Runtime      # DAGs    # Errors  Last Runtime    Last Run
----------------------------------------  -----  ---------  --------  ----------  --------------  -------------------
/opt/airflow/dags/reddit_pipeline_dag.py                           1           0  0.09s           2025-10-30T17:28:43
================================================================================
[2025-10-30T17:29:39.355+0000] {manager.py:879} INFO - 
================================================================================
DAG File Processing Stats

File Path                                 PID    Runtime      # DAGs    # Errors  Last Runtime    Last Run
----------------------------------------  -----  ---------  --------  ----------  --------------  -------------------
/opt/airflow/dags/reddit_pipeline_dag.py                           1           0  0.09s           2025-10-30T17:29:13
================================================================================
[2025-10-30T17:30:09.603+0000] {manager.py:879} INFO - 
================================================================================
DAG File Processing Stats

File Path                                 PID    Runtime      # DAGs    # Errors  Last Runtime    Last Run
----------------------------------------  -----  ---------  --------  ----------  --------------  -------------------
/opt/airflow/dags/reddit_pipeline_dag.py                           1           0  0.09s           2025-10-30T17:29:43
================================================================================
[2025-10-30T17:30:39.842+0000] {manager.py:879} INFO - 
================================================================================
DAG File Processing Stats

File Path                                 PID    Runtime      # DAGs    # Errors  Last Runtime    Last Run
----------------------------------------  -----  ---------  --------  ----------  --------------  -------------------
/opt/airflow/dags/reddit_pipeline_dag.py                           1           0  0.09s           2025-10-30T17:30:13
================================================================================
[2025-10-30T17:31:10.103+0000] {manager.py:879} INFO - 
================================================================================
DAG File Processing Stats

File Path                                 PID    Runtime      # DAGs    # Errors  Last Runtime    Last Run
----------------------------------------  -----  ---------  --------  ----------  --------------  -------------------
/opt/airflow/dags/reddit_pipeline_dag.py                           1           0  0.10s           2025-10-30T17:30:44
================================================================================
[2025-10-30T17:31:40.344+0000] {manager.py:879} INFO - 
================================================================================
DAG File Processing Stats

File Path                                 PID    Runtime      # DAGs    # Errors  Last Runtime    Last Run
----------------------------------------  -----  ---------  --------  ----------  --------------  -------------------
/opt/airflow/dags/reddit_pipeline_dag.py                           1           0  0.09s           2025-10-30T17:31:14
================================================================================
[2025-10-30T17:32:10.587+0000] {manager.py:879} INFO - 
================================================================================
DAG File Processing Stats

File Path                                 PID    Runtime      # DAGs    # Errors  Last Runtime    Last Run
----------------------------------------  -----  ---------  --------  ----------  --------------  -------------------
/opt/airflow/dags/reddit_pipeline_dag.py                           1           0  0.09s           2025-10-30T17:31:44
================================================================================
[2025-10-30T17:32:40.806+0000] {manager.py:879} INFO - 
================================================================================
DAG File Processing Stats

File Path                                 PID    Runtime      # DAGs    # Errors  Last Runtime    Last Run
----------------------------------------  -----  ---------  --------  ----------  --------------  -------------------
/opt/airflow/dags/reddit_pipeline_dag.py                           1           0  0.09s           2025-10-30T17:32:14
================================================================================
[2025-10-30T17:33:04.007+0000] {manager.py:738} INFO - Searching for files in /opt/airflow/dags
[2025-10-30T17:33:04.021+0000] {manager.py:741} INFO - There are 1 files in /opt/airflow/dags
[2025-10-30T17:33:11.077+0000] {manager.py:879} INFO - 
================================================================================
DAG File Processing Stats

File Path                                 PID    Runtime      # DAGs    # Errors  Last Runtime    Last Run
----------------------------------------  -----  ---------  --------  ----------  --------------  -------------------
/opt/airflow/dags/reddit_pipeline_dag.py                           1           0  0.10s           2025-10-30T17:32:44
================================================================================
[2025-10-30T17:33:41.296+0000] {manager.py:879} INFO - 
================================================================================
DAG File Processing Stats

File Path                                 PID    Runtime      # DAGs    # Errors  Last Runtime    Last Run
----------------------------------------  -----  ---------  --------  ----------  --------------  -------------------
/opt/airflow/dags/reddit_pipeline_dag.py                           1           0  0.10s           2025-10-30T17:33:15
================================================================================
[2025-10-30T17:34:11.545+0000] {manager.py:879} INFO - 
================================================================================
DAG File Processing Stats

File Path                                 PID    Runtime      # DAGs    # Errors  Last Runtime    Last Run
----------------------------------------  -----  ---------  --------  ----------  --------------  -------------------
/opt/airflow/dags/reddit_pipeline_dag.py                           1           0  0.09s           2025-10-30T17:33:45
================================================================================
[2025-10-30T17:34:41.755+0000] {manager.py:879} INFO - 
================================================================================
DAG File Processing Stats

File Path                                 PID    Runtime      # DAGs    # Errors  Last Runtime    Last Run
----------------------------------------  -----  ---------  --------  ----------  --------------  -------------------
/opt/airflow/dags/reddit_pipeline_dag.py                           1           0  0.09s           2025-10-30T17:34:15
================================================================================
[2025-10-30T17:35:12.034+0000] {manager.py:879} INFO - 
================================================================================
DAG File Processing Stats

File Path                                 PID    Runtime      # DAGs    # Errors  Last Runtime    Last Run
----------------------------------------  -----  ---------  --------  ----------  --------------  -------------------
/opt/airflow/dags/reddit_pipeline_dag.py                           1           0  0.09s           2025-10-30T17:34:45
================================================================================
[2025-10-30T17:35:42.259+0000] {manager.py:879} INFO - 
================================================================================
DAG File Processing Stats

File Path                                 PID    Runtime      # DAGs    # Errors  Last Runtime    Last Run
----------------------------------------  -----  ---------  --------  ----------  --------------  -------------------
/opt/airflow/dags/reddit_pipeline_dag.py                           1           0  0.10s           2025-10-30T17:35:16
================================================================================
[2025-10-30T17:36:12.564+0000] {manager.py:879} INFO - 
================================================================================
DAG File Processing Stats

File Path                                 PID    Runtime      # DAGs    # Errors  Last Runtime    Last Run
----------------------------------------  -----  ---------  --------  ----------  --------------  -------------------
/opt/airflow/dags/reddit_pipeline_dag.py                           1           0  0.12s           2025-10-30T17:35:46
================================================================================
[2025-10-30T17:36:42.779+0000] {manager.py:879} INFO - 
================================================================================
DAG File Processing Stats

File Path                                 PID    Runtime      # DAGs    # Errors  Last Runtime    Last Run
----------------------------------------  -----  ---------  --------  ----------  --------------  -------------------
/opt/airflow/dags/reddit_pipeline_dag.py                           1           0  0.10s           2025-10-30T17:36:16
================================================================================
[2025-10-30T17:37:13.064+0000] {manager.py:879} INFO - 
================================================================================
DAG File Processing Stats

File Path                                 PID    Runtime      # DAGs    # Errors  Last Runtime    Last Run
----------------------------------------  -----  ---------  --------  ----------  --------------  -------------------
/opt/airflow/dags/reddit_pipeline_dag.py                           1           0  0.09s           2025-10-30T17:36:46
================================================================================
[2025-10-30T17:37:43.289+0000] {manager.py:879} INFO - 
================================================================================
DAG File Processing Stats

File Path                                 PID    Runtime      # DAGs    # Errors  Last Runtime    Last Run
----------------------------------------  -----  ---------  --------  ----------  --------------  -------------------
/opt/airflow/dags/reddit_pipeline_dag.py                           1           0  0.09s           2025-10-30T17:37:17
================================================================================
[2025-10-30T17:38:04.503+0000] {manager.py:738} INFO - Searching for files in /opt/airflow/dags
[2025-10-30T17:38:04.543+0000] {manager.py:741} INFO - There are 1 files in /opt/airflow/dags
[2025-10-30T17:38:13.622+0000] {manager.py:879} INFO - 
================================================================================
DAG File Processing Stats

File Path                                 PID    Runtime      # DAGs    # Errors  Last Runtime    Last Run
----------------------------------------  -----  ---------  --------  ----------  --------------  -------------------
/opt/airflow/dags/reddit_pipeline_dag.py                           1           0  0.10s           2025-10-30T17:37:47
================================================================================
[2025-10-30T17:38:43.843+0000] {manager.py:879} INFO - 
================================================================================
DAG File Processing Stats

File Path                                 PID    Runtime      # DAGs    # Errors  Last Runtime    Last Run
----------------------------------------  -----  ---------  --------  ----------  --------------  -------------------
/opt/airflow/dags/reddit_pipeline_dag.py                           1           0  0.09s           2025-10-30T17:38:17
================================================================================
[2025-10-30T17:39:14.101+0000] {manager.py:879} INFO - 
================================================================================
DAG File Processing Stats

File Path                                 PID    Runtime      # DAGs    # Errors  Last Runtime    Last Run
----------------------------------------  -----  ---------  --------  ----------  --------------  -------------------
/opt/airflow/dags/reddit_pipeline_dag.py                           1           0  0.09s           2025-10-30T17:38:47
================================================================================
[2025-10-30T17:39:44.330+0000] {manager.py:879} INFO - 
================================================================================
DAG File Processing Stats

File Path                                 PID    Runtime      # DAGs    # Errors  Last Runtime    Last Run
----------------------------------------  -----  ---------  --------  ----------  --------------  -------------------
/opt/airflow/dags/reddit_pipeline_dag.py                           1           0  0.09s           2025-10-30T17:39:18
================================================================================
[2025-10-30T17:40:14.576+0000] {manager.py:879} INFO - 
================================================================================
DAG File Processing Stats

File Path                                 PID    Runtime      # DAGs    # Errors  Last Runtime    Last Run
----------------------------------------  -----  ---------  --------  ----------  --------------  -------------------
/opt/airflow/dags/reddit_pipeline_dag.py                           1           0  0.09s           2025-10-30T17:39:48
================================================================================
[2025-10-30T17:40:44.787+0000] {manager.py:879} INFO - 
================================================================================
DAG File Processing Stats

File Path                                 PID    Runtime      # DAGs    # Errors  Last Runtime    Last Run
----------------------------------------  -----  ---------  --------  ----------  --------------  -------------------
/opt/airflow/dags/reddit_pipeline_dag.py                           1           0  0.10s           2025-10-30T17:40:18
================================================================================
[2025-10-30T17:41:15.049+0000] {manager.py:879} INFO - 
================================================================================
DAG File Processing Stats

File Path                                 PID    Runtime      # DAGs    # Errors  Last Runtime    Last Run
----------------------------------------  -----  ---------  --------  ----------  --------------  -------------------
/opt/airflow/dags/reddit_pipeline_dag.py                           1           0  0.09s           2025-10-30T17:40:48
================================================================================
[2025-10-30T17:41:45.287+0000] {manager.py:879} INFO - 
================================================================================
DAG File Processing Stats

File Path                                 PID    Runtime      # DAGs    # Errors  Last Runtime    Last Run
----------------------------------------  -----  ---------  --------  ----------  --------------  -------------------
/opt/airflow/dags/reddit_pipeline_dag.py                           1           0  0.10s           2025-10-30T17:41:19
================================================================================
[2025-10-30T17:42:15.527+0000] {manager.py:879} INFO - 
================================================================================
DAG File Processing Stats

File Path                                 PID    Runtime      # DAGs    # Errors  Last Runtime    Last Run
----------------------------------------  -----  ---------  --------  ----------  --------------  -------------------
/opt/airflow/dags/reddit_pipeline_dag.py                           1           0  0.11s           2025-10-30T17:41:49
================================================================================
[2025-10-30T17:42:45.810+0000] {manager.py:879} INFO - 
================================================================================
DAG File Processing Stats

File Path                                 PID    Runtime      # DAGs    # Errors  Last Runtime    Last Run
----------------------------------------  -----  ---------  --------  ----------  --------------  -------------------
/opt/airflow/dags/reddit_pipeline_dag.py                           1           0  0.10s           2025-10-30T17:42:19
================================================================================
[2025-10-30T17:43:04.946+0000] {manager.py:738} INFO - Searching for files in /opt/airflow/dags
[2025-10-30T17:43:04.962+0000] {manager.py:741} INFO - There are 1 files in /opt/airflow/dags
[2025-10-30T17:43:16.046+0000] {manager.py:879} INFO - 
================================================================================
DAG File Processing Stats

File Path                                 PID    Runtime      # DAGs    # Errors  Last Runtime    Last Run
----------------------------------------  -----  ---------  --------  ----------  --------------  -------------------
/opt/airflow/dags/reddit_pipeline_dag.py                           1           0  0.09s           2025-10-30T17:42:49
================================================================================
[2025-10-30T17:43:46.284+0000] {manager.py:879} INFO - 
================================================================================
DAG File Processing Stats

File Path                                 PID    Runtime      # DAGs    # Errors  Last Runtime    Last Run
----------------------------------------  -----  ---------  --------  ----------  --------------  -------------------
/opt/airflow/dags/reddit_pipeline_dag.py                           1           0  0.09s           2025-10-30T17:43:20
================================================================================
[2025-10-30T17:44:16.497+0000] {manager.py:879} INFO - 
================================================================================
DAG File Processing Stats

File Path                                 PID    Runtime      # DAGs    # Errors  Last Runtime    Last Run
----------------------------------------  -----  ---------  --------  ----------  --------------  -------------------
/opt/airflow/dags/reddit_pipeline_dag.py                           1           0  0.09s           2025-10-30T17:43:50
================================================================================
[2025-10-30T17:44:46.735+0000] {manager.py:879} INFO - 
================================================================================
DAG File Processing Stats

File Path                                 PID    Runtime      # DAGs    # Errors  Last Runtime    Last Run
----------------------------------------  -----  ---------  --------  ----------  --------------  -------------------
/opt/airflow/dags/reddit_pipeline_dag.py                           1           0  0.09s           2025-10-30T17:44:20
================================================================================
[2025-10-30T17:45:16.945+0000] {manager.py:879} INFO - 
================================================================================
DAG File Processing Stats

File Path                                 PID    Runtime      # DAGs    # Errors  Last Runtime    Last Run
----------------------------------------  -----  ---------  --------  ----------  --------------  -------------------
/opt/airflow/dags/reddit_pipeline_dag.py                           1           0  0.09s           2025-10-30T17:44:50
================================================================================
[2025-10-30T17:45:47.199+0000] {manager.py:879} INFO - 
================================================================================
DAG File Processing Stats

File Path                                 PID    Runtime      # DAGs    # Errors  Last Runtime    Last Run
----------------------------------------  -----  ---------  --------  ----------  --------------  -------------------
/opt/airflow/dags/reddit_pipeline_dag.py                           1           0  0.09s           2025-10-30T17:45:21
================================================================================
[2025-10-30T17:46:17.440+0000] {manager.py:879} INFO - 
================================================================================
DAG File Processing Stats

File Path                                 PID    Runtime      # DAGs    # Errors  Last Runtime    Last Run
----------------------------------------  -----  ---------  --------  ----------  --------------  -------------------
/opt/airflow/dags/reddit_pipeline_dag.py                           1           0  0.13s           2025-10-30T17:45:51
================================================================================
[2025-10-30T17:46:47.724+0000] {manager.py:879} INFO - 
================================================================================
DAG File Processing Stats

File Path                                 PID    Runtime      # DAGs    # Errors  Last Runtime    Last Run
----------------------------------------  -----  ---------  --------  ----------  --------------  -------------------
/opt/airflow/dags/reddit_pipeline_dag.py                           1           0  0.11s           2025-10-30T17:46:21
================================================================================
[2025-10-30T17:47:17.943+0000] {manager.py:879} INFO - 
================================================================================
DAG File Processing Stats

File Path                                 PID    Runtime      # DAGs    # Errors  Last Runtime    Last Run
----------------------------------------  -----  ---------  --------  ----------  --------------  -------------------
/opt/airflow/dags/reddit_pipeline_dag.py                           1           0  0.12s           2025-10-30T17:46:51
================================================================================
[2025-10-30T17:47:48.243+0000] {manager.py:879} INFO - 
================================================================================
DAG File Processing Stats

File Path                                 PID    Runtime      # DAGs    # Errors  Last Runtime    Last Run
----------------------------------------  -----  ---------  --------  ----------  --------------  -------------------
/opt/airflow/dags/reddit_pipeline_dag.py                           1           0  0.09s           2025-10-30T17:47:22
================================================================================
[2025-10-30T17:48:05.380+0000] {manager.py:738} INFO - Searching for files in /opt/airflow/dags
[2025-10-30T17:48:05.396+0000] {manager.py:741} INFO - There are 1 files in /opt/airflow/dags
[2025-10-30T17:48:18.512+0000] {manager.py:879} INFO - 
================================================================================
DAG File Processing Stats

File Path                                 PID    Runtime      # DAGs    # Errors  Last Runtime    Last Run
----------------------------------------  -----  ---------  --------  ----------  --------------  -------------------
/opt/airflow/dags/reddit_pipeline_dag.py                           1           0  0.09s           2025-10-30T17:47:52
================================================================================
[2025-10-30T17:48:48.727+0000] {manager.py:879} INFO - 
================================================================================
DAG File Processing Stats

File Path                                 PID    Runtime      # DAGs    # Errors  Last Runtime    Last Run
----------------------------------------  -----  ---------  --------  ----------  --------------  -------------------
/opt/airflow/dags/reddit_pipeline_dag.py                           1           0  0.09s           2025-10-30T17:48:22
================================================================================
[2025-10-30T17:49:18.987+0000] {manager.py:879} INFO - 
================================================================================
DAG File Processing Stats

File Path                                 PID    Runtime      # DAGs    # Errors  Last Runtime    Last Run
----------------------------------------  -----  ---------  --------  ----------  --------------  -------------------
/opt/airflow/dags/reddit_pipeline_dag.py                           1           0  0.09s           2025-10-30T17:48:52
================================================================================
[2025-10-30T17:49:49.225+0000] {manager.py:879} INFO - 
================================================================================
DAG File Processing Stats

File Path                                 PID    Runtime      # DAGs    # Errors  Last Runtime    Last Run
----------------------------------------  -----  ---------  --------  ----------  --------------  -------------------
/opt/airflow/dags/reddit_pipeline_dag.py                           1           0  0.09s           2025-10-30T17:49:23
================================================================================
[2025-10-30T17:50:19.483+0000] {manager.py:879} INFO - 
================================================================================
DAG File Processing Stats

File Path                                 PID    Runtime      # DAGs    # Errors  Last Runtime    Last Run
----------------------------------------  -----  ---------  --------  ----------  --------------  -------------------
/opt/airflow/dags/reddit_pipeline_dag.py                           1           0  0.10s           2025-10-30T17:49:53
================================================================================
[2025-10-30T17:50:49.707+0000] {manager.py:879} INFO - 
================================================================================
DAG File Processing Stats

File Path                                 PID    Runtime      # DAGs    # Errors  Last Runtime    Last Run
----------------------------------------  -----  ---------  --------  ----------  --------------  -------------------
/opt/airflow/dags/reddit_pipeline_dag.py                           1           0  0.09s           2025-10-30T17:50:23
================================================================================
[2025-10-30T17:51:19.964+0000] {manager.py:879} INFO - 
================================================================================
DAG File Processing Stats

File Path                                 PID    Runtime      # DAGs    # Errors  Last Runtime    Last Run
----------------------------------------  -----  ---------  --------  ----------  --------------  -------------------
/opt/airflow/dags/reddit_pipeline_dag.py                           1           0  0.09s           2025-10-30T17:50:53
================================================================================
[2025-10-30T17:51:50.177+0000] {manager.py:879} INFO - 
================================================================================
DAG File Processing Stats

File Path                                 PID    Runtime      # DAGs    # Errors  Last Runtime    Last Run
----------------------------------------  -----  ---------  --------  ----------  --------------  -------------------
/opt/airflow/dags/reddit_pipeline_dag.py                           1           0  0.10s           2025-10-30T17:51:24
================================================================================
[2025-10-30T17:52:20.438+0000] {manager.py:879} INFO - 
================================================================================
DAG File Processing Stats

File Path                                 PID    Runtime      # DAGs    # Errors  Last Runtime    Last Run
----------------------------------------  -----  ---------  --------  ----------  --------------  -------------------
/opt/airflow/dags/reddit_pipeline_dag.py                           1           0  0.10s           2025-10-30T17:51:54
================================================================================
[2025-10-30T17:52:50.647+0000] {manager.py:879} INFO - 
================================================================================
DAG File Processing Stats

File Path                                 PID    Runtime      # DAGs    # Errors  Last Runtime    Last Run
----------------------------------------  -----  ---------  --------  ----------  --------------  -------------------
/opt/airflow/dags/reddit_pipeline_dag.py                           1           0  0.09s           2025-10-30T17:52:24
================================================================================
[2025-10-30T17:53:05.759+0000] {manager.py:738} INFO - Searching for files in /opt/airflow/dags
[2025-10-30T17:53:05.775+0000] {manager.py:741} INFO - There are 1 files in /opt/airflow/dags
[2025-10-30T17:53:20.892+0000] {manager.py:879} INFO - 
================================================================================
DAG File Processing Stats

File Path                                 PID    Runtime      # DAGs    # Errors  Last Runtime    Last Run
----------------------------------------  -----  ---------  --------  ----------  --------------  -------------------
/opt/airflow/dags/reddit_pipeline_dag.py                           1           0  0.09s           2025-10-30T17:52:54
================================================================================
[2025-10-30T17:53:51.136+0000] {manager.py:879} INFO - 
================================================================================
DAG File Processing Stats

File Path                                 PID    Runtime      # DAGs    # Errors  Last Runtime    Last Run
----------------------------------------  -----  ---------  --------  ----------  --------------  -------------------
/opt/airflow/dags/reddit_pipeline_dag.py                           1           0  0.10s           2025-10-30T17:53:25
================================================================================
[2025-10-30T17:54:21.371+0000] {manager.py:879} INFO - 
================================================================================
DAG File Processing Stats

File Path                                 PID    Runtime      # DAGs    # Errors  Last Runtime    Last Run
----------------------------------------  -----  ---------  --------  ----------  --------------  -------------------
/opt/airflow/dags/reddit_pipeline_dag.py                           1           0  0.09s           2025-10-30T17:53:55
================================================================================
[2025-10-30T17:54:51.594+0000] {manager.py:879} INFO - 
================================================================================
DAG File Processing Stats

File Path                                 PID    Runtime      # DAGs    # Errors  Last Runtime    Last Run
----------------------------------------  -----  ---------  --------  ----------  --------------  -------------------
/opt/airflow/dags/reddit_pipeline_dag.py                           1           0  0.09s           2025-10-30T17:54:25
================================================================================
[2025-10-30T17:55:21.860+0000] {manager.py:879} INFO - 
================================================================================
DAG File Processing Stats

File Path                                 PID    Runtime      # DAGs    # Errors  Last Runtime    Last Run
----------------------------------------  -----  ---------  --------  ----------  --------------  -------------------
/opt/airflow/dags/reddit_pipeline_dag.py                           1           0  0.09s           2025-10-30T17:54:55
================================================================================
[2025-10-30T17:55:52.100+0000] {manager.py:879} INFO - 
================================================================================
DAG File Processing Stats

File Path                                 PID    Runtime      # DAGs    # Errors  Last Runtime    Last Run
----------------------------------------  -----  ---------  --------  ----------  --------------  -------------------
/opt/airflow/dags/reddit_pipeline_dag.py                           1           0  0.09s           2025-10-30T17:55:25
================================================================================
[2025-10-30T17:56:22.339+0000] {manager.py:879} INFO - 
================================================================================
DAG File Processing Stats

File Path                                 PID    Runtime      # DAGs    # Errors  Last Runtime    Last Run
----------------------------------------  -----  ---------  --------  ----------  --------------  -------------------
/opt/airflow/dags/reddit_pipeline_dag.py                           1           0  0.10s           2025-10-30T17:55:56
================================================================================
[2025-10-30T17:56:52.595+0000] {manager.py:879} INFO - 
================================================================================
DAG File Processing Stats

File Path                                 PID    Runtime      # DAGs    # Errors  Last Runtime    Last Run
----------------------------------------  -----  ---------  --------  ----------  --------------  -------------------
/opt/airflow/dags/reddit_pipeline_dag.py                           1           0  0.09s           2025-10-30T17:56:26
================================================================================
[2025-10-30T17:57:22.819+0000] {manager.py:879} INFO - 
================================================================================
DAG File Processing Stats

File Path                                 PID    Runtime      # DAGs    # Errors  Last Runtime    Last Run
----------------------------------------  -----  ---------  --------  ----------  --------------  -------------------
/opt/airflow/dags/reddit_pipeline_dag.py                           1           0  0.10s           2025-10-30T17:56:56
================================================================================
[2025-10-30T17:57:53.058+0000] {manager.py:879} INFO - 
================================================================================
DAG File Processing Stats

File Path                                 PID    Runtime      # DAGs    # Errors  Last Runtime    Last Run
----------------------------------------  -----  ---------  --------  ----------  --------------  -------------------
/opt/airflow/dags/reddit_pipeline_dag.py                           1           0  0.09s           2025-10-30T17:57:26
================================================================================
[2025-10-30T17:58:06.165+0000] {manager.py:738} INFO - Searching for files in /opt/airflow/dags
[2025-10-30T17:58:06.180+0000] {manager.py:741} INFO - There are 1 files in /opt/airflow/dags
[2025-10-30T17:58:23.310+0000] {manager.py:879} INFO - 
================================================================================
DAG File Processing Stats

File Path                                 PID    Runtime      # DAGs    # Errors  Last Runtime    Last Run
----------------------------------------  -----  ---------  --------  ----------  --------------  -------------------
/opt/airflow/dags/reddit_pipeline_dag.py                           1           0  0.09s           2025-10-30T17:57:57
================================================================================
[2025-10-30T17:58:53.546+0000] {manager.py:879} INFO - 
================================================================================
DAG File Processing Stats

File Path                                 PID    Runtime      # DAGs    # Errors  Last Runtime    Last Run
----------------------------------------  -----  ---------  --------  ----------  --------------  -------------------
/opt/airflow/dags/reddit_pipeline_dag.py                           1           0  0.12s           2025-10-30T17:58:27
================================================================================
[2025-10-30T17:59:23.799+0000] {manager.py:879} INFO - 
================================================================================
DAG File Processing Stats

File Path                                 PID    Runtime      # DAGs    # Errors  Last Runtime    Last Run
----------------------------------------  -----  ---------  --------  ----------  --------------  -------------------
/opt/airflow/dags/reddit_pipeline_dag.py                           1           0  0.10s           2025-10-30T17:58:57
================================================================================
[2025-10-30T17:59:54.031+0000] {manager.py:879} INFO - 
================================================================================
DAG File Processing Stats

File Path                                 PID    Runtime      # DAGs    # Errors  Last Runtime    Last Run
----------------------------------------  -----  ---------  --------  ----------  --------------  -------------------
/opt/airflow/dags/reddit_pipeline_dag.py                           1           0  0.09s           2025-10-30T17:59:27
================================================================================
[2025-10-30T18:00:24.249+0000] {manager.py:879} INFO - 
================================================================================
DAG File Processing Stats

File Path                                 PID    Runtime      # DAGs    # Errors  Last Runtime    Last Run
----------------------------------------  -----  ---------  --------  ----------  --------------  -------------------
/opt/airflow/dags/reddit_pipeline_dag.py                           1           0  0.10s           2025-10-30T17:59:58
================================================================================
[2025-10-30T18:00:54.508+0000] {manager.py:879} INFO - 
================================================================================
DAG File Processing Stats

File Path                                 PID    Runtime      # DAGs    # Errors  Last Runtime    Last Run
----------------------------------------  -----  ---------  --------  ----------  --------------  -------------------
/opt/airflow/dags/reddit_pipeline_dag.py                           1           0  0.09s           2025-10-30T18:00:28
================================================================================
[2025-10-30T18:01:24.734+0000] {manager.py:879} INFO - 
================================================================================
DAG File Processing Stats

File Path                                 PID    Runtime      # DAGs    # Errors  Last Runtime    Last Run
----------------------------------------  -----  ---------  --------  ----------  --------------  -------------------
/opt/airflow/dags/reddit_pipeline_dag.py                           1           0  0.11s           2025-10-30T18:00:58
================================================================================
[2025-10-30T18:01:54.952+0000] {manager.py:879} INFO - 
================================================================================
DAG File Processing Stats

File Path                                 PID    Runtime      # DAGs    # Errors  Last Runtime    Last Run
----------------------------------------  -----  ---------  --------  ----------  --------------  -------------------
/opt/airflow/dags/reddit_pipeline_dag.py                           1           0  0.11s           2025-10-30T18:01:28
================================================================================
[2025-10-30T18:02:25.245+0000] {manager.py:879} INFO - 
================================================================================
DAG File Processing Stats

File Path                                 PID    Runtime      # DAGs    # Errors  Last Runtime    Last Run
----------------------------------------  -----  ---------  --------  ----------  --------------  -------------------
/opt/airflow/dags/reddit_pipeline_dag.py                           1           0  0.09s           2025-10-30T18:01:59
================================================================================
[2025-10-30T18:02:55.467+0000] {manager.py:879} INFO - 
================================================================================
DAG File Processing Stats

File Path                                 PID    Runtime      # DAGs    # Errors  Last Runtime    Last Run
----------------------------------------  -----  ---------  --------  ----------  --------------  -------------------
/opt/airflow/dags/reddit_pipeline_dag.py                           1           0  0.13s           2025-10-30T18:02:29
================================================================================
[2025-10-30T18:03:06.557+0000] {manager.py:738} INFO - Searching for files in /opt/airflow/dags
[2025-10-30T18:03:06.582+0000] {manager.py:741} INFO - There are 1 files in /opt/airflow/dags
[2025-10-30T18:03:25.721+0000] {manager.py:879} INFO - 
================================================================================
DAG File Processing Stats

File Path                                 PID    Runtime      # DAGs    # Errors  Last Runtime    Last Run
----------------------------------------  -----  ---------  --------  ----------  --------------  -------------------
/opt/airflow/dags/reddit_pipeline_dag.py                           1           0  0.09s           2025-10-30T18:02:59
================================================================================
[2025-10-30T18:03:55.919+0000] {manager.py:879} INFO - 
================================================================================
DAG File Processing Stats

File Path                                 PID    Runtime      # DAGs    # Errors  Last Runtime    Last Run
----------------------------------------  -----  ---------  --------  ----------  --------------  -------------------
/opt/airflow/dags/reddit_pipeline_dag.py                           1           0  0.09s           2025-10-30T18:03:29
================================================================================
[2025-10-30T18:04:26.196+0000] {manager.py:879} INFO - 
================================================================================
DAG File Processing Stats

File Path                                 PID    Runtime      # DAGs    # Errors  Last Runtime    Last Run
----------------------------------------  -----  ---------  --------  ----------  --------------  -------------------
/opt/airflow/dags/reddit_pipeline_dag.py                           1           0  0.09s           2025-10-30T18:04:00
================================================================================
[2025-10-30T18:04:56.422+0000] {manager.py:879} INFO - 
================================================================================
DAG File Processing Stats

File Path                                 PID    Runtime      # DAGs    # Errors  Last Runtime    Last Run
----------------------------------------  -----  ---------  --------  ----------  --------------  -------------------
/opt/airflow/dags/reddit_pipeline_dag.py                           1           0  0.09s           2025-10-30T18:04:30
================================================================================
[2025-10-30T18:05:26.663+0000] {manager.py:879} INFO - 
================================================================================
DAG File Processing Stats

File Path                                 PID    Runtime      # DAGs    # Errors  Last Runtime    Last Run
----------------------------------------  -----  ---------  --------  ----------  --------------  -------------------
/opt/airflow/dags/reddit_pipeline_dag.py                           1           0  0.11s           2025-10-30T18:05:00
================================================================================
[2025-10-30T18:05:56.910+0000] {manager.py:879} INFO - 
================================================================================
DAG File Processing Stats

File Path                                 PID    Runtime      # DAGs    # Errors  Last Runtime    Last Run
----------------------------------------  -----  ---------  --------  ----------  --------------  -------------------
/opt/airflow/dags/reddit_pipeline_dag.py                           1           0  0.10s           2025-10-30T18:05:30
================================================================================
[2025-10-30T18:06:27.161+0000] {manager.py:879} INFO - 
================================================================================
DAG File Processing Stats

File Path                                 PID    Runtime      # DAGs    # Errors  Last Runtime    Last Run
----------------------------------------  -----  ---------  --------  ----------  --------------  -------------------
/opt/airflow/dags/reddit_pipeline_dag.py                           1           0  0.09s           2025-10-30T18:06:01
================================================================================
[2025-10-30T18:06:57.387+0000] {manager.py:879} INFO - 
================================================================================
DAG File Processing Stats

File Path                                 PID    Runtime      # DAGs    # Errors  Last Runtime    Last Run
----------------------------------------  -----  ---------  --------  ----------  --------------  -------------------
/opt/airflow/dags/reddit_pipeline_dag.py                           1           0  0.10s           2025-10-30T18:06:31
================================================================================
[2025-10-30T18:07:27.633+0000] {manager.py:879} INFO - 
================================================================================
DAG File Processing Stats

File Path                                 PID    Runtime      # DAGs    # Errors  Last Runtime    Last Run
----------------------------------------  -----  ---------  --------  ----------  --------------  -------------------
/opt/airflow/dags/reddit_pipeline_dag.py                           1           0  0.10s           2025-10-30T18:07:01
================================================================================
[2025-10-30T18:07:57.842+0000] {manager.py:879} INFO - 
================================================================================
DAG File Processing Stats

File Path                                 PID    Runtime      # DAGs    # Errors  Last Runtime    Last Run
----------------------------------------  -----  ---------  --------  ----------  --------------  -------------------
/opt/airflow/dags/reddit_pipeline_dag.py                           1           0  0.11s           2025-10-30T18:07:31
================================================================================
[2025-10-30T18:08:06.959+0000] {manager.py:738} INFO - Searching for files in /opt/airflow/dags
[2025-10-30T18:08:06.973+0000] {manager.py:741} INFO - There are 1 files in /opt/airflow/dags
[2025-10-30T18:08:28.101+0000] {manager.py:879} INFO - 
================================================================================
DAG File Processing Stats

File Path                                 PID    Runtime      # DAGs    # Errors  Last Runtime    Last Run
----------------------------------------  -----  ---------  --------  ----------  --------------  -------------------
/opt/airflow/dags/reddit_pipeline_dag.py                           1           0  0.09s           2025-10-30T18:08:01
================================================================================
[2025-10-30T18:08:58.304+0000] {manager.py:879} INFO - 
================================================================================
DAG File Processing Stats

File Path                                 PID    Runtime      # DAGs    # Errors  Last Runtime    Last Run
----------------------------------------  -----  ---------  --------  ----------  --------------  -------------------
/opt/airflow/dags/reddit_pipeline_dag.py                           1           0  0.09s           2025-10-30T18:08:32
================================================================================
[2025-10-30T18:09:28.572+0000] {manager.py:879} INFO - 
================================================================================
DAG File Processing Stats

File Path                                 PID    Runtime      # DAGs    # Errors  Last Runtime    Last Run
----------------------------------------  -----  ---------  --------  ----------  --------------  -------------------
/opt/airflow/dags/reddit_pipeline_dag.py                           1           0  0.09s           2025-10-30T18:09:02
================================================================================
[2025-10-30T18:09:58.810+0000] {manager.py:879} INFO - 
================================================================================
DAG File Processing Stats

File Path                                 PID    Runtime      # DAGs    # Errors  Last Runtime    Last Run
----------------------------------------  -----  ---------  --------  ----------  --------------  -------------------
/opt/airflow/dags/reddit_pipeline_dag.py                           1           0  0.12s           2025-10-30T18:09:32
================================================================================
[2025-10-30T18:10:29.091+0000] {manager.py:879} INFO - 
================================================================================
DAG File Processing Stats

File Path                                 PID    Runtime      # DAGs    # Errors  Last Runtime    Last Run
----------------------------------------  -----  ---------  --------  ----------  --------------  -------------------
/opt/airflow/dags/reddit_pipeline_dag.py                           1           0  0.10s           2025-10-30T18:10:02
================================================================================
[2025-10-30T18:10:59.331+0000] {manager.py:879} INFO - 
================================================================================
DAG File Processing Stats

File Path                                 PID    Runtime      # DAGs    # Errors  Last Runtime    Last Run
----------------------------------------  -----  ---------  --------  ----------  --------------  -------------------
/opt/airflow/dags/reddit_pipeline_dag.py                           1           0  0.09s           2025-10-30T18:10:33
================================================================================
[2025-10-30T18:11:29.616+0000] {manager.py:879} INFO - 
================================================================================
DAG File Processing Stats

File Path                                 PID    Runtime      # DAGs    # Errors  Last Runtime    Last Run
----------------------------------------  -----  ---------  --------  ----------  --------------  -------------------
/opt/airflow/dags/reddit_pipeline_dag.py                           1           0  0.11s           2025-10-30T18:11:03
================================================================================
[2025-10-30T18:11:59.854+0000] {manager.py:879} INFO - 
================================================================================
DAG File Processing Stats

File Path                                 PID    Runtime      # DAGs    # Errors  Last Runtime    Last Run
----------------------------------------  -----  ---------  --------  ----------  --------------  -------------------
/opt/airflow/dags/reddit_pipeline_dag.py                           1           0  0.09s           2025-10-30T18:11:33
================================================================================
[2025-10-30T18:12:30.082+0000] {manager.py:879} INFO - 
================================================================================
DAG File Processing Stats

File Path                                 PID    Runtime      # DAGs    # Errors  Last Runtime    Last Run
----------------------------------------  -----  ---------  --------  ----------  --------------  -------------------
/opt/airflow/dags/reddit_pipeline_dag.py                           1           0  0.09s           2025-10-30T18:12:03
================================================================================
[2025-10-30T18:13:00.365+0000] {manager.py:879} INFO - 
================================================================================
DAG File Processing Stats

File Path                                 PID    Runtime      # DAGs    # Errors  Last Runtime    Last Run
----------------------------------------  -----  ---------  --------  ----------  --------------  -------------------
/opt/airflow/dags/reddit_pipeline_dag.py                           1           0  0.09s           2025-10-30T18:12:34
================================================================================
[2025-10-30T18:13:07.424+0000] {manager.py:738} INFO - Searching for files in /opt/airflow/dags
[2025-10-30T18:13:07.440+0000] {manager.py:741} INFO - There are 1 files in /opt/airflow/dags
[2025-10-30T18:13:30.600+0000] {manager.py:879} INFO - 
================================================================================
DAG File Processing Stats

File Path                                 PID    Runtime      # DAGs    # Errors  Last Runtime    Last Run
----------------------------------------  -----  ---------  --------  ----------  --------------  -------------------
/opt/airflow/dags/reddit_pipeline_dag.py                           1           0  0.09s           2025-10-30T18:13:04
================================================================================
[2025-10-30T18:14:00.844+0000] {manager.py:879} INFO - 
================================================================================
DAG File Processing Stats

File Path                                 PID    Runtime      # DAGs    # Errors  Last Runtime    Last Run
----------------------------------------  -----  ---------  --------  ----------  --------------  -------------------
/opt/airflow/dags/reddit_pipeline_dag.py                           1           0  0.09s           2025-10-30T18:13:34
================================================================================
[2025-10-30T18:14:31.097+0000] {manager.py:879} INFO - 
================================================================================
DAG File Processing Stats

File Path                                 PID    Runtime      # DAGs    # Errors  Last Runtime    Last Run
----------------------------------------  -----  ---------  --------  ----------  --------------  -------------------
/opt/airflow/dags/reddit_pipeline_dag.py                           1           0  0.10s           2025-10-30T18:14:04
================================================================================
[2025-10-30T18:15:01.383+0000] {manager.py:879} INFO - 
================================================================================
DAG File Processing Stats

File Path                                 PID    Runtime      # DAGs    # Errors  Last Runtime    Last Run
----------------------------------------  -----  ---------  --------  ----------  --------------  -------------------
/opt/airflow/dags/reddit_pipeline_dag.py                           1           0  0.09s           2025-10-30T18:14:35
================================================================================
[2025-10-30T18:15:31.611+0000] {manager.py:879} INFO - 
================================================================================
DAG File Processing Stats

File Path                                 PID    Runtime      # DAGs    # Errors  Last Runtime    Last Run
----------------------------------------  -----  ---------  --------  ----------  --------------  -------------------
/opt/airflow/dags/reddit_pipeline_dag.py                           1           0  0.09s           2025-10-30T18:15:05
================================================================================
[2025-10-30T18:16:01.860+0000] {manager.py:879} INFO - 
================================================================================
DAG File Processing Stats

File Path                                 PID    Runtime      # DAGs    # Errors  Last Runtime    Last Run
----------------------------------------  -----  ---------  --------  ----------  --------------  -------------------
/opt/airflow/dags/reddit_pipeline_dag.py                           1           0  0.10s           2025-10-30T18:15:35
================================================================================
[2025-10-30T18:16:32.113+0000] {manager.py:879} INFO - 
================================================================================
DAG File Processing Stats

File Path                                 PID    Runtime      # DAGs    # Errors  Last Runtime    Last Run
----------------------------------------  -----  ---------  --------  ----------  --------------  -------------------
/opt/airflow/dags/reddit_pipeline_dag.py                           1           0  0.09s           2025-10-30T18:16:05
================================================================================
[2025-10-30T18:17:02.355+0000] {manager.py:879} INFO - 
================================================================================
DAG File Processing Stats

File Path                                 PID    Runtime      # DAGs    # Errors  Last Runtime    Last Run
----------------------------------------  -----  ---------  --------  ----------  --------------  -------------------
/opt/airflow/dags/reddit_pipeline_dag.py                           1           0  0.09s           2025-10-30T18:16:36
================================================================================
[2025-10-30T18:17:32.573+0000] {manager.py:879} INFO - 
================================================================================
DAG File Processing Stats

File Path                                 PID    Runtime      # DAGs    # Errors  Last Runtime    Last Run
----------------------------------------  -----  ---------  --------  ----------  --------------  -------------------
/opt/airflow/dags/reddit_pipeline_dag.py                           1           0  0.09s           2025-10-30T18:17:06
================================================================================
[2025-10-30T18:18:02.823+0000] {manager.py:879} INFO - 
================================================================================
DAG File Processing Stats

File Path                                 PID    Runtime      # DAGs    # Errors  Last Runtime    Last Run
----------------------------------------  -----  ---------  --------  ----------  --------------  -------------------
/opt/airflow/dags/reddit_pipeline_dag.py                           1           0  0.09s           2025-10-30T18:17:36
================================================================================
[2025-10-30T18:18:07.883+0000] {manager.py:738} INFO - Searching for files in /opt/airflow/dags
[2025-10-30T18:18:07.898+0000] {manager.py:741} INFO - There are 1 files in /opt/airflow/dags
[2025-10-30T18:18:33.086+0000] {manager.py:879} INFO - 
================================================================================
DAG File Processing Stats

File Path                                 PID    Runtime      # DAGs    # Errors  Last Runtime    Last Run
----------------------------------------  -----  ---------  --------  ----------  --------------  -------------------
/opt/airflow/dags/reddit_pipeline_dag.py                           1           0  0.09s           2025-10-30T18:18:06
================================================================================
[2025-10-30T18:19:03.324+0000] {manager.py:879} INFO - 
================================================================================
DAG File Processing Stats

File Path                                 PID    Runtime      # DAGs    # Errors  Last Runtime    Last Run
----------------------------------------  -----  ---------  --------  ----------  --------------  -------------------
/opt/airflow/dags/reddit_pipeline_dag.py                           1           0  0.10s           2025-10-30T18:18:37
================================================================================
[2025-10-30T18:19:33.557+0000] {manager.py:879} INFO - 
================================================================================
DAG File Processing Stats

File Path                                 PID    Runtime      # DAGs    # Errors  Last Runtime    Last Run
----------------------------------------  -----  ---------  --------  ----------  --------------  -------------------
/opt/airflow/dags/reddit_pipeline_dag.py                           1           0  0.09s           2025-10-30T18:19:07
================================================================================
[2025-10-30T18:20:03.804+0000] {manager.py:879} INFO - 
================================================================================
DAG File Processing Stats

File Path                                 PID    Runtime      # DAGs    # Errors  Last Runtime    Last Run
----------------------------------------  -----  ---------  --------  ----------  --------------  -------------------
/opt/airflow/dags/reddit_pipeline_dag.py                           1           0  0.09s           2025-10-30T18:19:37
================================================================================
[2025-10-30T18:20:34.024+0000] {manager.py:879} INFO - 
================================================================================
DAG File Processing Stats

File Path                                 PID    Runtime      # DAGs    # Errors  Last Runtime    Last Run
----------------------------------------  -----  ---------  --------  ----------  --------------  -------------------
/opt/airflow/dags/reddit_pipeline_dag.py                           1           0  0.09s           2025-10-30T18:20:07
================================================================================
[2025-10-30T18:21:04.267+0000] {manager.py:879} INFO - 
================================================================================
DAG File Processing Stats

File Path                                 PID    Runtime      # DAGs    # Errors  Last Runtime    Last Run
----------------------------------------  -----  ---------  --------  ----------  --------------  -------------------
/opt/airflow/dags/reddit_pipeline_dag.py                           1           0  0.09s           2025-10-30T18:20:38
================================================================================
[2025-10-30T18:21:34.546+0000] {manager.py:879} INFO - 
================================================================================
DAG File Processing Stats

File Path                                 PID    Runtime      # DAGs    # Errors  Last Runtime    Last Run
----------------------------------------  -----  ---------  --------  ----------  --------------  -------------------
/opt/airflow/dags/reddit_pipeline_dag.py                           1           0  0.10s           2025-10-30T18:21:08
================================================================================
[2025-10-30T18:22:04.761+0000] {manager.py:879} INFO - 
================================================================================
DAG File Processing Stats

File Path                                 PID    Runtime      # DAGs    # Errors  Last Runtime    Last Run
----------------------------------------  -----  ---------  --------  ----------  --------------  -------------------
/opt/airflow/dags/reddit_pipeline_dag.py                           1           0  0.10s           2025-10-30T18:21:38
================================================================================
[2025-10-30T18:22:35.029+0000] {manager.py:879} INFO - 
================================================================================
DAG File Processing Stats

File Path                                 PID    Runtime      # DAGs    # Errors  Last Runtime    Last Run
----------------------------------------  -----  ---------  --------  ----------  --------------  -------------------
/opt/airflow/dags/reddit_pipeline_dag.py                           1           0  0.09s           2025-10-30T18:22:08
================================================================================
[2025-10-30T18:23:05.246+0000] {manager.py:879} INFO - 
================================================================================
DAG File Processing Stats

File Path                                 PID    Runtime      # DAGs    # Errors  Last Runtime    Last Run
----------------------------------------  -----  ---------  --------  ----------  --------------  -------------------
/opt/airflow/dags/reddit_pipeline_dag.py                           1           0  0.10s           2025-10-30T18:22:39
================================================================================
[2025-10-30T18:23:08.263+0000] {manager.py:738} INFO - Searching for files in /opt/airflow/dags
[2025-10-30T18:23:08.276+0000] {manager.py:741} INFO - There are 1 files in /opt/airflow/dags
[2025-10-30T18:23:35.517+0000] {manager.py:879} INFO - 
================================================================================
DAG File Processing Stats

File Path                                 PID    Runtime      # DAGs    # Errors  Last Runtime    Last Run
----------------------------------------  -----  ---------  --------  ----------  --------------  -------------------
/opt/airflow/dags/reddit_pipeline_dag.py                           1           0  0.12s           2025-10-30T18:23:09
================================================================================
[2025-10-30T18:24:05.727+0000] {manager.py:879} INFO - 
================================================================================
DAG File Processing Stats

File Path                                 PID    Runtime      # DAGs    # Errors  Last Runtime    Last Run
----------------------------------------  -----  ---------  --------  ----------  --------------  -------------------
/opt/airflow/dags/reddit_pipeline_dag.py                           1           0  0.09s           2025-10-30T18:23:39
================================================================================
[2025-10-30T18:24:35.975+0000] {manager.py:879} INFO - 
================================================================================
DAG File Processing Stats

File Path                                 PID    Runtime      # DAGs    # Errors  Last Runtime    Last Run
----------------------------------------  -----  ---------  --------  ----------  --------------  -------------------
/opt/airflow/dags/reddit_pipeline_dag.py                           1           0  0.09s           2025-10-30T18:24:09
================================================================================
[2025-10-30T18:25:06.206+0000] {manager.py:879} INFO - 
================================================================================
DAG File Processing Stats

File Path                                 PID    Runtime      # DAGs    # Errors  Last Runtime    Last Run
----------------------------------------  -----  ---------  --------  ----------  --------------  -------------------
/opt/airflow/dags/reddit_pipeline_dag.py                           1           0  0.10s           2025-10-30T18:24:40
================================================================================
[2025-10-30T18:25:36.459+0000] {manager.py:879} INFO - 
================================================================================
DAG File Processing Stats

File Path                                 PID    Runtime      # DAGs    # Errors  Last Runtime    Last Run
----------------------------------------  -----  ---------  --------  ----------  --------------  -------------------
/opt/airflow/dags/reddit_pipeline_dag.py                           1           0  0.09s           2025-10-30T18:25:10
================================================================================
[2025-10-30T18:26:06.684+0000] {manager.py:879} INFO - 
================================================================================
DAG File Processing Stats

File Path                                 PID    Runtime      # DAGs    # Errors  Last Runtime    Last Run
----------------------------------------  -----  ---------  --------  ----------  --------------  -------------------
/opt/airflow/dags/reddit_pipeline_dag.py                           1           0  0.09s           2025-10-30T18:25:40
================================================================================
[2025-10-30T18:26:36.915+0000] {manager.py:879} INFO - 
================================================================================
DAG File Processing Stats

File Path                                 PID    Runtime      # DAGs    # Errors  Last Runtime    Last Run
----------------------------------------  -----  ---------  --------  ----------  --------------  -------------------
/opt/airflow/dags/reddit_pipeline_dag.py                           1           0  0.10s           2025-10-30T18:26:10
================================================================================
[2025-10-30T18:27:07.149+0000] {manager.py:879} INFO - 
================================================================================
DAG File Processing Stats

File Path                                 PID    Runtime      # DAGs    # Errors  Last Runtime    Last Run
----------------------------------------  -----  ---------  --------  ----------  --------------  -------------------
/opt/airflow/dags/reddit_pipeline_dag.py                           1           0  0.09s           2025-10-30T18:26:41
================================================================================
[2025-10-30T18:27:37.405+0000] {manager.py:879} INFO - 
================================================================================
DAG File Processing Stats

File Path                                 PID    Runtime      # DAGs    # Errors  Last Runtime    Last Run
----------------------------------------  -----  ---------  --------  ----------  --------------  -------------------
/opt/airflow/dags/reddit_pipeline_dag.py                           1           0  0.09s           2025-10-30T18:27:11
================================================================================
[2025-10-30T18:28:07.668+0000] {manager.py:879} INFO - 
================================================================================
DAG File Processing Stats

File Path                                 PID    Runtime      # DAGs    # Errors  Last Runtime    Last Run
----------------------------------------  -----  ---------  --------  ----------  --------------  -------------------
/opt/airflow/dags/reddit_pipeline_dag.py                           1           0  0.13s           2025-10-30T18:27:41
================================================================================
[2025-10-30T18:28:08.674+0000] {manager.py:738} INFO - Searching for files in /opt/airflow/dags
[2025-10-30T18:28:08.701+0000] {manager.py:741} INFO - There are 1 files in /opt/airflow/dags
[2025-10-30T18:28:37.966+0000] {manager.py:879} INFO - 
================================================================================
DAG File Processing Stats

File Path                                 PID    Runtime      # DAGs    # Errors  Last Runtime    Last Run
----------------------------------------  -----  ---------  --------  ----------  --------------  -------------------
/opt/airflow/dags/reddit_pipeline_dag.py                           1           0  0.09s           2025-10-30T18:28:11
================================================================================
[2025-10-30T18:29:08.207+0000] {manager.py:879} INFO - 
================================================================================
DAG File Processing Stats

File Path                                 PID    Runtime      # DAGs    # Errors  Last Runtime    Last Run
----------------------------------------  -----  ---------  --------  ----------  --------------  -------------------
/opt/airflow/dags/reddit_pipeline_dag.py                           1           0  0.11s           2025-10-30T18:28:42
================================================================================
[2025-10-30T18:29:38.484+0000] {manager.py:879} INFO - 
================================================================================
DAG File Processing Stats

File Path                                 PID    Runtime      # DAGs    # Errors  Last Runtime    Last Run
----------------------------------------  -----  ---------  --------  ----------  --------------  -------------------
/opt/airflow/dags/reddit_pipeline_dag.py                           1           0  0.10s           2025-10-30T18:29:12
================================================================================
[2025-10-30T18:30:08.722+0000] {manager.py:879} INFO - 
================================================================================
DAG File Processing Stats

File Path                                 PID    Runtime      # DAGs    # Errors  Last Runtime    Last Run
----------------------------------------  -----  ---------  --------  ----------  --------------  -------------------
/opt/airflow/dags/reddit_pipeline_dag.py                           1           0  0.09s           2025-10-30T18:29:42
================================================================================
[2025-10-30T18:30:38.994+0000] {manager.py:879} INFO - 
================================================================================
DAG File Processing Stats

File Path                                 PID    Runtime      # DAGs    # Errors  Last Runtime    Last Run
----------------------------------------  -----  ---------  --------  ----------  --------------  -------------------
/opt/airflow/dags/reddit_pipeline_dag.py                           1           0  0.09s           2025-10-30T18:30:12
================================================================================
[2025-10-30T18:31:09.234+0000] {manager.py:879} INFO - 
================================================================================
DAG File Processing Stats

File Path                                 PID    Runtime      # DAGs    # Errors  Last Runtime    Last Run
----------------------------------------  -----  ---------  --------  ----------  --------------  -------------------
/opt/airflow/dags/reddit_pipeline_dag.py                           1           0  0.10s           2025-10-30T18:30:43
================================================================================
[2025-10-30T18:31:39.497+0000] {manager.py:879} INFO - 
================================================================================
DAG File Processing Stats

File Path                                 PID    Runtime      # DAGs    # Errors  Last Runtime    Last Run
----------------------------------------  -----  ---------  --------  ----------  --------------  -------------------
/opt/airflow/dags/reddit_pipeline_dag.py                           1           0  0.09s           2025-10-30T18:31:13
================================================================================
[2025-10-30T18:32:09.726+0000] {manager.py:879} INFO - 
================================================================================
DAG File Processing Stats

File Path                                 PID    Runtime      # DAGs    # Errors  Last Runtime    Last Run
----------------------------------------  -----  ---------  --------  ----------  --------------  -------------------
/opt/airflow/dags/reddit_pipeline_dag.py                           1           0  0.09s           2025-10-30T18:31:43
================================================================================
[2025-10-30T18:32:39.971+0000] {manager.py:879} INFO - 
================================================================================
DAG File Processing Stats

File Path                                 PID    Runtime      # DAGs    # Errors  Last Runtime    Last Run
----------------------------------------  -----  ---------  --------  ----------  --------------  -------------------
/opt/airflow/dags/reddit_pipeline_dag.py                           1           0  0.16s           2025-10-30T18:32:13
================================================================================
[2025-10-30T18:33:09.180+0000] {manager.py:738} INFO - Searching for files in /opt/airflow/dags
[2025-10-30T18:33:09.192+0000] {manager.py:741} INFO - There are 1 files in /opt/airflow/dags
[2025-10-30T18:33:10.208+0000] {manager.py:879} INFO - 
================================================================================
DAG File Processing Stats

File Path                                 PID    Runtime      # DAGs    # Errors  Last Runtime    Last Run
----------------------------------------  -----  ---------  --------  ----------  --------------  -------------------
/opt/airflow/dags/reddit_pipeline_dag.py                           1           0  0.09s           2025-10-30T18:32:44
================================================================================
[2025-10-30T18:33:40.474+0000] {manager.py:879} INFO - 
================================================================================
DAG File Processing Stats

File Path                                 PID    Runtime      # DAGs    # Errors  Last Runtime    Last Run
----------------------------------------  -----  ---------  --------  ----------  --------------  -------------------
/opt/airflow/dags/reddit_pipeline_dag.py                           1           0  0.09s           2025-10-30T18:33:14
================================================================================
[2025-10-30T18:34:10.698+0000] {manager.py:879} INFO - 
================================================================================
DAG File Processing Stats

File Path                                 PID    Runtime      # DAGs    # Errors  Last Runtime    Last Run
----------------------------------------  -----  ---------  --------  ----------  --------------  -------------------
/opt/airflow/dags/reddit_pipeline_dag.py                           1           0  0.09s           2025-10-30T18:33:44
================================================================================
[2025-10-30T18:34:40.955+0000] {manager.py:879} INFO - 
================================================================================
DAG File Processing Stats

File Path                                 PID    Runtime      # DAGs    # Errors  Last Runtime    Last Run
----------------------------------------  -----  ---------  --------  ----------  --------------  -------------------
/opt/airflow/dags/reddit_pipeline_dag.py                           1           0  0.09s           2025-10-30T18:34:14
================================================================================
[2025-10-30T18:35:11.197+0000] {manager.py:879} INFO - 
================================================================================
DAG File Processing Stats

File Path                                 PID    Runtime      # DAGs    # Errors  Last Runtime    Last Run
----------------------------------------  -----  ---------  --------  ----------  --------------  -------------------
/opt/airflow/dags/reddit_pipeline_dag.py                           1           0  0.10s           2025-10-30T18:34:45
================================================================================
[2025-10-30T18:35:41.428+0000] {manager.py:879} INFO - 
================================================================================
DAG File Processing Stats

File Path                                 PID    Runtime      # DAGs    # Errors  Last Runtime    Last Run
----------------------------------------  -----  ---------  --------  ----------  --------------  -------------------
/opt/airflow/dags/reddit_pipeline_dag.py                           1           0  0.10s           2025-10-30T18:35:15
================================================================================
[2025-10-30T18:36:11.673+0000] {manager.py:879} INFO - 
================================================================================
DAG File Processing Stats

File Path                                 PID    Runtime      # DAGs    # Errors  Last Runtime    Last Run
----------------------------------------  -----  ---------  --------  ----------  --------------  -------------------
/opt/airflow/dags/reddit_pipeline_dag.py                           1           0  0.09s           2025-10-30T18:35:45
================================================================================
[2025-10-30T18:36:41.914+0000] {manager.py:879} INFO - 
================================================================================
DAG File Processing Stats

File Path                                 PID    Runtime      # DAGs    # Errors  Last Runtime    Last Run
----------------------------------------  -----  ---------  --------  ----------  --------------  -------------------
/opt/airflow/dags/reddit_pipeline_dag.py                           1           0  0.09s           2025-10-30T18:36:15
================================================================================
[2025-10-30T18:37:12.148+0000] {manager.py:879} INFO - 
================================================================================
DAG File Processing Stats

File Path                                 PID    Runtime      # DAGs    # Errors  Last Runtime    Last Run
----------------------------------------  -----  ---------  --------  ----------  --------------  -------------------
/opt/airflow/dags/reddit_pipeline_dag.py                           1           0  0.09s           2025-10-30T18:36:46
================================================================================
[2025-10-30T18:37:42.404+0000] {manager.py:879} INFO - 
================================================================================
DAG File Processing Stats

File Path                                 PID    Runtime      # DAGs    # Errors  Last Runtime    Last Run
----------------------------------------  -----  ---------  --------  ----------  --------------  -------------------
/opt/airflow/dags/reddit_pipeline_dag.py                           1           0  0.09s           2025-10-30T18:37:16
================================================================================
[2025-10-30T18:38:09.607+0000] {manager.py:738} INFO - Searching for files in /opt/airflow/dags
[2025-10-30T18:38:09.626+0000] {manager.py:741} INFO - There are 1 files in /opt/airflow/dags
[2025-10-30T18:38:12.661+0000] {manager.py:879} INFO - 
================================================================================
DAG File Processing Stats

File Path                                 PID    Runtime      # DAGs    # Errors  Last Runtime    Last Run
----------------------------------------  -----  ---------  --------  ----------  --------------  -------------------
/opt/airflow/dags/reddit_pipeline_dag.py                           1           0  0.09s           2025-10-30T18:37:46
================================================================================
[2025-10-30T18:38:42.899+0000] {manager.py:879} INFO - 
================================================================================
DAG File Processing Stats

File Path                                 PID    Runtime      # DAGs    # Errors  Last Runtime    Last Run
----------------------------------------  -----  ---------  --------  ----------  --------------  -------------------
/opt/airflow/dags/reddit_pipeline_dag.py                           1           0  0.09s           2025-10-30T18:38:16
================================================================================
[2025-10-30T18:39:13.125+0000] {manager.py:879} INFO - 
================================================================================
DAG File Processing Stats

File Path                                 PID    Runtime      # DAGs    # Errors  Last Runtime    Last Run
----------------------------------------  -----  ---------  --------  ----------  --------------  -------------------
/opt/airflow/dags/reddit_pipeline_dag.py                           1           0  0.09s           2025-10-30T18:38:47
================================================================================
[2025-10-30T18:39:43.381+0000] {manager.py:879} INFO - 
================================================================================
DAG File Processing Stats

File Path                                 PID    Runtime      # DAGs    # Errors  Last Runtime    Last Run
----------------------------------------  -----  ---------  --------  ----------  --------------  -------------------
/opt/airflow/dags/reddit_pipeline_dag.py                           1           0  0.10s           2025-10-30T18:39:17
================================================================================
[2025-10-30T18:40:13.600+0000] {manager.py:879} INFO - 
================================================================================
DAG File Processing Stats

File Path                                 PID    Runtime      # DAGs    # Errors  Last Runtime    Last Run
----------------------------------------  -----  ---------  --------  ----------  --------------  -------------------
/opt/airflow/dags/reddit_pipeline_dag.py                           1           0  0.09s           2025-10-30T18:39:47
================================================================================
[2025-10-30T18:40:43.844+0000] {manager.py:879} INFO - 
================================================================================
DAG File Processing Stats

File Path                                 PID    Runtime      # DAGs    # Errors  Last Runtime    Last Run
----------------------------------------  -----  ---------  --------  ----------  --------------  -------------------
/opt/airflow/dags/reddit_pipeline_dag.py                           1           0  0.09s           2025-10-30T18:40:17
================================================================================
[2025-10-30T18:41:14.080+0000] {manager.py:879} INFO - 
================================================================================
DAG File Processing Stats

File Path                                 PID    Runtime      # DAGs    # Errors  Last Runtime    Last Run
----------------------------------------  -----  ---------  --------  ----------  --------------  -------------------
/opt/airflow/dags/reddit_pipeline_dag.py                           1           0  0.09s           2025-10-30T18:40:47
================================================================================
[2025-10-30T18:41:44.358+0000] {manager.py:879} INFO - 
================================================================================
DAG File Processing Stats

File Path                                 PID    Runtime      # DAGs    # Errors  Last Runtime    Last Run
----------------------------------------  -----  ---------  --------  ----------  --------------  -------------------
/opt/airflow/dags/reddit_pipeline_dag.py                           1           0  0.13s           2025-10-30T18:41:18
================================================================================
[2025-10-30T18:42:14.586+0000] {manager.py:879} INFO - 
================================================================================
DAG File Processing Stats

File Path                                 PID    Runtime      # DAGs    # Errors  Last Runtime    Last Run
----------------------------------------  -----  ---------  --------  ----------  --------------  -------------------
/opt/airflow/dags/reddit_pipeline_dag.py                           1           0  0.10s           2025-10-30T18:41:48
================================================================================
[2025-10-30T18:42:44.868+0000] {manager.py:879} INFO - 
================================================================================
DAG File Processing Stats

File Path                                 PID    Runtime      # DAGs    # Errors  Last Runtime    Last Run
----------------------------------------  -----  ---------  --------  ----------  --------------  -------------------
/opt/airflow/dags/reddit_pipeline_dag.py                           1           0  0.09s           2025-10-30T18:42:18
================================================================================
[2025-10-30T18:43:10.047+0000] {manager.py:738} INFO - Searching for files in /opt/airflow/dags
[2025-10-30T18:43:10.064+0000] {manager.py:741} INFO - There are 1 files in /opt/airflow/dags
[2025-10-30T18:43:15.107+0000] {manager.py:879} INFO - 
================================================================================
DAG File Processing Stats

File Path                                 PID    Runtime      # DAGs    # Errors  Last Runtime    Last Run
----------------------------------------  -----  ---------  --------  ----------  --------------  -------------------
/opt/airflow/dags/reddit_pipeline_dag.py                           1           0  0.09s           2025-10-30T18:42:49
================================================================================
[2025-10-30T18:43:45.361+0000] {manager.py:879} INFO - 
================================================================================
DAG File Processing Stats

File Path                                 PID    Runtime      # DAGs    # Errors  Last Runtime    Last Run
----------------------------------------  -----  ---------  --------  ----------  --------------  -------------------
/opt/airflow/dags/reddit_pipeline_dag.py                           1           0  0.09s           2025-10-30T18:43:19
================================================================================
[2025-10-30T18:44:15.639+0000] {manager.py:879} INFO - 
================================================================================
DAG File Processing Stats

File Path                                 PID    Runtime      # DAGs    # Errors  Last Runtime    Last Run
----------------------------------------  -----  ---------  --------  ----------  --------------  -------------------
/opt/airflow/dags/reddit_pipeline_dag.py                           1           0  0.13s           2025-10-30T18:43:49
================================================================================
[2025-10-30T18:44:45.907+0000] {manager.py:879} INFO - 
================================================================================
DAG File Processing Stats

File Path                                 PID    Runtime      # DAGs    # Errors  Last Runtime    Last Run
----------------------------------------  -----  ---------  --------  ----------  --------------  -------------------
/opt/airflow/dags/reddit_pipeline_dag.py                           1           0  0.11s           2025-10-30T18:44:19
================================================================================
[2025-10-30T18:45:16.163+0000] {manager.py:879} INFO - 
================================================================================
DAG File Processing Stats

File Path                                 PID    Runtime      # DAGs    # Errors  Last Runtime    Last Run
----------------------------------------  -----  ---------  --------  ----------  --------------  -------------------
/opt/airflow/dags/reddit_pipeline_dag.py                           1           0  0.10s           2025-10-30T18:44:50
================================================================================
[2025-10-30T18:45:46.398+0000] {manager.py:879} INFO - 
================================================================================
DAG File Processing Stats

File Path                                 PID    Runtime      # DAGs    # Errors  Last Runtime    Last Run
----------------------------------------  -----  ---------  --------  ----------  --------------  -------------------
/opt/airflow/dags/reddit_pipeline_dag.py                           1           0  0.09s           2025-10-30T18:45:20
================================================================================
[2025-10-30T18:46:16.650+0000] {manager.py:879} INFO - 
================================================================================
DAG File Processing Stats

File Path                                 PID    Runtime      # DAGs    # Errors  Last Runtime    Last Run
----------------------------------------  -----  ---------  --------  ----------  --------------  -------------------
/opt/airflow/dags/reddit_pipeline_dag.py                           1           0  0.19s           2025-10-30T18:45:50
================================================================================
[2025-10-30T18:46:46.880+0000] {manager.py:879} INFO - 
================================================================================
DAG File Processing Stats

File Path                                 PID    Runtime      # DAGs    # Errors  Last Runtime    Last Run
----------------------------------------  -----  ---------  --------  ----------  --------------  -------------------
/opt/airflow/dags/reddit_pipeline_dag.py                           1           0  0.09s           2025-10-30T18:46:20
================================================================================
[2025-10-30T18:47:17.151+0000] {manager.py:879} INFO - 
================================================================================
DAG File Processing Stats

File Path                                 PID    Runtime      # DAGs    # Errors  Last Runtime    Last Run
----------------------------------------  -----  ---------  --------  ----------  --------------  -------------------
/opt/airflow/dags/reddit_pipeline_dag.py                           1           0  0.09s           2025-10-30T18:46:51
================================================================================
[2025-10-30T18:47:47.389+0000] {manager.py:879} INFO - 
================================================================================
DAG File Processing Stats

File Path                                 PID    Runtime      # DAGs    # Errors  Last Runtime    Last Run
----------------------------------------  -----  ---------  --------  ----------  --------------  -------------------
/opt/airflow/dags/reddit_pipeline_dag.py                           1           0  0.09s           2025-10-30T18:47:21
================================================================================
[2025-10-30T18:48:10.582+0000] {manager.py:738} INFO - Searching for files in /opt/airflow/dags
[2025-10-30T18:48:10.596+0000] {manager.py:741} INFO - There are 1 files in /opt/airflow/dags
[2025-10-30T18:48:17.652+0000] {manager.py:879} INFO - 
================================================================================
DAG File Processing Stats

File Path                                 PID    Runtime      # DAGs    # Errors  Last Runtime    Last Run
----------------------------------------  -----  ---------  --------  ----------  --------------  -------------------
/opt/airflow/dags/reddit_pipeline_dag.py                           1           0  0.10s           2025-10-30T18:47:51
================================================================================
[2025-10-30T18:48:47.933+0000] {manager.py:879} INFO - 
================================================================================
DAG File Processing Stats

File Path                                 PID    Runtime      # DAGs    # Errors  Last Runtime    Last Run
----------------------------------------  -----  ---------  --------  ----------  --------------  -------------------
/opt/airflow/dags/reddit_pipeline_dag.py                           1           0  0.10s           2025-10-30T18:48:21
================================================================================
[2025-10-30T18:49:18.184+0000] {manager.py:879} INFO - 
================================================================================
DAG File Processing Stats

File Path                                 PID    Runtime      # DAGs    # Errors  Last Runtime    Last Run
----------------------------------------  -----  ---------  --------  ----------  --------------  -------------------
/opt/airflow/dags/reddit_pipeline_dag.py                           1           0  0.10s           2025-10-30T18:48:52
================================================================================
[2025-10-30T18:49:48.426+0000] {manager.py:879} INFO - 
================================================================================
DAG File Processing Stats

File Path                                 PID    Runtime      # DAGs    # Errors  Last Runtime    Last Run
----------------------------------------  -----  ---------  --------  ----------  --------------  -------------------
/opt/airflow/dags/reddit_pipeline_dag.py                           1           0  0.11s           2025-10-30T18:49:22
================================================================================
[2025-10-30T18:50:18.714+0000] {manager.py:879} INFO - 
================================================================================
DAG File Processing Stats

File Path                                 PID    Runtime      # DAGs    # Errors  Last Runtime    Last Run
----------------------------------------  -----  ---------  --------  ----------  --------------  -------------------
/opt/airflow/dags/reddit_pipeline_dag.py                           1           0  0.10s           2025-10-30T18:49:52
================================================================================
[2025-10-30T18:50:48.974+0000] {manager.py:879} INFO - 
================================================================================
DAG File Processing Stats

File Path                                 PID    Runtime      # DAGs    # Errors  Last Runtime    Last Run
----------------------------------------  -----  ---------  --------  ----------  --------------  -------------------
/opt/airflow/dags/reddit_pipeline_dag.py                           1           0  0.11s           2025-10-30T18:50:22
================================================================================
[2025-10-30T18:51:19.231+0000] {manager.py:879} INFO - 
================================================================================
DAG File Processing Stats

File Path                                 PID    Runtime      # DAGs    # Errors  Last Runtime    Last Run
----------------------------------------  -----  ---------  --------  ----------  --------------  -------------------
/opt/airflow/dags/reddit_pipeline_dag.py                           1           0  0.17s           2025-10-30T18:50:53
================================================================================
[2025-10-30T18:51:49.458+0000] {manager.py:879} INFO - 
================================================================================
DAG File Processing Stats

File Path                                 PID    Runtime      # DAGs    # Errors  Last Runtime    Last Run
----------------------------------------  -----  ---------  --------  ----------  --------------  -------------------
/opt/airflow/dags/reddit_pipeline_dag.py                           1           0  0.10s           2025-10-30T18:51:23
================================================================================
[2025-10-30T18:52:19.728+0000] {manager.py:879} INFO - 
================================================================================
DAG File Processing Stats

File Path                                 PID    Runtime      # DAGs    # Errors  Last Runtime    Last Run
----------------------------------------  -----  ---------  --------  ----------  --------------  -------------------
/opt/airflow/dags/reddit_pipeline_dag.py                           1           0  0.09s           2025-10-30T18:51:53
================================================================================
[2025-10-30T18:52:49.955+0000] {manager.py:879} INFO - 
================================================================================
DAG File Processing Stats

File Path                                 PID    Runtime      # DAGs    # Errors  Last Runtime    Last Run
----------------------------------------  -----  ---------  --------  ----------  --------------  -------------------
/opt/airflow/dags/reddit_pipeline_dag.py                           1           0  0.10s           2025-10-30T18:52:23
================================================================================
[2025-10-30T18:53:11.170+0000] {manager.py:738} INFO - Searching for files in /opt/airflow/dags
[2025-10-30T18:53:11.184+0000] {manager.py:741} INFO - There are 1 files in /opt/airflow/dags
[2025-10-30T18:53:20.243+0000] {manager.py:879} INFO - 
================================================================================
DAG File Processing Stats

File Path                                 PID    Runtime      # DAGs    # Errors  Last Runtime    Last Run
----------------------------------------  -----  ---------  --------  ----------  --------------  -------------------
/opt/airflow/dags/reddit_pipeline_dag.py                           1           0  0.09s           2025-10-30T18:52:54
================================================================================
[2025-10-30T18:53:50.461+0000] {manager.py:879} INFO - 
================================================================================
DAG File Processing Stats

File Path                                 PID    Runtime      # DAGs    # Errors  Last Runtime    Last Run
----------------------------------------  -----  ---------  --------  ----------  --------------  -------------------
/opt/airflow/dags/reddit_pipeline_dag.py                           1           0  0.10s           2025-10-30T18:53:24
================================================================================
[2025-10-30T18:54:20.748+0000] {manager.py:879} INFO - 
================================================================================
DAG File Processing Stats

File Path                                 PID    Runtime      # DAGs    # Errors  Last Runtime    Last Run
----------------------------------------  -----  ---------  --------  ----------  --------------  -------------------
/opt/airflow/dags/reddit_pipeline_dag.py                           1           0  0.09s           2025-10-30T18:53:54
================================================================================
[2025-10-30T18:54:50.984+0000] {manager.py:879} INFO - 
================================================================================
DAG File Processing Stats

File Path                                 PID    Runtime      # DAGs    # Errors  Last Runtime    Last Run
----------------------------------------  -----  ---------  --------  ----------  --------------  -------------------
/opt/airflow/dags/reddit_pipeline_dag.py                           1           0  0.09s           2025-10-30T18:54:24
================================================================================
[2025-10-30T18:55:21.214+0000] {manager.py:879} INFO - 
================================================================================
DAG File Processing Stats

File Path                                 PID    Runtime      # DAGs    # Errors  Last Runtime    Last Run
----------------------------------------  -----  ---------  --------  ----------  --------------  -------------------
/opt/airflow/dags/reddit_pipeline_dag.py                           1           0  0.12s           2025-10-30T18:54:55
================================================================================
[2025-10-30T18:55:51.504+0000] {manager.py:879} INFO - 
================================================================================
DAG File Processing Stats

File Path                                 PID    Runtime      # DAGs    # Errors  Last Runtime    Last Run
----------------------------------------  -----  ---------  --------  ----------  --------------  -------------------
/opt/airflow/dags/reddit_pipeline_dag.py                           1           0  0.15s           2025-10-30T18:55:25
================================================================================
[2025-10-30T18:56:21.756+0000] {manager.py:879} INFO - 
================================================================================
DAG File Processing Stats

File Path                                 PID    Runtime      # DAGs    # Errors  Last Runtime    Last Run
----------------------------------------  -----  ---------  --------  ----------  --------------  -------------------
/opt/airflow/dags/reddit_pipeline_dag.py                           1           0  0.10s           2025-10-30T18:55:55
================================================================================
[2025-10-30T18:56:51.977+0000] {manager.py:879} INFO - 
================================================================================
DAG File Processing Stats

File Path                                 PID    Runtime      # DAGs    # Errors  Last Runtime    Last Run
----------------------------------------  -----  ---------  --------  ----------  --------------  -------------------
/opt/airflow/dags/reddit_pipeline_dag.py                           1           0  0.11s           2025-10-30T18:56:25
================================================================================
[2025-10-30T18:57:22.256+0000] {manager.py:879} INFO - 
================================================================================
DAG File Processing Stats

File Path                                 PID    Runtime      # DAGs    # Errors  Last Runtime    Last Run
----------------------------------------  -----  ---------  --------  ----------  --------------  -------------------
/opt/airflow/dags/reddit_pipeline_dag.py                           1           0  0.09s           2025-10-30T18:56:56
================================================================================
[2025-10-30T18:57:52.488+0000] {manager.py:879} INFO - 
================================================================================
DAG File Processing Stats

File Path                                 PID    Runtime      # DAGs    # Errors  Last Runtime    Last Run
----------------------------------------  -----  ---------  --------  ----------  --------------  -------------------
/opt/airflow/dags/reddit_pipeline_dag.py                           1           0  0.10s           2025-10-30T18:57:26
================================================================================
[2025-10-30T18:58:11.679+0000] {manager.py:738} INFO - Searching for files in /opt/airflow/dags
[2025-10-30T18:58:11.691+0000] {manager.py:741} INFO - There are 1 files in /opt/airflow/dags
[2025-10-30T18:58:22.790+0000] {manager.py:879} INFO - 
================================================================================
DAG File Processing Stats

File Path                                 PID    Runtime      # DAGs    # Errors  Last Runtime    Last Run
----------------------------------------  -----  ---------  --------  ----------  --------------  -------------------
/opt/airflow/dags/reddit_pipeline_dag.py                           1           0  0.09s           2025-10-30T18:57:56
================================================================================
[2025-10-30T18:58:53.024+0000] {manager.py:879} INFO - 
================================================================================
DAG File Processing Stats

File Path                                 PID    Runtime      # DAGs    # Errors  Last Runtime    Last Run
----------------------------------------  -----  ---------  --------  ----------  --------------  -------------------
/opt/airflow/dags/reddit_pipeline_dag.py                           1           0  0.11s           2025-10-30T18:58:26
================================================================================
[2025-10-30T18:59:23.288+0000] {manager.py:879} INFO - 
================================================================================
DAG File Processing Stats

File Path                                 PID    Runtime      # DAGs    # Errors  Last Runtime    Last Run
----------------------------------------  -----  ---------  --------  ----------  --------------  -------------------
/opt/airflow/dags/reddit_pipeline_dag.py                           1           0  0.09s           2025-10-30T18:58:57
================================================================================
[2025-10-30T18:59:53.528+0000] {manager.py:879} INFO - 
================================================================================
DAG File Processing Stats

File Path                                 PID    Runtime      # DAGs    # Errors  Last Runtime    Last Run
----------------------------------------  -----  ---------  --------  ----------  --------------  -------------------
/opt/airflow/dags/reddit_pipeline_dag.py                           1           0  0.09s           2025-10-30T18:59:27
================================================================================
[2025-10-30T19:00:23.765+0000] {manager.py:879} INFO - 
================================================================================
DAG File Processing Stats

File Path                                 PID    Runtime      # DAGs    # Errors  Last Runtime    Last Run
----------------------------------------  -----  ---------  --------  ----------  --------------  -------------------
/opt/airflow/dags/reddit_pipeline_dag.py                           1           0  0.10s           2025-10-30T18:59:57
================================================================================
[2025-10-30T19:00:54.031+0000] {manager.py:879} INFO - 
================================================================================
DAG File Processing Stats

File Path                                 PID    Runtime      # DAGs    # Errors  Last Runtime    Last Run
----------------------------------------  -----  ---------  --------  ----------  --------------  -------------------
/opt/airflow/dags/reddit_pipeline_dag.py                           1           0  0.09s           2025-10-30T19:00:27
================================================================================
[2025-10-30T19:01:24.257+0000] {manager.py:879} INFO - 
================================================================================
DAG File Processing Stats

File Path                                 PID    Runtime      # DAGs    # Errors  Last Runtime    Last Run
----------------------------------------  -----  ---------  --------  ----------  --------------  -------------------
/opt/airflow/dags/reddit_pipeline_dag.py                           1           0  0.10s           2025-10-30T19:00:58
================================================================================
[2025-10-30T19:01:54.522+0000] {manager.py:879} INFO - 
================================================================================
DAG File Processing Stats

File Path                                 PID    Runtime      # DAGs    # Errors  Last Runtime    Last Run
----------------------------------------  -----  ---------  --------  ----------  --------------  -------------------
/opt/airflow/dags/reddit_pipeline_dag.py                           1           0  0.09s           2025-10-30T19:01:28
================================================================================
[2025-10-30T19:02:24.741+0000] {manager.py:879} INFO - 
================================================================================
DAG File Processing Stats

File Path                                 PID    Runtime      # DAGs    # Errors  Last Runtime    Last Run
----------------------------------------  -----  ---------  --------  ----------  --------------  -------------------
/opt/airflow/dags/reddit_pipeline_dag.py                           1           0  0.10s           2025-10-30T19:01:58
================================================================================
[2025-10-30T19:02:55.001+0000] {manager.py:879} INFO - 
================================================================================
DAG File Processing Stats

File Path                                 PID    Runtime      # DAGs    # Errors  Last Runtime    Last Run
----------------------------------------  -----  ---------  --------  ----------  --------------  -------------------
/opt/airflow/dags/reddit_pipeline_dag.py                           1           0  0.10s           2025-10-30T19:02:28
================================================================================
[2025-10-30T19:03:12.140+0000] {manager.py:738} INFO - Searching for files in /opt/airflow/dags
[2025-10-30T19:03:12.155+0000] {manager.py:741} INFO - There are 1 files in /opt/airflow/dags
[2025-10-30T19:03:25.254+0000] {manager.py:879} INFO - 
================================================================================
DAG File Processing Stats

File Path                                 PID    Runtime      # DAGs    # Errors  Last Runtime    Last Run
----------------------------------------  -----  ---------  --------  ----------  --------------  -------------------
/opt/airflow/dags/reddit_pipeline_dag.py                           1           0  0.09s           2025-10-30T19:02:59
================================================================================
[2025-10-30T19:03:55.482+0000] {manager.py:879} INFO - 
================================================================================
DAG File Processing Stats

File Path                                 PID    Runtime      # DAGs    # Errors  Last Runtime    Last Run
----------------------------------------  -----  ---------  --------  ----------  --------------  -------------------
/opt/airflow/dags/reddit_pipeline_dag.py                           1           0  0.09s           2025-10-30T19:03:29
================================================================================
[2025-10-30T19:04:25.728+0000] {manager.py:879} INFO - 
================================================================================
DAG File Processing Stats

File Path                                 PID    Runtime      # DAGs    # Errors  Last Runtime    Last Run
----------------------------------------  -----  ---------  --------  ----------  --------------  -------------------
/opt/airflow/dags/reddit_pipeline_dag.py                           1           0  0.09s           2025-10-30T19:03:59
================================================================================
[2025-10-30T19:04:55.970+0000] {manager.py:879} INFO - 
================================================================================
DAG File Processing Stats

File Path                                 PID    Runtime      # DAGs    # Errors  Last Runtime    Last Run
----------------------------------------  -----  ---------  --------  ----------  --------------  -------------------
/opt/airflow/dags/reddit_pipeline_dag.py                           1           0  0.09s           2025-10-30T19:04:29
================================================================================
[2025-10-30T19:05:26.217+0000] {manager.py:879} INFO - 
================================================================================
DAG File Processing Stats

File Path                                 PID    Runtime      # DAGs    # Errors  Last Runtime    Last Run
----------------------------------------  -----  ---------  --------  ----------  --------------  -------------------
/opt/airflow/dags/reddit_pipeline_dag.py                           1           0  0.11s           2025-10-30T19:05:00
================================================================================
[2025-10-30T19:05:56.497+0000] {manager.py:879} INFO - 
================================================================================
DAG File Processing Stats

File Path                                 PID    Runtime      # DAGs    # Errors  Last Runtime    Last Run
----------------------------------------  -----  ---------  --------  ----------  --------------  -------------------
/opt/airflow/dags/reddit_pipeline_dag.py                           1           0  0.11s           2025-10-30T19:05:30
================================================================================
[2025-10-30T19:06:26.720+0000] {manager.py:879} INFO - 
================================================================================
DAG File Processing Stats

File Path                                 PID    Runtime      # DAGs    # Errors  Last Runtime    Last Run
----------------------------------------  -----  ---------  --------  ----------  --------------  -------------------
/opt/airflow/dags/reddit_pipeline_dag.py                           1           0  0.11s           2025-10-30T19:06:00
================================================================================
[2025-10-30T19:06:57.014+0000] {manager.py:879} INFO - 
================================================================================
DAG File Processing Stats

File Path                                 PID    Runtime      # DAGs    # Errors  Last Runtime    Last Run
----------------------------------------  -----  ---------  --------  ----------  --------------  -------------------
/opt/airflow/dags/reddit_pipeline_dag.py                           1           0  0.10s           2025-10-30T19:06:30
================================================================================
[2025-10-30T19:07:27.254+0000] {manager.py:879} INFO - 
================================================================================
DAG File Processing Stats

File Path                                 PID    Runtime      # DAGs    # Errors  Last Runtime    Last Run
----------------------------------------  -----  ---------  --------  ----------  --------------  -------------------
/opt/airflow/dags/reddit_pipeline_dag.py                           1           0  0.10s           2025-10-30T19:07:01
================================================================================
[2025-10-30T19:07:57.531+0000] {manager.py:879} INFO - 
================================================================================
DAG File Processing Stats

File Path                                 PID    Runtime      # DAGs    # Errors  Last Runtime    Last Run
----------------------------------------  -----  ---------  --------  ----------  --------------  -------------------
/opt/airflow/dags/reddit_pipeline_dag.py                           1           0  0.09s           2025-10-30T19:07:31
================================================================================
[2025-10-30T19:08:12.650+0000] {manager.py:738} INFO - Searching for files in /opt/airflow/dags
[2025-10-30T19:08:12.673+0000] {manager.py:741} INFO - There are 1 files in /opt/airflow/dags
[2025-10-30T19:08:27.779+0000] {manager.py:879} INFO - 
================================================================================
DAG File Processing Stats

File Path                                 PID    Runtime      # DAGs    # Errors  Last Runtime    Last Run
----------------------------------------  -----  ---------  --------  ----------  --------------  -------------------
/opt/airflow/dags/reddit_pipeline_dag.py                           1           0  0.10s           2025-10-30T19:08:01
================================================================================
[2025-10-30T19:08:58.027+0000] {manager.py:879} INFO - 
================================================================================
DAG File Processing Stats

File Path                                 PID    Runtime      # DAGs    # Errors  Last Runtime    Last Run
----------------------------------------  -----  ---------  --------  ----------  --------------  -------------------
/opt/airflow/dags/reddit_pipeline_dag.py                           1           0  0.11s           2025-10-30T19:08:31
================================================================================
[2025-10-30T19:09:28.261+0000] {manager.py:879} INFO - 
================================================================================
DAG File Processing Stats

File Path                                 PID    Runtime      # DAGs    # Errors  Last Runtime    Last Run
----------------------------------------  -----  ---------  --------  ----------  --------------  -------------------
/opt/airflow/dags/reddit_pipeline_dag.py                           1           0  0.17s           2025-10-30T19:09:02
================================================================================
[2025-10-30T19:09:58.496+0000] {manager.py:879} INFO - 
================================================================================
DAG File Processing Stats

File Path                                 PID    Runtime      # DAGs    # Errors  Last Runtime    Last Run
----------------------------------------  -----  ---------  --------  ----------  --------------  -------------------
/opt/airflow/dags/reddit_pipeline_dag.py                           1           0  0.10s           2025-10-30T19:09:32
================================================================================
[2025-10-30T19:10:28.782+0000] {manager.py:879} INFO - 
================================================================================
DAG File Processing Stats

File Path                                 PID    Runtime      # DAGs    # Errors  Last Runtime    Last Run
----------------------------------------  -----  ---------  --------  ----------  --------------  -------------------
/opt/airflow/dags/reddit_pipeline_dag.py                           1           0  0.10s           2025-10-30T19:10:02
================================================================================
[2025-10-30T19:10:59.007+0000] {manager.py:879} INFO - 
================================================================================
DAG File Processing Stats

File Path                                 PID    Runtime      # DAGs    # Errors  Last Runtime    Last Run
----------------------------------------  -----  ---------  --------  ----------  --------------  -------------------
/opt/airflow/dags/reddit_pipeline_dag.py                           1           0  0.12s           2025-10-30T19:10:32
================================================================================
[2025-10-30T19:11:29.262+0000] {manager.py:879} INFO - 
================================================================================
DAG File Processing Stats

File Path                                 PID    Runtime      # DAGs    # Errors  Last Runtime    Last Run
----------------------------------------  -----  ---------  --------  ----------  --------------  -------------------
/opt/airflow/dags/reddit_pipeline_dag.py                           1           0  0.09s           2025-10-30T19:11:03
================================================================================
[2025-10-30T19:11:59.489+0000] {manager.py:879} INFO - 
================================================================================
DAG File Processing Stats

File Path                                 PID    Runtime      # DAGs    # Errors  Last Runtime    Last Run
----------------------------------------  -----  ---------  --------  ----------  --------------  -------------------
/opt/airflow/dags/reddit_pipeline_dag.py                           1           0  0.12s           2025-10-30T19:11:33
================================================================================
[2025-10-30T19:12:29.747+0000] {manager.py:879} INFO - 
================================================================================
DAG File Processing Stats

File Path                                 PID    Runtime      # DAGs    # Errors  Last Runtime    Last Run
----------------------------------------  -----  ---------  --------  ----------  --------------  -------------------
/opt/airflow/dags/reddit_pipeline_dag.py                           1           0  0.10s           2025-10-30T19:12:03
================================================================================
[2025-10-30T19:12:59.935+0000] {manager.py:879} INFO - 
================================================================================
DAG File Processing Stats

File Path                                 PID    Runtime      # DAGs    # Errors  Last Runtime    Last Run
----------------------------------------  -----  ---------  --------  ----------  --------------  -------------------
/opt/airflow/dags/reddit_pipeline_dag.py                           1           0  0.10s           2025-10-30T19:12:33
================================================================================
[2025-10-30T19:13:13.025+0000] {manager.py:738} INFO - Searching for files in /opt/airflow/dags
[2025-10-30T19:13:13.039+0000] {manager.py:741} INFO - There are 1 files in /opt/airflow/dags
[2025-10-30T19:13:30.156+0000] {manager.py:879} INFO - 
================================================================================
DAG File Processing Stats

File Path                                 PID    Runtime      # DAGs    # Errors  Last Runtime    Last Run
----------------------------------------  -----  ---------  --------  ----------  --------------  -------------------
/opt/airflow/dags/reddit_pipeline_dag.py                           1           0  0.09s           2025-10-30T19:13:04
================================================================================
[2025-10-30T19:14:00.420+0000] {manager.py:879} INFO - 
================================================================================
DAG File Processing Stats

File Path                                 PID    Runtime      # DAGs    # Errors  Last Runtime    Last Run
----------------------------------------  -----  ---------  --------  ----------  --------------  -------------------
/opt/airflow/dags/reddit_pipeline_dag.py                           1           0  0.11s           2025-10-30T19:13:34
================================================================================
[2025-10-30T19:14:30.639+0000] {manager.py:879} INFO - 
================================================================================
DAG File Processing Stats

File Path                                 PID    Runtime      # DAGs    # Errors  Last Runtime    Last Run
----------------------------------------  -----  ---------  --------  ----------  --------------  -------------------
/opt/airflow/dags/reddit_pipeline_dag.py                           1           0  0.09s           2025-10-30T19:14:04
================================================================================
[2025-10-30T19:15:00.919+0000] {manager.py:879} INFO - 
================================================================================
DAG File Processing Stats

File Path                                 PID    Runtime      # DAGs    # Errors  Last Runtime    Last Run
----------------------------------------  -----  ---------  --------  ----------  --------------  -------------------
/opt/airflow/dags/reddit_pipeline_dag.py                           1           0  0.10s           2025-10-30T19:14:34
================================================================================
[2025-10-30T19:15:31.135+0000] {manager.py:879} INFO - 
================================================================================
DAG File Processing Stats

File Path                                 PID    Runtime      # DAGs    # Errors  Last Runtime    Last Run
----------------------------------------  -----  ---------  --------  ----------  --------------  -------------------
/opt/airflow/dags/reddit_pipeline_dag.py                           1           0  0.09s           2025-10-30T19:15:05
================================================================================
[2025-10-30T19:16:01.384+0000] {manager.py:879} INFO - 
================================================================================
DAG File Processing Stats

File Path                                 PID    Runtime      # DAGs    # Errors  Last Runtime    Last Run
----------------------------------------  -----  ---------  --------  ----------  --------------  -------------------
/opt/airflow/dags/reddit_pipeline_dag.py                           1           0  0.10s           2025-10-30T19:15:35
================================================================================
[2025-10-30T19:16:31.632+0000] {manager.py:879} INFO - 
================================================================================
DAG File Processing Stats

File Path                                 PID    Runtime      # DAGs    # Errors  Last Runtime    Last Run
----------------------------------------  -----  ---------  --------  ----------  --------------  -------------------
/opt/airflow/dags/reddit_pipeline_dag.py                           1           0  0.09s           2025-10-30T19:16:05
================================================================================
[2025-10-30T19:17:01.846+0000] {manager.py:879} INFO - 
================================================================================
DAG File Processing Stats

File Path                                 PID    Runtime      # DAGs    # Errors  Last Runtime    Last Run
----------------------------------------  -----  ---------  --------  ----------  --------------  -------------------
/opt/airflow/dags/reddit_pipeline_dag.py                           1           0  0.11s           2025-10-30T19:16:35
================================================================================
[2025-10-30T19:17:32.115+0000] {manager.py:879} INFO - 
================================================================================
DAG File Processing Stats

File Path                                 PID    Runtime      # DAGs    # Errors  Last Runtime    Last Run
----------------------------------------  -----  ---------  --------  ----------  --------------  -------------------
/opt/airflow/dags/reddit_pipeline_dag.py                           1           0  0.09s           2025-10-30T19:17:05
================================================================================
[2025-10-30T19:18:02.347+0000] {manager.py:879} INFO - 
================================================================================
DAG File Processing Stats

File Path                                 PID    Runtime      # DAGs    # Errors  Last Runtime    Last Run
----------------------------------------  -----  ---------  --------  ----------  --------------  -------------------
/opt/airflow/dags/reddit_pipeline_dag.py                           1           0  0.09s           2025-10-30T19:17:36
================================================================================
[2025-10-30T19:18:13.472+0000] {manager.py:738} INFO - Searching for files in /opt/airflow/dags
[2025-10-30T19:18:13.488+0000] {manager.py:741} INFO - There are 1 files in /opt/airflow/dags
[2025-10-30T19:18:32.628+0000] {manager.py:879} INFO - 
================================================================================
DAG File Processing Stats

File Path                                 PID    Runtime      # DAGs    # Errors  Last Runtime    Last Run
----------------------------------------  -----  ---------  --------  ----------  --------------  -------------------
/opt/airflow/dags/reddit_pipeline_dag.py                           1           0  0.12s           2025-10-30T19:18:06
================================================================================
[2025-10-30T19:19:02.893+0000] {manager.py:879} INFO - 
================================================================================
DAG File Processing Stats

File Path                                 PID    Runtime      # DAGs    # Errors  Last Runtime    Last Run
----------------------------------------  -----  ---------  --------  ----------  --------------  -------------------
/opt/airflow/dags/reddit_pipeline_dag.py                           1           0  0.11s           2025-10-30T19:18:36
================================================================================
[2025-10-30T19:19:33.134+0000] {manager.py:879} INFO - 
================================================================================
DAG File Processing Stats

File Path                                 PID    Runtime      # DAGs    # Errors  Last Runtime    Last Run
----------------------------------------  -----  ---------  --------  ----------  --------------  -------------------
/opt/airflow/dags/reddit_pipeline_dag.py                           1           0  0.10s           2025-10-30T19:19:07
================================================================================
[2025-10-30T19:20:03.372+0000] {manager.py:879} INFO - 
================================================================================
DAG File Processing Stats

File Path                                 PID    Runtime      # DAGs    # Errors  Last Runtime    Last Run
----------------------------------------  -----  ---------  --------  ----------  --------------  -------------------
/opt/airflow/dags/reddit_pipeline_dag.py                           1           0  0.09s           2025-10-30T19:19:37
================================================================================
[2025-10-30T19:20:33.589+0000] {manager.py:879} INFO - 
================================================================================
DAG File Processing Stats

File Path                                 PID    Runtime      # DAGs    # Errors  Last Runtime    Last Run
----------------------------------------  -----  ---------  --------  ----------  --------------  -------------------
/opt/airflow/dags/reddit_pipeline_dag.py                           1           0  0.09s           2025-10-30T19:20:07
================================================================================
[2025-10-30T19:21:03.845+0000] {manager.py:879} INFO - 
================================================================================
DAG File Processing Stats

File Path                                 PID    Runtime      # DAGs    # Errors  Last Runtime    Last Run
----------------------------------------  -----  ---------  --------  ----------  --------------  -------------------
/opt/airflow/dags/reddit_pipeline_dag.py                           1           0  0.09s           2025-10-30T19:20:37
================================================================================
[2025-10-30T19:21:34.067+0000] {manager.py:879} INFO - 
================================================================================
DAG File Processing Stats

File Path                                 PID    Runtime      # DAGs    # Errors  Last Runtime    Last Run
----------------------------------------  -----  ---------  --------  ----------  --------------  -------------------
/opt/airflow/dags/reddit_pipeline_dag.py                           1           0  0.09s           2025-10-30T19:21:07
================================================================================
[2025-10-30T19:22:04.334+0000] {manager.py:879} INFO - 
================================================================================
DAG File Processing Stats

File Path                                 PID    Runtime      # DAGs    # Errors  Last Runtime    Last Run
----------------------------------------  -----  ---------  --------  ----------  --------------  -------------------
/opt/airflow/dags/reddit_pipeline_dag.py                           1           0  0.11s           2025-10-30T19:21:38
================================================================================
[2025-10-30T19:22:34.579+0000] {manager.py:879} INFO - 
================================================================================
DAG File Processing Stats

File Path                                 PID    Runtime      # DAGs    # Errors  Last Runtime    Last Run
----------------------------------------  -----  ---------  --------  ----------  --------------  -------------------
/opt/airflow/dags/reddit_pipeline_dag.py                           1           0  0.09s           2025-10-30T19:22:08
================================================================================
[2025-10-30T19:23:04.820+0000] {manager.py:879} INFO - 
================================================================================
DAG File Processing Stats

File Path                                 PID    Runtime      # DAGs    # Errors  Last Runtime    Last Run
----------------------------------------  -----  ---------  --------  ----------  --------------  -------------------
/opt/airflow/dags/reddit_pipeline_dag.py                           1           0  0.11s           2025-10-30T19:22:38
================================================================================
[2025-10-30T19:23:13.972+0000] {manager.py:738} INFO - Searching for files in /opt/airflow/dags
[2025-10-30T19:23:13.993+0000] {manager.py:741} INFO - There are 1 files in /opt/airflow/dags
[2025-10-30T19:23:35.157+0000] {manager.py:879} INFO - 
================================================================================
DAG File Processing Stats

File Path                                 PID    Runtime      # DAGs    # Errors  Last Runtime    Last Run
----------------------------------------  -----  ---------  --------  ----------  --------------  -------------------
/opt/airflow/dags/reddit_pipeline_dag.py                           1           0  0.10s           2025-10-30T19:23:08
================================================================================
[2025-10-30T19:24:05.401+0000] {manager.py:879} INFO - 
================================================================================
DAG File Processing Stats

File Path                                 PID    Runtime      # DAGs    # Errors  Last Runtime    Last Run
----------------------------------------  -----  ---------  --------  ----------  --------------  -------------------
/opt/airflow/dags/reddit_pipeline_dag.py                           1           0  0.09s           2025-10-30T19:23:39
================================================================================
[2025-10-30T19:24:35.662+0000] {manager.py:879} INFO - 
================================================================================
DAG File Processing Stats

File Path                                 PID    Runtime      # DAGs    # Errors  Last Runtime    Last Run
----------------------------------------  -----  ---------  --------  ----------  --------------  -------------------
/opt/airflow/dags/reddit_pipeline_dag.py                           1           0  0.09s           2025-10-30T19:24:09
================================================================================
[2025-10-30T19:25:05.947+0000] {manager.py:879} INFO - 
================================================================================
DAG File Processing Stats

File Path                                 PID    Runtime      # DAGs    # Errors  Last Runtime    Last Run
----------------------------------------  -----  ---------  --------  ----------  --------------  -------------------
/opt/airflow/dags/reddit_pipeline_dag.py                           1           0  0.10s           2025-10-30T19:24:39
================================================================================
[2025-10-30T19:25:36.202+0000] {manager.py:879} INFO - 
================================================================================
DAG File Processing Stats

File Path                                 PID    Runtime      # DAGs    # Errors  Last Runtime    Last Run
----------------------------------------  -----  ---------  --------  ----------  --------------  -------------------
/opt/airflow/dags/reddit_pipeline_dag.py                           1           0  0.12s           2025-10-30T19:25:10
================================================================================
[2025-10-30T19:26:06.471+0000] {manager.py:879} INFO - 
================================================================================
DAG File Processing Stats

File Path                                 PID    Runtime      # DAGs    # Errors  Last Runtime    Last Run
----------------------------------------  -----  ---------  --------  ----------  --------------  -------------------
/opt/airflow/dags/reddit_pipeline_dag.py                           1           0  0.10s           2025-10-30T19:25:40
================================================================================
[2025-10-30T19:26:36.702+0000] {manager.py:879} INFO - 
================================================================================
DAG File Processing Stats

File Path                                 PID    Runtime      # DAGs    # Errors  Last Runtime    Last Run
----------------------------------------  -----  ---------  --------  ----------  --------------  -------------------
/opt/airflow/dags/reddit_pipeline_dag.py                           1           0  0.10s           2025-10-30T19:26:10
================================================================================
[2025-10-30T19:27:06.929+0000] {manager.py:879} INFO - 
================================================================================
DAG File Processing Stats

File Path                                 PID    Runtime      # DAGs    # Errors  Last Runtime    Last Run
----------------------------------------  -----  ---------  --------  ----------  --------------  -------------------
/opt/airflow/dags/reddit_pipeline_dag.py                           1           0  0.09s           2025-10-30T19:26:40
================================================================================
[2025-10-30T19:27:37.158+0000] {manager.py:879} INFO - 
================================================================================
DAG File Processing Stats

File Path                                 PID    Runtime      # DAGs    # Errors  Last Runtime    Last Run
----------------------------------------  -----  ---------  --------  ----------  --------------  -------------------
/opt/airflow/dags/reddit_pipeline_dag.py                           1           0  0.11s           2025-10-30T19:27:11
================================================================================
[2025-10-30T19:28:07.417+0000] {manager.py:879} INFO - 
================================================================================
DAG File Processing Stats

File Path                                 PID    Runtime      # DAGs    # Errors  Last Runtime    Last Run
----------------------------------------  -----  ---------  --------  ----------  --------------  -------------------
/opt/airflow/dags/reddit_pipeline_dag.py                           1           0  0.10s           2025-10-30T19:27:41
================================================================================
[2025-10-30T19:28:14.484+0000] {manager.py:738} INFO - Searching for files in /opt/airflow/dags
[2025-10-30T19:28:14.496+0000] {manager.py:741} INFO - There are 1 files in /opt/airflow/dags
[2025-10-30T19:28:37.638+0000] {manager.py:879} INFO - 
================================================================================
DAG File Processing Stats

File Path                                 PID    Runtime      # DAGs    # Errors  Last Runtime    Last Run
----------------------------------------  -----  ---------  --------  ----------  --------------  -------------------
/opt/airflow/dags/reddit_pipeline_dag.py                           1           0  0.12s           2025-10-30T19:28:11
================================================================================
[2025-10-30T19:29:07.883+0000] {manager.py:879} INFO - 
================================================================================
DAG File Processing Stats

File Path                                 PID    Runtime      # DAGs    # Errors  Last Runtime    Last Run
----------------------------------------  -----  ---------  --------  ----------  --------------  -------------------
/opt/airflow/dags/reddit_pipeline_dag.py                           1           0  0.09s           2025-10-30T19:28:41
================================================================================
[2025-10-30T19:29:38.098+0000] {manager.py:879} INFO - 
================================================================================
DAG File Processing Stats

File Path                                 PID    Runtime      # DAGs    # Errors  Last Runtime    Last Run
----------------------------------------  -----  ---------  --------  ----------  --------------  -------------------
/opt/airflow/dags/reddit_pipeline_dag.py                           1           0  0.09s           2025-10-30T19:29:12
================================================================================
[2025-10-30T19:30:08.346+0000] {manager.py:879} INFO - 
================================================================================
DAG File Processing Stats

File Path                                 PID    Runtime      # DAGs    # Errors  Last Runtime    Last Run
----------------------------------------  -----  ---------  --------  ----------  --------------  -------------------
/opt/airflow/dags/reddit_pipeline_dag.py                           1           0  0.09s           2025-10-30T19:29:42
================================================================================
[2025-10-30T19:30:38.552+0000] {manager.py:879} INFO - 
================================================================================
DAG File Processing Stats

File Path                                 PID    Runtime      # DAGs    # Errors  Last Runtime    Last Run
----------------------------------------  -----  ---------  --------  ----------  --------------  -------------------
/opt/airflow/dags/reddit_pipeline_dag.py                           1           0  0.11s           2025-10-30T19:30:12
================================================================================
[2025-10-30T19:31:08.881+0000] {manager.py:879} INFO - 
================================================================================
DAG File Processing Stats

File Path                                 PID    Runtime      # DAGs    # Errors  Last Runtime    Last Run
----------------------------------------  -----  ---------  --------  ----------  --------------  -------------------
/opt/airflow/dags/reddit_pipeline_dag.py                           1           0  0.09s           2025-10-30T19:30:42
================================================================================
[2025-10-30T19:31:39.208+0000] {manager.py:879} INFO - 
================================================================================
DAG File Processing Stats

File Path                                 PID    Runtime      # DAGs    # Errors  Last Runtime    Last Run
----------------------------------------  -----  ---------  --------  ----------  --------------  -------------------
/opt/airflow/dags/reddit_pipeline_dag.py                           1           0  0.16s           2025-10-30T19:31:13
================================================================================
[2025-10-30T19:32:09.563+0000] {manager.py:879} INFO - 
================================================================================
DAG File Processing Stats

File Path                                 PID    Runtime      # DAGs    # Errors  Last Runtime    Last Run
----------------------------------------  -----  ---------  --------  ----------  --------------  -------------------
/opt/airflow/dags/reddit_pipeline_dag.py                           1           0  0.18s           2025-10-30T19:31:43
================================================================================
[2025-10-30T19:32:39.798+0000] {manager.py:879} INFO - 
================================================================================
DAG File Processing Stats

File Path                                 PID    Runtime      # DAGs    # Errors  Last Runtime    Last Run
----------------------------------------  -----  ---------  --------  ----------  --------------  -------------------
/opt/airflow/dags/reddit_pipeline_dag.py                           1           0  0.12s           2025-10-30T19:32:13
================================================================================
[2025-10-30T19:33:10.063+0000] {manager.py:879} INFO - 
================================================================================
DAG File Processing Stats

File Path                                 PID    Runtime      # DAGs    # Errors  Last Runtime    Last Run
----------------------------------------  -----  ---------  --------  ----------  --------------  -------------------
/opt/airflow/dags/reddit_pipeline_dag.py                           1           0  0.12s           2025-10-30T19:32:43
================================================================================
[2025-10-30T19:33:15.143+0000] {manager.py:738} INFO - Searching for files in /opt/airflow/dags
[2025-10-30T19:33:15.160+0000] {manager.py:741} INFO - There are 1 files in /opt/airflow/dags
[2025-10-30T19:33:40.337+0000] {manager.py:879} INFO - 
================================================================================
DAG File Processing Stats

File Path                                 PID    Runtime      # DAGs    # Errors  Last Runtime    Last Run
----------------------------------------  -----  ---------  --------  ----------  --------------  -------------------
/opt/airflow/dags/reddit_pipeline_dag.py                           1           0  0.12s           2025-10-30T19:33:14
================================================================================
[2025-10-30T19:34:10.566+0000] {manager.py:879} INFO - 
================================================================================
DAG File Processing Stats

File Path                                 PID    Runtime      # DAGs    # Errors  Last Runtime    Last Run
----------------------------------------  -----  ---------  --------  ----------  --------------  -------------------
/opt/airflow/dags/reddit_pipeline_dag.py                           1           0  0.12s           2025-10-30T19:33:44
================================================================================
[2025-10-30T19:34:40.911+0000] {manager.py:879} INFO - 
================================================================================
DAG File Processing Stats

File Path                                 PID    Runtime      # DAGs    # Errors  Last Runtime    Last Run
----------------------------------------  -----  ---------  --------  ----------  --------------  -------------------
/opt/airflow/dags/reddit_pipeline_dag.py                           1           0  0.22s           2025-10-30T19:34:19
================================================================================
[2025-10-30T19:35:11.226+0000] {manager.py:879} INFO - 
================================================================================
DAG File Processing Stats

File Path                                 PID    Runtime      # DAGs    # Errors  Last Runtime    Last Run
----------------------------------------  -----  ---------  --------  ----------  --------------  -------------------
/opt/airflow/dags/reddit_pipeline_dag.py                           1           0  0.11s           2025-10-30T19:34:50
================================================================================
[2025-10-30T19:35:41.474+0000] {manager.py:879} INFO - 
================================================================================
DAG File Processing Stats

File Path                                 PID    Runtime      # DAGs    # Errors  Last Runtime    Last Run
----------------------------------------  -----  ---------  --------  ----------  --------------  -------------------
/opt/airflow/dags/reddit_pipeline_dag.py                           1           0  0.11s           2025-10-30T19:35:20
================================================================================
[2025-10-30T19:36:11.741+0000] {manager.py:879} INFO - 
================================================================================
DAG File Processing Stats

File Path                                 PID    Runtime      # DAGs    # Errors  Last Runtime    Last Run
----------------------------------------  -----  ---------  --------  ----------  --------------  -------------------
/opt/airflow/dags/reddit_pipeline_dag.py                           1           0  0.10s           2025-10-30T19:35:50
================================================================================
[2025-10-30T19:36:41.975+0000] {manager.py:879} INFO - 
================================================================================
DAG File Processing Stats

File Path                                 PID    Runtime      # DAGs    # Errors  Last Runtime    Last Run
----------------------------------------  -----  ---------  --------  ----------  --------------  -------------------
/opt/airflow/dags/reddit_pipeline_dag.py                           1           0  0.10s           2025-10-30T19:36:20
================================================================================
[2025-10-30T19:37:12.230+0000] {manager.py:879} INFO - 
================================================================================
DAG File Processing Stats

File Path                                 PID    Runtime      # DAGs    # Errors  Last Runtime    Last Run
----------------------------------------  -----  ---------  --------  ----------  --------------  -------------------
/opt/airflow/dags/reddit_pipeline_dag.py                           1           0  0.09s           2025-10-30T19:36:51
================================================================================
[2025-10-30T19:37:42.457+0000] {manager.py:879} INFO - 
================================================================================
DAG File Processing Stats

File Path                                 PID    Runtime      # DAGs    # Errors  Last Runtime    Last Run
----------------------------------------  -----  ---------  --------  ----------  --------------  -------------------
/opt/airflow/dags/reddit_pipeline_dag.py                           1           0  0.10s           2025-10-30T19:37:21
================================================================================
[2025-10-30T19:38:12.766+0000] {manager.py:879} INFO - 
================================================================================
DAG File Processing Stats

File Path                                 PID    Runtime      # DAGs    # Errors  Last Runtime    Last Run
----------------------------------------  -----  ---------  --------  ----------  --------------  -------------------
/opt/airflow/dags/reddit_pipeline_dag.py                           1           0  0.11s           2025-10-30T19:37:51
================================================================================
[2025-10-30T19:38:15.794+0000] {manager.py:738} INFO - Searching for files in /opt/airflow/dags
[2025-10-30T19:38:15.810+0000] {manager.py:741} INFO - There are 1 files in /opt/airflow/dags
[2025-10-30T19:38:42.996+0000] {manager.py:879} INFO - 
================================================================================
DAG File Processing Stats

File Path                                 PID    Runtime      # DAGs    # Errors  Last Runtime    Last Run
----------------------------------------  -----  ---------  --------  ----------  --------------  -------------------
/opt/airflow/dags/reddit_pipeline_dag.py                           1           0  0.15s           2025-10-30T19:38:22
================================================================================
[2025-10-30T19:39:13.196+0000] {manager.py:879} INFO - 
================================================================================
DAG File Processing Stats

File Path                                 PID    Runtime      # DAGs    # Errors  Last Runtime    Last Run
----------------------------------------  -----  ---------  --------  ----------  --------------  -------------------
/opt/airflow/dags/reddit_pipeline_dag.py                           1           0  0.12s           2025-10-30T19:38:52
================================================================================
[2025-10-30T19:39:43.487+0000] {manager.py:879} INFO - 
================================================================================
DAG File Processing Stats

File Path                                 PID    Runtime      # DAGs    # Errors  Last Runtime    Last Run
----------------------------------------  -----  ---------  --------  ----------  --------------  -------------------
/opt/airflow/dags/reddit_pipeline_dag.py                           1           0  0.11s           2025-10-30T19:39:22
================================================================================
[2025-10-30T19:39:50.073+0000] {manager.py:451} INFO - Exiting gracefully upon receiving signal 15
