city,hotel_names,hotel_longitude,hotel_latitude,hotel_url,hotel_desc,hotel_mark
Montauban,Brit Hotel Confort Montauban,1.330394446849823,43.980810842951904,https://www.booking.com/hotel/fr/deltour-montauban-city.fr.html?aid=304142&label=gen173nr-1FCAQoggJCEHNlYXJjaF9tb250YXViYW5IDVgEaE2IAQGYAQ24AQrIAQXYAQHoAQH4AQOIAgGoAgO4AqGVn70GwAIB0gIkMDRiY2UyMWYtNzk1YS00YzRjLWJlNzMtZTkxM2UyZDEyNTE52AIF4AIB&ucfs=1&arphpl=1&group_adults=2&req_adults=2&no_rooms=1&group_children=0&req_children=0&hpos=1&hapos=1&sr_order=popularity&srpvid=190c9610776700d4&srepoch=1739049634&from=searchresults,"[""L’établissement Brit Hotel Confort Montauban se situe à Montauban, à respectivement 49 km et 48 km de ces lieux d’intérêt : Zénith de Toulouse et Pierre Baudis Japanese Garden. Cet hôtel 3 étoiles propose un salon commun ainsi que des hébergements dotés de la climatisation, d’une connexion Wi-Fi gratuite et d’une salle de bains privative. Cet établissement non-fumeurs se trouve à 47 km de : Amphithéâtre romain de Purpan-Ancely.\n\nTous les hébergements possèdent un bureau. Vous profiterez d'une télévision à écran plat et d'articles de toilette gratuits.\n\nL’établissement Brit Hotel Confort Montauban sert un petit-déjeuner buffet ou continental.\n\nVous séjournerez à respectivement 48 km et 48 km de ces lieux d’intérêt : Métro Compans Caffarelli et Gare de Toulouse-Matabiau. L'aéroport le plus proche (Aéroport de Toulouse-Blagnac) est à 48 km.""]",8.2
Montauban,Appartement Cosy en Centre ville,1.3564167,44.0191236,https://www.booking.com/hotel/fr/appartement-cosy-en-centre-ville-montauban.fr.html?aid=304142&label=gen173nr-1FCAQoggJCEHNlYXJjaF9tb250YXViYW5IDVgEaE2IAQGYAQ24AQrIAQXYAQHoAQH4AQOIAgGoAgO4AqGVn70GwAIB0gIkMDRiY2UyMWYtNzk1YS00YzRjLWJlNzMtZTkxM2UyZDEyNTE52AIF4AIB&ucfs=1&arphpl=1&group_adults=2&req_adults=2&no_rooms=1&group_children=0&req_children=0&hpos=2&hapos=2&sr_order=popularity&srpvid=190c9610776700d4&srepoch=1739049634&from=searchresults,"[""L'Appartement Cosy en Centre ville est situé à Montauban. Il offre une vue sur la ville. Vous bénéficierez gratuitement d'une connexion Wi-Fi dans l'ensemble des locaux.\n\nRécemment rénové, cet appartement comprend 2 chambres séparées, une salle de bains, une cuisine entièrement équipée avec un coin repas et un lave-vaisselle, ainsi qu'un salon avec une télévision à écran plat. Pour plus de commodité, l'établissement peut fournir des serviettes et du linge de maison moyennant des frais supplémentaires. Pour plus d'intimité, l'hébergement dispose d'une entrée privée.\n\nL'aéroport de Toulouse-Blagnac est implanté à 52 km.""]",8.2
Montauban,Sure Hotel by Best Western Les Portes de Montauban,1.32209782791136,43.9362872066926,https://www.booking.com/hotel/fr/sure-by-best-western-les-portes-de-montauban.fr.html?aid=304142&label=gen173nr-1FCAQoggJCEHNlYXJjaF9tb250YXViYW5IDVgEaE2IAQGYAQ24AQrIAQXYAQHoAQH4AQOIAgGoAgO4AqGVn70GwAIB0gIkMDRiY2UyMWYtNzk1YS00YzRjLWJlNzMtZTkxM2UyZDEyNTE52AIF4AIB&ucfs=1&arphpl=1&group_adults=2&req_adults=2&no_rooms=1&group_children=0&req_children=0&hpos=3&hapos=3&sr_order=popularity&srpvid=190c9610776700d4&srepoch=1739049634&from_sustainable_property_sr=1&from=searchresults,"[""Situé à Montauban, à 42 km de l'amphithéâtre Purpan-Ancely, Le Sure Hotel by Best Western Les Portes de Montauban propose des hébergements avec un jardin, un parking privé gratuit, un salon commun et une terrasse. Cet hôtel 3 étoiles propose un bar et des chambres climatisées avec connexion Wi-Fi gratuite. Il propose un service d'étage et une réception ouverte 24h/24.\n\nL'hôtel sert un petit-déjeuner buffet ou continental.\n\nLe Sure Hotel by Best Western Les Portes de Montauban se trouve à 44 km du Zénith de Toulouse et à 46 km du Stadium de Toulouse. L'aéroport de Toulouse-Blagnac est à 43 km.""]",8.8
Montauban,Hôtel du Commerce,1.354072988033295,44.01542572857878,https://www.booking.com/hotel/fr/hotel-du-commerce-montauban.fr.html?aid=304142&label=gen173nr-1FCAQoggJCEHNlYXJjaF9tb250YXViYW5IDVgEaE2IAQGYAQ24AQrIAQXYAQHoAQH4AQOIAgGoAgO4AqGVn70GwAIB0gIkMDRiY2UyMWYtNzk1YS00YzRjLWJlNzMtZTkxM2UyZDEyNTE52AIF4AIB&ucfs=1&arphpl=1&group_adults=2&req_adults=2&no_rooms=1&group_children=0&req_children=0&hpos=4&hapos=4&sr_order=popularity&srpvid=190c9610776700d4&srepoch=1739049634&from=searchresults,"[""Situé dans le centre de Montauban, l'Hôtel du Commerce propose des chambres insonorisées dans un bâtiment rénové du XVIIIe siècle avec ascenseur. L'hôtel se trouve à 100 mètres du musée Ingres et à 1 km de la gare de Montauban.\n\nAffichant une décoration personnalisée, toutes les chambres de l'Hôtel du Commerce disposent d'une télévision à écran plat. Leur salle de bains privative est munie d'un sèche-cheveux, d'articles de toilette gratuits et d'une baignoire ou d'une douche. Certains logements sont également pourvus de la climatisation.\n\nChaque matin, vous pourrez choisir entre un petit-déjeuner continental et un petit-déjeuner buffet anglais. Vous pourrez le déguster dans le salon commun ou dans le confort de votre chambre. Un restaurant vous attend à seulement 5 mètres de l'établissement.\n\nUne connexion Wi-Fi est accessible gratuitement dans l'ensemble de l'hôtel. Des places de stationnement publiques sont disponibles moyennant des frais supplémentaires à proximité de l'Hôtel du Commerce. Enfin, la sortie de l'autoroute A20 se trouve à 2,5 km.""]",8.4
Montauban,Dali Hôtel Montauban,1.349240014017,44.020995559797,https://www.booking.com/hotel/fr/dali-montauban.fr.html?aid=304142&label=gen173nr-1FCAQoggJCEHNlYXJjaF9tb250YXViYW5IDVgEaE2IAQGYAQ24AQrIAQXYAQHoAQH4AQOIAgGoAgO4AqGVn70GwAIB0gIkMDRiY2UyMWYtNzk1YS00YzRjLWJlNzMtZTkxM2UyZDEyNTE52AIF4AIB&ucfs=1&arphpl=1&group_adults=2&req_adults=2&no_rooms=1&group_children=0&req_children=0&hpos=5&hapos=5&sr_order=popularity&srpvid=190c9610776700d4&srepoch=1739049634&from=searchresults,"[""Situé à Montauban, le Dali Hôtel Montauban propose des hébergements avec une terrasse, un restaurant et un centre de spa et de bien-être. Doté d'une piscine extérieure ouverte en saison, cet hôtel 4 étoiles propose des chambres climatisées avec connexion Wi-Fi gratuite et salle de bains privative. Un parking privé gratuit est disponible et l'hôtel assure un service de location de vélos si vous souhaitez explorer les environs.\n\nLes chambres sont équipées d'une télévision par satellite à écran plat, d'une bouilloire et d'une armoire. Chaque chambre est équipée d'un coffre-fort et certaines offrent une vue sur la ville.\n\nL'hôtel sert un petit-déjeuner buffet ou continental.\n\nLors de votre séjour au Dali Hôtel Montauban, vous pourrez pratiquer diverses activités à Montauban et dans ses environs, telles que le vélo et la randonnée.\n\nParlant français, anglais et espagnol, le personnel de la réception se fera un plaisir de vous fournir des informations pratiques sur la région.\n\nL'aéroport de Toulouse-Blagnac est implanté à 52 km.""]",9.0
Montauban,Le Point Virgule - Parking Privé - Clim,1.3591095,44.0222532,https://www.booking.com/hotel/fr/le-point-virgule-parking-prive-clim.fr.html?aid=304142&label=gen173nr-1FCAQoggJCEHNlYXJjaF9tb250YXViYW5IDVgEaE2IAQGYAQ24AQrIAQXYAQHoAQH4AQOIAgGoAgO4AqGVn70GwAIB0gIkMDRiY2UyMWYtNzk1YS00YzRjLWJlNzMtZTkxM2UyZDEyNTE52AIF4AIB&ucfs=1&arphpl=1&group_adults=2&req_adults=2&no_rooms=1&group_children=0&req_children=0&hpos=6&hapos=6&sr_order=popularity&srpvid=190c9610776700d4&srepoch=1739049634&from=searchresults,"[""Situé à Montauban, l’hébergement Le Point Virgule - Parking Privé - Clim propose un bar. Cet hébergement met à votre disposition un balcon, un parking privé gratuit et une connexion Wi-Fi gratuite.\n\nCet appartement avec climatisation se compose de 1 chambre séparée, d'une cuisine entièrement équipée avec un réfrigérateur et un four, ainsi que de 1 salle de bains. Cet hébergement met à votre disposition des serviettes et du linge de lit.""]",
Montauban,L’appartement de Manon,1.342456499711551,44.01682794568838,https://www.booking.com/hotel/fr/appartement-de-manon-montauban.fr.html?aid=304142&label=gen173nr-1FCAQoggJCEHNlYXJjaF9tb250YXViYW5IDVgEaE2IAQGYAQ24AQrIAQXYAQHoAQH4AQOIAgGoAgO4AqGVn70GwAIB0gIkMDRiY2UyMWYtNzk1YS00YzRjLWJlNzMtZTkxM2UyZDEyNTE52AIF4AIB&ucfs=1&arphpl=1&group_adults=2&req_adults=2&no_rooms=1&group_children=0&req_children=0&hpos=7&hapos=7&sr_order=popularity&srpvid=190c9610776700d4&srepoch=1739049634&from=searchresults,"[""Situé à Montauban, l’hébergement L’appartement de Manon offre une vue sur le jardin. Il propose une terrasse et une connexion Wi-Fi gratuite. Cet appartement met à votre disposition un balcon.\n\nCet appartement se compose de 1 chambre, d'un salon, d'une cuisine entièrement équipée avec un réfrigérateur et une machine à café, ainsi que de 1 salle de bains avec une douche et des articles de toilette gratuits. Des serviettes et du linge de lit sont mis à votre disposition.\n\nL'aéroport le plus proche (Aéroport de Toulouse-Blagnac) est à 50 km.""]",9.1
Montauban,Le beau Malcousinat proche place Nationale,1.3534844,44.0173306,https://www.booking.com/hotel/fr/le-beau-malcousinat.fr.html?aid=304142&label=gen173nr-1FCAQoggJCEHNlYXJjaF9tb250YXViYW5IDVgEaE2IAQGYAQ24AQrIAQXYAQHoAQH4AQOIAgGoAgO4AqGVn70GwAIB0gIkMDRiY2UyMWYtNzk1YS00YzRjLWJlNzMtZTkxM2UyZDEyNTE52AIF4AIB&ucfs=1&arphpl=1&group_adults=2&req_adults=2&no_rooms=1&group_children=0&req_children=0&hpos=8&hapos=8&sr_order=popularity&srpvid=190c9610776700d4&srepoch=1739049634&from=searchresults,"[""Le beau Malcousinat proche place Nationale est situé à Montauban. Une connexion Wi-Fi est disponible gratuitement dans l'ensemble de l'établissement.\n\nCet appartement comprend une chambre, un salon, une télévision à écran plat, une cuisine équipée avec un coin repas ainsi qu'une salle de bains pourvue d'une douche et d'un lave-linge. Les serviettes et le linge de lit sont fournis. Cet appartement est non-fumeurs et insonorisé.\n\nL'aéroport de Toulouse-Blagnac, le plus proche, est implanté à 51 km.""]",9.1
Montauban,Studio plein Sud au calme,1.3266783,44.0077748,https://www.booking.com/hotel/fr/studios-plein-sud-au-calme.fr.html?aid=304142&label=gen173nr-1FCAQoggJCEHNlYXJjaF9tb250YXViYW5IDVgEaE2IAQGYAQ24AQrIAQXYAQHoAQH4AQOIAgGoAgO4AqGVn70GwAIB0gIkMDRiY2UyMWYtNzk1YS00YzRjLWJlNzMtZTkxM2UyZDEyNTE52AIF4AIB&ucfs=1&arphpl=1&group_adults=2&req_adults=2&no_rooms=1&group_children=0&req_children=0&hpos=9&hapos=9&sr_order=popularity&srpvid=190c9610776700d4&srepoch=1739049634&from=searchresults,"[""Situé à Montauban, l’établissement Studio plein Sud au calme possède une connexion Wi-Fi gratuite, la climatisation et un jardin.\n\nL’établissement propose des hébergements avec vue sur le jardin, une terrasse, un coin salon et une télévision à écran plat. Vous bénéficierez d’une cuisine entièrement équipée avec un réfrigérateur et un lave-vaisselle, ainsi que d’une salle de bains privative avec une douche et des articles de toilette gratuits. Un micro-ondes, une plaque de cuisson et un grille-pain sont également à disposition, de même qu’une machine à café et une bouilloire.\n\nL'aéroport le plus proche (Aéroport de Toulouse-Blagnac) est à 51 km.""]",9.3
Montauban,Le Cocon,1.354061343508,44.01643496418,https://www.booking.com/hotel/fr/le-cosy-studio-montauban.fr.html?aid=304142&label=gen173nr-1FCAQoggJCEHNlYXJjaF9tb250YXViYW5IDVgEaE2IAQGYAQ24AQrIAQXYAQHoAQH4AQOIAgGoAgO4AqGVn70GwAIB0gIkMDRiY2UyMWYtNzk1YS00YzRjLWJlNzMtZTkxM2UyZDEyNTE52AIF4AIB&ucfs=1&arphpl=1&group_adults=2&req_adults=2&no_rooms=1&group_children=0&req_children=0&hpos=10&hapos=10&sr_order=popularity&srpvid=190c9610776700d4&srepoch=1739049634&from=searchresults,"[""Récemment rénové, l'appartement Le Cocon est situé à Montauban. Cet appartement possède un balcon. Une connexion Wi-Fi et un parking privé sont disponibles gratuitement.\n\nCet appartement comprend une chambre, une cuisine entièrement équipée et une salle de bains. Les serviettes et le linge de lit sont fournis. Cet établissement est non-fumeurs.\n\nL'aéroport de Toulouse-Blagnac, le plus proche, est implanté à 50 km.""]",8.1
Montauban,Sublime Cocon pour deux - 1 lit double - Hypercentre de Montauban - Proche Place Nationale,1.3555723,44.0158707,https://www.booking.com/hotel/fr/studio-hyper-centre-montauban1.fr.html?aid=304142&label=gen173nr-1FCAQoggJCEHNlYXJjaF9tb250YXViYW5IDVgEaE2IAQGYAQ24AQrIAQXYAQHoAQH4AQOIAgGoAgO4AqGVn70GwAIB0gIkMDRiY2UyMWYtNzk1YS00YzRjLWJlNzMtZTkxM2UyZDEyNTE52AIF4AIB&ucfs=1&arphpl=1&group_adults=2&req_adults=2&no_rooms=1&group_children=0&req_children=0&hpos=11&hapos=11&sr_order=popularity&srpvid=190c9610776700d4&srepoch=1739049634&from=searchresults,"[""Situé à Montauban, l’établissement Sublime Cocon pour deux - 1 lit double - Hypercentre de Montauban - Proche Place Nationale possède des hébergements avec une connexion Wi-Fi gratuite et un coin salon.\n\nChaque hébergement possède une télévision à écran plat avec les chaînes du câble. Vous bénéficierez également d’une cuisine complètement équipée comprenant une table à manger, ainsi que d’une salle de bains privative comportant une douche, des articles de toilette gratuits et un sèche-cheveux. Un réfrigérateur, un micro-ondes et une plaque de cuisson sont également à disposition, de même qu’une machine à café et une bouilloire.\n\nL'aéroport le plus proche (Aéroport de Toulouse-Blagnac) est à 51 km.""]",7.7
Montauban,"La Halte Occitane - Classé 3 étoiles - Pour 6 personnes, 3 chambres, parking, terrasse, tout inclus",1.315445564349,44.015068015719,https://www.booking.com/hotel/fr/beau-t4-tout-neuf-amp-tout-inclus.fr.html?aid=304142&label=gen173nr-1FCAQoggJCEHNlYXJjaF9tb250YXViYW5IDVgEaE2IAQGYAQ24AQrIAQXYAQHoAQH4AQOIAgGoAgO4AqGVn70GwAIB0gIkMDRiY2UyMWYtNzk1YS00YzRjLWJlNzMtZTkxM2UyZDEyNTE52AIF4AIB&ucfs=1&arphpl=1&group_adults=2&req_adults=2&no_rooms=1&group_children=0&req_children=0&hpos=12&hapos=12&sr_order=popularity&srpvid=190c9610776700d4&srepoch=1739049634&from=searchresults,"[""Situé à Montauban, l’hébergement La Halte Occitane - Classé 3 étoiles - Pour 6 personnes, 3 chambres, parking, terrasse, tout inclus possède la climatisation, une terrasse et une connexion Wi-Fi gratuite. Cet appartement comprend un jardin et un parking privé gratuit.\n\nCet appartement comporte 3 chambres, une cuisine avec un réfrigérateur et un lave-vaisselle, ainsi que 1 salle de bains avec une douche, des articles de toilette gratuits et un lave-linge. Des serviettes et du linge de lit sont mis à votre disposition.\n\nL'aéroport le plus proche (Aéroport de Toulouse-Blagnac) est à 53 km.""]",9.6
Montauban,"Chez Juliette, proche Place Nationale avec parking",1.3548583,44.0180363,https://www.booking.com/hotel/fr/chez-juliette-close-to-place-nationale-amp-parking.fr.html?aid=304142&label=gen173nr-1FCAQoggJCEHNlYXJjaF9tb250YXViYW5IDVgEaE2IAQGYAQ24AQrIAQXYAQHoAQH4AQOIAgGoAgO4AqGVn70GwAIB0gIkMDRiY2UyMWYtNzk1YS00YzRjLWJlNzMtZTkxM2UyZDEyNTE52AIF4AIB&ucfs=1&arphpl=1&group_adults=2&req_adults=2&no_rooms=1&group_children=0&req_children=0&hpos=13&hapos=13&sr_order=popularity&srpvid=190c9610776700d4&srepoch=1739049634&from=searchresults,"[""Situé à Montauban, en Midi-Pyrénées, l'établissement Chez Juliette, proche Place Nationale avec parking propose des hébergements avec connexion Wi-Fi et parking privé gratuits. Il offre une vue sur la ville.\n\nCet appartement comprend une chambre, une télévision à écran plat, un coin repas, une kitchenette entièrement équipée avec lave-vaisselle et un salon. Les serviettes et le linge de lit sont fournis. Cet établissement est non-fumeurs.\n\nL'aéroport de Toulouse-Blagnac, le plus proche, est implanté à 51 km.""]",9.5
Montauban,Villa de cammas,1.3173643,44.0132021,https://www.booking.com/hotel/fr/villa-de-cammas-montauban.fr.html?aid=304142&label=gen173nr-1FCAQoggJCEHNlYXJjaF9tb250YXViYW5IDVgEaE2IAQGYAQ24AQrIAQXYAQHoAQH4AQOIAgGoAgO4AqGVn70GwAIB0gIkMDRiY2UyMWYtNzk1YS00YzRjLWJlNzMtZTkxM2UyZDEyNTE52AIF4AIB&ucfs=1&arphpl=1&group_adults=2&req_adults=2&no_rooms=1&group_children=0&req_children=0&hpos=14&hapos=14&sr_order=popularity&srpvid=190c9610776700d4&srepoch=1739049634&from=searchresults,"[""Située à Montauban, en Midi-Pyrénées, la Villa de cammas dispose d'un jardin. Vous pourrez profiter d'une terrasse et d'un parking privé gratuit. La maison d'hôtes possède une piscine d'eau salée et une cuisine commune.\n\nCette maison d'hôtes est équipée d'une télévision à écran plat. Les serviettes et le linge de lit sont fournis. L'hébergement dispose de la climatisation, du chauffage et d'une salle de bains privative.\n\nCette maison d'hôtes sert un petit-déjeuner à la carte. Vous trouverez un café sur place et pourrez utiliser le barbecue en été.\n\nLa maison d'hôtes possède une aire de pique-nique où vous pourrez passer une journée en plein air.\n\nL'aéroport de Toulouse-Blagnac est implanté à 52 km.""]",9.8
Montauban,L'authentique,1.355708791402,44.017519950789,https://www.booking.com/hotel/fr/authentique-montauban1.fr.html?aid=304142&label=gen173nr-1FCAQoggJCEHNlYXJjaF9tb250YXViYW5IDVgEaE2IAQGYAQ24AQrIAQXYAQHoAQH4AQOIAgGoAgO4AqGVn70GwAIB0gIkMDRiY2UyMWYtNzk1YS00YzRjLWJlNzMtZTkxM2UyZDEyNTE52AIF4AIB&ucfs=1&arphpl=1&group_adults=2&req_adults=2&no_rooms=1&group_children=0&req_children=0&hpos=15&hapos=15&sr_order=popularity&srpvid=190c9610776700d4&srepoch=1739049634&from=searchresults,"[""L'authentique est situé à Montauban. Une connexion Wi-Fi est disponible gratuitement dans l'ensemble de l'établissement.\n\nCet appartement spacieux comprend 2 chambres, une télévision à écran plat avec des services de streaming ainsi qu'une cuisine entièrement équipée avec un lave-vaisselle, un four, un lave-linge, un micro-ondes et un grille-pain. Ce logement climatisé dispose d'une douche à l'italienne et d'un dressing. Pour plus d'intimité, l'hébergement dispose d'une entrée privée.\n\nL'aéroport de Toulouse-Blagnac, le plus proche, est implanté à 51 km.""]",9.7
Montauban,ibis Montauban,1.3837341964244845,44.00536749728455,https://www.booking.com/hotel/fr/ha-tel-ibis-montauban.fr.html?aid=304142&label=gen173nr-1FCAQoggJCEHNlYXJjaF9tb250YXViYW5IDVgEaE2IAQGYAQ24AQrIAQXYAQHoAQH4AQOIAgGoAgO4AqGVn70GwAIB0gIkMDRiY2UyMWYtNzk1YS00YzRjLWJlNzMtZTkxM2UyZDEyNTE52AIF4AIB&ucfs=1&arphpl=1&group_adults=2&req_adults=2&no_rooms=1&group_children=0&req_children=0&hpos=16&hapos=16&sr_order=popularity&srpvid=190c9610776700d4&srepoch=1739049634&from=searchresults,"[""Situé à la sortie de l'autoroute A20, à 5 minutes en voiture de Montauban, cet hôtel ibis possède un bar, une piscine extérieure et une salle de réunion. Un parking privé et une connexion Wi-Fi sont disponibles gratuitement.\n\nDécorées avec simplicité, les chambres comprennent une télévision à écran LCD, un téléphone et un bureau. Leur salle de bains privative est pourvue d'une douche ou d'une baignoire.\n\nChaque matin, vous pourrez savourer un petit-déjeuner buffet composé de mets sucrés et salés, tels que des œufs, de la salade de fruits, des yaourts et des jus. Des viennoiseries cuites sur place et des madeleines françaises fraîches sont aussi proposées, ainsi qu'une boisson chaude et un fruit à emporter. En dehors des horaires habituels, vous pourrez profiter d'un petit-déjeuner plus léger à partir de 4h00. Des spécialités françaises sont servies au restaurant, ouvert uniquement pour le dîner.\n\nL'hôtel ibis Montauban se trouve à 1,5 km du stade de la Fobio et à 4 km du stade Sapiac. En voiture, vous pourrez rejoindre la gare de Montauban-Ville-Bourbon en 15 minutes et l'aéroport de Toulouse-Blagnac en 35 minutes.""]",8.3
Montauban,Hôtel Mercure Montauban,1.354912519454956,44.015742070285896,https://www.booking.com/hotel/fr/mercure.fr.html?aid=304142&label=gen173nr-1FCAQoggJCEHNlYXJjaF9tb250YXViYW5IDVgEaE2IAQGYAQ24AQrIAQXYAQHoAQH4AQOIAgGoAgO4AqGVn70GwAIB0gIkMDRiY2UyMWYtNzk1YS00YzRjLWJlNzMtZTkxM2UyZDEyNTE52AIF4AIB&ucfs=1&arphpl=1&group_adults=2&req_adults=2&no_rooms=1&group_children=0&req_children=0&hpos=17&hapos=17&sr_order=popularity&srpvid=190c9610776700d4&srepoch=1739049634&from=searchresults,"[""Cet hôtel Mercure occupe un édifice du XVIIIe siècle situé dans le quartier historique de Montauban, juste en face de la cathédrale et non loin du quartier d'affaires de la ville.\n\nLe Mercure Montauban compte 44 chambres, dont 6 non-fumeurs et 2 pour mobilité réduite. Elles sont toutes climatisées et dotées de salles de bains privatives, de la télévision satellite avec écran plat et d'une connexion au Wi-Fi.\n\nBourdelle, le restaurant de l'hôtel, propose une cuisine française gastronomique et des menus enfants. Il dispose d'un espace non-fumeurs. Le bar de l'hôtel, la Brasserie Bourdelle, sert un choix varié de cocktails et de boissons sous un beau plafond de verre.\n\nL'hôtel dispose enfin de 5 salles de réunions pouvant accueillir jusqu'à 170 personnes.""]",8.9
Montauban,Studio Meublé Tout Confort,1.3522876,44.0188971,https://www.booking.com/hotel/fr/studio-meuble-tout-confort-montauban.fr.html?aid=304142&label=gen173nr-1FCAQoggJCEHNlYXJjaF9tb250YXViYW5IDVgEaE2IAQGYAQ24AQrIAQXYAQHoAQH4AQOIAgGoAgO4AqGVn70GwAIB0gIkMDRiY2UyMWYtNzk1YS00YzRjLWJlNzMtZTkxM2UyZDEyNTE52AIF4AIB&ucfs=1&arphpl=1&group_adults=2&req_adults=2&no_rooms=1&group_children=0&req_children=0&hpos=18&hapos=18&sr_order=popularity&srpvid=190c9610776700d4&srepoch=1739049634&from=searchresults,"[""Le Studio Meublé Tout Confort est situé à Montauban.\n\nDoté d'une connexion Wi-Fi gratuite, cet appartement 1 chambre dispose d'une télévision à écran plat et d'une cuisine avec un four et un micro-ondes. Les serviettes et le linge de lit sont fournis. Pour plus d'intimité, l'hébergement dispose d'une entrée privée.\n\nL'aéroport de Toulouse-Blagnac, le plus proche, est implanté à 51 km.""]",9.0
Montauban,Résidence Richelieu,1.3528926,44.0185782,https://www.booking.com/hotel/fr/residence-richelieu-montauban.fr.html?aid=304142&label=gen173nr-1FCAQoggJCEHNlYXJjaF9tb250YXViYW5IDVgEaE2IAQGYAQ24AQrIAQXYAQHoAQH4AQOIAgGoAgO4AqGVn70GwAIB0gIkMDRiY2UyMWYtNzk1YS00YzRjLWJlNzMtZTkxM2UyZDEyNTE52AIF4AIB&ucfs=1&arphpl=1&group_adults=2&req_adults=2&no_rooms=1&group_children=0&req_children=0&hpos=19&hapos=19&sr_order=popularity&srpvid=190c9610776700d4&srepoch=1739049634&from=searchresults,"[""Située à Montauban, en Midi-Pyrénées, la Résidence Richelieu dispose d'un balcon et offre une vue sur la cour intérieure.\n\nDoté d'une connexion Wi-Fi gratuite, cet appartement d'une chambre dispose d'une télévision à écran plat et d'une cuisine avec un micro-ondes et un grille-pain. Cet établissement est non-fumeurs.\n\nL'aéroport de Toulouse-Blagnac, le plus proche, est implanté à 51 km.""]",8.9
Montauban,Abbaye des Capucins Spa & Resort,1.3495668768882751,44.020542927203735,https://www.booking.com/hotel/fr/abbaye-des-capucins-spa-and-resort.fr.html?aid=304142&label=gen173nr-1FCAQoggJCEHNlYXJjaF9tb250YXViYW5IDVgEaE2IAQGYAQ24AQrIAQXYAQHoAQH4AQOIAgGoAgO4AqGVn70GwAIB0gIkMDRiY2UyMWYtNzk1YS00YzRjLWJlNzMtZTkxM2UyZDEyNTE52AIF4AIB&ucfs=1&arphpl=1&group_adults=2&req_adults=2&no_rooms=1&group_children=0&req_children=0&hpos=20&hapos=20&sr_order=popularity&srpvid=190c9610776700d4&srepoch=1739049634&from=searchresults,"[""L’Abbaye des Capucins Spa & Resort vous accueille à Montauban, à 30 minutes en voiture de Toulouse. Vous aurez gratuitement accès à une piscine extérieure, un spa et une salle de sport dotée d’appareils de cardio-training.\n\nL'Abbaye des Capucins Spa & Resort propose des hébergements insonorisés et climatisés. Toutes les chambres disposent d’une salle de bains privative et certaines bénéficient d’une terrasse avec vue sur le Tarn. Moyennant un supplément, vous pourrez prendre votre petit-déjeuner dans le confort de votre chambre.\n\nVous pourrez manger à la brasserie de l’hôtel, Le Bistro des Capucins.\n\nL’Abbaye des Capucins Spa & Resort propose des massages et des soins de beauté. Cet établissement dispose d’un centre d’affaires et d’un parking privé gratuit.""]",8.6
Montauban,Studio Tamaris au coeur historique de Montauban,1.3545639,44.01702,https://www.booking.com/hotel/fr/studio-tamaris-au-coeur-historique-de-montauban.fr.html?aid=304142&label=gen173nr-1FCAQoggJCEHNlYXJjaF9tb250YXViYW5IDVgEaE2IAQGYAQ24AQrIAQXYAQHoAQH4AQOIAgGoAgO4AqGVn70GwAIB0gIkMDRiY2UyMWYtNzk1YS00YzRjLWJlNzMtZTkxM2UyZDEyNTE52AIF4AIB&ucfs=1&arphpl=1&group_adults=2&req_adults=2&no_rooms=1&group_children=0&req_children=0&hpos=21&hapos=21&sr_order=popularity&srpvid=190c9610776700d4&srepoch=1739049634&from=searchresults,"[""Le Studio Tamaris au coeur historique de Montauban est situé à Montauban. Vous profiterez d'un service de sécurité d'une journée, d'un service de concierge et d'une connexion Wi-Fi gratuite dans l'ensemble des locaux.\n\nCet appartement comprend une chambre, une télévision à écran plat, un lave-linge et une salle de bains pourvue d'une douche. Sa cuisine entièrement équipée comporte un micro-ondes et un réfrigérateur. Pour plus de commodité, l'établissement peut fournir des serviettes et du linge de maison moyennant des frais supplémentaires. Cet appartement est non-fumeurs et insonorisé.\n\nL'aéroport de Toulouse-Blagnac, le plus proche, est implanté à 51 km.""]",9.0
Montauban,En toute intimité dans le centre historique,1.3551575,44.0175635,https://www.booking.com/hotel/fr/en-toute-intimite-dans-le-centre-historique.fr.html?aid=304142&label=gen173nr-1FCAQoggJCEHNlYXJjaF9tb250YXViYW5IDVgEaE2IAQGYAQ24AQrIAQXYAQHoAQH4AQOIAgGoAgO4AqGVn70GwAIB0gIkMDRiY2UyMWYtNzk1YS00YzRjLWJlNzMtZTkxM2UyZDEyNTE52AIF4AIB&ucfs=1&arphpl=1&group_adults=2&req_adults=2&no_rooms=1&group_children=0&req_children=0&hpos=22&hapos=22&sr_order=popularity&srpvid=190c9610776700d4&srepoch=1739049634&from=searchresults,"[""L'établissement En toute intimité dans le centre historique est situé à Montauban. L'établissement offre une vue paisible sur la rue.\n\nL'appartement comprend une chambre, un salon avec une télévision à écran plat et un service de streaming, une cuisine entièrement équipée avec un lave-vaisselle et un four ainsi qu'une salle de bains pourvue d'un sèche-cheveux. Les serviettes et le linge de lit sont fournis. Cet établissement est non-fumeurs.\n\nVous pourrez pratiquer diverses activités à Montauban et dans les environs, telles que la randonnée.\n\nL'aéroport de Toulouse-Blagnac est implanté à 51 km.""]",9.2
Montauban,Le Duplexe Chaleureux T3,1.354135749739,44.016550626839,https://www.booking.com/hotel/fr/le-duplexe-chaleureux-t3.fr.html?aid=304142&label=gen173nr-1FCAQoggJCEHNlYXJjaF9tb250YXViYW5IDVgEaE2IAQGYAQ24AQrIAQXYAQHoAQH4AQOIAgGoAgO4AqGVn70GwAIB0gIkMDRiY2UyMWYtNzk1YS00YzRjLWJlNzMtZTkxM2UyZDEyNTE52AIF4AIB&ucfs=1&arphpl=1&group_adults=2&req_adults=2&no_rooms=1&group_children=0&req_children=0&hpos=23&hapos=23&sr_order=popularity&srpvid=190c9610776700d4&srepoch=1739049634&from=searchresults,"[""Le Duplexe Chaleureux T3 est un appartement récemment rénové situé à Montauban. Bénéficiant d'un service de sécurité d'une journée, cet établissement possède également une aire de pique-nique. L'établissement propose un service de concierge et une supérette.\n\nCet appartement comprend 2 chambres, une télévision à écran plat, une salle de bains pourvue d'une douche ainsi qu'une cuisine entièrement équipée avec un micro-ondes et un réfrigérateur. Pour plus de commodité, l'établissement peut fournir des serviettes et du linge de maison moyennant des frais supplémentaires. Cet établissement est non-fumeurs.\n\nVous pourrez pratiquer diverses activités à Montauban et dans les environs, telles que le vélo, la pêche et la randonnée. Si vous souhaitez découvrir la région, des visites à pied sont possibles dans les environs.\n\nL'aéroport le plus proche, celui de Toulouse-Blagnac, est situé à 50 km. Un service de navette aéroport peut être assuré moyennant des frais supplémentaires.""]",7.7
Montauban,LOFT VILLEBOURBON 40 m2 avec parking,1.346797840440539,44.016331373584855,https://www.booking.com/hotel/fr/studio-40-m2-avec-parking.fr.html?aid=304142&label=gen173nr-1FCAQoggJCEHNlYXJjaF9tb250YXViYW5IDVgEaE2IAQGYAQ24AQrIAQXYAQHoAQH4AQOIAgGoAgO4AqGVn70GwAIB0gIkMDRiY2UyMWYtNzk1YS00YzRjLWJlNzMtZTkxM2UyZDEyNTE52AIF4AIB&ucfs=1&arphpl=1&group_adults=2&req_adults=2&no_rooms=1&group_children=0&req_children=0&hpos=24&hapos=24&sr_order=popularity&srpvid=190c9610776700d4&srepoch=1739049634&from=searchresults,"[""Le LOFT VILLEBOURBON 40 m2 avec parking est situé à Montauban. Vous bénéficierez gratuitement d'un parking privé et d'une connexion Wi-Fi. L'appartement bénéficie de services de beauté et d'un service de sécurité d'une journée.\n\nCet appartement comprend une chambre, une télévision à écran plat, un coin salon et une salle de bains pourvue d'une douche. Sa cuisine est équipée d'un four et d'un micro-ondes. Les serviettes et le linge de lit sont fournis. Cet appartement est non-fumeurs et hypoallergénique.\n\nVous trouverez un café sur place.\n\nVous pourrez pratiquer diverses activités à Montauban et dans les environs, telles que des visites à pied.\n\nL'aéroport de Toulouse-Blagnac est implanté à 50 km.""]",9.1
Montauban,Chalet 1 contemporain dans son écrin de verdure,1.3639737,43.9829854,https://www.booking.com/hotel/fr/chalet-contemporain-dans-son-ecrin-de-verdure.fr.html?aid=304142&label=gen173nr-1FCAQoggJCEHNlYXJjaF9tb250YXViYW5IDVgEaE2IAQGYAQ24AQrIAQXYAQHoAQH4AQOIAgGoAgO4AqGVn70GwAIB0gIkMDRiY2UyMWYtNzk1YS00YzRjLWJlNzMtZTkxM2UyZDEyNTE52AIF4AIB&ucfs=1&arphpl=1&group_adults=2&req_adults=2&no_rooms=1&group_children=0&req_children=0&hpos=25&hapos=25&sr_order=popularity&srpvid=190c9610776700d4&srepoch=1739049634&from=searchresults,"[""Situé à Montauban, en Midi-Pyrénées, le Chalet 1 contemporain dans son écrin de verdure propose des hébergements avec un parking privé gratuit.\n\nCe chalet comprend une terrasse, une chambre, un salon et une cuisine bien équipée. Il dispose également d'une télévision à écran plat. Cet établissement est non-fumeurs.\n\nL'aéroport de Toulouse-Blagnac, le plus proche, est implanté à 53 km.""]",9.0
Marseille,The Babel Community Hôtel - Vieux Port,5.3774478,43.2937579,https://www.booking.com/hotel/fr/grand-t1-vieux-port-salle-de-sport-amp-rooftop.fr.html?aid=304142&label=gen173nr-1FCAQoggJCEHNlYXJjaF9tYXJzZWlsbGVIDVgEaE2IAQGYAQ24AQrIAQXYAQHoAQH4AQOIAgGoAgO4AqGVn70GwAIB0gIkY2ZhOTU4Y2ItZWM3ZC00NTY5LWIxZDktOWE0ZTI2Y2I2ZjM02AIF4AIB&ucfs=1&arphpl=1&group_adults=2&req_adults=2&no_rooms=1&group_children=0&req_children=0&hpos=1&hapos=1&sr_order=popularity&srpvid=14f89610d01a064c&srepoch=1739049634&from=searchresults,"[""L’établissement The Babel Community Hôtel - Vieux Port se situe à Marseille, à 500 mètres du centre et à 2,1 km de ce lieu d’intérêt : Plage des Catalans. Il possède la climatisation, une connexion Wi-Fi gratuite et une terrasse.\n\nVous bénéficierez d’une salle de bains privative entièrement équipée avec une douche et des articles de toilette gratuits.\n\nVous séjournerez à proximité de ces lieux d’intérêt\xa0: Rue Saint-Ferréol, Métro Castellane et Métro Vieux-Port. L'aéroport le plus proche (Aéroport de Marseille Provence) est à 23 km.""]",8.0
Marseille,Toyoko INN Marseille Saint Charles,5.376624,43.304229,https://www.booking.com/hotel/fr/toyoko-inn-marseille-saint-charles.fr.html?aid=304142&label=gen173nr-1FCAQoggJCEHNlYXJjaF9tYXJzZWlsbGVIDVgEaE2IAQGYAQ24AQrIAQXYAQHoAQH4AQOIAgGoAgO4AqGVn70GwAIB0gIkY2ZhOTU4Y2ItZWM3ZC00NTY5LWIxZDktOWE0ZTI2Y2I2ZjM02AIF4AIB&ucfs=1&arphpl=1&group_adults=2&req_adults=2&no_rooms=1&group_children=0&req_children=0&hpos=2&hapos=2&sr_order=popularity&srpvid=14f89610d01a064c&srepoch=1739049634&from=searchresults,"[""Situé à Marseille, à seulement 5\xa0minutes à pied de la gare de Marseille Saint-Charles, le Toyoko INN Marseille Saint Charles dispose d’un jardin et d’une connexion Wi-Fi gratuite. L’établissement est facilement accessible depuis l’autoroute A7. Un parking sécurisé est disponible mais les places de stationnement sont limitées et ne peuvent pas être réservées à l'avance.\n\nLes chambres sont équipées de la climatisation, d’une télévision à écran plat, d’un bureau et d’une salle de bains privative avec baignoire.\n\nParlant français et anglais, le personnel de la réception se fera un plaisir de vous aider à tout moment de la journée.\n\nVous séjournerez à 1,1\xa0km du Vieux-Port de Marseille et à 20\xa0minutes à pied du centre commercial Les Terrasses du Port. L’aéroport Marseille-Provence, le plus proche, se situe quant à lui à 20\xa0km.""]",7.7
Marseille,Le Fortia - Nid douillet sur le Vieux-Port de Marseille,5.373222,43.293701,https://www.booking.com/hotel/fr/le-fortia.fr.html?aid=304142&label=gen173nr-1FCAQoggJCEHNlYXJjaF9tYXJzZWlsbGVIDVgEaE2IAQGYAQ24AQrIAQXYAQHoAQH4AQOIAgGoAgO4AqGVn70GwAIB0gIkY2ZhOTU4Y2ItZWM3ZC00NTY5LWIxZDktOWE0ZTI2Y2I2ZjM02AIF4AIB&ucfs=1&arphpl=1&group_adults=2&req_adults=2&no_rooms=1&group_children=0&req_children=0&hpos=3&hapos=3&sr_order=popularity&srpvid=14f89610d01a064c&srepoch=1739049634&from=searchresults,"[""Situé en plein centre de Marseille, à proximité de la plage des Catalans et de la station de métro Vieux Port, l'établissement Le Fortia - Nid douillet sur le Vieux-Port de Marseille propose une connexion Wi-Fi gratuite, la climatisation et des équipements ménagers tels qu'un grille-pain et une machine à café. Vous séjournerez à proximité de plusieurs attractions réputées, à 1,8 km de la station de métro Joliette, à 2 km du centre commercial Les Terrasses du Port et à 1,5 km du palais du Pharo. Cet établissement non-fumeurs se trouve à 2,7 km de la Fausse Monnaie.\n\nCet appartement comprend une chambre, une télévision à écran plat, un coin salon et une salle de bains pourvue d'une douche. Sa cuisine est équipée d'un four et d'un micro-ondes. Les serviettes et le linge de lit sont fournis.\n\nVous séjournerez à proximité de la rue Saint-Ferréol, de la station de métro Castellane et du musée des civilisations de l'Europe et de la Méditerranée. L'aéroport de Marseille-Provence est implanté à 22 km.""]",8.0
Marseille,Residhotel Le Grand Prado,5.388253480195999,43.2808012424265,https://www.booking.com/hotel/fr/le-grand-prado-marseille.fr.html?aid=304142&label=gen173nr-1FCAQoggJCEHNlYXJjaF9tYXJzZWlsbGVIDVgEaE2IAQGYAQ24AQrIAQXYAQHoAQH4AQOIAgGoAgO4AqGVn70GwAIB0gIkY2ZhOTU4Y2ItZWM3ZC00NTY5LWIxZDktOWE0ZTI2Y2I2ZjM02AIF4AIB&ucfs=1&arphpl=1&group_adults=2&req_adults=2&no_rooms=1&group_children=0&req_children=0&hpos=4&hapos=4&sr_order=popularity&srpvid=14f89610d01a064c&srepoch=1739049634&from=searchresults,"[""Le Residhotel Le Grand Prado est situé dans le centre de Marseille, à 100 mètres de la station de métro Périer. Cette résidence propose des appartements et des studios meublés avec une kitchenette.\n\nTous disposent de la climatisation, d'une télévision à écran plat et d'une salle de bains privative avec baignoire. La plupart comprennent un balcon meublé et privé.\n\nVous pourrez préparer vos repas dans la kitchenette équipée d'un micro-ondes, d'un réfrigérateur, de plaques de cuisson et d'une cafetière. L'établissement vous servira un petit-déjeuner buffet dans la salle à manger, où une connexion Wi-Fi est accessible.\n\nLe Residhotel Le Grand Prado se trouve à 2 km du Vieux-Port et à 20 minutes du stade Vélodrome.""]",6.8
Marseille,Mouchki,5.3806062,43.2999265,https://www.booking.com/hotel/fr/mouchki-marseille1.fr.html?aid=304142&label=gen173nr-1FCAQoggJCEHNlYXJjaF9tYXJzZWlsbGVIDVgEaE2IAQGYAQ24AQrIAQXYAQHoAQH4AQOIAgGoAgO4AqGVn70GwAIB0gIkY2ZhOTU4Y2ItZWM3ZC00NTY5LWIxZDktOWE0ZTI2Y2I2ZjM02AIF4AIB&ucfs=1&arphpl=1&group_adults=2&req_adults=2&no_rooms=1&group_children=0&req_children=0&hpos=5&hapos=5&sr_order=popularity&srpvid=14f89610d01a064c&srepoch=1739049634&from=searchresults,"[""Bénéficiant d'un emplacement privilégié dans le quartier Saint-Charles de Marseille, le Mouchki est situé à 2,7 km de la plage des Catalans, à moins de 1 km de la station de métro Vieux Port et à 5 minutes à pied de la gare de Marseille Saint-Charles. Il se trouve à environ 1,6 km de la station de métro Joliette, à 1,9 km du centre commercial Les Terrasses du Port et à 2,9 km de la station de métro La Timone. Cet hôtel non-fumeurs dispose d'un jacuzzi et d'une connexion Wi-Fi gratuite dans l'ensemble de ses locaux.\n\nTous les logements sont équipés de la climatisation, d'une télévision par câble à écran plat, d'un réfrigérateur, d'une machine à café, d'une douche, d'articles de toilette gratuits et d'un bureau. Leur salle de bains privative est pourvue d'un sèche-cheveux et de peignoirs.\n\nLe Mouchki sert un petit-déjeuner continental.\n\nVous séjournerez à proximité de la station de métro Castellane, de la rue Saint-Ferréol et du musée des civilisations de l'Europe et de la Méditerranée. L'aéroport de Marseille-Provence est à 22 km.""]",8.3
Marseille,Montempô Marseille Centre Dôme,5.40388192065429,43.31371048967844,https://www.booking.com/hotel/fr/montempo-marseille-centre.fr.html?aid=304142&label=gen173nr-1FCAQoggJCEHNlYXJjaF9tYXJzZWlsbGVIDVgEaE2IAQGYAQ24AQrIAQXYAQHoAQH4AQOIAgGoAgO4AqGVn70GwAIB0gIkY2ZhOTU4Y2ItZWM3ZC00NTY5LWIxZDktOWE0ZTI2Y2I2ZjM02AIF4AIB&ucfs=1&arphpl=1&group_adults=2&req_adults=2&no_rooms=1&group_children=0&req_children=0&hpos=6&hapos=6&sr_order=popularity&srpvid=14f89610d01a064c&srepoch=1739049634&from=searchresults,"[""Le Montempô Marseille Centre Dôme vous accueille à Marseille, à moins de 2,9\xa0km de la station de métro La Timone et à 4,2\xa0km de celle du Vieux Port. Cet hébergement est équipé d’une cuisine. Vous bénéficierez d’une réception ouverte\xa024h/24 et d’un ascenseur. Une connexion Wi-Fi est disponible gratuitement dans tout l’établissement. Un parking privé est accessible moyennant des frais supplémentaires.\n\nLes logements de l’appart'hôtel disposent d'un bureau, d'une télévision à écran plat, d'une salle de bains privative, de linge de lit et de serviettes. Tous les logements de l’appart’hôtel sont insonorisés. Tous les logements sont dotés d’une armoire.\n\nTous les matins, l’établissement sert un petit-déjeuner buffet ou continental composé de viennoiseries fraîches, de jus de fruits et de fromage.\n\nLa station de métro Castellane et la gare de Marseille Saint-Charles sont à 4,3\xa0km de l'établissement. L’aéroport de Marseille Provence se situe à 24\xa0km.""]",7.4
Marseille,Charming 42m near the Old Port,5.374183,43.291604,https://www.booking.com/hotel/fr/nice-42m-near-the-old-port.fr.html?aid=304142&label=gen173nr-1FCAQoggJCEHNlYXJjaF9tYXJzZWlsbGVIDVgEaE2IAQGYAQ24AQrIAQXYAQHoAQH4AQOIAgGoAgO4AqGVn70GwAIB0gIkY2ZhOTU4Y2ItZWM3ZC00NTY5LWIxZDktOWE0ZTI2Y2I2ZjM02AIF4AIB&ucfs=1&arphpl=1&group_adults=2&req_adults=2&no_rooms=1&group_children=0&req_children=0&hpos=7&hapos=7&sr_order=popularity&srpvid=14f89610d01a064c&srepoch=1739049634&from=searchresults,"[""Doté d'une connexion Wi-Fi gratuite et offrant une vue sur la ville, le Charming 42m near the Old Port est situé à Marseille, à seulement 400 mètres de la rue Saint-Ferréol et à 500 mètres de la station de métro Vieux Port. Il se trouve à environ 2,7 km de la Fausse Monnaie, à 1,9 km du musée des civilisations de l'Europe et de la Méditerranée et à 2,3 km de la station de métro Joliette. Il se trouve à 1,9 km de la plage des Catalans et à moins de 100 mètres du centre-ville.\n\nCet appartement comprend une chambre, une télévision, un lave-linge ainsi qu'une salle de bains pourvue d'une baignoire ou d'une douche. Sa cuisine entièrement équipée comporte un lave-vaisselle et un four. Les serviettes et le linge de lit sont fournis. Cet établissement est non-fumeurs.\n\nVous séjournerez à proximité de la station de métro Castellane, du palais du Pharo et de la basilique Notre-Dame de la Garde. L'aéroport de Marseille-Provence est à 23 km.""]",8.8
Marseille,Aparthotel Adagio Access Marseille Prado Périer,5.388060361146927,43.278692338557065,https://www.booking.com/hotel/fr/citea-marseille-prado-perier.fr.html?aid=304142&label=gen173nr-1FCAQoggJCEHNlYXJjaF9tYXJzZWlsbGVIDVgEaE2IAQGYAQ24AQrIAQXYAQHoAQH4AQOIAgGoAgO4AqGVn70GwAIB0gIkY2ZhOTU4Y2ItZWM3ZC00NTY5LWIxZDktOWE0ZTI2Y2I2ZjM02AIF4AIB&ucfs=1&arphpl=1&group_adults=2&req_adults=2&no_rooms=1&group_children=0&req_children=0&hpos=8&hapos=8&sr_order=popularity&srpvid=14f89610d01a064c&srepoch=1739049634&from=searchresults,"["" L'Aparthotel Adagio Access Marseille Prado Périer vous accueille dans un quartier résidentiel, à 150 mètres seulement de la station de métro Prado Périer et à 750 mètres du palais des congrès. Le stade Vélodrome est à 1 km. Cet appart'hôtel propose une piscine intérieure et une connexion Wi-Fi gratuite.\n\nLes hébergements comprennent une cuisine entièrement équipée avec des plaques de cuisson. Tous les studios et appartements sont pourvus d'une télévision à écran LCD, tandis que certains possèdent une chambre séparée.\n\nUn petit-déjeuner buffet composé de viennoiseries françaises est servi tous les matins dans la salle prévue à cet effet. Les enfants âgés de 4 à 11 ans bénéficieront d'une réduction pour ce repas. La réception ouverte 24h/24 est équipée d'une bagagerie, ainsi que de distributeurs automatiques de boissons et de collations. \n\nL'autoroute A50 est accessible 5 minutes en voiture depuis l'établissement. L'Aparthotel Adagio Access Marseille Prado Périer se trouve à 4 km de la plage, à 3 km du Vieux-Port de Marseille et à 8 minutes de marche du parc Chanot. Un parking public payant est disponible à proximité.""]",8.1
Marseille,"Chic et Bohème à Endoume, à Deux Pas du Vieux-Port",5.3660878,43.2875039,https://www.booking.com/hotel/fr/magnifique-t2-3-marseille-13007.fr.html?aid=304142&label=gen173nr-1FCAQoggJCEHNlYXJjaF9tYXJzZWlsbGVIDVgEaE2IAQGYAQ24AQrIAQXYAQHoAQH4AQOIAgGoAgO4AqGVn70GwAIB0gIkY2ZhOTU4Y2ItZWM3ZC00NTY5LWIxZDktOWE0ZTI2Y2I2ZjM02AIF4AIB&ucfs=1&arphpl=1&group_adults=2&req_adults=2&no_rooms=1&group_children=0&req_children=0&hpos=9&hapos=9&sr_order=popularity&srpvid=14f89610d01a064c&srepoch=1739049634&from=searchresults,"[""Offrant une vue sur la rue calme, le Chic et Bohème à Endoume, à Deux Pas du Vieux-Port est un hébergement situé à Marseille, à 1,4 km de la plage des Catalans et à 1,8 km de la Fausse Monnaie. Il propose un service de concierge, un service d'enregistrement et de départ privés ainsi qu'une connexion Wi-Fi gratuite dans l'ensemble de ses locaux. L'établissement assure des services de navette aéroport et de location de vélos.\n\nCet appartement comprend une chambre, une salle de bains, du linge de lit, des serviettes, une télévision à écran plat avec des services de streaming, un coin repas, une cuisine entièrement équipée et un balcon avec vue sur la ville. Une entrée privée vous mènera à l'appartement, où vous pourrez déguster du vin ou du champagne et des fruits. Cet appartement est non-fumeurs et hypoallergénique.\n\nUn service de location de voitures est assuré sur place.\n\nVous séjournerez à proximité de la plage de Maldorme, du palais du Pharo et de la station de métro Vieux-Port. L'aéroport de Marseille-Provence est à 23 km.""]",9.0
Marseille,Marseille City Chambres&Appartements,5.372294336557388,43.30195653192128,https://www.booking.com/hotel/fr/marseillecity-chambre-d-ha-tes-dans-un-loft.fr.html?aid=304142&label=gen173nr-1FCAQoggJCEHNlYXJjaF9tYXJzZWlsbGVIDVgEaE2IAQGYAQ24AQrIAQXYAQHoAQH4AQOIAgGoAgO4AqGVn70GwAIB0gIkY2ZhOTU4Y2ItZWM3ZC00NTY5LWIxZDktOWE0ZTI2Y2I2ZjM02AIF4AIB&ucfs=1&arphpl=1&group_adults=2&req_adults=2&no_rooms=1&group_children=0&req_children=0&hpos=10&hapos=10&sr_order=popularity&srpvid=14f89610d01a064c&srepoch=1739049634&from=searchresults,"[""Le Marseille City Chambres&Appartements propose des chambres et des appartements situés à 10 minutes à pied du Vieux-Port de Marseille et de Saint-Charles, la principale gare ferroviaire. Vous bénéficierez d'une connexion Wi-Fi gratuite.\n\nLes chambres comprennent la climatisation ainsi qu'une salle de bains privative avec une douche, un sèche-cheveux et des articles de toilette gratuits.\n\nLes appartements comprennent la climatisation, une télévision à écran plat et une cuisine tout équipée. Leur salle de bains est pourvue d'une douche, d’un sèche-serviettes et de toilettes.\n\nVous trouverez des bars et des restaurants à moins de 200 mètres. En 10 minutes de marche, vous rejoindrez la Canebière, la rue principale et historique de Marseille, ainsi que le quartier d'affaires EuroMéditerranée.""]",9.4
Marseille,Residhome Marseille,5.365624,43.302737,https://www.booking.com/hotel/fr/residhome-marseille.fr.html?aid=304142&label=gen173nr-1FCAQoggJCEHNlYXJjaF9tYXJzZWlsbGVIDVgEaE2IAQGYAQ24AQrIAQXYAQHoAQH4AQOIAgGoAgO4AqGVn70GwAIB0gIkY2ZhOTU4Y2ItZWM3ZC00NTY5LWIxZDktOWE0ZTI2Y2I2ZjM02AIF4AIB&ucfs=1&arphpl=1&group_adults=2&req_adults=2&no_rooms=1&group_children=0&req_children=0&hpos=11&hapos=11&sr_order=popularity&srpvid=14f89610d01a064c&srepoch=1739049634&from=searchresults,"[""Le Residhome Marseille est situé dans le quartier Euromed-La Joliette à Marseille, à 2,7\xa0km de l’anse de la Fausse Monnaie et à 2,8\xa0km de la plage de Maldormé. Vous bénéficierez gratuitement d’une connexion Wi-Fi sur place. Un parking public payant est également disponible à proximité.\n\nL’appart'hôtel sert un petit-déjeuner buffet et continental.\n\nVous séjournerez à 500 mètres du centre commercial Les Terrasses du Port et à 2,8 km de la plage de la Batterie des Lions. L’aéroport de Marseille-Provence, le plus proche, est implanté à 25 km du Residhome Marseille.""]",8.7
Marseille,B&B HOTEL Marseille Centre La Joliette,5.367890149354935,43.304919754230845,https://www.booking.com/hotel/fr/b-amp-b-ha-tel-marseille-centre-la-joliette.fr.html?aid=304142&label=gen173nr-1FCAQoggJCEHNlYXJjaF9tYXJzZWlsbGVIDVgEaE2IAQGYAQ24AQrIAQXYAQHoAQH4AQOIAgGoAgO4AqGVn70GwAIB0gIkY2ZhOTU4Y2ItZWM3ZC00NTY5LWIxZDktOWE0ZTI2Y2I2ZjM02AIF4AIB&ucfs=1&arphpl=1&group_adults=2&req_adults=2&no_rooms=1&group_children=0&req_children=0&hpos=12&hapos=12&sr_order=popularity&srpvid=14f89610d01a064c&srepoch=1739049634&from_sustainable_property_sr=1&from=searchresults,"[""Bénéficiant d'une connexion Wi-Fi gratuite dans l'ensemble de ses locaux, le B&B HOTEL Marseille Centre La Joliette est situé à seulement 150 mètres de la station de métro La Joliette qui dispose de liaisons directes vers la gare Saint-Charles. Le vieux port est accessible en 20 minutes à pied.\n\nLes chambres du B&B HOTEL Marseille Centre La Joliette sont décorées dans un style moderne. Chacune dispose d'une télévision avec la chaîne beIN Sport et d'une salle de bains privative.\n\nL'établissement propose un petit-déjeuner continental servi sous forme de buffet et une réception ouverte 24h/24.\n\nLe centre commercial Les Terrasses du Port se trouve à 200 mètres.\n\nUn parking souterrain privé est disponible sur place, sur réservation et moyennant des frais supplémentaires.""]",7.0
Marseille,Zenitude Hôtel Résidences Marseille Saint-Charles,5.376911759376526,43.30230886253856,https://www.booking.com/hotel/fr/residhome-marseille-saint-charles.fr.html?aid=304142&label=gen173nr-1FCAQoggJCEHNlYXJjaF9tYXJzZWlsbGVIDVgEaE2IAQGYAQ24AQrIAQXYAQHoAQH4AQOIAgGoAgO4AqGVn70GwAIB0gIkY2ZhOTU4Y2ItZWM3ZC00NTY5LWIxZDktOWE0ZTI2Y2I2ZjM02AIF4AIB&ucfs=1&arphpl=1&group_adults=2&req_adults=2&no_rooms=1&group_children=0&req_children=0&hpos=13&hapos=13&sr_order=popularity&srpvid=14f89610d01a064c&srepoch=1739049634&from=searchresults,"[""Le Zenitude Hôtel Résidences Marseille Saint-Charles est situé à Marseille, à seulement 5 minutes à pied de la gare Saint-Charles, à 12 minutes de marche du Vieux-Port, ainsi qu'à 5 stations de métro du palais des congrès et parc des expositions de Marseille. Cette résidence propose une réception ouverte 24h/24, la climatisation, ainsi que des hébergements indépendants munis d'une connexion Wi-Fi gratuite.\n\nDesservis par un ascenseur, les studios et les appartements du Zenitude Hôtel Résidences Marseille Saint-Charles comprennent une télévision à écran plat et une salle de bains privative pourvue d'une baignoire. Certains sont adaptés aux personnes à mobilité réduite.\n\nChaque matin, vous pourrez déguster un petit-déjeuner buffet servi dans la salle à manger de la résidence. Tous les hébergements possèdent aussi une cuisine équipée d'ustensiles, d'un réfrigérateur et d'un lave-vaisselle.\n\nLe Zenitude Hôtel Résidences Marseille Saint-Charles se trouve à 15 minutes à pied de l'opéra et à 1 km de la cathédrale de Marseille. Enfin, un parking public payant est accessible à proximité.""]",7.9
Marseille,Appartement calme & lumineux - Proche des plages - Les Frères de la Loc',5.3889424,43.2680633,https://www.booking.com/hotel/fr/votre-cocon-a-st-giniez.fr.html?aid=304142&label=gen173nr-1FCAQoggJCEHNlYXJjaF9tYXJzZWlsbGVIDVgEaE2IAQGYAQ24AQrIAQXYAQHoAQH4AQOIAgGoAgO4AqGVn70GwAIB0gIkY2ZhOTU4Y2ItZWM3ZC00NTY5LWIxZDktOWE0ZTI2Y2I2ZjM02AIF4AIB&ucfs=1&arphpl=1&group_adults=2&req_adults=2&no_rooms=1&group_children=0&req_children=0&hpos=14&hapos=14&sr_order=popularity&srpvid=14f89610d01a064c&srepoch=1739049634&from=searchresults,"[""Proposant une terrasse et offrant une vue sur la ville, l’hébergement Votre cocon à st giniez se situe à Marseille, à respectivement 600 mètres et 600 mètres de ces lieux d’intérêt : Orange Vélodrome et Métro Rond-point du Prado. Cet hébergement avec climatisation est installé à 1,9 km de\xa0: Plage de l'Huveaune. Vous pourrez profiter d’une connexion Wi-Fi gratuite et d’un parking privé disponible sur place.\n\nCet appartement possède un balcon, 1 chambre, un salon, ainsi qu’une cuisine bien équipée avec un réfrigérateur et un lave-vaisselle. Des serviettes et du linge de lit sont mis à votre disposition.\n\nVous séjournerez à respectivement 1 km et 3,1 km de ces lieux d’intérêt\xa0: Palais des congrès et des expositions Marseille Chanot et Métro Castellane.""]",
Marseille,"Chambre Schweppes dans maison, salle de bain et séjour à partager",5.40268901663105,43.2674480156378,https://www.booking.com/hotel/fr/chambre-schweppes-dans-maison-salle-de-bain-et-sejour-a-partager.fr.html?aid=304142&label=gen173nr-1FCAQoggJCEHNlYXJjaF9tYXJzZWlsbGVIDVgEaE2IAQGYAQ24AQrIAQXYAQHoAQH4AQOIAgGoAgO4AqGVn70GwAIB0gIkY2ZhOTU4Y2ItZWM3ZC00NTY5LWIxZDktOWE0ZTI2Y2I2ZjM02AIF4AIB&ucfs=1&arphpl=1&group_adults=2&req_adults=2&no_rooms=1&group_children=0&req_children=0&hpos=15&hapos=15&sr_order=popularity&srpvid=14f89610d01a064c&srepoch=1739049634&from=searchresults,[],
Marseille,Charmant T2 au cœur de Marseille,5.3803301,43.2974929,https://www.booking.com/hotel/fr/charmant-t2-au-coeur-de-marseille.fr.html?aid=304142&label=gen173nr-1FCAQoggJCEHNlYXJjaF9tYXJzZWlsbGVIDVgEaE2IAQGYAQ24AQrIAQXYAQHoAQH4AQOIAgGoAgO4AqGVn70GwAIB0gIkY2ZhOTU4Y2ItZWM3ZC00NTY5LWIxZDktOWE0ZTI2Y2I2ZjM02AIF4AIB&ucfs=1&arphpl=1&group_adults=2&req_adults=2&no_rooms=1&group_children=0&req_children=0&hpos=16&hapos=16&sr_order=popularity&srpvid=14f89610d01a064c&srepoch=1739049634&from=searchresults,[],
Marseille,Résidence Kley Marseille République,5.3699198,43.3010928,https://www.booking.com/hotel/fr/residence-kley-marseille-republique.fr.html?aid=304142&label=gen173nr-1FCAQoggJCEHNlYXJjaF9tYXJzZWlsbGVIDVgEaE2IAQGYAQ24AQrIAQXYAQHoAQH4AQOIAgGoAgO4AqGVn70GwAIB0gIkY2ZhOTU4Y2ItZWM3ZC00NTY5LWIxZDktOWE0ZTI2Y2I2ZjM02AIF4AIB&ucfs=1&arphpl=1&group_adults=2&req_adults=2&no_rooms=1&group_children=0&req_children=0&hpos=17&hapos=17&sr_order=popularity&srpvid=14f89610d01a064c&srepoch=1739049634&from=searchresults,"[""La Résidence Kley Marseille République est située dans le quartier du Vieux-Port-La Canebière à Marseille, à moins de 1 km de la station de métro Vieux-Port, à 6 minutes à pied de la station de métro Joliette et à 1,3 km du musée des civilisations de l'Europe et de la Méditerranée. Il se trouve à environ 2,4 km de la station de métro Castellane, à 3,1 km du palais du Pharo et à 3,2 km de la basilique Notre-Dame de la Garde. Il se trouve à 1,1 km du centre-ville et à 2,6 km de la plage des Catalans.\n\nCet appart'hôtel comprend une chambre, une télévision à écran plat, une kitchenette entièrement équipée avec un micro-ondes et un réfrigérateur, ainsi qu'une salle de bains pourvue d'une douche. Les serviettes et le linge de lit sont fournis. Cet établissement est non-fumeurs.\n\nVous séjournerez à proximité du centre commercial Les Terrasses du Port, de la rue Saint-Ferréol et de la gare de Marseille-Saint-Charles. L'aéroport de Marseille-Provence est implanté à 21 km.""]",9.7
Marseille,Élégant appartement - centre Prado Vélodrome,5.3877999,43.2698023,https://www.booking.com/hotel/fr/elegant-appart-a-marseille-centre-prado-velodrome.fr.html?aid=304142&label=gen173nr-1FCAQoggJCEHNlYXJjaF9tYXJzZWlsbGVIDVgEaE2IAQGYAQ24AQrIAQXYAQHoAQH4AQOIAgGoAgO4AqGVn70GwAIB0gIkY2ZhOTU4Y2ItZWM3ZC00NTY5LWIxZDktOWE0ZTI2Y2I2ZjM02AIF4AIB&ucfs=1&arphpl=1&group_adults=2&req_adults=2&no_rooms=1&group_children=0&req_children=0&hpos=18&hapos=18&sr_order=popularity&srpvid=14f89610d01a064c&srepoch=1739049634&from=searchresults,"[""Situé à Marseille, à 1,7 km de la plage de l'Huveaune et de celle du Prado Nord, l'Élégant appartement - centre Prado Vélodrome propose la climatisation. Il se trouve à environ 1,9 km de la station de métro Castellane, à 3 km de la station de métro La Timone et à 3,1 km de la basilique Notre-Dame de la Garde. Vous bénéficierez d'une connexion Wi-Fi gratuite dans l'ensemble des locaux. La plage du Prado Sud se trouve à 1,7 km.\n\nCet appartement comprend une chambre, une télévision à écran plat, un coin salon et une salle de bains pourvue d'une douche. Sa cuisine est équipée d'un micro-ondes et d'un grille-pain. Les serviettes et le linge de lit sont fournis. Cet établissement est non-fumeurs.\n\nVous trouverez des restaurants à proximité de l'appartement.\n\nVous séjournerez à proximité de la station de métro Rond-Point du Prado, du parc des expositions et centre de conventions Marseille Chanot ainsi que du stade Orange Vélodrome. L'aéroport de Marseille-Provence est à 26 km.""]",9.6
Marseille,Le Nautica - Première ligne sur le Vieux Port,5.373222,43.293701,https://www.booking.com/hotel/fr/le-nautica-premiere-ligne-sur-le-vieux-port.fr.html?aid=304142&label=gen173nr-1FCAQoggJCEHNlYXJjaF9tYXJzZWlsbGVIDVgEaE2IAQGYAQ24AQrIAQXYAQHoAQH4AQOIAgGoAgO4AqGVn70GwAIB0gIkY2ZhOTU4Y2ItZWM3ZC00NTY5LWIxZDktOWE0ZTI2Y2I2ZjM02AIF4AIB&ucfs=1&arphpl=1&group_adults=2&req_adults=2&no_rooms=1&group_children=0&req_children=0&hpos=19&hapos=19&sr_order=popularity&srpvid=14f89610d01a064c&srepoch=1739049634&from=searchresults,"[""Doté d’une connexion Wi-Fi gratuite, l’hébergement Le Nautica - Première ligne sur le Vieux Port se trouve dans le centre de Marseille, à respectivement 1,6 km et 2,7 km de ces lieux d’intérêt : Plage des Catalans et Plage de la Fausse Monnaie. Cet appartement est à respectivement 2,9 km et 1,6 km de : Plage de Maldormé et Musée des Civilisations de l'Europe et de la Méditerranée (MuCEM).\n\nCet appartement avec climatisation se compose de 1 chambre, d'un salon, d'une cuisine entièrement équipée avec un réfrigérateur et une bouilloire, ainsi que de 1 salle de bains avec une douche et des articles de toilette gratuits. Des serviettes et du linge de lit sont disponibles.\n\nVous séjournerez à proximité de ces lieux d’intérêt\xa0: Métro Vieux-Port, Rue Saint-Ferréol et Métro Castellane. L'aéroport le plus proche (Aéroport de Marseille Provence) est à 22 km.""]",9.3
Marseille,Le Pytheas - Nid douillet à deux pas du vieux port,5.375061,43.2943915,https://www.booking.com/hotel/fr/les-toits-de-pytheas.fr.html?aid=304142&label=gen173nr-1FCAQoggJCEHNlYXJjaF9tYXJzZWlsbGVIDVgEaE2IAQGYAQ24AQrIAQXYAQHoAQH4AQOIAgGoAgO4AqGVn70GwAIB0gIkY2ZhOTU4Y2ItZWM3ZC00NTY5LWIxZDktOWE0ZTI2Y2I2ZjM02AIF4AIB&ucfs=1&arphpl=1&group_adults=2&req_adults=2&no_rooms=1&group_children=0&req_children=0&hpos=20&hapos=20&sr_order=popularity&srpvid=14f89610d01a064c&srepoch=1739049634&from=searchresults,"[""Doté d’une connexion Wi-Fi gratuite, l’hébergement Le Pytheas - Nid douillet à deux pas du vieux port vous accueille dans le centre de Marseille, à respectivement 1,7 km et 2,9 km de ces lieux d’intérêt : Plage des Catalans et Plage de la Fausse Monnaie. Cet appartement est à respectivement 1,5 km et 1,8 km de : Musée des Civilisations de l'Europe et de la Méditerranée (MuCEM) et Métro Joliette.\n\nCet appartement se compose de 1 chambre, d'un salon, d'une cuisine entièrement équipée avec un réfrigérateur et une machine à café, ainsi que de 1 salle de bains avec une douche et des articles de toilette gratuits. Des serviettes et du linge de lit sont mis à votre disposition.\n\nVous séjournerez à proximité de ces lieux d’intérêt\xa0: Métro Vieux-Port, Rue Saint-Ferréol et Métro Castellane. L'aéroport le plus proche (Aéroport de Marseille Provence) est à 22 km.""]",9.1
Marseille,Le Méditerranéen - 5 personnes - Vieux Port,5.374876,43.293827,https://www.booking.com/hotel/fr/le-mediterraneen-5-personnes-vieux-port.fr.html?aid=304142&label=gen173nr-1FCAQoggJCEHNlYXJjaF9tYXJzZWlsbGVIDVgEaE2IAQGYAQ24AQrIAQXYAQHoAQH4AQOIAgGoAgO4AqGVn70GwAIB0gIkY2ZhOTU4Y2ItZWM3ZC00NTY5LWIxZDktOWE0ZTI2Y2I2ZjM02AIF4AIB&ucfs=1&arphpl=1&group_adults=2&req_adults=2&no_rooms=1&group_children=0&req_children=0&hpos=21&hapos=21&sr_order=popularity&srpvid=14f89610d01a064c&srepoch=1739049634&from=searchresults,"[""Situé à Marseille, à 2,9 km de la Fausse Monnaie et à 500 mètres de la rue Saint-Ferréol, l'établissement Le Méditerranéen - 5 personnes - Vieux Port offre une vue sur la ville et dispose d'une connexion Wi-Fi gratuite. Il se trouve à proximité de la basilique Notre-Dame de la Garde, du musée des civilisations de l'Europe et de la Méditerranée et de la station de métro Joliette. Il se trouve à 1,8 km de la plage des Catalans et à moins de 300 mètres du centre-ville.\n\nCet appartement spacieux comprend 2 chambres, une cuisine entièrement équipée avec un lave-vaisselle et un four ainsi qu'une salle de bains pourvue d'une baignoire et d'articles de toilette gratuits. Cet établissement est non-fumeurs.\n\nVous trouverez des restaurants à proximité de l'appartement.\n\nVous séjournerez à proximité de la station de métro Vieux Port, de la station de métro Castellane et du palais du Pharo. L'aéroport de Marseille-Provence est à 23 km.""]",
Marseille,Le 30 - HyperCentral - by TheGoodButler,5.3852234,43.2975976,https://www.booking.com/hotel/fr/le-30-hypercentral-by-thegoodbutler.fr.html?aid=304142&label=gen173nr-1FCAQoggJCEHNlYXJjaF9tYXJzZWlsbGVIDVgEaE2IAQGYAQ24AQrIAQXYAQHoAQH4AQOIAgGoAgO4AqGVn70GwAIB0gIkY2ZhOTU4Y2ItZWM3ZC00NTY5LWIxZDktOWE0ZTI2Y2I2ZjM02AIF4AIB&ucfs=1&arphpl=1&group_adults=2&req_adults=2&no_rooms=1&group_children=0&req_children=0&hpos=22&hapos=22&sr_order=popularity&srpvid=14f89610d01a064c&srepoch=1739049634&from=searchresults,"[""Idéalement situé dans le centre de Marseille, l'établissement Le 30 - HyperCentral - by TheGoodButler propose des chambres climatisées, un jardin, une connexion Wi-Fi gratuite et une terrasse. L'établissement se trouve à environ 1,8 km de la station de métro La Timone, à moins de 1 km de la gare de Marseille Saint-Charles et à 2,9 km du musée des civilisations de l'Europe et de la Méditerranée. Cet établissement non-fumeurs se trouve à 2,8 km de la plage des Catalans.\n\nLes chambres comprennent un bureau et une télévision à écran plat. Leur salle de bains privative est pourvue d'une douche et d'articles de toilette gratuits. Certains logements offrent une vue sur le jardin. Toutes sont équipées d'une armoire et d'une bouilloire.\n\nVous séjournerez à proximité de la station de métro Castellane, de la rue Saint-Ferréol et du Vieux-Port. L'aéroport de Marseille-Provence est à 23 km.""]",7.7
Marseille,Terrasse vue mer & quartier historique Vieux Port,5.3673539,43.2979423,https://www.booking.com/hotel/fr/terrasse-vue-mer-amp-quartier-historique-vieux-port.fr.html?aid=304142&label=gen173nr-1FCAQoggJCEHNlYXJjaF9tYXJzZWlsbGVIDVgEaE2IAQGYAQ24AQrIAQXYAQHoAQH4AQOIAgGoAgO4AqGVn70GwAIB0gIkY2ZhOTU4Y2ItZWM3ZC00NTY5LWIxZDktOWE0ZTI2Y2I2ZjM02AIF4AIB&ucfs=1&arphpl=1&group_adults=2&req_adults=2&no_rooms=1&group_children=0&req_children=0&hpos=23&hapos=23&sr_order=popularity&srpvid=14f89610d01a064c&srepoch=1739049634&from=searchresults,"[""Situé dans le centre de Marseille, le Terrasse vue mer & quartier historique Vieux Port offre une vue sur la mer depuis sa terrasse. L'établissement se trouve à proximité du musée des civilisations de l'Europe et de la Méditerranée, de la rue Saint-Ferréol et de la gare de Marseille Saint-Charles. Cet établissement non-fumeurs se trouve à 2,2 km de la plage des Catalans.\n\nCet appartement comprend une chambre, un salon, une cuisine entièrement équipée avec un four et une machine à café ainsi qu'une salle de bains pourvue d'une douche. Les serviettes et le linge de lit sont fournis.\n\nVous séjournerez à proximité des stations de métro Joliette, Vieux Port et Les Terrasses du Port. L'aéroport de Marseille-Provence est à 21 km.""]",8.4
Marseille,La jolie escale du Panier Mucem Vieux Port,5.3683874,43.2997154,https://www.booking.com/hotel/fr/la-jolie-escale-du-panier-mucem-vieux-port.fr.html?aid=304142&label=gen173nr-1FCAQoggJCEHNlYXJjaF9tYXJzZWlsbGVIDVgEaE2IAQGYAQ24AQrIAQXYAQHoAQH4AQOIAgGoAgO4AqGVn70GwAIB0gIkY2ZhOTU4Y2ItZWM3ZC00NTY5LWIxZDktOWE0ZTI2Y2I2ZjM02AIF4AIB&ucfs=1&arphpl=1&group_adults=2&req_adults=2&no_rooms=1&group_children=0&req_children=0&hpos=24&hapos=24&sr_order=popularity&srpvid=14f89610d01a064c&srepoch=1739049634&from=searchresults,"[""L’hébergement La jolie escale du Panier Mucem Vieux Port se situe dans le centre de Marseille, à respectivement 2,3 km et 800 mètres de ces lieux d’intérêt : Plage des Catalans et Métro Joliette. Il propose une connexion Wi-Fi gratuite. Cet appartement est à respectivement 1,6 km et 1,4 km de : Rue Saint-Ferréol et Gare de Marseille-Saint-Charles.\n\nVous séjournerez à proximité de ces lieux d’intérêt\xa0: Métro Vieux-Port, Centre commercial Les Terrasses du Port et Musée des Civilisations de l'Europe et de la Méditerranée (MuCEM). L'aéroport le plus proche (Aéroport de Marseille Provence) est à 21 km.""]",9.0
Marseille,Appart sur la rue de la république,5.3709529,43.2998114,https://www.booking.com/hotel/fr/appart-sur-la-rue-de-la-republique.fr.html?aid=304142&label=gen173nr-1FCAQoggJCEHNlYXJjaF9tYXJzZWlsbGVIDVgEaE2IAQGYAQ24AQrIAQXYAQHoAQH4AQOIAgGoAgO4AqGVn70GwAIB0gIkY2ZhOTU4Y2ItZWM3ZC00NTY5LWIxZDktOWE0ZTI2Y2I2ZjM02AIF4AIB&ucfs=1&arphpl=1&group_adults=2&req_adults=2&no_rooms=1&group_children=0&req_children=0&hpos=25&hapos=25&sr_order=popularity&srpvid=14f89610d01a064c&srepoch=1739049634&from=searchresults,"[""Situé dans le quartier du Vieux Port - La Canebière à Marseille, à proximité de la station de métro Vieux Port, l'Appart sur la rue de la république dispose d'une connexion Wi-Fi gratuite et d'un lave-linge. Il est situé à moins de 1 km de la station de métro Joliette et dispose d'un ascenseur. Il se trouve à moins de 1 km du centre-ville et à 2,4 km de la plage des Catalans.\n\nOffrant une vue sur la ville, cet appartement comprend un balcon, une chambre, un salon, une télévision à écran plat, une salle de bains pourvue d'une douche ainsi qu'une cuisine équipée d'un four et d'un micro-ondes. Les serviettes et le linge de lit sont fournis. L'établissement possède un coin repas extérieur.\n\nVous séjournerez à proximité du musée des civilisations de l'Europe et de la Méditerranée, du centre commercial Les Terrasses du Port et de la rue Saint-Ferréol. L'aéroport de Marseille-Provence est implanté à 21 km.""]",9.0
Aix-en-Provence,thecamp Hôtel & Lodges - Aix en Provence,5.3421520000000005,43.496316,https://www.booking.com/hotel/fr/thecamp-amp-lodges.fr.html?aid=304142&label=gen173nr-1FCAQoggJCFnNlYXJjaF9haXgtZW4tcHJvdmVuY2VIDVgEaE2IAQGYAQ24AQrIAQXYAQHoAQH4AQOIAgGoAgO4AqGVn70GwAIB0gIkOTk3OGJlNWUtNGE2My00NjdjLTg4OTAtOTMyYTE3NWM1NWMw2AIF4AIB&ucfs=1&arphpl=1&group_adults=2&req_adults=2&no_rooms=1&group_children=0&req_children=0&hpos=1&hapos=1&sr_order=popularity&srpvid=7ed9961042e107a0&srepoch=1739049634&from=searchresults,"[""Situé à Aix-en-Provence, à 25 km de la gare de Marseille-Saint-Charles, le thecamp Hôtel & Lodges - Aix en Provence propose une piscine extérieure ouverte en saison, un parking privé gratuit, une salle de sport et un jardin. Doté d'une terrasse, cet hôtel 3 étoiles propose des chambres climatisées avec connexion Wi-Fi gratuite et salle de bains privative. Certains logements possèdent un balcon avec vue sur la montagne.\n\nLes chambres comprennent un bureau et une armoire. Certaines possèdent également une cuisine avec un réfrigérateur, un four et un micro-ondes. Toutes les chambres sont équipées d'une télévision à écran plat et d'articles de toilette gratuits.\n\nUn petit-déjeuner continental est servi sur place.\n\nVous pourrez pratiquer diverses activités à Aix-en-Provence et dans ses environs, telles que le vélo et la randonnée.\n\nVous séjournerez à 25 km de la station de métro Joliette et à 26 km de celle du Vieux-Port. L'aéroport de Marseille-Provence est à 19 km.""]",8.3
Aix-en-Provence,Séjours & Affaires Aix-en-Provence Mirabeau,5.441266000270844,43.525240781127486,https://www.booking.com/hotel/fr/residence-mirabeau.fr.html?aid=304142&label=gen173nr-1FCAQoggJCFnNlYXJjaF9haXgtZW4tcHJvdmVuY2VIDVgEaE2IAQGYAQ24AQrIAQXYAQHoAQH4AQOIAgGoAgO4AqGVn70GwAIB0gIkOTk3OGJlNWUtNGE2My00NjdjLTg4OTAtOTMyYTE3NWM1NWMw2AIF4AIB&ucfs=1&arphpl=1&group_adults=2&req_adults=2&no_rooms=1&group_children=0&req_children=0&hpos=2&hapos=2&sr_order=popularity&srpvid=7ed9961042e107a0&srepoch=1739049634&from=searchresults,"[""Cette résidence Séjours & Affaires est située à Aix-en-Provence, à proximité du cours Mirabeau. Elle propose des studios meublés et une connexion Wi-Fi gratuite.\n\nTous les studios du Séjours & Affaires Aix-en-Provence Mirabeau sont insonorisés et disposent d'une kitchenette complète équipée d'un réfrigérateur, d'un four micro-ondes, de plaques de cuisson et de vaisselle. Ils sont tous desservis par un ascenseur.\n\nLes studios comprennent un canapé-lit, et le ménage, qui inclut le changement du linge, est effectué une fois par semaine.""]",7.8
Aix-en-Provence,Casa Hotel,5.441657311708809,43.527418652925085,https://www.booking.com/hotel/fr/casa-hom.fr.html?aid=304142&label=gen173nr-1FCAQoggJCFnNlYXJjaF9haXgtZW4tcHJvdmVuY2VIDVgEaE2IAQGYAQ24AQrIAQXYAQHoAQH4AQOIAgGoAgO4AqGVn70GwAIB0gIkOTk3OGJlNWUtNGE2My00NjdjLTg4OTAtOTMyYTE3NWM1NWMw2AIF4AIB&ucfs=1&arphpl=1&group_adults=2&req_adults=2&no_rooms=1&group_children=0&req_children=0&hpos=3&hapos=3&sr_order=popularity&srpvid=7ed9961042e107a0&srepoch=1739049634&from=searchresults,"['Le Casa Hotel vous propose des hébergements dotés d’une terrasse et d’une connexion Wi-Fi gratuite à Aix-en-Provence, à 700 mètres du cours Mirabeau.\n\nLes studios, les suites et les appartements comprennent une télévision à écran plat, une salle de bains privative avec une douche, ainsi qu’une kitchenette équipée d’un micro-ondes, d’un réfrigérateur et de plaques de cuisson. Certains sont pourvus d’un coin repas et/ou d’une terrasse.\n\nUn petit-déjeuner continental est servi sur place certains jours de la semaine.\n\nLe Casa Hotel se situe à 800 mètres de la cathédrale Saint-Sauveur. L’aéroport Marseille Provence, le plus proche de l’établissement, se trouve à 26\xa0km.']",8.0
Aix-en-Provence,HOTEL RESTAURANT OLYMPE,5.439455,43.508036,https://www.booking.com/hotel/fr/restaurant-olympe.fr.html?aid=304142&label=gen173nr-1FCAQoggJCFnNlYXJjaF9haXgtZW4tcHJvdmVuY2VIDVgEaE2IAQGYAQ24AQrIAQXYAQHoAQH4AQOIAgGoAgO4AqGVn70GwAIB0gIkOTk3OGJlNWUtNGE2My00NjdjLTg4OTAtOTMyYTE3NWM1NWMw2AIF4AIB&ucfs=1&arphpl=1&group_adults=2&req_adults=2&no_rooms=1&group_children=0&req_children=0&hpos=4&hapos=4&sr_order=popularity&srpvid=7ed9961042e107a0&srepoch=1739049634&from=searchresults,"[""Situé à Aix-en-Provence, à 27\xa0km de la gare de Marseille-Saint-Charles, l'HOTEL RESTAURANT OLYMPE possède un jardin, une terrasse, un salon commun et un parking privé gratuit. Cet hôtel 2\xa0étoiles comprend un restaurant ainsi que des chambres climatisées avec une connexion Wi-Fi gratuite et une salle de bains privative. Cet établissement non-fumeurs se trouve à 27\xa0km de la station de métro Joliette.\n\nLes chambres de l’hôtel sont dotées d’un bureau. Chaque chambre dispose d’une bouilloire, d’une télévision à écran plat et d’un coffre-fort. Certaines comportent un patio et d’autres offrent une vue sur le jardin. Les chambres possèdent une armoire.\n\nLe personnel de la réception parle français, anglais et espagnol. Il se fera un plaisir de vous aider.\n\nL'HOTEL RESTAURANT OLYMPE se trouve à 28\xa0km du centre commercial Les Terrasses du Port et à 29\xa0km de la station de métro Vieux-Port. L’aéroport Marseille Provence est situé à 25\xa0km de l’établissement.""]",7.7
Aix-en-Provence,La Caravelle,5.4537007212638855,43.52485921168219,https://www.booking.com/hotel/fr/la-caravelle-aix-en-provence.fr.html?aid=304142&label=gen173nr-1FCAQoggJCFnNlYXJjaF9haXgtZW4tcHJvdmVuY2VIDVgEaE2IAQGYAQ24AQrIAQXYAQHoAQH4AQOIAgGoAgO4AqGVn70GwAIB0gIkOTk3OGJlNWUtNGE2My00NjdjLTg4OTAtOTMyYTE3NWM1NWMw2AIF4AIB&ucfs=1&arphpl=1&group_adults=2&req_adults=2&no_rooms=1&group_children=0&req_children=0&hpos=5&hapos=5&sr_order=popularity&srpvid=7ed9961042e107a0&srepoch=1739049634&from=searchresults,"[""Situé au cœur d'Aix-en-Provence, l'hôtel La Caravelle vous accueille à moins de 8 minutes à pied du cours Mirabeau, du musée Granet et du palais des congrès.\n\nToutes les chambres disposent de la climatisation, d'un bureau et d'une salle de bains privative avec baignoire ou douche.\n\nUn petit-déjeuner à la carte est servi chaque matin. Un petit-déjeuner continental à tarif réduit comprend une boisson chaude, un croissant, un verre de jus de fruits, du pain, du beurre et de la confiture.\n\nL'hôtel comprend une vidéosurveillance et un accès gratuit à l'ordinateur dans les parties communes. Un parking public se trouve à proximité et un parking privé est également disponible sur place moyennant des frais supplémentaires (une réservation est nécessaire avant l'arrivée, 3 places disponibles)\n\nÉtablissement en cours de rénovation mais reste ouvert au public.\nPhotos modèles de l'établissement à partir de 2024.\n\nCet hôtel a été entièrement rénové.""]",8.4
Aix-en-Provence,Appartement de Charme,5.453033405491,43.529145771165,https://www.booking.com/hotel/fr/appartement-de-charme-aix-en-provence2.fr.html?aid=304142&label=gen173nr-1FCAQoggJCFnNlYXJjaF9haXgtZW4tcHJvdmVuY2VIDVgEaE2IAQGYAQ24AQrIAQXYAQHoAQH4AQOIAgGoAgO4AqGVn70GwAIB0gIkOTk3OGJlNWUtNGE2My00NjdjLTg4OTAtOTMyYTE3NWM1NWMw2AIF4AIB&ucfs=1&arphpl=1&group_adults=2&req_adults=2&no_rooms=1&group_children=0&req_children=0&hpos=6&hapos=6&sr_order=popularity&srpvid=7ed9961042e107a0&srepoch=1739049634&from=searchresults,"[""Situé dans le centre d'Aix-en-Provence, l'Appartement de Charme propose un hébergement avec connexion Wi-Fi gratuite dans un bâtiment historique. Cet hébergement climatisé se trouve à 31 km de la gare de Marseille-Saint-Charles. Cet établissement non-fumeurs se trouve à 31 km de la station de métro Joliette.\n\nRécemment rénové, cet appartement comprend une chambre séparée, une salle de bains, une cuisine entièrement équipée avec un coin repas et un four, ainsi qu'un salon avec une télévision à écran plat. Les serviettes et le linge de lit sont fournis. L'établissement offre une vue paisible sur la rue.\n\nVous séjournerez à 32 km du centre commercial Les Terrasses du Port et à 33 km de la station de métro Vieux Port. L'aéroport de Marseille-Provence est à 27 km.""]",9.1
Aix-en-Provence,Bel Appartement dans le centre d'Aix-en-Provence,5.4492513,43.5310076,https://www.booking.com/hotel/fr/bel-appartement-dans-le-centre-d-aix-en-provence.fr.html?aid=304142&label=gen173nr-1FCAQoggJCFnNlYXJjaF9haXgtZW4tcHJvdmVuY2VIDVgEaE2IAQGYAQ24AQrIAQXYAQHoAQH4AQOIAgGoAgO4AqGVn70GwAIB0gIkOTk3OGJlNWUtNGE2My00NjdjLTg4OTAtOTMyYTE3NWM1NWMw2AIF4AIB&ucfs=1&arphpl=1&group_adults=2&req_adults=2&no_rooms=1&group_children=0&req_children=0&hpos=7&hapos=7&sr_order=popularity&srpvid=7ed9961042e107a0&srepoch=1739049634&from=searchresults,"[""Situé dans le centre d'Aix-en-Provence, à 31 km de la gare de Marseille Saint-Charles et de la station de métro Joliette, le Bel Appartement dans le centre d'Aix-en-Provence propose une connexion Wi-Fi gratuite et la climatisation. L'établissement se trouve à 32 km de la station de métro Vieux Port, à 32 km du musée des civilisations de l'Europe et de la Méditerranée et à 33 km de la station de métro Castellane. Cet établissement non-fumeurs se trouve à 32 km du centre commercial Les Terrasses du Port.\n\nCet appartement comprend une chambre séparée, une salle de bains, une cuisine entièrement équipée avec un coin repas et un micro-ondes, ainsi qu'un salon avec une télévision à écran plat. Les serviettes et le linge de lit sont fournis.\n\nVous séjournerez à 33 km de la rue Saint-Ferréol et à 34 km de la station de métro La Timone. L'aéroport de Marseille-Provence est à 27 km.""]",9.3
Aix-en-Provence,The Originals Résidence Aix Schuman,5.4471929,43.5205148,https://www.booking.com/hotel/fr/the-originals-residence-aix-schuman.fr.html?aid=304142&label=gen173nr-1FCAQoggJCFnNlYXJjaF9haXgtZW4tcHJvdmVuY2VIDVgEaE2IAQGYAQ24AQrIAQXYAQHoAQH4AQOIAgGoAgO4AqGVn70GwAIB0gIkOTk3OGJlNWUtNGE2My00NjdjLTg4OTAtOTMyYTE3NWM1NWMw2AIF4AIB&ucfs=1&arphpl=1&group_adults=2&req_adults=2&no_rooms=1&group_children=0&req_children=0&hpos=8&hapos=8&sr_order=popularity&srpvid=7ed9961042e107a0&srepoch=1739049634&from=searchresults,"[""Situé à Aix-en-Provence, à 30 km de la gare de Marseille-Saint-Charles, l'établissement The Originals Résidence Aix Schuman propose une salle de sport, un parking privé, une terrasse et un bar. Cet hôtel 3 étoiles propose une bagagerie. Il propose une réception ouverte 24h/24, des transferts aéroport, un service d'étage et une connexion Wi-Fi gratuite dans l'ensemble de ses locaux.\n\nLes chambres climatisées comprennent un bureau, une bouilloire, un réfrigérateur, un micro-ondes, un coffre-fort, une télévision à écran plat et une salle de bains privative avec douche. Les chambres disposent d'une armoire.\n\nUn petit-déjeuner buffet, végétarien ou sans gluten est servi sur place.\n\nVous séjournerez à 30 km de la station de métro Joliette et à 31 km du centre commercial Les Terrasses du Port. L'aéroport de Marseille-Provence est à 26 km.""]",8.3
Aix-en-Provence,Le Mini - Un voyage en Provence,5.452499735058,43.528465619432,https://www.booking.com/hotel/fr/studio-terrasse-en-duplex-au-coeur-d-aix-en-provence.fr.html?aid=304142&label=gen173nr-1FCAQoggJCFnNlYXJjaF9haXgtZW4tcHJvdmVuY2VIDVgEaE2IAQGYAQ24AQrIAQXYAQHoAQH4AQOIAgGoAgO4AqGVn70GwAIB0gIkOTk3OGJlNWUtNGE2My00NjdjLTg4OTAtOTMyYTE3NWM1NWMw2AIF4AIB&ucfs=1&arphpl=1&group_adults=2&req_adults=2&no_rooms=1&group_children=0&req_children=0&hpos=9&hapos=9&sr_order=popularity&srpvid=7ed9961042e107a0&srepoch=1739049634&from=searchresults,"[""Proposant une terrasse, l’hébergement Le Mini - Un voyage en Provence bénéficie d’un emplacement de choix dans le centre de Aix-en-Provence. Cet appartement met à votre disposition une kitchenette entièrement équipée.\n\nVous séjournerez à respectivement 31 km et 32 km de ces lieux d’intérêt : Gare de Marseille-Saint-Charles et Métro Joliette. L'aéroport le plus proche (Aéroport de Marseille Provence) est à 27 km.""]",8.9
Aix-en-Provence,Chambre style balinais,5.4523766,43.5284284,https://www.booking.com/hotel/fr/chambre-style-balinais.fr.html?aid=304142&label=gen173nr-1FCAQoggJCFnNlYXJjaF9haXgtZW4tcHJvdmVuY2VIDVgEaE2IAQGYAQ24AQrIAQXYAQHoAQH4AQOIAgGoAgO4AqGVn70GwAIB0gIkOTk3OGJlNWUtNGE2My00NjdjLTg4OTAtOTMyYTE3NWM1NWMw2AIF4AIB&ucfs=1&arphpl=1&group_adults=2&req_adults=2&no_rooms=1&group_children=0&req_children=0&hpos=10&hapos=10&sr_order=popularity&srpvid=7ed9961042e107a0&srepoch=1739049634&from=searchresults,"[""Doté d’une connexion Wi-Fi gratuite, l’hébergement Chambre style balinais vous accueille dans le centre de Aix-en-Provence, à respectivement 31 km et 32 km de ces lieux d’intérêt : Gare de Marseille-Saint-Charles et Métro Joliette. Cette chambre d'hôtes est à respectivement 33 km et 33 km de : Centre commercial Les Terrasses du Port et Métro Vieux-Port.\n\nCette chambre d'hôtes comprend une télévision à écran plat. Des serviettes et du linge de lit sont à votre disposition.\n\nVous séjournerez à respectivement 33 km et 33 km de ces lieux d’intérêt\xa0: Musée des Civilisations de l'Europe et de la Méditerranée (MuCEM) et Métro Castellane. L'aéroport le plus proche (Aéroport de Marseille Provence) est à 27 km.""]",9.3
Aix-en-Provence,Centre d'Aix - charmant appartement 1 chambre Pythagore avec parking,5.442225772491,43.528281845388,https://www.booking.com/hotel/fr/center-of-aix-charmful-1-bedroom-aptmt-pythagore-with-parking.fr.html?aid=304142&label=gen173nr-1FCAQoggJCFnNlYXJjaF9haXgtZW4tcHJvdmVuY2VIDVgEaE2IAQGYAQ24AQrIAQXYAQHoAQH4AQOIAgGoAgO4AqGVn70GwAIB0gIkOTk3OGJlNWUtNGE2My00NjdjLTg4OTAtOTMyYTE3NWM1NWMw2AIF4AIB&ucfs=1&arphpl=1&group_adults=2&req_adults=2&no_rooms=1&group_children=0&req_children=0&hpos=11&hapos=11&sr_order=popularity&srpvid=7ed9961042e107a0&srepoch=1739049634&from=searchresults,"[""L’hébergement Centre d'Aix - charmant appartement 1 chambre Pythagore avec parking vous accueille à Aix-en-Provence, à respectivement 30 km, 31 km et 31 km de ces lieux d’intérêt : Métro Joliette, Centre commercial Les Terrasses du Port et Métro Vieux-Port. Cet hébergement est installé à 30 km de\xa0: Gare de Marseille-Saint-Charles. Vous pourrez profiter d’une connexion Wi-Fi gratuite et d’un parking privé disponible sur place.\n\nCet appartement avec climatisation se compose de 1 chambre, d'un salon, d'une cuisine entièrement équipée avec un réfrigérateur et une machine à café, ainsi que de 1 salle de bains avec une douche et un bain à remous. Cet hébergement met à votre disposition des serviettes et du linge de lit.\n\nVous séjournerez à respectivement 31 km et 32 km de ces lieux d’intérêt\xa0: Musée des Civilisations de l'Europe et de la Méditerranée (MuCEM) et Rue Saint-Ferréol. L'aéroport le plus proche (Aéroport de Marseille Provence) est à 26 km.""]",8.9
Aix-en-Provence,Appartement de charme,5.452985,43.5291307,https://www.booking.com/hotel/fr/apartement-de-charme.fr.html?aid=304142&label=gen173nr-1FCAQoggJCFnNlYXJjaF9haXgtZW4tcHJvdmVuY2VIDVgEaE2IAQGYAQ24AQrIAQXYAQHoAQH4AQOIAgGoAgO4AqGVn70GwAIB0gIkOTk3OGJlNWUtNGE2My00NjdjLTg4OTAtOTMyYTE3NWM1NWMw2AIF4AIB&ucfs=1&arphpl=1&group_adults=2&req_adults=2&no_rooms=1&group_children=0&req_children=0&hpos=12&hapos=12&sr_order=popularity&srpvid=7ed9961042e107a0&srepoch=1739049634&from=searchresults,"[""Situé dans le centre d'Aix-en-Provence, l'Appartement de charme propose un hébergement avec connexion Wi-Fi gratuite dans un bâtiment historique. Cet hébergement climatisé se trouve à 31 km de la gare de Marseille-Saint-Charles. Cet établissement non-fumeurs se trouve à 32 km de la station de métro Joliette.\n\nRécemment rénové, cet appartement comprend une chambre séparée, une salle de bains, une cuisine entièrement équipée avec un coin repas et un four, ainsi qu'un salon avec une télévision à écran plat. Les serviettes et le linge de lit sont fournis. L'établissement offre une vue paisible sur la rue.\n\nVous séjournerez à 33 km du centre commercial Les Terrasses du Port et de la station de métro Vieux Port. L'aéroport de Marseille-Provence est à 27 km.""]",8.9
Aix-en-Provence,Le Duplex Mirabeau 3 stars - City Center,5.449926182627678,43.52701180712812,https://www.booking.com/hotel/fr/le-duplex-mirabeau.fr.html?aid=304142&label=gen173nr-1FCAQoggJCFnNlYXJjaF9haXgtZW4tcHJvdmVuY2VIDVgEaE2IAQGYAQ24AQrIAQXYAQHoAQH4AQOIAgGoAgO4AqGVn70GwAIB0gIkOTk3OGJlNWUtNGE2My00NjdjLTg4OTAtOTMyYTE3NWM1NWMw2AIF4AIB&ucfs=1&arphpl=1&group_adults=2&req_adults=2&no_rooms=1&group_children=0&req_children=0&hpos=13&hapos=13&sr_order=popularity&srpvid=7ed9961042e107a0&srepoch=1739049634&from=searchresults,[],
Aix-en-Provence,Charmant appartement 2 pièces en plein centre ville historique,5.4503022,43.5297952,https://www.booking.com/hotel/fr/charmant-appartement-2-pieces-en-plein-centre-ville-historique.fr.html?aid=304142&label=gen173nr-1FCAQoggJCFnNlYXJjaF9haXgtZW4tcHJvdmVuY2VIDVgEaE2IAQGYAQ24AQrIAQXYAQHoAQH4AQOIAgGoAgO4AqGVn70GwAIB0gIkOTk3OGJlNWUtNGE2My00NjdjLTg4OTAtOTMyYTE3NWM1NWMw2AIF4AIB&ucfs=1&arphpl=1&group_adults=2&req_adults=2&no_rooms=1&group_children=0&req_children=0&hpos=14&hapos=14&sr_order=popularity&srpvid=7ed9961042e107a0&srepoch=1739049634&from=searchresults,"[""Situé à Aix-en-Provence, à 32 km de la station de métro Joliette et du centre commercial Les Terrasses du Port, le Charmant appartement 2 pièces en plein centre ville historique propose des hébergements avec une connexion Wi-Fi gratuite et une télévision à écran plat. L'établissement se trouve à 33 km de la station de métro Vieux Port, du musée des civilisations de l'Europe et de la Méditerranée et de la station de métro Castellane. L'établissement se trouve à 31 km de la gare de Marseille-Saint-Charles et à moins de 200 mètres du centre-ville.\n\nCet appartement climatisé comprend une chambre séparée, un salon, une salle de bains ainsi qu'une cuisine entièrement équipée avec un four et un micro-ondes. Les serviettes et le linge de lit sont fournis. Vous profiterez d'une cheminée.\n\nVous séjournerez à 33 km de la rue Saint-Ferréol et à 34 km de la station de métro La Timone. L'aéroport de Marseille-Provence est à 27 km.""]",9.4
Aix-en-Provence,"Appartement chic, hyper centre",5.4524977,43.5284133,https://www.booking.com/hotel/fr/appartement-chic-hyper-centre-aix-en-provence.fr.html?aid=304142&label=gen173nr-1FCAQoggJCFnNlYXJjaF9haXgtZW4tcHJvdmVuY2VIDVgEaE2IAQGYAQ24AQrIAQXYAQHoAQH4AQOIAgGoAgO4AqGVn70GwAIB0gIkOTk3OGJlNWUtNGE2My00NjdjLTg4OTAtOTMyYTE3NWM1NWMw2AIF4AIB&ucfs=1&arphpl=1&group_adults=2&req_adults=2&no_rooms=1&group_children=0&req_children=0&hpos=15&hapos=15&sr_order=popularity&srpvid=7ed9961042e107a0&srepoch=1739049634&from=searchresults,"[""L’hébergement Appartement chic, hyper centre se situe dans le centre de Aix-en-Provence, à respectivement 31 km et 32 km de ces lieux d’intérêt : Gare de Marseille-Saint-Charles et Métro Joliette. Il possède une connexion Wi-Fi gratuite et offre une vue sur la ville. Cet hébergement comprend un service de concierge et est installé à 33 km de : Centre commercial Les Terrasses du Port.\n\nCet appartement avec climatisation se compose de 2 chambres, d'un salon, d'une cuisine entièrement équipée avec un réfrigérateur et une machine à café, ainsi que de 1 salle de bains avec une douche et des articles de toilette gratuits. Des serviettes et du linge de lit sont mis à votre disposition.\n\nVous séjournerez à respectivement 33 km et 33 km de ces lieux d’intérêt : Métro Vieux-Port et Musée des Civilisations de l'Europe et de la Méditerranée (MuCEM). L'aéroport le plus proche (Aéroport de Marseille Provence) est à 27 km. Un service de navette aéroport payant peut être assuré par l’établissement.""]",8.7
Aix-en-Provence,Appart Aix sauna jacuzzi balneo spa privatifs hyper centre historique cour intérieur,5.4494458,43.5312138,https://www.booking.com/hotel/fr/appartement-aix-centre-historique-sauna-jacuzzi-balneo-privatif.fr.html?aid=304142&label=gen173nr-1FCAQoggJCFnNlYXJjaF9haXgtZW4tcHJvdmVuY2VIDVgEaE2IAQGYAQ24AQrIAQXYAQHoAQH4AQOIAgGoAgO4AqGVn70GwAIB0gIkOTk3OGJlNWUtNGE2My00NjdjLTg4OTAtOTMyYTE3NWM1NWMw2AIF4AIB&ucfs=1&arphpl=1&group_adults=2&req_adults=2&no_rooms=1&group_children=0&req_children=0&hpos=16&hapos=16&sr_order=popularity&srpvid=7ed9961042e107a0&srepoch=1739049634&from=searchresults,"[""Situé dans le centre d'Aix-en-Provence, à 31 km de la gare de Marseille-Saint-Charles, l'Appart Aix sauna jacuzzi balnéo spa privatifs hyper centre historique cour intérieur propose un hébergement avec connexion Wi-Fi gratuite et accès à un sauna, un bain à remous et un spa. Cet appartement dispose d'une piscine privée et d'un jardin. Cet établissement non-fumeurs se trouve à 31 km de la station de métro Joliette.\n\nCet appartement comprend une chambre, une salle de bains, du linge de lit, des serviettes, une télévision à écran plat, un coin repas, une cuisine entièrement équipée et une terrasse avec vue sur le jardin.\n\nL'appartement dispose d'une aire de pique-nique où vous pourrez passer une journée en plein air.\n\nVous séjournerez à 32 km du centre commercial Les Terrasses du Port et de la station de métro Vieux Port. L'aéroport de Marseille-Provence est à 27 km.""]",9.1
Aix-en-Provence,Odalys City Aix en Provence Le Clos de la Chartreuse,5.425695776939392,43.53000300006766,https://www.booking.com/hotel/fr/le-clos-de-la-chartreuse.fr.html?aid=304142&label=gen173nr-1FCAQoggJCFnNlYXJjaF9haXgtZW4tcHJvdmVuY2VIDVgEaE2IAQGYAQ24AQrIAQXYAQHoAQH4AQOIAgGoAgO4AqGVn70GwAIB0gIkOTk3OGJlNWUtNGE2My00NjdjLTg4OTAtOTMyYTE3NWM1NWMw2AIF4AIB&ucfs=1&arphpl=1&group_adults=2&req_adults=2&no_rooms=1&group_children=0&req_children=0&hpos=17&hapos=17&sr_order=popularity&srpvid=7ed9961042e107a0&srepoch=1739049634&from=searchresults,"[""Située à Aix-en-Provence, à 10 minutes en voiture du centre historique et à 1 minute de route de l'autoroute A51, la résidence Odalys City Aix en Provence Le Clos de la Chartreuse propose des studios et des appartements climatisés et insonorisés, dotés d'un balcon meublé.\n\nLes studios et les appartements de l'établissement sont munis d'une connexion Wi-Fi gratuite, d'une kitchenette entièrement équipée et d'une télévision par satellite avec les chaînes Canal +. Leur salle de bains est pourvue d'une baignoire ou d'une douche.\n\nUn petit-déjeuner continental est servi tous les matins dans la salle à manger ou sur la terrasse offrant une vue sur le jardin.\n\nMoyennant des frais supplémentaires, vous pourrez profiter d'un parking souterrain privé sur place. La résidence se trouve à 1,5\xa0km du cours Mirabeau et 2,1\xa0km de la gare d'Aix-en-Provence. Enfin, la gare TGV d'Aix-en-Provence est à 20 km.""]",8.1
Aix-en-Provence,Villa ELISABETH,5.44719246334,43.534034198461,https://www.booking.com/hotel/fr/villa-elisabeth-aix-en-provence.fr.html?aid=304142&label=gen173nr-1FCAQoggJCFnNlYXJjaF9haXgtZW4tcHJvdmVuY2VIDVgEaE2IAQGYAQ24AQrIAQXYAQHoAQH4AQOIAgGoAgO4AqGVn70GwAIB0gIkOTk3OGJlNWUtNGE2My00NjdjLTg4OTAtOTMyYTE3NWM1NWMw2AIF4AIB&ucfs=1&arphpl=1&group_adults=2&req_adults=2&no_rooms=1&group_children=0&req_children=0&hpos=18&hapos=18&sr_order=popularity&srpvid=7ed9961042e107a0&srepoch=1739049634&from=searchresults,"[""L’hébergement Villa ELISABETH se trouve à Aix-en-Provence, à respectivement 31 km et 32 km de ces lieux d’intérêt : Métro Joliette et Centre commercial Les Terrasses du Port. Il dispose de la climatisation. Cet hébergement est installé à 31 km de\xa0: Gare de Marseille-Saint-Charles. Il propose un jardin et un parking privé gratuit.\n\nCet appartement comporte 1 chambre, 1 salle de bains, du linge de lit, des serviettes, une télévision à écran plat, un coin repas, une cuisine entièrement équipée et une terrasse offrant une vue sur le jardin.\n\nUn petit-déjeuner continental est servi sur place.\n\nVous séjournerez à respectivement 32 km et 33 km de ces lieux d’intérêt : Métro Vieux-Port et Musée des Civilisations de l'Europe et de la Méditerranée (MuCEM). L'aéroport le plus proche (Aéroport de Marseille Provence) est à 27 km.""]",9.4
Aix-en-Provence,Splendide T2 au coeur d'Aix et du Cours Mirabeau,5.4490137,43.5293949,https://www.booking.com/hotel/fr/splendide-t2-au-coeur-d-aix-et-du-cours-mirabeau.fr.html?aid=304142&label=gen173nr-1FCAQoggJCFnNlYXJjaF9haXgtZW4tcHJvdmVuY2VIDVgEaE2IAQGYAQ24AQrIAQXYAQHoAQH4AQOIAgGoAgO4AqGVn70GwAIB0gIkOTk3OGJlNWUtNGE2My00NjdjLTg4OTAtOTMyYTE3NWM1NWMw2AIF4AIB&ucfs=1&arphpl=1&group_adults=2&req_adults=2&no_rooms=1&group_children=0&req_children=0&hpos=19&hapos=19&sr_order=popularity&srpvid=7ed9961042e107a0&srepoch=1739049634&from=searchresults,"[""Situé à Aix-en-Provence, le Splendide T2 au coeur d'Aix et du Cours Mirabeau propose un hébergement climatisé avec un balcon. L'établissement se trouve à environ 32 km de la station de métro Joliette, à 33 km du centre commercial Les Terrasses du Port et à 33 km de la station de métro Vieux Port. L'établissement se trouve à 31 km de la gare de Marseille Saint-Charles et à moins de 100 mètres du centre-ville.\n\nDoté d'une connexion Wi-Fi gratuite, cet appartement 1 chambre dispose d'une télévision à écran plat, d'un lave-linge et d'une cuisine entièrement équipée avec un lave-vaisselle et un four. Les serviettes et le linge de lit sont fournis. Cet établissement est non-fumeurs.\n\nVous séjournerez à 33 km du musée des civilisations de l'Europe et de la Méditerranée et de la station de métro Castellane. L'aéroport de Marseille-Provence est à 27 km.""]",8.7
Aix-en-Provence,Le Discret - Un Voyage en Provence,5.4471305,43.5280609,https://www.booking.com/hotel/fr/le-discret-un-voyage-en-provence.fr.html?aid=304142&label=gen173nr-1FCAQoggJCFnNlYXJjaF9haXgtZW4tcHJvdmVuY2VIDVgEaE2IAQGYAQ24AQrIAQXYAQHoAQH4AQOIAgGoAgO4AqGVn70GwAIB0gIkOTk3OGJlNWUtNGE2My00NjdjLTg4OTAtOTMyYTE3NWM1NWMw2AIF4AIB&ucfs=1&arphpl=1&group_adults=2&req_adults=2&no_rooms=1&group_children=0&req_children=0&hpos=20&hapos=20&sr_order=popularity&srpvid=7ed9961042e107a0&srepoch=1739049634&from=searchresults,"[""L'établissement Le Discret - Un Voyage en Provence propose des hébergements avec connexion Wi-Fi gratuite à Aix-en-Provence, à 30 km de la station de métro Joliette, à 31 km du centre commercial Les Terrasses du Port et de la station de métro Vieux Port. L'établissement se trouve à environ 32 km du musée des civilisations de l'Europe et de la Méditerranée, de la station de métro Castellane et de la rue Saint-Ferréol. L'établissement se trouve à 30 km de la gare de Marseille-Saint-Charles et à moins de 200 mètres du centre-ville.\n\nCet appartement climatisé comprend une chambre, une télévision à écran plat, un coin repas, un salon et une kitchenette entièrement équipée avec un micro-ondes. Les serviettes et le linge de lit sont fournis. Cet établissement est non-fumeurs.\n\nVous séjournerez à 33 km de la station de métro La Timone et à 34 km de la basilique Notre-Dame de la Garde. L'aéroport de Marseille-Provence est à 26 km.""]",
Aix-en-Provence,T3 Lumineux avec magnifique vue,5.4480179,43.53091,https://www.booking.com/hotel/fr/t3-lumineux-avec-magnifique-vue-aix-en-provence.fr.html?aid=304142&label=gen173nr-1FCAQoggJCFnNlYXJjaF9haXgtZW4tcHJvdmVuY2VIDVgEaE2IAQGYAQ24AQrIAQXYAQHoAQH4AQOIAgGoAgO4AqGVn70GwAIB0gIkOTk3OGJlNWUtNGE2My00NjdjLTg4OTAtOTMyYTE3NWM1NWMw2AIF4AIB&ucfs=1&arphpl=1&group_adults=2&req_adults=2&no_rooms=1&group_children=0&req_children=0&hpos=21&hapos=21&sr_order=popularity&srpvid=7ed9961042e107a0&srepoch=1739049634&from=searchresults,"[""Situé dans le centre d'Aix-en-Provence, à 31 km de la gare de Marseille-Saint-Charles et de la station de métro Joliette, le T3 Lumineux avec magnifique vue propose une connexion Wi-Fi gratuite, une terrasse et la climatisation. Offrant une vue sur le jardin, il se trouve à 32 km de la station de métro Vieux Port et du musée des civilisations de l'Europe et de la Méditerranée. Cet établissement non-fumeurs se trouve à 32 km du centre commercial Les Terrasses du Port.\n\nSitué au rez-de-chaussée, cet appartement spacieux comprend 2 chambres, une cuisine bien équipée avec un four micro-ondes et un réfrigérateur, un salon et une télévision à écran plat.\n\nVous séjournerez à 32 km de la station de métro Castellane et de la rue Saint-Ferréol. L'aéroport de Marseille-Provence est à 27 km.""]",7.8
Aix-en-Provence,Joli Studio avec grande terrasse cuisine 1 lit double de qualité piscine et parking gratuit,5.4180681,43.5563953,https://www.booking.com/hotel/fr/appart-2-lits-piscine-parking-gratuit.fr.html?aid=304142&label=gen173nr-1FCAQoggJCFnNlYXJjaF9haXgtZW4tcHJvdmVuY2VIDVgEaE2IAQGYAQ24AQrIAQXYAQHoAQH4AQOIAgGoAgO4AqGVn70GwAIB0gIkOTk3OGJlNWUtNGE2My00NjdjLTg4OTAtOTMyYTE3NWM1NWMw2AIF4AIB&ucfs=1&arphpl=1&group_adults=2&req_adults=2&no_rooms=1&group_children=0&req_children=0&hpos=22&hapos=22&sr_order=popularity&srpvid=7ed9961042e107a0&srepoch=1739049634&from=searchresults,"[""Joli Studio avec Grande Terrasse Cuisine 1 lit double de qualité piscine L'et parking gratuit est un appartement récemment rénové situé à Aix-en-Provence, où vous pourrez profiter de sa piscine extérieure ouverte en saison et de son jardin. Vous bénéficierez gratuitement d'un parking privé et d'une connexion Wi-Fi. Cet établissement non-fumeurs se trouve à 33 km de la gare de Marseille-Saint-Charles.\n\nCet appartement comprend une chambre, un lave-linge ainsi qu'une cuisine entièrement équipée avec des plaques de cuisson. Sa salle de bains est pourvue d'un sèche-cheveux et d'articles de toilette gratuits. Il dispose également d'une télévision à écran plat. Il offre une vue sur la montagne.\n\nVous trouverez un café sur place.\n\nL'appartement dispose d'une aire de pique-nique où vous pourrez passer une journée en plein air.\n\nVous séjournerez à 33 km de la station de métro Joliette et à 34 km du centre commercial Les Terrasses du Port. L'aéroport de Marseille-Provence est à 29 km.""]",8.7
Aix-en-Provence,Studio au cœur d'Aix avec balcon et parking,5.4399053,43.5241522,https://www.booking.com/hotel/fr/studio-au-coeur-d-aix-avec-balcon-et-parking.fr.html?aid=304142&label=gen173nr-1FCAQoggJCFnNlYXJjaF9haXgtZW4tcHJvdmVuY2VIDVgEaE2IAQGYAQ24AQrIAQXYAQHoAQH4AQOIAgGoAgO4AqGVn70GwAIB0gIkOTk3OGJlNWUtNGE2My00NjdjLTg4OTAtOTMyYTE3NWM1NWMw2AIF4AIB&ucfs=1&arphpl=1&group_adults=2&req_adults=2&no_rooms=1&group_children=0&req_children=0&hpos=23&hapos=23&sr_order=popularity&srpvid=7ed9961042e107a0&srepoch=1739049634&from=searchresults,"[""Offrant une vue sur le jardin, le Studio au cœur d'Aix avec balcon et parking est situé à Aix-en-Provence, à 30 km de la station de métro Joliette et à 31 km du centre commercial Les Terrasses du Port. Vous bénéficierez d'un accès à un balcon et d'un parking privé gratuit. Cet établissement non-fumeurs se trouve à 29 km de la gare de Marseille-Saint-Charles.\n\nDoté d'une connexion Wi-Fi gratuite, cet appartement 1 chambre dispose d'une télévision à écran plat et d'une cuisine entièrement équipée avec un micro-ondes. Les serviettes et le linge de lit sont fournis.\n\nUn service de location de vélos et de voitures est assuré sur place. La région est prisée des amateurs de randonnée.\n\nVous séjournerez à 31 km de la station de métro Vieux Port et du musée des civilisations de l'Europe et de la Méditerranée. L'aéroport de Marseille-Provence est à 25 km.""]",8.1
Aix-en-Provence,Studio climatisé très calme derrière rue d'Italie- Centre historique,5.4539267,43.5256015,https://www.booking.com/hotel/fr/very-quiet-studio-historical-town.fr.html?aid=304142&label=gen173nr-1FCAQoggJCFnNlYXJjaF9haXgtZW4tcHJvdmVuY2VIDVgEaE2IAQGYAQ24AQrIAQXYAQHoAQH4AQOIAgGoAgO4AqGVn70GwAIB0gIkOTk3OGJlNWUtNGE2My00NjdjLTg4OTAtOTMyYTE3NWM1NWMw2AIF4AIB&ucfs=1&arphpl=1&group_adults=2&req_adults=2&no_rooms=1&group_children=0&req_children=0&hpos=24&hapos=24&sr_order=popularity&srpvid=7ed9961042e107a0&srepoch=1739049634&from=searchresults,"[""Situé à Aix-en-Provence, à 32 km de la station de métro Joliette et à 33 km du centre commercial Les Terrasses du Port, le Studio climatisé très calme derrière rue d'Italie- Centre historique propose un hébergement avec une connexion Wi-Fi gratuite et une télévision à écran plat. Vous séjournerez à 33 km de la station de métro Vieux Port, à 33 km du musée des civilisations de l'Europe et de la Méditerranée et à 34 km de la rue Saint-Ferréol. L'établissement se trouve à 32 km de la gare de Marseille-Saint-Charles et à moins de 500 mètres du centre-ville.\n\nCet appartement comprend une chambre séparée, une salle de bains ainsi qu'une kitchenette entièrement équipée avec un micro-ondes et un réfrigérateur. Les serviettes et le linge de lit sont fournis. Cet établissement est non-fumeurs.\n\nVous séjournerez à 34 km de la station de métro Castellane et à 35 km de la station de métro La Timone. L'aéroport de Marseille-Provence est à 28 km.""]",8.9
Aix-en-Provence,Joli Appart Hyper Calme Quartier Mairie,5.445494,43.5291799,https://www.booking.com/hotel/fr/appartement-calme-hyper-centre-aix-en-provence.fr.html?aid=304142&label=gen173nr-1FCAQoggJCFnNlYXJjaF9haXgtZW4tcHJvdmVuY2VIDVgEaE2IAQGYAQ24AQrIAQXYAQHoAQH4AQOIAgGoAgO4AqGVn70GwAIB0gIkOTk3OGJlNWUtNGE2My00NjdjLTg4OTAtOTMyYTE3NWM1NWMw2AIF4AIB&ucfs=1&arphpl=1&group_adults=2&req_adults=2&no_rooms=1&group_children=0&req_children=0&hpos=25&hapos=25&sr_order=popularity&srpvid=7ed9961042e107a0&srepoch=1739049634&from=searchresults,"[""L’hébergement Joli Appart Hyper Calme Quartier Mairie se situe à Aix-en-Provence. Cet hébergement possède une connexion Wi-Fi gratuite dans l’ensemble de ses locaux.\n\nCet appartement avec climatisation comporte 1 chambre, une télévision à écran plat, ainsi qu’une cuisine.\n\nL'aéroport le plus proche (Aéroport de Marseille Provence) est à 27 km.""]",
Bormes-les-Mimosas,Cosy 36m avec jolie VUE MER  centre-village !,6.341155,43.15088,https://www.booking.com/hotel/fr/cosy-36m-with-nice-sea-view-center-village.fr.html?aid=304142&label=gen173nr-1FCAQoggJCGXNlYXJjaF9ib3JtZXMtbGVzLW1pbW9zYXNIDVgEaE2IAQGYAQ24AQrIAQXYAQHoAQH4AQOIAgGoAgO4AqGVn70GwAIB0gIkMjQyNGI5MTMtMzU3My00YmYyLWFjNzctMjIzNjIxYjNhYzU32AIF4AIB&ucfs=1&arphpl=1&group_adults=2&req_adults=2&no_rooms=1&group_children=0&req_children=0&hpos=1&hapos=1&sr_order=popularity&srpvid=893e961092a70402&srepoch=1739049635&from=searchresults,"[""L’hébergement Cosy 36m With Nice Sea View Center Village! vous accueille à Bormes-les-Mimosas, à respectivement 33 km, 33 km et 39 km de ces lieux d’intérêt : Chateau de Grimaud, Le Pont des Fées et Gare de Toulon. Cet appartement est à respectivement 39 km et 5,7 km de : Zénith Oméga de Toulon et La Favière.\n\nCet appartement se compose de 1 chambre, d'un salon, d'une cuisine entièrement équipée avec un réfrigérateur et une machine à café, ainsi que de 1 salle de bains avec une baignoire ou une douche et un sèche-cheveux. Une télévision est à votre disposition.\n\nVous séjournerez à respectivement 21 km et 33 km de ces lieux d’intérêt\xa0: Villa Noailles Art Centre et Penitents Chapel. L'aéroport le plus proche (Aéroport de Toulon - Hyères) est à 21 km.""]",9.1
Bormes-les-Mimosas,"Bord de mer, charmant studio entièrement équipé",6.358852,43.1260231,https://www.booking.com/hotel/fr/bord-de-mer-charmant-studio-entierement-equipe.fr.html?aid=304142&label=gen173nr-1FCAQoggJCGXNlYXJjaF9ib3JtZXMtbGVzLW1pbW9zYXNIDVgEaE2IAQGYAQ24AQrIAQXYAQHoAQH4AQOIAgGoAgO4AqGVn70GwAIB0gIkMjQyNGI5MTMtMzU3My00YmYyLWFjNzctMjIzNjIxYjNhYzU32AIF4AIB&ucfs=1&arphpl=1&group_adults=2&req_adults=2&no_rooms=1&group_children=0&req_children=0&hpos=2&hapos=2&sr_order=popularity&srpvid=893e961092a70402&srepoch=1739049635&from=searchresults,"[""L’hébergement Bord de mer, charmant studio entièrement équipé vous accueille à Bormes-les-Mimosas, à respectivement 900 mètres, 900 mètres et 34 km de ces lieux d’intérêt : Plage de la Pointe de Gouron, Plage de l'Anglade et Chateau de Grimaud. Cet hébergement avec climatisation est installé à 600 mètres de\xa0: Plage de la Favière. Vous pourrez profiter d'un parking privé disponible sur place et d'une connexion Wi-Fi gratuite.\n\nCet appartement comporte 1 chambre, une cuisine avec un réfrigérateur et un micro-ondes, ainsi que 1 salle de bains avec une douche, un sèche-cheveux et un lave-linge. Une télévision à écran plat est à votre disposition.\n\nVous séjournerez à respectivement 34 km et 41 km de ces lieux d’intérêt\xa0: Le Pont des Fées et Gare de Toulon. L'aéroport le plus proche (Aéroport de Toulon - Hyères) est à 23 km.""]",9.4
Bormes-les-Mimosas,SELECT'soHOME - Superbe appartement pour 4 personnes à deux pas de la plage et des commerces de la Favière ! - ILOA-B01,6.359008,43.124624,https://www.booking.com/hotel/fr/select-sohome-superbe-appartement-pour-4-personnes-a-deux-pas-de-la-plage-et-des.fr.html?aid=304142&label=gen173nr-1FCAQoggJCGXNlYXJjaF9ib3JtZXMtbGVzLW1pbW9zYXNIDVgEaE2IAQGYAQ24AQrIAQXYAQHoAQH4AQOIAgGoAgO4AqGVn70GwAIB0gIkMjQyNGI5MTMtMzU3My00YmYyLWFjNzctMjIzNjIxYjNhYzU32AIF4AIB&ucfs=1&arphpl=1&group_adults=2&req_adults=2&no_rooms=1&group_children=0&req_children=0&hpos=3&hapos=3&sr_order=popularity&srpvid=893e961092a70402&srepoch=1739049635&from=searchresults,"[""Situé à 700 mètres de la plage de la Pointe de Gouron, à 700 mètres de la plage de l'Anglade et à 34 km du château de Grimaud, SELECT'soHOME - Superbe appartement pour 4 personnes à deux pas de la plage et des commerces de la Favière! - Le ILOA-B01 propose des hébergements à Bormes-les-Mimosas. Cet hébergement climatisé se trouve à 400 mètres de la Faviere. Vous pourrez profiter d'un parking privé sur place et d'une connexion Wi-Fi gratuite. Il propose un ascenseur et un service de concierge.\n\nOffrant une vue sur le jardin, cet appartement comprend une terrasse, une chambre, un salon, une télévision à écran plat, une cuisine équipée d'un lave-vaisselle et d'un four ainsi qu'une salle de bains pourvue d'une douche à l'italienne. Les serviettes et le linge de lit sont fournis. Cet appartement est non-fumeurs et insonorisé.\n\nVous aurez la possibilité de pratiquer différentes activités à Bormes-les-Mimosas et dans les environs, telles que la randonnée et la marche.\n\nVous séjournerez à 34 km du Pont des Fées. pour 4 personnes à deux pas de la plage et des commerces de la Favière! - ILOA-B01, tandis que la gare de Toulon se trouve à 41 km. L'aéroport de Toulon-Hyères est implanté à 23 km.""]",10.0
Bormes-les-Mimosas,Superbe T2 4 étoiles climatisé Favière refait à neuf,6.3598623,43.1238485,https://www.booking.com/hotel/fr/superbe-t2-4-etoiles-climatise-faviere-refait-a-neuf.fr.html?aid=304142&label=gen173nr-1FCAQoggJCGXNlYXJjaF9ib3JtZXMtbGVzLW1pbW9zYXNIDVgEaE2IAQGYAQ24AQrIAQXYAQHoAQH4AQOIAgGoAgO4AqGVn70GwAIB0gIkMjQyNGI5MTMtMzU3My00YmYyLWFjNzctMjIzNjIxYjNhYzU32AIF4AIB&ucfs=1&arphpl=1&group_adults=2&req_adults=2&no_rooms=1&group_children=0&req_children=0&hpos=4&hapos=4&sr_order=popularity&srpvid=893e961092a70402&srepoch=1739049635&from=searchresults,"[""Situé à Bormes-les-Mimosas, l’hébergement Superbe T2 4 étoiles climatisé Favière refait à neuf offre une vue sur la ville. Il comprend une plage privée, une terrasse et une connexion Wi-Fi gratuite. Cet hébergement offre une vue sur le jardin et propose un balcon.\n\nCet appartement avec climatisation se compose de 1 chambre, d'un salon, d'une cuisine entièrement équipée avec un réfrigérateur et une machine à café, ainsi que de 1 salle de bains avec une douche et des articles de toilette gratuits. Des serviettes et du linge de lit moyennant des frais supplémentaires.\n\nVous séjournerez à proximité de ces lieux d’intérêt\xa0: Plage de la Favière, Plage de l'Anglade et Plage de la Pointe de Gouron. L'aéroport le plus proche (Aéroport de Toulon - Hyères) est à 23 km.""]",9.0
Bormes-les-Mimosas,Appartement pieds dans l’eau Vue Mer Bormes Les Mimosas,6.3594635804260005,43.122153051238,https://www.booking.com/hotel/fr/appartement-pieds-dans-l-eau-vue-mer-bormes-les-mimosas.fr.html?aid=304142&label=gen173nr-1FCAQoggJCGXNlYXJjaF9ib3JtZXMtbGVzLW1pbW9zYXNIDVgEaE2IAQGYAQ24AQrIAQXYAQHoAQH4AQOIAgGoAgO4AqGVn70GwAIB0gIkMjQyNGI5MTMtMzU3My00YmYyLWFjNzctMjIzNjIxYjNhYzU32AIF4AIB&ucfs=1&arphpl=1&group_adults=2&req_adults=2&no_rooms=1&group_children=0&req_children=0&hpos=5&hapos=5&sr_order=popularity&srpvid=893e961092a70402&srepoch=1739049635&from=searchresults,"[""Offrant une vue sur la mer, l'Appartement pieds dans l'eau Vue Mer Bormes Les Mimosas est un hébergement situé à Bormes-les-Mimosas, à 90 mètres de la Faviere et à 700 mètres de la plage de la Pointe de Gouron. Cet établissement en bord de mer dispose d'une terrasse et d'un parking privé gratuit. Cet établissement non-fumeurs se trouve à 700 mètres de la plage de l'Anglade.\n\nCet appartement comprend une chambre, une télévision à écran plat, un coin salon et une salle de bains pourvue d'une douche à l'italienne. Sa cuisine est équipée d'un micro-ondes et d'un réfrigérateur. Pour plus de commodité, l'établissement peut fournir des serviettes et du linge de maison moyennant des frais supplémentaires. Pour plus d'intimité, l'hébergement dispose d'une entrée privée.\n\nVous pourrez pratiquer des activités à Bormes-les-Mimosas et dans ses environs, comme la plongée avec tuba et des visites à pied.\n\nVous séjournerez à 34 km du château de Grimaud et du Pont des Fées. L'aéroport de Toulon-Hyères est implanté à 24 km.""]",9.2
Bormes-les-Mimosas,SELECT'soHOME - T2 proche de la station balnéaire de La Favière avec parking privé ! - AZUR-17,6.355161,43.123204,https://www.booking.com/hotel/fr/select-sohome-t2-proche-de-la-station-balneaire-de-la-faviere-azur-17.fr.html?aid=304142&label=gen173nr-1FCAQoggJCGXNlYXJjaF9ib3JtZXMtbGVzLW1pbW9zYXNIDVgEaE2IAQGYAQ24AQrIAQXYAQHoAQH4AQOIAgGoAgO4AqGVn70GwAIB0gIkMjQyNGI5MTMtMzU3My00YmYyLWFjNzctMjIzNjIxYjNhYzU32AIF4AIB&ucfs=1&arphpl=1&group_adults=2&req_adults=2&no_rooms=1&group_children=0&req_children=0&hpos=6&hapos=6&sr_order=popularity&srpvid=893e961092a70402&srepoch=1739049635&from=searchresults,"[""Doté d'un balcon, le SELECT'soHOME - T2 proche de la station balnéaire de La Favière - AZUR-17 est situé à Bormes-les-Mimosas, à seulement 1,1 km de la plage de l'Anglade et de celle de la Pointe de Gouron. Vous bénéficierez gratuitement d'un parking privé et d'une connexion Wi-Fi. Cet établissement non-fumeurs se trouve à 600 mètres de Faviere.\n\nCet appartement climatisé comprend une chambre, un salon, une cuisine entièrement équipée avec lave-vaisselle et machine à café ainsi qu'une salle de bains pourvue d'une douche et de chaussons. Il dispose également d'une télévision à écran plat. Pour plus d'intimité, l'hébergement dispose d'une entrée privée.\n\nVous séjournerez à 34 km du château de Grimaud et du Pont des Fées. L'aéroport le plus proche, celui de Toulon-Hyères, est situé à 23 km.""]",9.0
Bormes-les-Mimosas,Cosy studio - Place du Figuier,6.342968300164,43.151455120292,https://www.booking.com/hotel/fr/studio-figuier-bormes-les-mimosas.fr.html?aid=304142&label=gen173nr-1FCAQoggJCGXNlYXJjaF9ib3JtZXMtbGVzLW1pbW9zYXNIDVgEaE2IAQGYAQ24AQrIAQXYAQHoAQH4AQOIAgGoAgO4AqGVn70GwAIB0gIkMjQyNGI5MTMtMzU3My00YmYyLWFjNzctMjIzNjIxYjNhYzU32AIF4AIB&ucfs=1&arphpl=1&group_adults=2&req_adults=2&no_rooms=1&group_children=0&req_children=0&hpos=7&hapos=7&sr_order=popularity&srpvid=893e961092a70402&srepoch=1739049635&from=searchresults,"[""Situé à Bormes-les-Mimosas, à 29 km du château de Grimaud et du Pont des Fées, le Cosy studio - Place du Figuier propose un hébergement climatisé avec une terrasse et une connexion Wi-Fi gratuite. Vous séjournerez à environ 40 km du Zénith Oméga Toulon, à 4,9 km de La Favière et à 22 km du centre d'art Villa Noailles. Cet établissement non-fumeurs se trouve à 39 km de la gare de Toulon.\n\nCet appartement comprend une chambre, une kitchenette entièrement équipée avec un micro-ondes et un grille-pain, ainsi qu'une salle de bains pourvue d'une douche à l'italienne, d'un sèche-cheveux et d'un lave-linge. Vous pourrez profiter de l'ambiance des environs depuis le coin repas extérieur. Pour plus d'intimité, l'hébergement dispose d'une entrée privée.\n\nVous pourrez pratiquer diverses activités à Bormes-les-Mimosas et dans ses environs, telles que le vélo.\n\nVous séjournerez à 29 km de la chapelle des Pénitents et à 31 km de Port Grimaud. L'aéroport de Toulon-Hyères est implanté à 21 km.""]",9.6
Bormes-les-Mimosas,SELECT'soHOME - T2 entièrement rénové à quelques pas de la plage - POS07,6.351083,43.124018,https://www.booking.com/hotel/fr/select-sohome-t2-entierement-renove-a-quelques-pas-de-la-plage-pos07.fr.html?aid=304142&label=gen173nr-1FCAQoggJCGXNlYXJjaF9ib3JtZXMtbGVzLW1pbW9zYXNIDVgEaE2IAQGYAQ24AQrIAQXYAQHoAQH4AQOIAgGoAgO4AqGVn70GwAIB0gIkMjQyNGI5MTMtMzU3My00YmYyLWFjNzctMjIzNjIxYjNhYzU32AIF4AIB&ucfs=1&arphpl=1&group_adults=2&req_adults=2&no_rooms=1&group_children=0&req_children=0&hpos=8&hapos=8&sr_order=popularity&srpvid=893e961092a70402&srepoch=1739049635&from=searchresults,"[""L’hébergement SELECT'soHOME - T2 entièrement rénové à quelques pas de la plage - POS07 se trouve à Bormes-les-Mimosas, à respectivement 900 mètres, 1,4 km et 1,5 km de ces lieux d’intérêt : Plage de la Favière, Plage de la Pointe de Gouron et Plage de l'Anglade. Il propose un balcon et une connexion Wi-Fi gratuite. Cet appartement comprend une piscine privée, un jardin et un parking privé gratuit.\n\nCet appartement avec climatisation se compose de 1 chambre, d'un salon, d'une cuisine entièrement équipée avec un réfrigérateur et une machine à café, ainsi que de 1 salle de bains avec une douche et des articles de toilette gratuits. Cet hébergement met à votre disposition des serviettes et du linge de lit.\n\nVous pourrez profiter d’une piscine extérieure ainsi que d’une terrasse sur place, et pratiquer la randonnée dans les environs.\n\nVous séjournerez à respectivement 33 km et 34 km de ces lieux d’intérêt : Chateau de Grimaud et Le Pont des Fées. L'aéroport le plus proche (Aéroport de Toulon - Hyères) est à 23 km.""]",9.0
Bormes-les-Mimosas,Bormes - Le Loft,6.3406583,43.1507533,https://www.booking.com/hotel/fr/bormes-le-loft.fr.html?aid=304142&label=gen173nr-1FCAQoggJCGXNlYXJjaF9ib3JtZXMtbGVzLW1pbW9zYXNIDVgEaE2IAQGYAQ24AQrIAQXYAQHoAQH4AQOIAgGoAgO4AqGVn70GwAIB0gIkMjQyNGI5MTMtMzU3My00YmYyLWFjNzctMjIzNjIxYjNhYzU32AIF4AIB&ucfs=1&arphpl=1&group_adults=2&req_adults=2&no_rooms=1&group_children=0&req_children=0&hpos=9&hapos=9&sr_order=popularity&srpvid=893e961092a70402&srepoch=1739049635&from=searchresults,"[""Offrant une vue sur le jardin, l’hébergement Bormes - Le Loft se trouve à Bormes-les-Mimosas, à respectivement 33 km et 33 km de ces lieux d’intérêt : Chateau de Grimaud et Le Pont des Fées. Offrant une vue sur la ville et sur la mer, cet appartement propose également une connexion Wi-Fi gratuite.\n\nCet appartement se compose de 1 chambre, d'un salon, d'une cuisine entièrement équipée avec un réfrigérateur et une machine à café, ainsi que de 1 salle de bains avec une douche et un sèche-cheveux. Cet hébergement met à votre disposition des serviettes et du linge de lit.\n\nVous séjournerez à respectivement 39 km et 39 km de ces lieux d’intérêt : Gare de Toulon et Zénith Oméga de Toulon. L'aéroport le plus proche (Aéroport de Toulon - Hyères) est à 21 km.""]",8.9
Bormes-les-Mimosas,La Lavandière,6.3518156,43.14385490000001,https://www.booking.com/hotel/fr/la-lavandiere-bormes-les-mimosas.fr.html?aid=304142&label=gen173nr-1FCAQoggJCGXNlYXJjaF9ib3JtZXMtbGVzLW1pbW9zYXNIDVgEaE2IAQGYAQ24AQrIAQXYAQHoAQH4AQOIAgGoAgO4AqGVn70GwAIB0gIkMjQyNGI5MTMtMzU3My00YmYyLWFjNzctMjIzNjIxYjNhYzU32AIF4AIB&ucfs=1&arphpl=1&group_adults=2&req_adults=2&no_rooms=1&group_children=0&req_children=0&hpos=10&hapos=10&sr_order=popularity&srpvid=893e961092a70402&srepoch=1739049635&from=searchresults,"[""Située à Bormes-les-Mimosas, à 2,8 km de la plage de la Pointe de Gouron et à 2,9 km de la Grande Plage, La Lavandière propose une piscine à débordement et la climatisation. Doté d'un parking privé gratuit, cet appartement 2 étoiles se trouve à 2,8 km de la plage de l'Anglade. Cet établissement non-fumeurs se trouve à 31 km du château de Grimaud.\n\nOffrant une vue sur la mer, cet appartement comprend une terrasse, une chambre, un salon, une télévision, une cuisine équipée avec un lave-vaisselle et un four ainsi qu'une salle de bains pourvue d'une douche. Les serviettes et le linge de lit sont fournis.\n\nVous séjournerez à 31 km du Pont des Fées et à 39 km de la gare de Toulon. L'aéroport de Toulon-Hyères est à 21 km.""]",8.9
Bormes-les-Mimosas,Bormes-les-Mimosas - Appart 25m2 avec balcon - 4P,6.3538621,43.1230872,https://www.booking.com/hotel/fr/bormes-les-mimosas-appart-25m2-avec-balcon-4p.fr.html?aid=304142&label=gen173nr-1FCAQoggJCGXNlYXJjaF9ib3JtZXMtbGVzLW1pbW9zYXNIDVgEaE2IAQGYAQ24AQrIAQXYAQHoAQH4AQOIAgGoAgO4AqGVn70GwAIB0gIkMjQyNGI5MTMtMzU3My00YmYyLWFjNzctMjIzNjIxYjNhYzU32AIF4AIB&ucfs=1&arphpl=1&group_adults=2&req_adults=2&no_rooms=1&group_children=0&req_children=0&hpos=11&hapos=11&sr_order=popularity&srpvid=893e961092a70402&srepoch=1739049635&from=searchresults,"[""Situé à Bormes-les-Mimosas, à proximité des plages de la Pointe de Gouron, de l'Anglade et de La Favière, le Bormes-les-Mimosas - Appart 25m2 avec balcon - 4P dispose d'une terrasse. Vous bénéficierez gratuitement d'un parking privé et d'une connexion Wi-Fi. Cet établissement non-fumeurs se trouve à 600 mètres de Faviere.\n\nCet appartement climatisé comprend une chambre, un salon, une cuisine entièrement équipée avec un four et une machine à café ainsi qu'une salle de bains pourvue d'une douche à l'italienne et d'un sèche-cheveux. Il dispose également d'une télévision à écran plat avec des services de streaming. L'établissement possède un coin repas extérieur.\n\nVous séjournerez à 34 km du château de Grimaud et du Pont des Fées. L'aéroport de Toulon-Hyères est à 23 km.""]",8.6
Bormes-les-Mimosas,Les Terrasses de Lô,6.353536,43.143885,https://www.booking.com/hotel/fr/les-terrasses-de-lo.fr.html?aid=304142&label=gen173nr-1FCAQoggJCGXNlYXJjaF9ib3JtZXMtbGVzLW1pbW9zYXNIDVgEaE2IAQGYAQ24AQrIAQXYAQHoAQH4AQOIAgGoAgO4AqGVn70GwAIB0gIkMjQyNGI5MTMtMzU3My00YmYyLWFjNzctMjIzNjIxYjNhYzU32AIF4AIB&ucfs=1&arphpl=1&group_adults=2&req_adults=2&no_rooms=1&group_children=0&req_children=0&hpos=12&hapos=12&sr_order=popularity&srpvid=893e961092a70402&srepoch=1739049635&from=searchresults,"[""Doté d'une baignoire en plein air et offrant une vue sur la montagne, l'établissement Les Terrasses de Lô est un Bed & Breakfast récemment rénové situé à Bormes-les-Mimosas, à 2,7 km de la plage de l'Anglade. Vous pourrez profiter d'une terrasse et d'un parking privé gratuit. Par beau temps, vous pourrez vous asseoir à l'extérieur.\n\nLes logements insonorisés de ce Bed & Breakfast disposent d'une entrée privée et vous permettront de passer un séjour paisible. Leur salle de bains privative est pourvue d'articles de toilette gratuits et de linge de lit.\n\nCe Bed & Breakfast sert un petit-déjeuner à la carte et un petit-déjeuner en chambre. Vous trouverez un café sur place et des paniers-repas sont également disponibles.\n\nUn parc aquatique est disponible sur place et vous pourrez faire du vélo dans les environs.\n\nVous séjournerez à 2,9 km de la Grande Plage et à 31 km du château de Grimaud. L'aéroport de Toulon-Hyères est situé à 22 km. Un service de navette aéroport peut être assuré moyennant des frais supplémentaires.""]",9.4
Bormes-les-Mimosas,SELECT'soHOME - Appartement spacieux pour 4 personnes avec garage privé et piscine ! - ALCAZAR-17,6.343832,43.143074,https://www.booking.com/hotel/fr/select-sohome-appartement-spacieux-pour-4-personnes-avec-garage-prive-et-piscine.fr.html?aid=304142&label=gen173nr-1FCAQoggJCGXNlYXJjaF9ib3JtZXMtbGVzLW1pbW9zYXNIDVgEaE2IAQGYAQ24AQrIAQXYAQHoAQH4AQOIAgGoAgO4AqGVn70GwAIB0gIkMjQyNGI5MTMtMzU3My00YmYyLWFjNzctMjIzNjIxYjNhYzU32AIF4AIB&ucfs=1&arphpl=1&group_adults=2&req_adults=2&no_rooms=1&group_children=0&req_children=0&hpos=13&hapos=13&sr_order=popularity&srpvid=893e961092a70402&srepoch=1739049635&from=searchresults,"[""Le SELECT'soHOME - Appartement spacieux pour 4 personnes avec garage privé et piscine! L'ALCAZAR-17 est situé à Bormes-les-Mimosas. Vous bénéficierez gratuitement d'un parking privé et d'une connexion Wi-Fi. Cet établissement non-fumeurs se trouve à 2,8 km de la plage de l'Anglade.\n\nCet appartement comprend une chambre, une salle de bains, du linge de lit, des serviettes, une télévision par satellite à écran plat, un coin repas, une cuisine entièrement équipée et une terrasse avec vue sur le jardin. L'établissement possède un coin repas extérieur.\n\nVous pourrez pratiquer des activités à Bormes-les-Mimosas et dans ses environs, telles que la plongée avec tuba, la randonnée et des visites à pied.\n\nVous séjournerez à 2,9 km de la Grande Plage. - ALCAZAR-17, tandis que le château de Grimaud se trouve à 32 km. L'aéroport de Toulon-Hyères est à 20 km.""]",9.0
Bormes-les-Mimosas,The Little House,6.342202005523,43.150360805018,https://www.booking.com/hotel/fr/the-little-house-bormes-les-mimosas.fr.html?aid=304142&label=gen173nr-1FCAQoggJCGXNlYXJjaF9ib3JtZXMtbGVzLW1pbW9zYXNIDVgEaE2IAQGYAQ24AQrIAQXYAQHoAQH4AQOIAgGoAgO4AqGVn70GwAIB0gIkMjQyNGI5MTMtMzU3My00YmYyLWFjNzctMjIzNjIxYjNhYzU32AIF4AIB&ucfs=1&arphpl=1&group_adults=2&req_adults=2&no_rooms=1&group_children=0&req_children=0&hpos=14&hapos=14&sr_order=popularity&srpvid=893e961092a70402&srepoch=1739049635&from=searchresults,"[""Situé à Bormes-les-Mimosas, à 29 km du château de Grimaud, à 30 km du Pont des Fées et à 39 km de la gare de Toulon, l'établissement The Little House propose un hébergement avec un balcon et une connexion Wi-Fi gratuite. Vous séjournerez à environ 4,7 km de La Favière, à 21 km du centre d'art Villa Noailles et à 29 km de la chapelle des Pénitents. Cet établissement non-fumeurs se trouve à 39 km du Zénith Oméga de Toulon.\n\nOffrant une vue sur la ville, cette maison de vacances dispose d'une terrasse, d'une chambre, d'un salon, d'une télévision à écran plat, d'une cuisine équipée avec un lave-vaisselle et un four, ainsi que d'une salle de bains pourvue d'une douche. Les serviettes et le linge de lit sont fournis. L'établissement possède un coin repas extérieur.\n\nPort Grimaud se trouve à 31 km. L'aéroport de Toulon-Hyères est à 21 km.""]",9.6
Bormes-les-Mimosas,Le studio TAHITI 4 pers 600m de la plage la favière,6.352512411453235,43.123333225264176,https://www.booking.com/hotel/fr/le-studio-tahiti-4-pers-200m-de-la-plage.fr.html?aid=304142&label=gen173nr-1FCAQoggJCGXNlYXJjaF9ib3JtZXMtbGVzLW1pbW9zYXNIDVgEaE2IAQGYAQ24AQrIAQXYAQHoAQH4AQOIAgGoAgO4AqGVn70GwAIB0gIkMjQyNGI5MTMtMzU3My00YmYyLWFjNzctMjIzNjIxYjNhYzU32AIF4AIB&ucfs=1&arphpl=1&group_adults=2&req_adults=2&no_rooms=1&group_children=0&req_children=0&hpos=15&hapos=15&sr_order=popularity&srpvid=893e961092a70402&srepoch=1739049635&from=searchresults,"[""Le studio TAHITI 4 pers 600 mètres de la plage La favière est située à Bormes-les-Mimosas, à 34 km du château de Grimaud, à 34 km du Pont des Fées et à 41 km de la gare de Toulon. Vous bénéficierez gratuitement d'un parking privé et d'une connexion Wi-Fi. Cet établissement non-fumeurs se trouve à 800 mètres de Faviere.\n\nCet appartement climatisé comprend une chambre séparée, un salon, une salle de bains ainsi qu'une cuisine entièrement équipée avec un micro-ondes et un grille-pain. Les serviettes et le linge de lit sont fournis.\n\nVous séjournerez à 300 mètres de La Favière et à 41 km du Zénith Oméga de Toulon. L'aéroport de Toulon-Hyères est implanté à 23 km.""]",8.7
Bormes-les-Mimosas,SELECT' - T2 avec vue - Piscine et parking privé - CAPNAT-B08,6.3529160000000005,43.142718,https://www.booking.com/hotel/fr/select-t2-avec-vue-piscine-et-parking-prive-capnat-b08.fr.html?aid=304142&label=gen173nr-1FCAQoggJCGXNlYXJjaF9ib3JtZXMtbGVzLW1pbW9zYXNIDVgEaE2IAQGYAQ24AQrIAQXYAQHoAQH4AQOIAgGoAgO4AqGVn70GwAIB0gIkMjQyNGI5MTMtMzU3My00YmYyLWFjNzctMjIzNjIxYjNhYzU32AIF4AIB&ucfs=1&arphpl=1&group_adults=2&req_adults=2&no_rooms=1&group_children=0&req_children=0&hpos=16&hapos=16&sr_order=popularity&srpvid=893e961092a70402&srepoch=1739049635&from=searchresults,"[""L’hébergement SELECT' - T2 avec vue - Piscine et parking privé - CAPNAT-B08 vous accueille à Bormes-les-Mimosas, à respectivement 2,8 km, 2,9 km et 32 km de ces lieux d’intérêt : Plage de l'Anglade, Plage de la Pointe de Gouron et Chateau de Grimaud. Cet hébergement est installé à 2,8 km de\xa0: Grande Plage. Vous pourrez profiter d’une connexion Wi-Fi gratuite et d’un parking privé disponible sur place.\n\nCet appartement avec climatisation se compose de 1 chambre séparée, d'un salon, d'une kitchenette entièrement équipée avec un réfrigérateur et un lave-vaisselle, ainsi que de 1 salle de bains.\n\nSur place, vous pourrez profiter d’une piscine extérieure.\n\nVous séjournerez à respectivement 32 km et 39 km de ces lieux d’intérêt\xa0: Le Pont des Fées et Gare de Toulon. L'aéroport le plus proche (Aéroport de Toulon - Hyères) est à 22 km.""]",9.5
Bormes-les-Mimosas,"Studio rénové avec terrasse et jardin, proche commerces, parking privé - Bormes-les-Mimosas - FR-1-251-583",6.353453,43.13967,https://www.booking.com/hotel/fr/appartement-bormes-les-mimosas-1-piece-2-personnes-fr-1-251-583.fr.html?aid=304142&label=gen173nr-1FCAQoggJCGXNlYXJjaF9ib3JtZXMtbGVzLW1pbW9zYXNIDVgEaE2IAQGYAQ24AQrIAQXYAQHoAQH4AQOIAgGoAgO4AqGVn70GwAIB0gIkMjQyNGI5MTMtMzU3My00YmYyLWFjNzctMjIzNjIxYjNhYzU32AIF4AIB&ucfs=1&arphpl=1&group_adults=2&req_adults=2&no_rooms=1&group_children=0&req_children=0&hpos=17&hapos=17&sr_order=popularity&srpvid=893e961092a70402&srepoch=1739049635&from=searchresults,"[""L’hébergement Studio rénové avec terrasse et jardin, proche commerces, parking privé - Bormes-les-Mimosas - FR-1-251-583 se trouve à Bormes-les-Mimosas, à respectivement 2,3 km, 2,4 km et 32 km de ces lieux d’intérêt : Plage de la Pointe de Gouron, Grande Plage et Chateau de Grimaud. Cet appartement 2 étoiles propose un parking privé gratuit et est à 2,2 km de : Plage de l'Anglade.\n\nCet appartement comprend une télévision. Vous pourrez profiter d’un coin repas ainsi que d’une cuisine pourvue d’un réfrigérateur, d’un micro-ondes et d’une plaque de cuisson.\n\nVous séjournerez à respectivement 32 km et 39 km de ces lieux d’intérêt : Le Pont des Fées et Gare de Toulon. L'aéroport le plus proche (Aéroport de Toulon - Hyères) est à 21 km.""]",8.5
Bormes-les-Mimosas,L'Amirauté 150m de la plage,6.358048767138373,43.122798510777656,https://www.booking.com/hotel/fr/studio-alize.fr.html?aid=304142&label=gen173nr-1FCAQoggJCGXNlYXJjaF9ib3JtZXMtbGVzLW1pbW9zYXNIDVgEaE2IAQGYAQ24AQrIAQXYAQHoAQH4AQOIAgGoAgO4AqGVn70GwAIB0gIkMjQyNGI5MTMtMzU3My00YmYyLWFjNzctMjIzNjIxYjNhYzU32AIF4AIB&ucfs=1&arphpl=1&group_adults=2&req_adults=2&no_rooms=1&group_children=0&req_children=0&hpos=18&hapos=18&sr_order=popularity&srpvid=893e961092a70402&srepoch=1739049635&from=searchresults,[],
Bormes-les-Mimosas,Boulevard du Soleil,6.341970146281,43.149232813225,https://www.booking.com/hotel/fr/boulevard-du-soleil.fr.html?aid=304142&label=gen173nr-1FCAQoggJCGXNlYXJjaF9ib3JtZXMtbGVzLW1pbW9zYXNIDVgEaE2IAQGYAQ24AQrIAQXYAQHoAQH4AQOIAgGoAgO4AqGVn70GwAIB0gIkMjQyNGI5MTMtMzU3My00YmYyLWFjNzctMjIzNjIxYjNhYzU32AIF4AIB&ucfs=1&arphpl=1&group_adults=2&req_adults=2&no_rooms=1&group_children=0&req_children=0&hpos=19&hapos=19&sr_order=popularity&srpvid=893e961092a70402&srepoch=1739049635&from=searchresults,"[""Situé à Bormes-les-Mimosas, à seulement 29 km du château de Grimaud, Offrant une vue sur la mer, le Boulevard du Soleil met gratuitement à votre disposition une connexion Wi-Fi et un parking privé. Offrant une vue sur le jardin et la ville, il se trouve à 39 km de la gare de Toulon. Cet établissement non-fumeurs se trouve à 30 km du Pont des Fées.\n\nCet appartement comprend une chambre, une télévision à écran plat, une cuisine entièrement équipée avec un lave-vaisselle et un four ainsi qu'une salle de bains pourvue d'une douche. Les serviettes et le linge de lit sont fournis. Elles comprennent également des chocolats ou des biscuits.\n\nVous séjournerez à 39 km du Zénith Oméga de Toulon et à 4,8 km de La Favière. L'aéroport de Toulon-Hyères est implanté à 21 km.""]",9.4
Bormes-les-Mimosas,"Studio spacieux proche plage. Wi-fi, climatisation",6.357434710381,43.122871585824,https://www.booking.com/hotel/fr/studio-spacieux-proche-plage-wi-fi-climatisation.fr.html?aid=304142&label=gen173nr-1FCAQoggJCGXNlYXJjaF9ib3JtZXMtbGVzLW1pbW9zYXNIDVgEaE2IAQGYAQ24AQrIAQXYAQHoAQH4AQOIAgGoAgO4AqGVn70GwAIB0gIkMjQyNGI5MTMtMzU3My00YmYyLWFjNzctMjIzNjIxYjNhYzU32AIF4AIB&ucfs=1&arphpl=1&group_adults=2&req_adults=2&no_rooms=1&group_children=0&req_children=0&hpos=20&hapos=20&sr_order=popularity&srpvid=893e961092a70402&srepoch=1739049635&from=searchresults,"[""Studio spacieux proche plage. Le Wi-Fi, climatisation est un hébergement en bord de mer situé à Bormes-les-Mimosas, à 300 mètres de la Faviere et à moins de 1 km de la plage de l'Anglade. Vous bénéficierez gratuitement d'une connexion Wi-Fi et d'un parking sur place. Cet établissement non-fumeurs se trouve à moins de 1 km de la plage de la Pointe de Gouron.\n\nOffrant une vue paisible sur la rue, cet appartement dispose d'une terrasse, d'une chambre, d'un salon, d'une télévision à écran plat, d'une cuisine équipée avec un micro-ondes et un grille-pain ainsi que d'une salle de bains pourvue d'une douche. Vous pourrez profiter de l'ambiance des environs depuis le coin repas extérieur.\n\nLe Studio spacieux proche plage. Wi-Fi, climatisation seront en mesure de profiter d'activités dans et autour de Bormes-les-Mimosas, comme la randonnée.\n\nVous séjournerez à 34 km du château de Grimaud et du Pont des Fées. L'aéroport de Toulon-Hyères est implanté à 23 km.""]",8.6
Bormes-les-Mimosas,SELECT'soHOME - Appartement à deux pas de la plage de La Favière avec parking privé ! - ILOA-C11,6.359008,43.124624,https://www.booking.com/hotel/fr/select-sohome-appartement-a-deux-pas-de-la-plage-de-la-faviere-avec-parking-priv.fr.html?aid=304142&label=gen173nr-1FCAQoggJCGXNlYXJjaF9ib3JtZXMtbGVzLW1pbW9zYXNIDVgEaE2IAQGYAQ24AQrIAQXYAQHoAQH4AQOIAgGoAgO4AqGVn70GwAIB0gIkMjQyNGI5MTMtMzU3My00YmYyLWFjNzctMjIzNjIxYjNhYzU32AIF4AIB&ucfs=1&arphpl=1&group_adults=2&req_adults=2&no_rooms=1&group_children=0&req_children=0&hpos=21&hapos=21&sr_order=popularity&srpvid=893e961092a70402&srepoch=1739049635&from=searchresults,"[""L’hébergement SELECT'soHOME - Appartement à deux pas de la plage de La Favière avec parking privé! - ILOA-C11 se trouve à Bormes-les-Mimosas, à 400 mètres de ce lieu d’intérêt : Plage de la Favière. Il propose une terrasse, une connexion Wi-Fi gratuite et un service de concierge. Cet appartement comprend un parking privé gratuit et se trouve dans une région où vous pourrez pratiquer des activités telles que la randonnée et la plongée avec tuba.\n\nCet appartement avec climatisation se compose de 2 chambres, d'un salon, d'une cuisine entièrement équipée avec un réfrigérateur et une machine à café, ainsi que de 1 salle de bains avec une douche et des articles de toilette gratuits. Des serviettes et du linge de lit sont mis à votre disposition.\n\nVous séjournerez à proximité de ces lieux d’intérêt\xa0: Plage de la Pointe de Gouron, Plage de l'Anglade et La Favière. L'aéroport le plus proche (Aéroport de Toulon - Hyères) est à 23 km.""]",
Bormes-les-Mimosas,SELECT'soHOME - Joli appartement avec jardin privatif et parking - CAPNAT-F08,6.3529160000000005,43.142718,https://www.booking.com/hotel/fr/select-joli-appartement-avec-jardin-privatif-et-parking-capnat-f08.fr.html?aid=304142&label=gen173nr-1FCAQoggJCGXNlYXJjaF9ib3JtZXMtbGVzLW1pbW9zYXNIDVgEaE2IAQGYAQ24AQrIAQXYAQHoAQH4AQOIAgGoAgO4AqGVn70GwAIB0gIkMjQyNGI5MTMtMzU3My00YmYyLWFjNzctMjIzNjIxYjNhYzU32AIF4AIB&ucfs=1&arphpl=1&group_adults=2&req_adults=2&no_rooms=1&group_children=0&req_children=0&hpos=22&hapos=22&sr_order=popularity&srpvid=893e961092a70402&srepoch=1739049635&from=searchresults,"[""Boasting a garden, plunge pool and mountain views, SELECT'soHOME - Joli appartement avec jardin privatif et parking - CAPNAT-F08 is set in Bormes-les-Mimosas. This property offers access to a terrace, free private parking and free WiFi. The property is non-smoking and is located 2.8 km from Grande Plage.\n\nThe air-conditioned apartment consists of 1 bedroom, a living room, a fully equipped kitchen with a dishwasher and a coffee machine, and 1 bathroom with a walk-in shower and slippers. Towels and bed linen are offered in the apartment. For added privacy, the accommodation features a private entrance.\n\nGuests at the apartment will be able to enjoy activities in and around Bormes-les-Mimosas, like hiking and walking tours.\n\nPlage de l'Anglade is 2.8 km from SELECT'soHOME - Joli appartement avec jardin privatif et parking - CAPNAT-F08, while Pointe de Gouron Beach is 2.9 km from the property. Toulon - Hyeres Airport is 22 km away.""]",8.0
Bormes-les-Mimosas,Studio idéal séjour en amoureux rez de jardin proche plage,6.35503984523,43.12259115119,https://www.booking.com/hotel/fr/studio-ideal-sejour-en-amoureux-rez-de-jardin-proche-plage.fr.html?aid=304142&label=gen173nr-1FCAQoggJCGXNlYXJjaF9ib3JtZXMtbGVzLW1pbW9zYXNIDVgEaE2IAQGYAQ24AQrIAQXYAQHoAQH4AQOIAgGoAgO4AqGVn70GwAIB0gIkMjQyNGI5MTMtMzU3My00YmYyLWFjNzctMjIzNjIxYjNhYzU32AIF4AIB&ucfs=1&arphpl=1&group_adults=2&req_adults=2&no_rooms=1&group_children=0&req_children=0&hpos=23&hapos=23&sr_order=popularity&srpvid=893e961092a70402&srepoch=1739049635&from=searchresults,"[""Offrant une vue sur le jardin, le Studio idéal séjour en amoureux rez de jardin proche plage est situé à Bormes-les-Mimosas, à 1,1 km de la plage de l'Anglade et de celle de la Pointe de Gouron. Il propose une terrasse et une connexion Wi-Fi gratuite. Cet établissement non-fumeurs se trouve à 500 mètres de Faviere.\n\nCet appartement comprend 2 chambres, une télévision à écran plat, un lave-linge et une salle de bains pourvue d'une douche. Sa cuisine entièrement équipée comporte un micro-ondes et un grille-pain. Pour plus d'intimité, l'hébergement dispose d'une entrée privée.\n\nVous pourrez pratiquer diverses activités à Bormes-les-Mimosas et dans ses environs, telles que la randonnée.\n\nLe Studio idéal séjour en amoureux rez de jardin proche plage se trouve à 34 km du château de Grimaud et du Pont des Fées. L'aéroport de Toulon-Hyères est implanté à 23 km.""]",8.1
Bormes-les-Mimosas,Superbe Duplex 35m2 vue mer avec piscine,6.35213980000003,43.1431217,https://www.booking.com/hotel/fr/voir-les-photos-presentationemplacementcommentairesl-39-hote-2-pieces-35m2-borme.fr.html?aid=304142&label=gen173nr-1FCAQoggJCGXNlYXJjaF9ib3JtZXMtbGVzLW1pbW9zYXNIDVgEaE2IAQGYAQ24AQrIAQXYAQHoAQH4AQOIAgGoAgO4AqGVn70GwAIB0gIkMjQyNGI5MTMtMzU3My00YmYyLWFjNzctMjIzNjIxYjNhYzU32AIF4AIB&ucfs=1&arphpl=1&group_adults=2&req_adults=2&no_rooms=1&group_children=0&req_children=0&hpos=24&hapos=24&sr_order=popularity&srpvid=893e961092a70402&srepoch=1739049635&from=searchresults,"[""Situé à Bormes-les-Mimosas, à 2,7 km de la plage de l'Anglade et à 2,8 km de celle de la Pointe de Gouron, le Superbe Duplex 35m2 vue mer avec piscine propose des chambres climatisées avec salle de bains privative. Vous bénéficierez gratuitement d'une connexion Wi-Fi et d'un parking privé. Chaque chambre comprend un balcon avec vue sur la mer.\n\nLes logements comprennent une télévision à écran plat ainsi qu'une salle de bains privative pourvue d'une douche et d'un sèche-cheveux. Leur cuisine est équipée d'un lave-vaisselle, d'un micro-ondes et d'un grille-pain. Un réfrigérateur, des plaques de cuisson, des ustensiles de cuisine, une machine à café et une bouilloire sont également fournis. Vous pourrez prendre vos repas dans le coin repas extérieur.\n\nVous trouverez un bar sur place.\n\nVous pourrez profiter de la piscine extérieure et du jardin sur place.\n\nVous séjournerez à 2,8 km de la Grande Plage et à 31 km du château de Grimaud. L'aéroport de Toulon-Hyères est implanté à 21 km.""]",8.6
Bormes-les-Mimosas,Studio 3 pers coeur de village Bormes les Mimosas,6.3417905,43.1509262,https://www.booking.com/hotel/fr/studio-3-pers-coeur-de-village-bormes-les-mimosas.fr.html?aid=304142&label=gen173nr-1FCAQoggJCGXNlYXJjaF9ib3JtZXMtbGVzLW1pbW9zYXNIDVgEaE2IAQGYAQ24AQrIAQXYAQHoAQH4AQOIAgGoAgO4AqGVn70GwAIB0gIkMjQyNGI5MTMtMzU3My00YmYyLWFjNzctMjIzNjIxYjNhYzU32AIF4AIB&ucfs=1&arphpl=1&group_adults=2&req_adults=2&no_rooms=1&group_children=0&req_children=0&hpos=25&hapos=25&sr_order=popularity&srpvid=893e961092a70402&srepoch=1739049635&from=searchresults,"[""Le Studio 3 pers coeur de village Bormes les Mimosas est situé à Bormes-les-Mimosas, à 30 km du Pont des Fées, à 39 km de la gare de Toulon et du Zénith Oméga Toulon. Vous séjournerez à environ 4,8 km de La Favière, à 21 km du centre d'art Villa Noailles et à 29 km de la chapelle des Pénitents. Cet établissement non-fumeurs se trouve à 29 km du château de Grimaud.\n\nDoté d'une connexion Wi-Fi gratuite, cet appartement dispose d'une télévision à écran plat et d'une cuisine entièrement équipée avec un four et un micro-ondes. Les serviettes et le linge de lit sont fournis. L'établissement possède un coin repas extérieur.\n\nVous pourrez pratiquer diverses activités à Bormes-les-Mimosas et dans ses environs, telles que le vélo. Le Studio 3 pers coeur de village Bormes les Mimosas possède un parc aquatique et des équipements de jeux en plein air.\n\nPort Grimaud se trouve à 31 km. L'aéroport de Toulon-Hyères est implanté à 21 km.""]",9.0
Toulouse,The Social Hub Toulouse,1.43037,43.610053,https://www.booking.com/hotel/fr/the-social-hub-toulouse.fr.html?aid=304142&label=gen173nr-1FCAQoggJCD3NlYXJjaF90b3Vsb3VzZUgNWARoTYgBAZgBDbgBCsgBBdgBAegBAfgBA4gCAagCA7gCoZWfvQbAAgHSAiQ2OTNiYWVjOS02Zjc3LTQ2NzQtYWZlYi05MTBhMDgzZDVmYznYAgXgAgE&ucfs=1&arphpl=1&group_adults=2&req_adults=2&no_rooms=1&group_children=0&req_children=0&hpos=1&hapos=1&sr_order=popularity&srpvid=8f4d96104a920339&srepoch=1739049635&from=searchresults,"[""Idéalement situé dans le centre de Toulouse, l'établissement The Social Hub Toulouse propose des chambres climatisées, une piscine extérieure ouverte en saison, une connexion Wi-Fi gratuite et une salle de sport. Il possède un salon commun, une terrasse et un restaurant. Vous pourrez prendre un verre au bar.\n\nToutes les chambres comprennent un bureau et une télévision à écran plat. Les chambres sont équipées d'une bouilloire et d'une salle de bains privative avec douche et articles de toilette gratuits. Certaines comprennent une kitchenette équipée d'un réfrigérateur. Elles comprennent également un coffre-fort.\n\nUn petit-déjeuner buffet, continental ou végétarien est servi tous les matins.\n\nVous pourrez jouer au billard et au ping-pong sur place. La région est prisée des amateurs de vélo.\n\nLe personnel de la réception ouverte 24h/24 parle arabe, anglais, espagnol et français.\n\nVous séjournerez à proximité du jardin japonais Pierre Baudis, de la station de métro Compans Caffarelli et de la station de métro République Saint-Cyprien. L'aéroport de Toulouse-Blagnac est implanté à 6 km.""]",8.6
Toulouse,Odalys City Toulouse Centre Compans Caffarelli,1.4274835,43.6090789,https://www.booking.com/hotel/fr/odalys-city-centre-compans-caffarelli.fr.html?aid=304142&label=gen173nr-1FCAQoggJCD3NlYXJjaF90b3Vsb3VzZUgNWARoTYgBAZgBDbgBCsgBBdgBAegBAfgBA4gCAagCA7gCoZWfvQbAAgHSAiQ2OTNiYWVjOS02Zjc3LTQ2NzQtYWZlYi05MTBhMDgzZDVmYznYAgXgAgE&ucfs=1&arphpl=1&group_adults=2&req_adults=2&no_rooms=1&group_children=0&req_children=0&hpos=2&hapos=2&sr_order=popularity&srpvid=8f4d96104a920339&srepoch=1739049635&from=searchresults,"[""Situé à 1,6 km du centre de Toulouse, l'Odalys City Toulouse Centre Compans Caffarelli dispose d'un jardin et d'une terrasse. Il propose un service de navette gratuit, une réception ouverte 24h/24 et une connexion Wi-Fi gratuite dans l'ensemble de ses locaux. Cet appart'hôtel propose des chambres familiales ainsi que des équipements pour les personnes à mobilité réduite.\n\nLes logements de cet appart'hôtel disposent de la climatisation, d'une télévision à écran plat avec des services de streaming, d'une cuisine, d'un coin repas, d'un coffre-fort ainsi que d'une salle de bains privative avec douche, sèche-cheveux et articles de toilette gratuits. Un lave-vaisselle, un micro-ondes, un réfrigérateur et une bouilloire sont également fournis. Le linge de lit et les serviettes de toilette sont fournis.\n\nUn petit-déjeuner buffet et continental composé de viennoiseries fraîches, de crêpes et de fruits est servi tous les jours.\n\nLors de votre séjour dans cet appart'hôtel, vous pourrez pratiquer diverses activités à Toulouse et dans ses environs, telles que des visites à pied. Vous pourrez également vous détendre dans le coin salon commun.\n\nVous séjournerez à proximité du jardin japonais Pierre Baudis, de la station de métro Compans Caffarelli et de la station de métro Saint-Cyprien République. L'aéroport de Toulouse-Blagnac est situé à 6 km. Un service de navette aéroport peut être assuré moyennant des frais supplémentaires.""]",8.8
Toulouse,Hôtel des Beaux-Arts Toulouse,1.4406707882881165,43.59974549873166,https://www.booking.com/hotel/fr/des-beaux-arts.fr.html?aid=304142&label=gen173nr-1FCAQoggJCD3NlYXJjaF90b3Vsb3VzZUgNWARoTYgBAZgBDbgBCsgBBdgBAegBAfgBA4gCAagCA7gCoZWfvQbAAgHSAiQ2OTNiYWVjOS02Zjc3LTQ2NzQtYWZlYi05MTBhMDgzZDVmYznYAgXgAgE&ucfs=1&arphpl=1&group_adults=2&req_adults=2&no_rooms=1&group_children=0&req_children=0&hpos=3&hapos=3&sr_order=popularity&srpvid=8f4d96104a920339&srepoch=1739049635&from=searchresults,"[""Situé dans le centre historique de Toulouse, l'Hôtel des Beaux Arts vous accueille à seulement 5 minutes à pied du Capitole et à 3 km du Stadium de Toulouse. Il propose des chambres dotées d'une décoration individuelle, d'une connexion Wi-Fi gratuite et d'une télévision par satellite. Certaines d'entre elles offrent une vue sur la Garonne.\n\nUn petit-déjeuner continental est servi tous les matins. Le bar-restaurant de l'établissement affiche un décor élégant de style Belle-Époque et sert une cuisine régionale composée de spécialités locales.\n\nL'Hôtel des Beaux Arts dispose d'une réception ouverte 24h/24 et d'un service de location de vélos. Vous pourrez facilement visiter les principales attractions de la ville et un parking public est accessible à 3 minutes à pied de l'hôtel.""]",8.3
Toulouse,Plaza Hotel Capitole Toulouse,1.4427535235881803,43.60373648915114,https://www.booking.com/hotel/fr/crowne-plaza-toulouse-toulouse.fr.html?aid=304142&label=gen173nr-1FCAQoggJCD3NlYXJjaF90b3Vsb3VzZUgNWARoTYgBAZgBDbgBCsgBBdgBAegBAfgBA4gCAagCA7gCoZWfvQbAAgHSAiQ2OTNiYWVjOS02Zjc3LTQ2NzQtYWZlYi05MTBhMDgzZDVmYznYAgXgAgE&ucfs=1&arphpl=1&group_adults=2&req_adults=2&no_rooms=1&group_children=0&req_children=0&hpos=4&hapos=4&sr_order=popularity&srpvid=8f4d96104a920339&srepoch=1739049635&from=searchresults,"[""Le Plaza Hotel Capitole Toulouse\xa0-\xa0Anciennement-formerly CROWNE PLAZA) est idéalement situé au cœur de la ville, à 200\xa0mètres de la station de métro Capitole, à 10\xa0km de l'aéroport de Blagnac ainsi qu’à 15\xa0km du parc des expositions et centre de conventions MEETT.\nL'Opéra National du Capitole se trouve à 200\xa0mètres de l'hôtel et le centre de conventions Pierre Baudis est accessible en 10\xa0minutes à pied.\n\nToutes les 162\xa0chambres et suites comprennent un bureau, une télévision à écran plasma ainsi qu’une salle de bains avec baignoire. Elles sont également dotées d’un coffre-fort, d’une connexion Wi-Fi, d’un plateau/bouilloire et de téléphones.\nCertains hébergements offrent une vue sur la place du Capitole.\n\nLe petit-déjeuner buffet continental est servi du lundi au vendredi de\xa06h30 à\xa010h30 ainsi que le samedi et le dimanche jusqu'à\xa011h00.\nLe restaurant-bar L'Atrium est ouvert tous les jours pour le déjeuner et le dîner. Le chef prépare de délicieux plats maison à base de produits frais locaux. Le bar Atrium sert un grand choix de cocktails et de boissons.\n\nLa réception de l'établissement est ouverte 24h/24\xa0et 7j/7\xa0toute l'année. De plus, la connexion Wi-Fi est accessible gratuitement dans tout l’hôtel.\nLa salle de sport, réservée aux clients de l'hôtel, est ouverte tous les jours de 6h30 à 22h00.\n\nVous pourrez rejoindre facilement à pied de nombreux lieux d’intérêt touristiques depuis l'établissement\xa0: la cathédrale Saint-Sernin, le couvent des Jacobins, le musée des Augustins et la Garonne.\n\nC'est le quartier de Toulouse préférée des visiteurs, selon des commentaires indépendants.""]",8.2
Toulouse,Le Clocher de Rodez Centre Gare,1.4463597536087036,43.608862865095546,https://www.booking.com/hotel/fr/comforthotelleclocherderodez.fr.html?aid=304142&label=gen173nr-1FCAQoggJCD3NlYXJjaF90b3Vsb3VzZUgNWARoTYgBAZgBDbgBCsgBBdgBAegBAfgBA4gCAagCA7gCoZWfvQbAAgHSAiQ2OTNiYWVjOS02Zjc3LTQ2NzQtYWZlYi05MTBhMDgzZDVmYznYAgXgAgE&ucfs=1&arphpl=1&group_adults=2&req_adults=2&no_rooms=1&group_children=0&req_children=0&hpos=5&hapos=5&sr_order=popularity&srpvid=8f4d96104a920339&srepoch=1739049635&from=searchresults,"[""Installé au cœur de Toulouse, l'Hôtel Le Clocher de Rodez se trouve à 700 mètres de la gare de Toulouse-Matabiau. Il vous propose des hébergements insonorisés, climatisés et dotés d'une connexion Wi-Fi gratuite.\n\nLes chambres comportent une télévision par satellite à écran plat et un plateau/bouilloire. Accessibles via un ascenseur, elles disposent également d'une salle de bains privative.\n\nL'Hôtel Le Clocher de Rodez sert un petit-déjeuner buffet tous les matins.\n\nIl possède en outre une réception ouverte 24h/24, et des massages sont disponibles sur demande.\n\nL'établissement se situe à proximité de la station de métro Jeanne d'Arc et à 600 mètres de la place du Capitole. Par ailleurs, vous pourrez profiter d'une navette publique circulant toutes les 20 minutes à destination de l'aéroport de Toulouse-Blagnac. Enfin, le stadium de Toulouse vous attend à 1 km.""]",7.9
Toulouse,Montempô + Apparthôtel Toulouse Cité Internationale,1.4468588,43.5908572,https://www.booking.com/hotel/fr/montempo-apparthotel-toulouse-cite-internationale.fr.html?aid=304142&label=gen173nr-1FCAQoggJCD3NlYXJjaF90b3Vsb3VzZUgNWARoTYgBAZgBDbgBCsgBBdgBAegBAfgBA4gCAagCA7gCoZWfvQbAAgHSAiQ2OTNiYWVjOS02Zjc3LTQ2NzQtYWZlYi05MTBhMDgzZDVmYznYAgXgAgE&ucfs=1&arphpl=1&group_adults=2&req_adults=2&no_rooms=1&group_children=0&req_children=0&hpos=6&hapos=6&sr_order=popularity&srpvid=8f4d96104a920339&srepoch=1739049635&from=searchresults,"[""L’établissement Montempô + Apparthôtel Toulouse Cité Internationale vous accueille à Toulouse, à proximité de ces lieux d’intérêt : Stadium de Toulouse, Métro des Carmes et Jardin Royal. Il comprend un jardin. Une connexion Wi-Fi gratuite est fournie dans tout l’établissement et un parking privé est disponible sur place.\n\nChaque hébergement est pourvu d'une télévision à écran plat et d'une salle de bains privative avec une douche. La kitchenette possède un réfrigérateur et un micro-ondes.\n\nUn petit-déjeuner buffet est servi sur place.\n\nVous séjournerez à proximité de ces lieux d’intérêt\xa0: Métro Esquirol, Le Pont Neuf et Métro Saint-Cyprien – République. L'aéroport le plus proche (Aéroport de Toulouse-Blagnac) est à 9 km.""]",8.0
Toulouse,Nemea Appart Hotel Concorde Toulouse Gare Matabiau,1.4518066495656967,43.61194052005384,https://www.booking.com/hotel/fr/residence-concorde.fr.html?aid=304142&label=gen173nr-1FCAQoggJCD3NlYXJjaF90b3Vsb3VzZUgNWARoTYgBAZgBDbgBCsgBBdgBAegBAfgBA4gCAagCA7gCoZWfvQbAAgHSAiQ2OTNiYWVjOS02Zjc3LTQ2NzQtYWZlYi05MTBhMDgzZDVmYznYAgXgAgE&ucfs=1&arphpl=1&group_adults=2&req_adults=2&no_rooms=1&group_children=0&req_children=0&hpos=7&hapos=7&sr_order=popularity&srpvid=8f4d96104a920339&srepoch=1739049635&from=searchresults,"[""Le Néméa Appart’Hôtel Résidence Concorde est situé dans le centre de Toulouse, à proximité du canal du Midi et en face de la gare ferroviaire de Toulouse-Matabiau. Il dispose d’une salle de sport avec un sauna, aménagée au 9ème étage.\n\nTous les hébergements du Nemea Appart Hotel Concorde Toulouse Gare Matabiau sont dotés de la climatisation, d'une télévision et d'une connexion Wi-Fi gratuite. La salle de bains privative est pourvue d'une baignoire.\n\nLes appartements et les studios comprennent une kitchenette équipée d'un micro-ondes. Des bars et des restaurants sont installés à quelques minutes à pied de l’établissement.\n\nDes soins de beauté peuvent être dispensés dans votre hébergement sur demande et moyennant des frais supplémentaires.\n\nLe Néméa Appart’Hôtel Résidence Concorde constitue un excellent pied-à-terre pour découvrir le centre de Toulouse et la place du Capitole, à 15\xa0minutes de marche. L'aéroport de Toulouse-Blagnac est accessible à 15\xa0minutes de route.""]",8.1
Toulouse,B&B HOTEL Toulouse Basso Cambo,1.3799884915351868,43.576944412501724,https://www.booking.com/hotel/fr/b-amp-b-toulouse-basso-cambo.fr.html?aid=304142&label=gen173nr-1FCAQoggJCD3NlYXJjaF90b3Vsb3VzZUgNWARoTYgBAZgBDbgBCsgBBdgBAegBAfgBA4gCAagCA7gCoZWfvQbAAgHSAiQ2OTNiYWVjOS02Zjc3LTQ2NzQtYWZlYi05MTBhMDgzZDVmYznYAgXgAgE&ucfs=1&arphpl=1&group_adults=2&req_adults=2&no_rooms=1&group_children=0&req_children=0&hpos=8&hapos=8&sr_order=popularity&srpvid=8f4d96104a920339&srepoch=1739049635&from_sustainable_property_sr=1&from=searchresults,"[""L’établissement B&B HOTEL Toulouse Basso Cambo bénéficie d’un emplacement attractif dans le quartier Toulouse Ouest de Toulouse, à respectivement 6,6 km, 7,2 km et 15 km de ces lieux d’intérêt : Amphithéâtre romain de Purpan-Ancely, Stadium de Toulouse et Centre de Congrès et d’Exposition Diagora. Cet hôtel 2 étoiles propose des hébergements dotés de la climatisation, d’une salle de bains privative et d’une connexion Wi-Fi gratuite. Cet établissement non-fumeurs se situe à 4,2 km de : Zénith de Toulouse.\n\nLes hébergements comprennent un bureau et une télévision à écran plat. Vous profiterez aussi d’une armoire.\n\nL’établissement B&B HOTEL Toulouse Basso Cambo sert un petit-déjeuner buffet ou continental.\n\nVous séjournerez à respectivement 5,4 km et 7,2 km de ces lieux d’intérêt : Métro Saint-Cyprien – République et Métro des Carmes. L'aéroport le plus proche (Aéroport de Toulouse-Blagnac) est à 6 km.""]",7.6
Toulouse,Montaudran - Place Dupuy - Vue panoramique - Métro,1.455628,43.5985211,https://www.booking.com/hotel/fr/vue-panoramique-balcon-metro-quartier-dupuy.fr.html?aid=304142&label=gen173nr-1FCAQoggJCD3NlYXJjaF90b3Vsb3VzZUgNWARoTYgBAZgBDbgBCsgBBdgBAegBAfgBA4gCAagCA7gCoZWfvQbAAgHSAiQ2OTNiYWVjOS02Zjc3LTQ2NzQtYWZlYi05MTBhMDgzZDVmYznYAgXgAgE&ucfs=1&arphpl=1&group_adults=2&req_adults=2&no_rooms=1&group_children=0&req_children=0&hpos=9&hapos=9&sr_order=popularity&srpvid=8f4d96104a920339&srepoch=1739049635&from=searchresults,"[""L’hébergement Montaudran - Place Dupuy - Vue panoramique - Métro se situe au cœur de Toulouse, à proximité de ces lieux d’intérêt : Jardin Royal et Métro Esquirol. Il propose une connexion Wi-Fi gratuite, la climatisation, ainsi qu’un réfrigérateur et une machine à café. Cet appartement est à respectivement 4,1 km et 5,3 km de : Stadium de Toulouse et Zénith de Toulouse.\n\nCet appartement comporte 1 chambre, 1 salle de bains, du linge de lit, des serviettes, une télévision, un coin repas, une cuisine entièrement équipée et un balcon offrant une vue sur la ville.\n\nVous séjournerez à proximité de ces lieux d’intérêt\xa0: Métro des Carmes, Métro Jean-Jaurès et Métro Capitole. L'aéroport le plus proche (Aéroport de Toulouse-Blagnac) est à 8 km.""]",9.2
Toulouse,Hotel Ours Blanc - Wilson,1.4473287016153336,43.60571950358412,https://www.booking.com/hotel/fr/ours-blanc-wilson.fr.html?aid=304142&label=gen173nr-1FCAQoggJCD3NlYXJjaF90b3Vsb3VzZUgNWARoTYgBAZgBDbgBCsgBBdgBAegBAfgBA4gCAagCA7gCoZWfvQbAAgHSAiQ2OTNiYWVjOS02Zjc3LTQ2NzQtYWZlYi05MTBhMDgzZDVmYznYAgXgAgE&ucfs=1&arphpl=1&group_adults=2&req_adults=2&no_rooms=1&group_children=0&req_children=0&hpos=10&hapos=10&sr_order=popularity&srpvid=8f4d96104a920339&srepoch=1739049635&from=searchresults,"[""L'Hotel Ours Blanc - Wilson est situé en plein cœur de Toulouse, juste à côté des places Wilson, Victor Hugo et du Capitole. Le Stadium municipal de Toulouse se trouve à 3,5 km.\n\nIl propose 32 chambres élégamment décorées, dans lesquelles vous pourrez apprécier une atmosphère calme et relaxante. Elles sont toutes insonorisées, climatisées et dotées d'une connexion Wi-Fi.\n\nL'établissement bénéficie d'un emplacement central au cœur de Toulouse, à proximité de cinémas, grand magasins, théâtres, musées et restaurants. Prenez le temps de découvrir le célèbre Canal du Midi, un des sites classés au patrimoine mondial de l'UNESCO.""]",8.0
Toulouse,Hotel Victor Hugo,1.4470866322517395,43.60748784672207,https://www.booking.com/hotel/fr/victor-hugo.fr.html?aid=304142&label=gen173nr-1FCAQoggJCD3NlYXJjaF90b3Vsb3VzZUgNWARoTYgBAZgBDbgBCsgBBdgBAegBAfgBA4gCAagCA7gCoZWfvQbAAgHSAiQ2OTNiYWVjOS02Zjc3LTQ2NzQtYWZlYi05MTBhMDgzZDVmYznYAgXgAgE&ucfs=1&arphpl=1&group_adults=2&req_adults=2&no_rooms=1&group_children=0&req_children=0&hpos=11&hapos=11&sr_order=popularity&srpvid=8f4d96104a920339&srepoch=1739049635&from=searchresults,"[""Situé dans le centre de Toulouse, l'Hôtel Victor Hugo vous accueille à 10 minutes à pied de la gare Matabiau et à 350 mètres de la station de métro Jean Jaurès. Il dispose d'une connexion Wi-Fi gratuite et d'une réception ouverte 24h/24.\n\nL'Hôtel Victor Hugo propose 32 chambres insonorisées et climatisées. Toutes comprennent une télévision à écran plat.\n\nL'établissement se trouve à 100 mètres de la station de métro Jeanne d'Arc. Vous pourrez rejoindre la célèbre place du Capitole en quelques minutes à pied, tandis que la navette aéroport s'arrête régulièrement à 50 mètres de l'établissement. Vous rejoindrez le centre de congrès Pierre Baudis en 5 minutes à pied.""]",7.9
Toulouse,Magnificent duplex very well located,1.444974,43.592041,https://www.booking.com/hotel/fr/magnificent-duplex-very-well-located.fr.html?aid=304142&label=gen173nr-1FCAQoggJCD3NlYXJjaF90b3Vsb3VzZUgNWARoTYgBAZgBDbgBCsgBBdgBAegBAfgBA4gCAagCA7gCoZWfvQbAAgHSAiQ2OTNiYWVjOS02Zjc3LTQ2NzQtYWZlYi05MTBhMDgzZDVmYznYAgXgAgE&ucfs=1&arphpl=1&group_adults=2&req_adults=2&no_rooms=1&group_children=0&req_children=0&hpos=12&hapos=12&sr_order=popularity&srpvid=8f4d96104a920339&srepoch=1739049635&from=searchresults,"[""Situé à Toulouse, à 1,8 km du stade et à 3,5 km du Zénith, l'établissement 3 étoiles Magnifique duplex très bien situé dispose de la climatisation. Vous bénéficierez gratuitement d'une connexion Wi-Fi et d'un parking sur place. Cet établissement non-fumeurs se trouve à 6,4 km de l'amphithéâtre Purpan-Ancely.\n\nCet appartement comprend une chambre, une télévision, un lave-linge et une salle de bains pourvue d'une baignoire ou d'une douche. Sa cuisine entièrement équipée comporte un lave-vaisselle et un four. Les serviettes et le linge de lit sont fournis. Il offre une vue sur la ville.\n\nVous séjournerez à proximité de la station de métro Carmes, du Jardin Royal et de la station de métro Esquirol. L'aéroport de Toulouse-Blagnac, le plus proche, est implanté à 8 km.""]",8.2
Toulouse,love cocoon with beautiful terrace,1.447264,43.596695,https://www.booking.com/hotel/fr/love-cocoon-with-beautiful-terrace.fr.html?aid=304142&label=gen173nr-1FCAQoggJCD3NlYXJjaF90b3Vsb3VzZUgNWARoTYgBAZgBDbgBCsgBBdgBAegBAfgBA4gCAagCA7gCoZWfvQbAAgHSAiQ2OTNiYWVjOS02Zjc3LTQ2NzQtYWZlYi05MTBhMDgzZDVmYznYAgXgAgE&ucfs=1&arphpl=1&group_adults=2&req_adults=2&no_rooms=1&group_children=0&req_children=0&hpos=13&hapos=13&sr_order=popularity&srpvid=8f4d96104a920339&srepoch=1739049635&from=searchresults,"['In the heart of Toulouse, love cocoon with beautiful terrace has city views from the terrace. The property is close to Le Pont Neuf, Capitole Metro Station and Place du Capitole. The property is non-smoking and is set 2.9 km from Toulouse Stadium.\n\nWith free WiFi, this apartment offers a TV, a washing machine and a fully equipped kitchen with a microwave and fridge. Towels and bed linen are offered in the apartment.\n\nPopular points of interest near the apartment include Carmes Metro Station, Jardin Royal and Esquirol Metro Station. Toulouse-Blagnac Airport is 8 km from the property.']",7.0
Toulouse,"Studio Carmes,entrée autonome,climatisé,parking privé payant",1.4412609533729892,43.59622701806963,https://www.booking.com/hotel/fr/joli-studio-7-mn-metro-des-carmes.fr.html?aid=304142&label=gen173nr-1FCAQoggJCD3NlYXJjaF90b3Vsb3VzZUgNWARoTYgBAZgBDbgBCsgBBdgBAegBAfgBA4gCAagCA7gCoZWfvQbAAgHSAiQ2OTNiYWVjOS02Zjc3LTQ2NzQtYWZlYi05MTBhMDgzZDVmYznYAgXgAgE&ucfs=1&arphpl=1&group_adults=2&req_adults=2&no_rooms=1&group_children=0&req_children=0&hpos=14&hapos=14&sr_order=popularity&srpvid=8f4d96104a920339&srepoch=1739049635&from=searchresults,"[""Situé au cœur de Toulouse, à proximité du Stadium de Toulouse et du Pont Neuf, le Studio Carmes, entrée autonome, climatisé,parking privé payant propose une connexion Wi-Fi gratuite, la climatisation et des équipements ménagers tels qu'un four micro-ondes et une machine à café. Il dispose également d'une piscine avec vue. L'établissement possède un parking privé et une station de recharge pour véhicules électriques.\n\nCet appartement comprend une chambre, une salle de bains, du linge de lit, des serviettes, une télévision par câble à écran plat, un coin repas, une cuisine entièrement équipée et une terrasse avec vue sur la piscine. Un dressing et un service de blanchisserie sont également disponibles.\n\nVous trouverez un café sur place.\n\nVous séjournerez à proximité des stations de métro Carmes, Esquirol et Jardin Royal. L'aéroport de Toulouse-Blagnac est à 8 km.""]",9.1
Toulouse,Rare pearl very quiet and bright in Toulouse,1.444184,43.608277,https://www.booking.com/hotel/fr/rare-pearl-very-quiet-and-bright-in-toulouse.fr.html?aid=304142&label=gen173nr-1FCAQoggJCD3NlYXJjaF90b3Vsb3VzZUgNWARoTYgBAZgBDbgBCsgBBdgBAegBAfgBA4gCAagCA7gCoZWfvQbAAgHSAiQ2OTNiYWVjOS02Zjc3LTQ2NzQtYWZlYi05MTBhMDgzZDVmYznYAgXgAgE&ucfs=1&arphpl=1&group_adults=2&req_adults=2&no_rooms=1&group_children=0&req_children=0&hpos=15&hapos=15&sr_order=popularity&srpvid=8f4d96104a920339&srepoch=1739049635&from=searchresults,"[""Dans le quartier du Capitole de Toulouse, proche de la station de métro Jean-Jaures, perle rare très calme et lumineuse à Toulouse Il dispose d'une connexion Wi-Fi gratuite et d'un lave-linge. Vous séjournerez à 5 km du Zénith de Toulouse, à 6,5 km de l'amphithéâtre Purpan-Ancely et à 12 km du centre de conventions Diagora. Il se trouve à 700 mètres du centre-ville et à 4,8 km du stade de Toulouse.\n\nCet appartement spacieux comprend 2 chambres, une salle de bains, du linge de lit, des serviettes, une télévision, un coin repas, une cuisine entièrement équipée et un balcon avec vue sur la ville. Cet établissement est non-fumeurs.\n\nVous séjournerez à proximité des stations de métro Jeanne d'Arc, Capitole et Compans Caffarelli. L'aéroport de Toulouse-Blagnac est à 7 km.""]",8.4
Toulouse,Eklo Toulouse,1.407623,43.603436,https://www.booking.com/hotel/fr/eklo-toulouse.fr.html?aid=304142&label=gen173nr-1FCAQoggJCD3NlYXJjaF90b3Vsb3VzZUgNWARoTYgBAZgBDbgBCsgBBdgBAegBAfgBA4gCAagCA7gCoZWfvQbAAgHSAiQ2OTNiYWVjOS02Zjc3LTQ2NzQtYWZlYi05MTBhMDgzZDVmYznYAgXgAgE&ucfs=1&arphpl=1&group_adults=2&req_adults=2&no_rooms=1&group_children=0&req_children=0&hpos=16&hapos=16&sr_order=popularity&srpvid=8f4d96104a920339&srepoch=1739049635&from_sustainable_property_sr=1&from=searchresults,"[""Situé à Toulouse, à 800 mètres du Zénith, l'Eklo Toulouse propose un hébergement avec un salon commun, un parking privé, une terrasse et un restaurant. Doté d'un bar, il se trouve à moins de 1,8 km de l'amphithéâtre Purpan-Ancely. Vous pourrez profiter d'animations en soirée et d'une cuisine commune.\n\nToutes les chambres comprennent une salle de bains privative et du linge de lit.\n\nL'Eklo Toulouse sert un petit-déjeuner buffet ou continental.\n\nParlant catalan, anglais, espagnol et français, le personnel de la réception pourra vous aider à planifier votre séjour.\n\nVous séjournerez à 4,8 km du stade de Toulouse et à 14 km du centre de conventions Diagora. L'aéroport de Toulouse-Blagnac est à 3 km.""]",8.0
Toulouse,Odalys City Toulouse Colombélie,1.455719,43.605809,https://www.booking.com/hotel/fr/odalys-appart-39-colombelie.fr.html?aid=304142&label=gen173nr-1FCAQoggJCD3NlYXJjaF90b3Vsb3VzZUgNWARoTYgBAZgBDbgBCsgBBdgBAegBAfgBA4gCAagCA7gCoZWfvQbAAgHSAiQ2OTNiYWVjOS02Zjc3LTQ2NzQtYWZlYi05MTBhMDgzZDVmYznYAgXgAgE&ucfs=1&arphpl=1&group_adults=2&req_adults=2&no_rooms=1&group_children=0&req_children=0&hpos=17&hapos=17&sr_order=popularity&srpvid=8f4d96104a920339&srepoch=1739049635&from=searchresults,"[""Situé à Toulouse, à seulement 1\xa0km de la célèbre place du Capitole, l'Odalys City Toulouse Colombélie propose des hébergements indépendants. Une connexion Wi-Fi gratuite est disponible dans tout l'établissement.\n\nTous les appartements comprennent une télévision. La kitchenette entièrement équipée est dotée d’un réfrigérateur et d’un micro-ondes. Les salles de bains privatives sont pourvues d'une baignoire ou d'une douche.\n\nUn petit-déjeuner continental est servi sous forme de buffet le matin.\n\nSi vous souhaitez emprunter les transports en commun pour explorer les environs, la station de métro Jean-Jaurès est à seulement 700\xa0mètres. Le parc des expositions Toulouse Expo se trouve à 4\xa0km.\n\nLa gare de Toulouse-Matabiau est à 12\xa0minutes à pied de l'établissement et l'aéroport de Toulouse-Blagnac se trouve à 10\xa0km.""]",8.4
Toulouse,Nemea Appart Hotel Toulouse Aéroport,1.3713940232992172,43.60777382594301,https://www.booking.com/hotel/fr/na-c-ma-c-a-appart-toulouse-saint-martin-toulouse.fr.html?aid=304142&label=gen173nr-1FCAQoggJCD3NlYXJjaF90b3Vsb3VzZUgNWARoTYgBAZgBDbgBCsgBBdgBAegBAfgBA4gCAagCA7gCoZWfvQbAAgHSAiQ2OTNiYWVjOS02Zjc3LTQ2NzQtYWZlYi05MTBhMDgzZDVmYznYAgXgAgE&ucfs=1&arphpl=1&group_adults=2&req_adults=2&no_rooms=1&group_children=0&req_children=0&hpos=18&hapos=18&sr_order=popularity&srpvid=8f4d96104a920339&srepoch=1739049635&from=searchresults,"['Le Néméa Appart’hotel Toulouse Saint-Martin vous accueille à 5 minutes en voiture de l’aéroport de Toulouse-Blagnac et à 15 minutes de route du Stadium municipal de Toulouse. Doté d’une piscine intérieure chauffée, il propose des studios et des appartements équipés d’une connexion Wi-Fi gratuite.\n\nTous les logements comprennent la climatisation, une télévision par câble avec Canal+ ainsi qu’une kitchenette avec micro-ondes, plaque de cuisson et lave-vaisselle.\n\nUn petit-déjeuner continental pourra vous être servi tous les matins, sur demande. Un distributeur automatique de collations et de boissons est par ailleurs disponible sur place.\n\nVous pourrez accéder gratuitement à la piscine intérieure chauffée, au sauna et à la salle de sport. Des soins de beauté peuvent être dispensés dans le confort de votre chambre, sur demande et moyennant des frais supplémentaires.\n\nDes places de stationnement publiques sont accessibles gratuitement sur place. Vous séjournerez à 400 mètres du siège d’Airbus et à 200 mètres de l’autoroute N124, qui permet de rejoindre le Gers. Le Zénith de Toulouse, la plus grande salle de concert de la ville, se trouve à 10 minutes en voiture. Le parc à thème de la Cité de l’espace se situe à 20 minutes de route.']",7.4
Toulouse,Montempô Apparthôtel Toulouse Balma,1.481726500000036,43.6343031,https://www.booking.com/hotel/fr/montempo-apparthotel-toulouse-balma.fr.html?aid=304142&label=gen173nr-1FCAQoggJCD3NlYXJjaF90b3Vsb3VzZUgNWARoTYgBAZgBDbgBCsgBBdgBAegBAfgBA4gCAagCA7gCoZWfvQbAAgHSAiQ2OTNiYWVjOS02Zjc3LTQ2NzQtYWZlYi05MTBhMDgzZDVmYznYAgXgAgE&ucfs=1&arphpl=1&group_adults=2&req_adults=2&no_rooms=1&group_children=0&req_children=0&hpos=19&hapos=19&sr_order=popularity&srpvid=8f4d96104a920339&srepoch=1739049635&from=searchresults,"[""Situé à Toulouse, à 6 km de Toulouse Expo, le Montempô Apparthôtel Toulouse Balma propose des studios avec une connexion Wi-Fi gratuite.\n\nLes logements comprennent une kitchenette entièrement équipée avec un coin repas, un micro-ondes et un réfrigérateur.\n\nCet appart'hôtel dispose d'une terrasse.\n\nLe Zénith et le stade de Toulouse se trouvent à 7 km du Montempô Apparthôtel Toulouse Balma. L'aéroport de Toulouse-Blagnac, le plus proche, est installé à 9 km.""]",7.2
Toulouse,Beautiful And Spacious Apt At 19 Min From Downtown,1.43758,43.615516,https://www.booking.com/hotel/fr/beautiful-and-spacious-apt-at-19-min-from-downtown.fr.html?aid=304142&label=gen173nr-1FCAQoggJCD3NlYXJjaF90b3Vsb3VzZUgNWARoTYgBAZgBDbgBCsgBBdgBAegBAfgBA4gCAagCA7gCoZWfvQbAAgHSAiQ2OTNiYWVjOS02Zjc3LTQ2NzQtYWZlYi05MTBhMDgzZDVmYznYAgXgAgE&ucfs=1&arphpl=1&group_adults=2&req_adults=2&no_rooms=1&group_children=0&req_children=0&hpos=20&hapos=20&sr_order=popularity&srpvid=8f4d96104a920339&srepoch=1739049635&from=searchresults,"[""L’hébergement Beautiful And Spacious Apt At 19 Min From Downtown se trouve dans le centre de Toulouse, à proximité de ces lieux d’intérêt : Métro Compans Caffarelli et Pierre Baudis Japanese Garden. Il propose une connexion Wi-Fi gratuite, la climatisation, ainsi qu’un réfrigérateur et une machine à café. Cet hébergement offre une vue sur le cours d’eau et est installé à respectivement 5 km et 5,1 km de : Zénith de Toulouse et Amphithéâtre romain de Purpan-Ancely.\n\nCet appartement comporte 2 chambres, 2 salles de bains, du linge de lit, des serviettes, une télévision, un coin repas, une cuisine entièrement équipée et une terrasse offrant une vue sur la ville.\n\nVous séjournerez à proximité de ces lieux d’intérêt\xa0: Métro Jeanne d'Arc, Gare de Toulouse-Matabiau et Métro Capitole. L'aéroport le plus proche (Aéroport de Toulouse-Blagnac) est à 5 km.""]",9.0
Toulouse,Campanile Toulouse Purpan,1.3937294483184814,43.60681003655088,https://www.booking.com/hotel/fr/campanilepurpan.fr.html?aid=304142&label=gen173nr-1FCAQoggJCD3NlYXJjaF90b3Vsb3VzZUgNWARoTYgBAZgBDbgBCsgBBdgBAegBAfgBA4gCAagCA7gCoZWfvQbAAgHSAiQ2OTNiYWVjOS02Zjc3LTQ2NzQtYWZlYi05MTBhMDgzZDVmYznYAgXgAgE&ucfs=1&arphpl=1&group_adults=2&req_adults=2&no_rooms=1&group_children=0&req_children=0&hpos=21&hapos=21&sr_order=popularity&srpvid=8f4d96104a920339&srepoch=1739049635&from=searchresults,"[""Cet hôtel Campanile est situé à proximité de l’autoroute A620 et à 5\xa0km de l’aéroport de Toulouse-Blagnac. Ses hébergements climatisés et insonorisés sont dotés d’une connexion Wi-Fi gratuite.\n\nChaque chambre du Campanile Toulouse Purpan est équipée d'une salle de bains privative, d'un plateau/bouilloire et d'une télévision par satellite.\nVous pourrez déguster une cuisine régionale au restaurant du Purpan. L’établissement possède également un bar et une terrasse fleurie. Des journaux sont disponibles gratuitement à la réception du Campanile\xa0Toulouse ouverte 24h/24.""]",8.5
Toulouse,Pénitents by Yumē,1.45001,43.6019883,https://www.booking.com/hotel/fr/penitents-by-yume.fr.html?aid=304142&label=gen173nr-1FCAQoggJCD3NlYXJjaF90b3Vsb3VzZUgNWARoTYgBAZgBDbgBCsgBBdgBAegBAfgBA4gCAagCA7gCoZWfvQbAAgHSAiQ2OTNiYWVjOS02Zjc3LTQ2NzQtYWZlYi05MTBhMDgzZDVmYznYAgXgAgE&ucfs=1&arphpl=1&group_adults=2&req_adults=2&no_rooms=1&group_children=0&req_children=0&hpos=22&hapos=22&sr_order=popularity&srpvid=8f4d96104a920339&srepoch=1739049635&from=searchresults,"[""Situé dans le centre de Toulouse, à 3,8 km du stade et à 3,9 km du Zénith, le Pénitents by Yumē propose des hébergements avec connexion Wi-Fi et parking privé gratuits. Il est situé à 10 km du centre de conventions Diagora et dispose d'un ascenseur. Cet établissement non-fumeurs se trouve à 6,8 km de l'amphithéâtre Purpan-Ancely.\n\nCet appartement comprend une chambre, une télévision à écran plat, un coin salon et une salle de bains pourvue d'une baignoire ou d'une douche. Sa cuisine est équipée d'un four et d'un micro-ondes. Les serviettes et le linge de lit sont fournis.\n\nVous séjournerez à proximité des stations de métro Esquirol, Carmes et Jardin Royal. L'aéroport de Toulouse-Blagnac est implanté à 9 km.""]",8.5
Toulouse,Residhotel Toulouse Centre,1.4412049948077763,43.59539161058483,https://www.booking.com/hotel/fr/residhotel-toulouse-centre.fr.html?aid=304142&label=gen173nr-1FCAQoggJCD3NlYXJjaF90b3Vsb3VzZUgNWARoTYgBAZgBDbgBCsgBBdgBAegBAfgBA4gCAagCA7gCoZWfvQbAAgHSAiQ2OTNiYWVjOS02Zjc3LTQ2NzQtYWZlYi05MTBhMDgzZDVmYznYAgXgAgE&ucfs=1&arphpl=1&group_adults=2&req_adults=2&no_rooms=1&group_children=0&req_children=0&hpos=23&hapos=23&sr_order=popularity&srpvid=8f4d96104a920339&srepoch=1739049635&from=searchresults,"['L’établissement Residhotel Toulouse Centre se situe à 900\xa0mètres du musée de Toulouse et à 500\xa0mètres de la station de métro Palais-de-Justice. Cet hôtel propose des studios et des appartements dotés gratuitement d’une connexion Wi-Fi. Le Stadium de Toulouse se trouve à 2,5\xa0km.\n\nDesservis par un ascenseur, les hébergements sont dotés d’une télévision ainsi que d’une salle de bains privative pourvue d’articles de toilette mis gratuitement à votre disposition et d’une douche. Un bureau et une armoire sont disponibles.\n\nVous pourrez préparer vos repas sur place. Les studios et les appartements bénéficient d’une cuisine avec micro-ondes, réfrigérateur et ustensiles de cuisine.\n\nCet établissement se situe à 800\xa0mètres de la basilique Notre-Dame la Daurade et à 20\xa0minutes de marche du musée Saint-Raymond.']",7.9
Toulouse,Hôtel Le Cousture,1.4504990726709366,43.6042507973177,https://www.booking.com/hotel/fr/cousture.fr.html?aid=304142&label=gen173nr-1FCAQoggJCD3NlYXJjaF90b3Vsb3VzZUgNWARoTYgBAZgBDbgBCsgBBdgBAegBAfgBA4gCAagCA7gCoZWfvQbAAgHSAiQ2OTNiYWVjOS02Zjc3LTQ2NzQtYWZlYi05MTBhMDgzZDVmYznYAgXgAgE&ucfs=1&arphpl=1&group_adults=2&req_adults=2&no_rooms=1&group_children=0&req_children=0&hpos=24&hapos=24&sr_order=popularity&srpvid=8f4d96104a920339&srepoch=1739049635&from=searchresults,"['L’Hôtel Le Cousture vous accueille au cœur de Toulouse, juste en face du théâtre de la Cité et à seulement 5\xa0minutes à pied de la place du Capitole. Le Stade toulousain et le Stadium de Toulouse se trouvent à moins de 5\xa0km.\n\nLa station de métro Jean-Jaurès, située à 200\xa0mètres, est desservie par les lignes de métro A et B ainsi que par une navette aéroport. L’arrêt de bus Saint-Georges, juste à côté de l’hôtel, est desservi par les bus 14 et L8, qui mènent directement à la gare de Matabiau. Une réduction pour le parking du centre commercial Espace Saint Georges à proximité est disponible à la réception.\n\nToutes les chambres de l’établissement sont climatisées, insonorisées et équipées d’une télévision à écran plat. Chaque logement comprend également une connexion Wi-Fi gratuite et une salle de bains privative. Les salles de bains sont pourvues d’un sèche-serviettes et d’un sèche-cheveux.\n\nPour votre confort et votre sécurité, la réception est ouverte 24h/24 et 7j/7. Un ordinateur est à votre disposition gratuitement à la réception.\n\nUn petit-déjeuner continental est servi tous les jours de 6h30 à 10h00 et jusqu’à 11h30 le week-end.']",7.6
Toulouse,Le Clos des Salins,1.44607275724411,43.594413616900646,https://www.booking.com/hotel/fr/le-clos-des-salins.fr.html?aid=304142&label=gen173nr-1FCAQoggJCD3NlYXJjaF90b3Vsb3VzZUgNWARoTYgBAZgBDbgBCsgBBdgBAegBAfgBA4gCAagCA7gCoZWfvQbAAgHSAiQ2OTNiYWVjOS02Zjc3LTQ2NzQtYWZlYi05MTBhMDgzZDVmYznYAgXgAgE&ucfs=1&arphpl=1&group_adults=2&req_adults=2&no_rooms=1&group_children=0&req_children=0&hpos=25&hapos=25&sr_order=popularity&srpvid=8f4d96104a920339&srepoch=1739049635&from=searchresults,"[""Situé au cœur du centre-ville historique de Toulouse, à 450 mètres de la station de métro Carmes, à 5 minutes à pied du tramway T2 desservant l'aéroport et à 10 minutes de marche de la place du Capitole, l'établissement Le Clos des Salins est un bâtiment moderne doté d'une connexion Wi-Fi gratuite.\n\nChaque appartement dispose de la climatisation, d'un lave-linge, d'une salle de bains privative avec douche et sèche-cheveux ainsi que de toilettes privées. Il comprend également un coin salon avec télévision à écran plat, une cuisine entièrement équipée et du matériel de repassage. Les studios donnent accès à un lave-linge commun.\n\nSitué à 16 km de l'aéroport de Toulouse-Blagnac, Le Clos des Salins se trouve également à seulement 3 km de l'autoroute A620.""]",9.6
