id,created_utc,title,selftext,author,score,upvote_ratio,num_comments,over_18,stickied,permalink,url,subreddit,flair,is_video,domain,thumbnail
1ojv60h,2025-10-30T09:36:10,Highlight Ayton posts 17 10 on 73 shooting vs Wolves,,Chemical-Glass-5841,3,1.0,0,False,False,https://reddit.com/r/lakers/comments/1ojv60h/highlight_ayton_posts_1710_on_73_shooting_vs/,https://streamable.com/cuoiez,lakers,HIGHLIGHTS,False,streamable.com,https://external-preview.redd.it/LM5t8WvT0LtTjKbHYwc-8LAS5AvTK4dFUvnreQeRRzU.jpeg?width=140&amp;height=78&amp;auto=webp&amp;s=b503eea7b1528905e019eb614aa5245815e08466
1ojuxg0,2025-10-30T09:20:37,It's happening!,,PartyBusRuss,7,1.0,0,False,False,https://reddit.com/r/lakers/comments/1ojuxg0/its_happening/,https://i.redd.it/lu7zlathv7yf1.jpeg,lakers,,False,i.redd.it,https://b.thumbs.redditmedia.com/w2WazGM0phDAABYysajTHAEcY4VDT4sJol2pTZ_OzCU.jpg
1ojul3b,2025-10-30T08:58:13,Who's the worst Laker ever?,The antigoat,lucasmancini1123,0,0.33,6,False,False,https://reddit.com/r/lakers/comments/1ojul3b/whos_the_worst_laker_ever/,https://i.redd.it/64yiaz4kr7yf1.jpeg,lakers,,False,i.redd.it,https://b.thumbs.redditmedia.com/dWrPIeqSuJP7y_7n8kYodHBpKWv8vlUuo1lAqN21VMI.jpg
1ojukiv,2025-10-30T08:57:09,Austin Reaves game winner buzzer beater vs. the Minnesota Timberwolves with replays . EN1 EN2 ES1 EN3 EN4 EN5. HD version,,MrBuckBuck,9,1.0,1,False,False,https://reddit.com/r/lakers/comments/1ojukiv/austin_reaves_gamewinner_buzzerbeater_vs_the/,https://v.redd.it/kltejov4m7yf1,lakers,HIGHLIGHTS,True,v.redd.it,https://external-preview.redd.it/cjlzcTBvdjRtN3lmMbmSyj_n20mvDJFb5udcx3CxdfL1X5V_4EYF-zXVHFxj.png?width=140&amp;height=78&amp;format=jpg&amp;auto=webp&amp;s=2e81b0f725407cb13f30ac8f4bf102640d88c11d
1ojtycx,2025-10-30T08:14:52,Hol' up ...,,jonbemerkin,34,1.0,2,False,False,https://reddit.com/r/lakers/comments/1ojtycx/hol_up/,https://i.redd.it/ami6icesj7yf1.jpeg,lakers,,False,i.redd.it,https://a.thumbs.redditmedia.com/ztVLFxcRiQuyt2Yt7RiSLp67OVL0qiugmfaU-sK2VM0.jpg
1ojttea,2025-10-30T08:05:12,What do you guys think of this really smart trade idea I got from this sub?,"This trade, Goga Bitadze for Austin Reaves, was upvoted back in the offseason. Still worth pursuing?",prodij18,8,0.83,4,False,False,https://reddit.com/r/lakers/comments/1ojttea/what_do_you_guys_think_of_this_really_smart_trade/,https://i.redd.it/uhbphce7g7yf1.png,lakers,TRADE DISCUSSION,False,i.redd.it,https://a.thumbs.redditmedia.com/pHFfcQQUh4AfnikpqGpgcP59q7A15_IVxE8TVlR3nR0.jpg
1ojtm77,2025-10-30T07:51:06,Luka and Bron injuries might actually be a blessing in disguise,"Not only did it elevate Reaves confidence to the next level, It's also making the team learn how to not be self reliant on the 2 stars. This actually ended up improving our depth. Now when Luka and LeBron returns, we will have rotational players who are confident as ever.",Cold_Dog_5234,19,0.95,6,False,False,https://reddit.com/r/lakers/comments/1ojtm77/luka_and_bron_injuries_might_actually_be_a/,https://www.reddit.com/r/lakers/comments/1ojtm77/luka_and_bron_injuries_might_actually_be_a/,lakers,,False,self.lakers,self
1ojtj84,2025-10-30T07:45:26,The final correct version,,PlatinumRaptor95,32,0.98,5,False,False,https://reddit.com/r/lakers/comments/1ojtj84/the_final_correct_version/,https://i.redd.it/h9wvclnle7yf1.jpeg,lakers,MEME,False,i.redd.it,https://b.thumbs.redditmedia.com/nQ_iIorapwpfGPpaIBrexjDvp5heKtN-tUbhqjqXNGw.jpg
1ojtbkc,2025-10-30T07:30:46,Elite company,,malxkry,17,0.95,1,False,False,https://reddit.com/r/lakers/comments/1ojtbkc/elite_company/,https://i.redd.it/xwth0gvzb7yf1.png,lakers,PLAYER TALK,False,i.redd.it,https://b.thumbs.redditmedia.com/KVpAyqrYwRNtaiIcsKNjXduDVj2xlfce4gGSzkWOGHM.jpg
1ojt7uq,2025-10-30T07:23:39,"Woike Reaves texted LaRavia after his rough game. Keep your head up big dog, he wrote to LaRavia. I don t care if you miss a hundred shots in a row. Keep shooting that b . You re open. We need you right now. You ve been great. Flush the last one. I got you, LaRavia replied.","gt On the court, Reaves got mobbed. On his walk off of it, president of basketball operations Rob Pelinka draped his arm over Reaves shoulders. gt And in the locker room Vanderbilt, just half kidding, talked about where Reaves would be in the MVP race five games into the season. gt Obviously we know how good he is, whether he s first, second, third, fourth option, whatever, Vanderbilt told The Athletic . But for now, for the world to see what we already knew obviously we don t want anybody to get injured but when injuries happen, this gives people opportunity to showcase other stuff he s proving right now what he could do with that. gt Monday as he rode home postgame with his friend, Trent Swaim, driving, Reaves texted LaRavia after his rough game. gt Keep your head up big dog, he wrote to LaRavia. I don t care if you miss a hundred shots in a row. Keep shooting that b . You re open. We need you right now. You ve been great. Flush the last one. gt I got you, LaRavia replied. gt After hitting 10 of 11 from the field Wednesday, LaRavia crashed Reaves postgame interview with ESPN to celebrate with his teammate. He had responded. gt If you asked me two years ago if I said that to somebody, if it meant anything, I don t know if it would ve, Reaves told The Athletic . But like I do feel now that it is impactful to encourage these guys.",sewsgup,52,0.99,11,False,False,https://reddit.com/r/lakers/comments/1ojt7uq/woike_reaves_texted_laravia_after_his_rough_game/,https://www.nytimes.com/athletic/6762260/2025/10/30/austin-reaves-buzzer-beater-lakers-timberwolves/?source=emp_shared_article,lakers,,False,nytimes.com,https://external-preview.redd.it/DCKk5DyP9A5lx7odnMBiWtVKb_GlthJ9_D26RB2CiiM.jpeg?width=140&amp;height=93&amp;auto=webp&amp;s=b6bdb5b68ac41edf9a60286582b22ae526101326
1ojsnfj,2025-10-30T06:46:01,Marcus smart also had a taste of AR15's game winner,,tangpkm,61,1.0,5,False,False,https://reddit.com/r/lakers/comments/1ojsnfj/marcus_smart_also_had_a_taste_of_ar15s_game_winner/,https://v.redd.it/sfxk50sz37yf1,lakers,HIGHLIGHTS,True,v.redd.it,https://external-preview.redd.it/eDhqeXBsYjE0N3lmMQeLgtfmEYL2LVoVvqahnK2O-XWw9x0KMWWDXXfJTfnL.png?width=140&amp;height=78&amp;format=jpg&amp;auto=webp&amp;s=4ab274f2c07cd895a5a254de1cb72e8ce363c1d8
1ojsm46,2025-10-30T06:43:42,This man loves Austin Reaves,"And we do too. Just listening to the post game conference and you can really sense how much JJ really loves and appreciates AR s game and confidence. I have been a lifelong Lakers fan and have struggled paying attention during these LeBron years I m not the biggest fan , but I am locked in because of Austin. I hope he has a tremendous career.",Decent_Cheetah2867,31,0.97,10,False,False,https://reddit.com/r/lakers/comments/1ojsm46/this_man_loves_austin_reaves/,https://i.redd.it/itvndxkm37yf1.jpeg,lakers,,False,i.redd.it,https://b.thumbs.redditmedia.com/kLiwQZpozfhZqnma0pI_-WdKl7EdVhgVvmmVbL2j0FE.jpg
1ojsjhn,2025-10-30T06:38:39,Austin Gives Me Life!,,TangoThisMango,51,0.97,0,False,False,https://reddit.com/r/lakers/comments/1ojsjhn/austin_gives_me_life/,https://i.redd.it/b9lu5qom27yf1.jpeg,lakers,MEME,False,i.redd.it,https://a.thumbs.redditmedia.com/IMJet5WkgIkVeKXmrcIcFZpHwgTs05Vt_JQWMhQMop0.jpg
1ojsesc,2025-10-30T06:29:57,West LA Watch Parties?,I was watching argentina vs brasil earlier today and it was PACKED with a lot of fans at the brazilian restaurants. Then went home and watched the game winner with Lakers and was happy but also sad because I don t have anyone to share it with. Are there any common watch party in west la where fans will watch most of the games together? Would love to join a group and watch 80 90 of the games together.,vibecodingmonkey,5,1.0,1,False,False,https://reddit.com/r/lakers/comments/1ojsesc/west_la_watch_parties/,https://www.reddit.com/r/lakers/comments/1ojsesc/west_la_watch_parties/,lakers,,False,self.lakers,self
1ojscp4,2025-10-30T06:26:17,Standing ovation for AR Doncic. Perfect example of hard work and student of the game. Lebron mentored him well over the years.,,SwimGroundbreaking64,34,0.97,14,False,False,https://reddit.com/r/lakers/comments/1ojscp4/standing_ovation_for_ar_doncic_perfect_example_of/,https://i.redd.it/zelm07tlz6yf1.jpeg,lakers,,False,i.redd.it,https://a.thumbs.redditmedia.com/ppBbQ3w8OBuTr0roQG25sUDE5s8dKlHKFr33eU4jWg8.jpg
1ojs6sj,2025-10-30T06:15:34,The Lakers have the best backcourt in the NBA,"I expected our backcourt to be good. Maybe even approaching elite. But no. They re better than that. Luka is one of the two best guards in the NBA alongside Shai Austin is playing at a high enough level to where I feel comfortable putting him in the Garland Ja tier. He and Luka are both in their mid 20s Can t believe this is our life right now To be clear, I know Luka defends bigger players. So did Magic Johnson and people call him the best point guard ever. Luka is a point guard.",waccedoutfurbies,24,1.0,9,False,False,https://reddit.com/r/lakers/comments/1ojs6sj/the_lakers_have_the_best_backcourt_in_the_nba/,https://www.reddit.com/r/lakers/comments/1ojs6sj/the_lakers_have_the_best_backcourt_in_the_nba/,lakers,TEAM TALK,False,self.lakers,self
1ojs65n,2025-10-30T06:14:21,"New Jeremy Lin? Come on, Kenny",,Top-Entertainment945,33,0.97,30,False,False,https://reddit.com/r/lakers/comments/1ojs65n/new_jeremy_lin_come_on_kenny/,https://v.redd.it/wd2ea5hcy6yf1,lakers,,True,v.redd.it,https://external-preview.redd.it/eHd3bTZmaWN5NnlmMc0-vax0XZdpx-pEfzF3kG5pUiTu9QSzl3Zskf9jJKmE.png?width=140&amp;height=78&amp;format=jpg&amp;auto=webp&amp;s=2f1fca7e23c94a6dccc442280a68b59c4125a3d4
1ojs3lt,2025-10-30T06:09:35,We ve got our second Luka,,Milesi999,28,0.95,8,False,False,https://reddit.com/r/lakers/comments/1ojs3lt/weve_got_our_second_luka/,https://i.redd.it/jj91bnfjx6yf1.jpeg,lakers,,False,i.redd.it,https://b.thumbs.redditmedia.com/jTQNqwVtJqlg6saEH4zAYix0WsMDDyp6Bey_YlxGqaQ.jpg
1ojs1fo,2025-10-30T06:05:36,Austin Reaves agenda posting will not stop,Ik Luka is better but let AR have his moment,Diaxmond,18,0.87,0,False,False,https://reddit.com/r/lakers/comments/1ojs1fo/austin_reaves_agenda_posting_will_not_stop/,https://v.redd.it/ykn5pkmgw6yf1,lakers,MEME,True,v.redd.it,https://external-preview.redd.it/NjN5aGNrbWd3NnlmMQqjRqdSzYehrbJaMIJjtVkPRDd7MMZPUGsxbF84RT0U.png?width=140&amp;height=140&amp;format=jpg&amp;auto=webp&amp;s=2c1897914fa798d6725ad6a3358db47c9df263a7
1ojrxsi,2025-10-30T05:59:19,AUSTINSANITY IS UPON US,,SlatheredButtCheeks,13,0.74,1,False,False,https://reddit.com/r/lakers/comments/1ojrxsi/austinsanity_is_upon_us/,https://i.redd.it/xakjypijv6yf1.png,lakers,APPRECIATION,False,i.redd.it,https://b.thumbs.redditmedia.com/vnyAFxybaxX91CZvFG_eJQ5napaT-lXke_29wYxNETk.jpg
1ojrxjb,2025-10-30T05:58:51,Dear Austin Reaves I love you,,CompetitiveBike4626,21,0.96,1,False,False,https://reddit.com/r/lakers/comments/1ojrxjb/dear_austin_reaves_i_love_you/,https://i.redd.it/o58n1xemv6yf1.jpeg,lakers,APPRECIATION,False,i.redd.it,https://b.thumbs.redditmedia.com/UxgEfDloIQwuWUrTIVLKRvPIZyX_UEjo0k3Ss5Qdo0M.jpg
1ojrky1,2025-10-30T05:36:46,AR 15 All Star '26,"Austin Reaves adds a game winner to what is already the best All Star campaign of this early season! 40 ball 50 ball Multiple 25 10 games Game winner AR is HIM, and HIM is an All Star!",YoungBasedHooper,32,0.96,0,False,False,https://reddit.com/r/lakers/comments/1ojrky1/ar15_allstar_26/,https://i.redd.it/q2745fpor6yf1.jpeg,lakers,,False,i.redd.it,https://b.thumbs.redditmedia.com/JiXXHZ7iaRaTXcoxULp64h_XwUlBph7x3Ar9CNWZxXA.jpg
1ojrgtw,2025-10-30T05:29:50,Ant doesn't know Jake LaRavia,,catmeow808,91,1.0,22,False,False,https://reddit.com/r/lakers/comments/1ojrgtw/ant_doesnt_know_jake_laravia/,https://v.redd.it/px03589fq6yf1,lakers,MEME,True,v.redd.it,https://external-preview.redd.it/dW9xbnc3bGVxNnlmMTUnNrbJEvG7wB9ERt6G4RqWZOcFU0bCFq1tfQYVW22f.png?width=140&amp;height=140&amp;format=jpg&amp;auto=webp&amp;s=3cfba9b440a15b7fd498e96c529529e9f15ca02d
1ojrc75,2025-10-30T05:21:55,"Yeah, uh, about that...",,andrewsign,23,0.9,10,False,False,https://reddit.com/r/lakers/comments/1ojrc75/yeah_uh_about_that/,/r/nba/comments/1mpe5vb/assuming_they_were_both_making_40_million/,lakers,,False,,default
1ojr9xw,2025-10-30T05:17:59,Ant went to congratulate AR after the win,,CtrlAltDelightfull,610,1.0,51,False,False,https://reddit.com/r/lakers/comments/1ojr9xw/ant_went_to_congratulate_ar_after_the_win/,https://i.redd.it/mebwbjzbo6yf1.jpeg,lakers,,False,i.redd.it,https://b.thumbs.redditmedia.com/fE9__njbQi0eithOkrBzIH6i35ujPgxeXWyHj9HEfuw.jpg
1ojr3i9,2025-10-30T05:07:07,GO WIN THE BALL GAME AR!!!,,Winter-Gur-9762,45,1.0,0,False,False,https://reddit.com/r/lakers/comments/1ojr3i9/go_win_the_ball_game_ar/,https://i.redd.it/85pdlu7em6yf1.jpeg,lakers,APPRECIATION,False,i.redd.it,https://b.thumbs.redditmedia.com/ivApzD2GJjG-Ke8p4WqZLm6RDTiyOCFIcWW-ZQLtYuw.jpg
1ojr1vp,2025-10-30T05:04:30,Coldest white boy on the Lakers,,Whyamibeautiful,52,0.91,1,False,False,https://reddit.com/r/lakers/comments/1ojr1vp/coldest_white_boy_on_the_lakers/,https://v.redd.it/ygomkgfxl6yf1,lakers,PLAYER TALK,True,v.redd.it,https://external-preview.redd.it/Z2szMzU1ZXhsNnlmMXGq45qHALyXiU9_1IuBRrexsoZuq4niwpKBM66Vbyf3.png?width=140&amp;height=69&amp;format=jpg&amp;auto=webp&amp;s=2aac46244d9088e2f4cfe71428033c5ce65e5187
1ojqzbm,2025-10-30T05:00:32,Luka s IG story,,arigatou12,339,0.99,16,False,False,https://reddit.com/r/lakers/comments/1ojqzbm/lukas_ig_story/,https://i.redd.it/74jq72u7l6yf1.jpeg,lakers,SOCIAL MEDIA,False,i.redd.it,https://b.thumbs.redditmedia.com/Rx18x7Qgp3rZKBs9lECjg-s2NTisRAVDEhWlONy-kFs.jpg
1ojquxb,2025-10-30T04:53:25,Giving some of the best defenders in the league the business,,gisakuman,118,0.99,28,False,False,https://reddit.com/r/lakers/comments/1ojquxb/giving_some_of_the_best_defenders_in_the_league/,https://i.redd.it/nm59ff9yj6yf1.jpeg,lakers,MEME,False,i.redd.it,https://a.thumbs.redditmedia.com/FZOA2pEFiwKDRlktMcWLhsycvrIZAfBuSmfSKiQ_Tw4.jpg
1ojqtfb,2025-10-30T04:50:59,Anthony Edwards telling Austin Reaves you re him after their win today,,supremefearofgod,21,0.82,1,False,False,https://reddit.com/r/lakers/comments/1ojqtfb/anthony_edwards_telling_austin_reaves_youre_him/,https://youtube.com/shorts/U0wS7vHgRDg?si=Cht8CnGnYpitThff,lakers,,False,youtube.com,https://external-preview.redd.it/KrDQvrR9Xf6oIlaqXizEi-T9FfbtPd8velbjhf0oP5w.jpeg?width=140&amp;height=105&amp;auto=webp&amp;s=37ef2f9f140e99efd0c20cca757fae22351d4837
1ojqrqv,2025-10-30T04:48:20,Ringer top 100 players for 25 26 season year round ranking,Last updated Oct 15.... Update that shit right now!,goatnxtinline,33,1.0,8,False,False,https://reddit.com/r/lakers/comments/1ojqrqv/ringer_top_100_players_for_2526_season_yearround/,https://i.redd.it/0n5sz2wfi6yf1.jpeg,lakers,PICTURE,False,i.redd.it,https://b.thumbs.redditmedia.com/aElUzUSABPfAoLSip_8t4Q3m0-7nQ9ZRs60j3PiaE3M.jpg
1ojqrle,2025-10-30T04:48:03,Austin This Season,,TheAnonymousOpinion,47,0.96,1,False,False,https://reddit.com/r/lakers/comments/1ojqrle/austin_this_season/,https://v.redd.it/nq0z0nnzi6yf1,lakers,,True,v.redd.it,https://external-preview.redd.it/aGEwb21maHppNnlmMUYSFW_Ww57Qe648y94yUHK2Ki0tm7ErzjHcG5--r9jw.png?width=140&amp;height=78&amp;format=jpg&amp;auto=webp&amp;s=98e946961d384895680dd181bac849ef9e39e8ac
1ojqoq9,2025-10-30T04:43:26,Austin Reaves' buzzer beater against the Timberwolves Center court view,,Virtual_Success5530,111,1.0,10,False,False,https://reddit.com/r/lakers/comments/1ojqoq9/austin_reaves_buzzer_beater_against_the/,https://v.redd.it/lybff7h4i6yf1,lakers,HIGHLIGHTS,True,v.redd.it,https://external-preview.redd.it/NWEwZmZnaDRpNnlmMaZSzesDH6HNkhJeUQNxN9mFDGCmIc32C26JXIs0Ag96.png?width=140&amp;height=140&amp;format=jpg&amp;auto=webp&amp;s=c4ab0d59d29b985bb4b5505f6769c5c8e2db8327
1ojqokk,2025-10-30T04:43:09,AR pleading for Luka and LeBron to comeback,,Doten1,276,1.0,11,False,False,https://reddit.com/r/lakers/comments/1ojqokk/ar_pleading_for_luka_and_lebron_to_comeback/,https://v.redd.it/6p5mjv94i6yf1,lakers,,True,v.redd.it,https://external-preview.redd.it/aWZzdnpvNTRpNnlmMQoH452zqTaRHEtpTpn3u2X3FmIlrRaPQExoxhk-kNG0.png?width=140&amp;height=78&amp;format=jpg&amp;auto=webp&amp;s=aaafd9420bd8db575c692f37d6a4ce7dd8bcaa0e
1ojqme0,2025-10-30T04:39:40,Austin Reaves' CRAZY Game Winning Floater! TissotBuzzerBeater,0 16 Rui was flinging AR's headband and Smart got sweat on his mouth LOOOLLL I'm dying,Beautiful-Guard-7770,34,1.0,0,False,False,https://reddit.com/r/lakers/comments/1ojqme0/austin_reaves_crazy_gamewinning_floater/,https://www.reddit.com/r/lakers/comments/1ojqme0/austin_reaves_crazy_gamewinning_floater/,lakers,,False,self.lakers,self
1ojqjcw,2025-10-30T04:34:45,Austin Reaves full postgame interview on the court after hitting the game winner buzzer beater vs. Timberwolves,,incredibleamadeuscho,62,1.0,1,False,False,https://reddit.com/r/lakers/comments/1ojqjcw/austin_reaves_full_postgame_interview_on_the/,https://streamable.com/z1dojv,lakers,,False,streamable.com,https://external-preview.redd.it/zzpTM5k_Kne5qNHyXyMBhRS9KKWr3q114wXrac50jqk.jpeg?width=140&amp;height=78&amp;auto=webp&amp;s=f371263795c897377103000cb0da97ce1a1f69eb
1ojqj7u,2025-10-30T04:34:31,LaRavia and Reaves were absolute fucking beasts tonight. Although we THREW that 20 point lead for no good reason.,,BlingyBroccoli,73,1.0,20,False,False,https://reddit.com/r/lakers/comments/1ojqj7u/laravia_and_reaves_were_absolute_fucking_beasts/,https://i.redd.it/191z0ipkg6yf1.jpeg,lakers,POST GAME,False,i.redd.it,https://b.thumbs.redditmedia.com/qPxk1zd9Z_JAinTTWCj2IH58IqEGDETUJNjlO14-9Xk.jpg
1ojqipc,2025-10-30T04:33:40,More dangerous than NWA.,,AdorableBackground83,68,0.99,10,False,False,https://reddit.com/r/lakers/comments/1ojqipc/more_dangerous_than_nwa/,https://i.redd.it/i6qu8shfg6yf1.jpeg,lakers,MEME,False,i.redd.it,https://a.thumbs.redditmedia.com/EPYtGDc0rWpEF4y5StxhHZTmXr0insHgM_F6jzy-C34.jpg
1ojqh72,2025-10-30T04:31:13,"Austin Reaves stole the show, but let s show Jake LaRavia some love tonight 27 PTS!",,_MambaForever,720,1.0,49,False,False,https://reddit.com/r/lakers/comments/1ojqh72/austin_reaves_stole_the_show_but_lets_show_jake/,https://i.redd.it/rpkfpflzf6yf1.jpeg,lakers,APPRECIATION,False,i.redd.it,https://b.thumbs.redditmedia.com/k44aULTB4NyJ9iM3HqitxwHixpf5Aay7RYlZYzxJ_rA.jpg
1ojqgib,2025-10-30T04:30:08,We have to pay AR next summer,,StoneColdAM,26,0.79,11,False,False,https://reddit.com/r/lakers/comments/1ojqgib/we_have_to_pay_ar_next_summer/,https://images.squarespace-cdn.com/content/v1/55ccfddce4b03e8de40af48f/1617714989573-D7HT942BOUVZH1EFWDG4/Hogan+Cash.gif,lakers,,False,images.squarespace-cdn.com,https://external-preview.redd.it/YeSi47fo98anoOdcrx9QMio1Hdj3zVKS1xfb9LWE43g.gif?width=140&amp;height=105&amp;auto=webp&amp;s=97a97cabc0803482d5402884c7f54a8bfeedef1d
1ojqery,2025-10-30T04:27:26,Pau Gasol showing love to AR,,denobino,272,1.0,10,False,False,https://reddit.com/r/lakers/comments/1ojqery/pau_gasol_showing_love_to_ar/,https://i.redd.it/9csxfwh8f6yf1.png,lakers,SOCIAL MEDIA,False,i.redd.it,https://b.thumbs.redditmedia.com/hGyUpEr11snvxA5MTohLVsd4Ko7Uq7bsEkW13b-ErOQ.jpg
1ojqelf,2025-10-30T04:27:09,Austin Reaves locked as an Allstar?,"This is my live reaction seeing the game winner by reaves, i ve been pushing his all star agenda going into TWO years now. His potential is through the roof and i can definitely see him being an all star and a huge part of the laker success moving forward. Having 3 all stars on the lakers starting lineup with a good supporting cast as in, smart, laravia, rui, ayton, and vando is this team ready for a playoff run?",unzixqt__,59,0.94,19,False,False,https://reddit.com/r/lakers/comments/1ojqelf/austin_reaves_locked_as_an_allstar/,https://v.redd.it/clxw9mc7f6yf1,lakers,,True,v.redd.it,https://external-preview.redd.it/NjR5azNteTZmNnlmMZpngzQ4tlDp6gBN6i9E8dl8akyNq9tdJG5FZMlFs2tY.png?width=140&amp;height=140&amp;format=jpg&amp;auto=webp&amp;s=0bbd9d70593950d32d1c074ec3027c623ea9a18e
1ojqejh,2025-10-30T04:27:04,AR15 and LaRavia,,yol007,123,0.99,7,False,False,https://reddit.com/r/lakers/comments/1ojqejh/ar15_and_laravia/,https://i.redd.it/8f5iayu8f6yf1.jpeg,lakers,MEME,False,i.redd.it,https://b.thumbs.redditmedia.com/N4vE1w5MIJKRzeu69iUjrSDJMbA9RfYiRXe4h2soVcQ.jpg
1ojqcjd,2025-10-30T04:23:51,Thhhhhheee lakkkkeeee shooooowww,"Holyyyy shit, that win was insane. I was half watching while doing dishes and cleaning, just catching the score here and there and when we went up by 20 I was like foook yeah! All hyped, but you know how basketball goes no lead is ever safe flashbacks to the 2008 Finals . I locked in for the last four minutes, and man, I swear I had about six heart attacks. Honestly, having LeBron and Luka out might ve been a blessing in disguise it s letting the rest of the team really gel and find their rhythm without leaning on them every possession. Ayton s been a game changer finally a true center and Hayes off the bench keeps that interior energy alive. And bro, Reaves has been absolutely holding it down these past few games while Luka s been out. Dude s confidence, control, and shot making have been huge. Laravia emerging tonight is what we needed to. Having Smart out there would ve made a difference late, but even without him, this team looks poised. The crowd was electric, and when things got tight, that timeout by J.J. was clutch you could literally feel the composure reset after that. It s crazy to think how scary this team will be at full strength. I wasn t sure what to expect coming into the season, but this win changed that. This squad might just rival the 2020 Lakers. We re so spoiled as fans and I m hyped for what s ahead. Win or lose, it s still the Lakkkkkeee Shooow.",Particular-Tip9913,22,0.92,0,False,False,https://reddit.com/r/lakers/comments/1ojqcjd/thhhhhheee_lakkkkeeee_shooooowww/,https://www.reddit.com/r/lakers/comments/1ojqcjd/thhhhhheee_lakkkkeeee_shooooowww/,lakers,,False,self.lakers,self
1ojqbyd,2025-10-30T04:22:58,"All Access Austin Reaves hits the clutch buzzer beater for the Lakers to win it in Minnesota. The shot caps a 28 point, 16 assist performance.",,nba,87,1.0,7,False,False,https://reddit.com/r/lakers/comments/1ojqbyd/allaccess_austin_reaves_hits_the_clutch/,https://v.redd.it/fjavdv8xd6yf1,lakers,HIGHLIGHTS,False,v.redd.it,https://external-preview.redd.it/sTGdSwObYFsJbQ3H8AK_3iK8XLA14yAFVHVHDN3YQiw.png?width=140&amp;height=73&amp;auto=webp&amp;s=b4de7819794601ee889476788bae6538dea75823
1ojqby0,2025-10-30T04:22:58,Deandre Ayton tonight 17 points on 8 11 FG 1 2 FT with 10 Reb 3 Ast 2 TO,,Alternatively_Built_,912,0.99,104,False,False,https://reddit.com/r/lakers/comments/1ojqby0/deandre_ayton_tonight_17_points_on_811_fg_12_ft/,https://i.redd.it/l0y1pz0nd6yf1.jpeg,lakers,APPRECIATION,False,i.redd.it,https://b.thumbs.redditmedia.com/blc8FzX-vS0weJ2OA_99472yusARS-RS6Ugs1TBPlqk.jpg
1ojqbaa,2025-10-30T04:21:56,3 top 15 players on 1 team,Could the lakers really have 3 top 15 players on one team? When was the last time a team had this? It just seems unreal. Hella proud for Austin,International_Sky673,23,0.9,17,False,False,https://reddit.com/r/lakers/comments/1ojqbaa/3_top_15_players_on_1_team/,https://www.reddit.com/r/lakers/comments/1ojqbaa/3_top_15_players_on_1_team/,lakers,,False,self.lakers,self
1ojqb59,2025-10-30T04:21:44,Lakers can win a chip this year but need to make moves at deadline,Lakers are a championship contender but we need to improve depth and add some 2 way athletic pieces. With the expiring of Kleber and gabe and if needed even Rui we can possibly get some nice pieces to build around the squad.,OrganicHunt952,7,0.61,34,False,False,https://reddit.com/r/lakers/comments/1ojqb59/lakers_can_win_a_chip_this_year_but_need_to_make/,https://www.reddit.com/r/lakers/comments/1ojqb59/lakers_can_win_a_chip_this_year_but_need_to_make/,lakers,,False,self.lakers,self
1ojq9ds,2025-10-30T04:18:58,Austin Reaves,,communist_lover69,469,1.0,12,False,False,https://reddit.com/r/lakers/comments/1ojq9ds/austin_reaves/,https://v.redd.it/u2oz9fysd6yf1,lakers,VIDEO,True,v.redd.it,https://external-preview.redd.it/MXN3ZmlnenNkNnlmMWXesawAnRQJ6Sr-81FPJEYGf1fI2JwkpsIboPQtLCxT.png?width=140&amp;height=140&amp;format=jpg&amp;auto=webp&amp;s=c44e458f24029e123b936fba459b01fd049e4df1
1ojq95u,2025-10-30T04:18:37,Top 4 SG itl minimum. Pay this man NOW.,,Ejdusnebe,63,0.97,11,False,False,https://reddit.com/r/lakers/comments/1ojq95u/top_4_sg_itl_minimum_pay_this_man_now/,https://i.redd.it/4u70kuqqd6yf1.jpeg,lakers,,False,i.redd.it,https://b.thumbs.redditmedia.com/0V6HRpHzJcGSkDNWeIOZ6oEl3IZm3BhL9nuaT1Au5rY.jpg
1ojq82l,2025-10-30T04:16:54,AUSTIN REAVES CANNOT BE STOPPED!!!!! HITS THE GAME WINNER AT THE BUZZER!!!!!,,Virtual_Success5530,347,1.0,34,False,False,https://reddit.com/r/lakers/comments/1ojq82l/austin_reaves_cannot_be_stopped_hits_the_game/,https://v.redd.it/7u06s749d6yf1,lakers,,True,v.redd.it,https://external-preview.redd.it/ZGozOXM3NDlkNnlmMSN_QcyU3Qg1wKTnkcH8A_ezBnInWxx5BH5GmSRO0qIa.png?width=140&amp;height=78&amp;format=jpg&amp;auto=webp&amp;s=ebd3d18970968ff20fa7ab535dfc212dab7e440a
1ojq7p4,2025-10-30T04:16:18,Woike I'm so proud of this group right now JJ Redick says,,daftmunt,185,1.0,16,False,False,https://reddit.com/r/lakers/comments/1ojq7p4/woike_im_so_proud_of_this_group_right_now_jj/,https://i.redd.it/y3fobgqbd6yf1.jpeg,lakers,,False,i.redd.it,https://b.thumbs.redditmedia.com/HFAUEDEZ4t5ok3rB_SKhGmPWCRsFW4G4w8gYoOKOSps.jpg
1ojq5rl,2025-10-30T04:13:19,AR WITH ANOTHER BANGER GAME,,VGstuffed,90,1.0,9,False,False,https://reddit.com/r/lakers/comments/1ojq5rl/ar_with_another_banger_game/,https://i.redd.it/8c76duvrc6yf1.png,lakers,APPRECIATION,False,i.redd.it,https://b.thumbs.redditmedia.com/7NLGO5k9_jq-1PjTfeARW124NoLOaARLuKkUBDhEbzA.jpg
1ojq5fz,2025-10-30T04:12:50,AUSTIN YOU'RE HIM,,DudeWTH,465,1.0,35,False,False,https://reddit.com/r/lakers/comments/1ojq5fz/austin_youre_him/,https://v.redd.it/hx2dkcync6yf1,lakers,VIDEO,True,v.redd.it,https://external-preview.redd.it/ZTdxYmpseW5jNnlmMdesUbXsrff9aW_Wgk20shTgW6bssQOIu60dcoIecSSD.png?width=140&amp;height=140&amp;format=jpg&amp;auto=webp&amp;s=a7f100839c35a8791919f888304a58da11efef8f
1ojq4rq,2025-10-30T04:11:49,Austin I ll F You Up Reaves!,,TangoThisMango,574,0.99,37,False,False,https://reddit.com/r/lakers/comments/1ojq4rq/austin_ill_f_you_up_reaves/,https://i.redd.it/xqhhieadc6yf1.jpeg,lakers,MEME,False,i.redd.it,https://a.thumbs.redditmedia.com/weIM2RqdUwBz1TB0CvylHGLFnRK6yYTPJoxAOI0qKD4.jpg
1ojq3tl,2025-10-30T04:10:23,Time to learn his name,,Beautiful-Cress5695,61,0.98,5,False,False,https://reddit.com/r/lakers/comments/1ojq3tl/time_to_learn_his_name/,https://i.redd.it/0awdvri8c6yf1.png,lakers,SOCIAL MEDIA,False,i.redd.it,https://b.thumbs.redditmedia.com/h5As08P88ONcMSOXqEx2insw6P1SIDV1_d1PJK3GMbQ.jpg
1ojq39o,2025-10-30T04:09:34,Yall know who he is!,,Cul_what,151,1.0,9,False,False,https://reddit.com/r/lakers/comments/1ojq39o/yall_know_who_he_is/,https://i.redd.it/7m1ez0g4c6yf1.png,lakers,APPRECIATION,False,i.redd.it,https://b.thumbs.redditmedia.com/1I-IpA8efRqwgbZ2epN9CXx1bRuNfsTaeN9B_a5vMlg.jpg
1ojq2qj,2025-10-30T04:08:47,LeBron A MUTHAFUCKIN R!!!!!!!!!!!!!,,daftmunt,1955,0.97,78,False,False,https://reddit.com/r/lakers/comments/1ojq2qj/lebron_amuthafuckinr/,https://i.redd.it/k46zkrhzb6yf1.jpeg,lakers,,False,i.redd.it,https://b.thumbs.redditmedia.com/0H6lA4pYjCzpOXfqPuPRpF1yPEa1HS6rkpCSaLMKlas.jpg
1ojq2q4,2025-10-30T04:08:46,Reavisanity continues!,What a week he has been playing with luka and lebron out and to top it off with a buzzer beater! AR for all star! Stop the count he deserves it!,jantoxdetox,47,0.95,7,False,False,https://reddit.com/r/lakers/comments/1ojq2q4/reavisanity_continues/,https://www.reddit.com/r/lakers/comments/1ojq2q4/reavisanity_continues/,lakers,,False,self.lakers,self
1ojq2ns,2025-10-30T04:08:40,Austin reaves... My life is yours,,Few_Prune_1436,99,1.0,5,False,False,https://reddit.com/r/lakers/comments/1ojq2ns/austin_reaves_my_life_is_yours/,https://i.redd.it/stj29jkyb6yf1.jpeg,lakers,,False,i.redd.it,https://b.thumbs.redditmedia.com/wkYfNhzKdpkFGI7ppLvi6gnUgQDcZk0sw9-mI95iN5A.jpg
1ojq2e3,2025-10-30T04:08:15,THAT S A BAD MAN!!!!,,nbagup,265,1.0,14,False,False,https://reddit.com/r/lakers/comments/1ojq2e3/thats_a_bad_man/,https://i.redd.it/i9lrmr4wb6yf1.jpeg,lakers,,False,i.redd.it,https://b.thumbs.redditmedia.com/RRI031C_67IRcwkReZeL5QZI-dRtOcSq6JNWz5j3oqQ.jpg
1ojq2c5,2025-10-30T04:08:10,Doncic,,daftmunt,412,0.99,11,False,False,https://reddit.com/r/lakers/comments/1ojq2c5/doncic/,https://i.redd.it/wevosokvb6yf1.jpeg,lakers,,False,i.redd.it,https://b.thumbs.redditmedia.com/COeBLFE_SMbteZ-x3wSn5hGjZMcewANeE1_3FDexZWM.jpg
1ojq2bb,2025-10-30T04:08:08,HIMMMMMMMMMM,,dynamo458,81,1.0,2,False,False,https://reddit.com/r/lakers/comments/1ojq2bb/himmmmmmmmmm/,https://i.redd.it/na7za8bvb6yf1.jpeg,lakers,,False,i.redd.it,https://b.thumbs.redditmedia.com/_DQD-AQwLNJyjHH-bk1Ob9AwfhfDMimx0CYjxfCEu-U.jpg
1ojq2a3,2025-10-30T04:08:05,Austin Reaves hits the GAME WINNER to defeat the Minnesota Timberwolves!,,Turbostrider27,1065,0.99,52,False,False,https://reddit.com/r/lakers/comments/1ojq2a3/austin_reaves_hits_the_game_winner_to_defeat_the/,https://streamable.com/exc429,lakers,,False,streamable.com,https://external-preview.redd.it/Kvtke6R5GmFahWNJjzRGpBJXkmZDUOdHuNULL9R28Fg.jpeg?width=140&amp;height=78&amp;auto=webp&amp;s=6e4e15e5e5978eda2d55bad274a7a9395414b522
1ojq253,2025-10-30T04:07:52,Jake LaRavia Tonight 27pts 10 11 5 6 from 3 8 Reb 2 Ast,,MamiTarantina,646,1.0,40,False,False,https://reddit.com/r/lakers/comments/1ojq253/jake_laravia_tonight_27pts_1011_56_from_3_8_reb_2/,https://i.redd.it/di73lintb6yf1.jpeg,lakers,APPRECIATION,False,i.redd.it,https://b.thumbs.redditmedia.com/MxdOjCU6dtPjcQEWUEpy0B2Mt1gGcbcQYm3KIjH8rsw.jpg
1ojq1qx,2025-10-30T04:07:18,AUSTIN REAVES FOR THE GAME,,mastermind208,609,0.99,48,False,False,https://reddit.com/r/lakers/comments/1ojq1qx/austin_reaves_for_the_game/,https://i.redd.it/sv415wxpb6yf1.png,lakers,,False,i.redd.it,https://b.thumbs.redditmedia.com/Dy3u35H8nQ1Hm8m6R_Rg_uQhZAApFMKWuCCY3FYc5SQ.jpg
1ojq1py,2025-10-30T04:07:16,Lakers win...,,KarrotMovies,115,1.0,4,False,False,https://reddit.com/r/lakers/comments/1ojq1py/lakers_win/,https://i.redd.it/3lip1zzob6yf1.jpeg,lakers,POST GAME,False,i.redd.it,https://b.thumbs.redditmedia.com/xsJBTE73BxNEFoSxP7wv-Y5Ep-KS9zs-MROqDRunTXM.jpg
1ojq1ne,2025-10-30T04:07:10,OMFG the GOAT came through!!!!,,AdorableBackground83,155,1.0,9,False,False,https://reddit.com/r/lakers/comments/1ojq1ne/omfg_the_goat_came_through/,https://i.redd.it/qsntt5apb6yf1.jpeg,lakers,,False,i.redd.it,https://a.thumbs.redditmedia.com/ODRcp9eVpsxttriT7Ygmti9sGTQi5HoH6IgDfuHzOp8.jpg
1ojq1j8,2025-10-30T04:07:01,"Post Game Thread NBA The Lakers defeat the Timberwolves on Oct 29, 2025, the final score is 115 116.",This post contains content not supported on old Reddit. Click here to view the full post,basketball-app,878,0.98,652,False,True,https://reddit.com/r/lakers/comments/1ojq1j8/post_game_thread_nba_the_lakers_defeat_the/,https://www.reddit.com/r/lakers/comments/1ojq1j8/post_game_thread_nba_the_lakers_defeat_the/,lakers,,False,self.lakers,self
1ojq1e3,2025-10-30T04:06:47,WHITE BOY WEDNESDAY,,beanandcheesetacos,141,0.99,9,False,False,https://reddit.com/r/lakers/comments/1ojq1e3/white_boy_wednesday/,https://i.redd.it/4sxf51qmb6yf1.jpeg,lakers,,False,i.redd.it,https://b.thumbs.redditmedia.com/zser4D3iDDqc15kzKoQZWnH5WZP0ScrXKYQpuz55kmU.jpg
1ojpw5h,2025-10-30T03:59:12,Luka showing love to Jake,,Parking-Number1795,126,0.98,4,False,False,https://reddit.com/r/lakers/comments/1ojpw5h/luka_showing_love_to_jake/,https://i.redd.it/o0m7jpy9a6yf1.jpeg,lakers,,False,i.redd.it,https://b.thumbs.redditmedia.com/GKn9UxVN24E86laFTmxmbznE2RdA8QVJFtNDmylnKlU.jpg
1ojpo5k,2025-10-30T03:47:16,Defensive Dime Piece,"Take note if you haven't noticed. Jake LaRavia is having a great game all around but more noticeably on defense. He is everywhere... Deflections, Steals, getting in the passing lanes and houding dudes and rebounding. This is a great sign for him,his confidence and the Lakers.",iamwyzemusic,23,1.0,1,False,False,https://reddit.com/r/lakers/comments/1ojpo5k/defensive_dime_piece/,https://www.reddit.com/r/lakers/comments/1ojpo5k/defensive_dime_piece/,lakers,,False,self.lakers,self
1ojp8s9,2025-10-30T03:25:30,How I feel today,,imin2099,86,0.96,13,False,False,https://reddit.com/r/lakers/comments/1ojp8s9/how_i_feel_today/,https://i.redd.it/g8r4jxi946yf1.jpeg,lakers,,False,i.redd.it,https://a.thumbs.redditmedia.com/_MtPRlMcXxWvuSdHO9kQ_ep-boRTNUA-ZBY7iF3u_l4.jpg
1ojp8fu,2025-10-30T03:24:59,"I've seen enough... Austin, Jake, and Ayton are the new Lakers big 3. Move along Luka and Lebron",,Few_Prune_1436,62,0.9,1,False,False,https://reddit.com/r/lakers/comments/1ojp8fu/ive_seen_enough_austin_jake_and_ayton_are_the_new/,https://i.redd.it/vueok9s546yf1.jpeg,lakers,GAME,False,i.redd.it,https://b.thumbs.redditmedia.com/0ycQMS-MsgIYtckrAWWqBAPnL7UpjVN75jH5zItLiVQ.jpg
1ojp4an,2025-10-30T03:19:12,Charmeleon deflects the pass and then Charizard finds Charmander for the alley oop!,,AdorableBackground83,363,0.98,21,False,False,https://reddit.com/r/lakers/comments/1ojp4an/charmeleon_deflects_the_pass_and_then_charizard/,https://v.redd.it/nugxvkx436yf1,lakers,,True,v.redd.it,https://external-preview.redd.it/NWNjaTN3djQzNnlmMXS5bMptvK0xRp6NDyma_7Pfw3tzhJtzcf0hthR9Jw5b.png?width=140&amp;height=79&amp;format=jpg&amp;auto=webp&amp;s=64dd4adc2204920510de19a204efc7cd70f57ea9
1ojoyd6,2025-10-30T03:10:51,McLovin IS LIGHTING THE WOLVES UP,,herpes_for_free,101,0.99,10,False,False,https://reddit.com/r/lakers/comments/1ojoyd6/mclovin_is_lighting_the_wolves_up/,https://i.redd.it/ka4wyten16yf1.jpeg,lakers,GAME,False,i.redd.it,https://b.thumbs.redditmedia.com/BMqQY5Zb4mKok-ue7w64_M3tHsLFzIDC88AIUnM0J-M.jpg
1ojoxn5,2025-10-30T03:09:53,LaRavia on Fire,,Relevant-Ad6983,74,0.97,8,False,False,https://reddit.com/r/lakers/comments/1ojoxn5/laravia_on_fire/,https://i.redd.it/26awut5h16yf1.jpeg,lakers,GAME,False,i.redd.it,https://a.thumbs.redditmedia.com/qYJUfF2Ql0YM9PsNVbI01A69yZnCOaCu4UWxPCwb6I0.jpg
1ojo150,2025-10-30T02:25:08,They're guarding reaves like he's curry,I better not see anyone complaining about his free throws this time when he can't pass the court without being double teamed,Few_Prune_1436,659,0.99,54,False,False,https://reddit.com/r/lakers/comments/1ojo150/theyre_guarding_reaves_like_hes_curry/,https://i.redd.it/nxd8lrpgt5yf1.jpeg,lakers,GAME,False,i.redd.it,https://b.thumbs.redditmedia.com/quhTp1GzpBMeZhpH7VMGKyT-cldZhumQKMDB6n-lQZw.jpg
1ojlwsv,2025-10-30T00:46:46,Pelinka in the house tonight,,pint_of_popov,94,0.98,20,False,False,https://reddit.com/r/lakers/comments/1ojlwsv/pelinka_in_the_house_tonight/,https://i.redd.it/qvq9brwxb5yf1.jpeg,lakers,,False,i.redd.it,https://b.thumbs.redditmedia.com/YKkdJOC4pwUf5g11pxzdrBWzCvHBjyF7KlQdezHu70E.jpg
1ojlkj4,2025-10-30T00:30:45,"Game Thread Minnesota Timberwolves vs Los Angeles Lakers Live Score NBA Oct 29, 2025",This post contains content not supported on old Reddit. Click here to view the full post,basketball-app,143,1.0,3680,False,False,https://reddit.com/r/lakers/comments/1ojlkj4/game_thread_minnesota_timberwolves_vs_los_angeles/,https://www.reddit.com/r/lakers/comments/1ojlkj4/game_thread_minnesota_timberwolves_vs_los_angeles/,lakers,,False,self.lakers,self
1ojl3bc,2025-10-30T00:09:16,"Luka is expected to be back within the next couple of games, LeBron is eyeing a return the second or third week of November",,CtrlAltDelightfull,304,1.0,45,False,False,https://reddit.com/r/lakers/comments/1ojl3bc/luka_is_expected_to_be_back_within_the_next/,https://i.redd.it/6xwo395955yf1.jpeg,lakers,,False,i.redd.it,https://a.thumbs.redditmedia.com/-4BteOilYR67OvKBgl_-NnCWWi_wJz0dgzJk_Mrcqq0.jpg
1ojkv3j,2025-10-29T23:59:37,Lane Lakers announced they have assigned forward Adou Thiero to the South Bay Lakers.,"Demon's almost home, baby!",malxkry,333,0.99,45,False,False,https://reddit.com/r/lakers/comments/1ojkv3j/lane_lakers_announced_they_have_assigned_forward/,https://i.redd.it/8usywitb35yf1.png,lakers,PLAYER TALK,False,i.redd.it,https://b.thumbs.redditmedia.com/pzsuTxxM9ewuGjztc-1yBobKtiwJOhCEArrzAjLBIAY.jpg
1ojfcxs,2025-10-29T20:17:07,I love having a front row seat to greatness. AR on Luka,"via thelakersuniversity on Insta They troll each other but they are so supportive of each other, I LOVE IT. Rob you better not ever split up our boys or else.",Puzzled_Plate294,597,0.99,56,False,False,https://reddit.com/r/lakers/comments/1ojfcxs/i_love_having_a_front_row_seat_to_greatness_ar_on/,https://v.redd.it/q9rfqaztz3yf1,lakers,,True,v.redd.it,https://external-preview.redd.it/eGN4ZGJ0d3R6M3lmMdYDGzoFQg7b3X0CGlcECsCa4qidQmvUmwT77sm95TiY.png?width=140&amp;height=140&amp;format=jpg&amp;auto=webp&amp;s=6d55a56b8fc0abe4a57b808a7c4b798ac91af2fe
1ojec9k,2025-10-29T19:38:21,"I'm Yaron Weitzman, NBA reporter and author of A HOLLYWOOD ENDING THE DREAMS AND DRAMA OF THE LEBRON LAKERS that new book that's out on the LeBron era . AMA...","Hey all, I'm the author of a new book on the LeBron Lakers era you can see it here If you've seen some of the headlines about a Will Smith meeting, or a lawsuit threat, well, that's this. I spent three years on this project, interviewed about 300 people. Players, coaches, executives, agents, managers, friends, friends of friends, etc. I'm going to be doing an AMA here from 5 6, but figured I'd get a post up a bit early to make it easier for everyone and to hopefully allow me to get to some more questions. Would love to answer anything you guys are wondering, whether about the book, the reporting process, the LeBron era, the current team, etc. Thanks for the time here, and looking forward to chatting more",YaronWeitzman,0,0.44,93,False,False,https://reddit.com/r/lakers/comments/1ojec9k/im_yaron_weitzman_nba_reporter_and_author_of_a/,https://www.reddit.com/r/lakers/comments/1ojec9k/im_yaron_weitzman_nba_reporter_and_author_of_a/,lakers,,False,self.lakers,self
1ojdlhs,2025-10-29T19:10:21,LeBron Feb 2025 Kia Player of the Month Pre Groin injury,"Been a lot of talk in this sub but this is a reminder of who we have coming back in 3 weeks to help Luka and AR. After the groin injury, he didn t get enough time to really recover so in the Playoffs he looked nothing like this. Player of the month in the West at age 40 may never ever happen again for anyone.",CryptoNite90,43,0.89,6,False,False,https://reddit.com/r/lakers/comments/1ojdlhs/lebron_feb_2025_kia_player_of_the_month_pregroin/,https://youtu.be/AwgOcaBrQ0w?si=Atxlz4HDlewGd6xC,lakers,HIGHLIGHTS,False,youtu.be,https://external-preview.redd.it/987ZMKL26aQib1LrjXmYJOcTxbNuSdbCrAMjYXlphKs.jpeg?width=140&amp;height=105&amp;auto=webp&amp;s=200218a7214a6a39f46bfa3c6fce4a9133327f41
1ojd2fe,2025-10-29T18:50:43,South Bay Lakers Training Camp Roster,South Bay just traded for Drew Timme which is a move I actually love. I think he's got really solid 3rd big potential and I'd frankly give him Koloko's 2 way right now. It is absolutely baffling not seeing Nate Williams on this roster after he got so much time in the pre season. Baffling. I'm really interested to see what Marciulionis looks like once he gets going. I'm an Arthur Kaluma fan so I hope he gets burn as well. Good to see RJ Davis make it o SB too. Edit jsun points out they traded Williams for Timme so there you go,nottherealstanlee,20,0.88,47,False,False,https://reddit.com/r/lakers/comments/1ojd2fe/south_bay_lakers_training_camp_roster/,https://i.redd.it/8yvjdaqyj3yf1.jpeg,lakers,,False,i.redd.it,https://b.thumbs.redditmedia.com/YFCJzTl2mVGGaiZmfgnLKLguB_FQsaD658FCEuKJsIE.jpg
1ojcm1r,2025-10-29T18:33:49,"Hayes upgraded to available, smart downgraded to out",,CtrlAltDelightfull,231,0.99,71,False,False,https://reddit.com/r/lakers/comments/1ojcm1r/hayes_upgraded_to_available_smart_downgraded_to/,https://i.redd.it/pcxwykmeh3yf1.jpeg,lakers,,False,i.redd.it,https://b.thumbs.redditmedia.com/_2tNJiXZPaOuHd_WIyUwRb3v74SxXym4OSW-MOwhTvc.jpg
1ojbnp1,2025-10-29T17:58:31,Skip Bayless on Austin Reaves The greatest undrafted player ever and Kobe esque,,lolBaldy,67,0.71,93,False,False,https://reddit.com/r/lakers/comments/1ojbnp1/skip_bayless_on_austin_reaves_the_greatest/,https://www.youtube.com/watch?v=QQejtq9mFw0,lakers,VIDEO,False,youtube.com,https://external-preview.redd.it/SLNSz7M4adbp8-9jgj1ugwqLijWzUFz-cwhYL0KlyvQ.jpeg?width=140&amp;height=105&amp;auto=webp&amp;s=9d53d47a5477e2080b237d21e8d5bf66fc160471
1ojaj41,2025-10-29T17:17:38,Visiting Dallas so of course I had to go full Laker apparel for the airport fit,,jonbemerkin,228,0.95,22,False,False,https://reddit.com/r/lakers/comments/1ojaj41/visiting_dallas_so_of_course_i_had_to_go_full/,https://i.redd.it/0qqcz7vs33yf1.jpeg,lakers,,False,i.redd.it,https://b.thumbs.redditmedia.com/7nC3HVm5NvdhrooQuKDleXNfQx2FEP0n7qqOfJQqWhA.jpg
1ojabhm,2025-10-29T17:09:56,"Jackson Derek Fisher as coach was a mistake, NYK job cost him his romantic relationship with Jeanie","Jackson addresses other aspects of his Knicks tenure in the book, saying the hiring of Derek Fisher as coach was a mistake because he wasn't ready to coach and saying the job cost him his romantic relationship with Lakers owner Jeanie Buss. She got pressure from the league because they worried about the idea of collusion that could happen between an owner and a president, Jackson said.",Revolutionary_Web145,149,0.96,42,False,False,https://reddit.com/r/lakers/comments/1ojabhm/jackson_derek_fisher_as_coach_was_a_mistake_nyk/,https://www.espn.com/nba/story/_/id/46768636/phil-jackson-unfixable-carmelo-relationship-led-knicks-exit,lakers,,False,espn.com,https://external-preview.redd.it/NEmKWgzlgh7VTjSu96ag98ClVnS-8TFjx4h61uFP6d0.jpeg?width=140&amp;height=78&amp;auto=webp&amp;s=c9f759460d45a6a64ce30fba004fa3774ba65696
1oj9nln,2025-10-29T16:45:39,Robert Horry Reveals How He Helped Shaq Relax at the Free Throw Line Sports Condensed,,SadTrainer6335,9,0.84,6,False,False,https://reddit.com/r/lakers/comments/1oj9nln/robert_horry_reveals_how_he_helped_shaq_relax_at/,https://sportscondensed.com/news/robert-horry-reveals-how-he-helped-shaq-relax-at-the-free-throw-line,lakers,,False,sportscondensed.com,https://external-preview.redd.it/Efnf6hh090_Rgze6TFnmnnOJR1QgxHJ--1-xauD3Q0c.jpeg?width=140&amp;height=78&amp;auto=webp&amp;s=2b87e3b98e633ed6b632ca5f336e0e0f32a7f9e3
1oj812g,2025-10-29T15:45:29,"JJ Redick on his talk with Austin Reaves in the offseason It's as much Austin's team as it is LeBron's team or Luka's team. I told him he's out of excuses. You're no longer the undrafted guy who's a young player. You're one of the guys now. Every day, he's willing to be coached. It's been awesome",,shreeharis,1860,0.99,52,False,False,https://reddit.com/r/lakers/comments/1oj812g/jj_redick_on_his_talk_with_austin_reaves_in_the/,https://v.redd.it/m2m870jcn2yf1,lakers,,True,v.redd.it,https://external-preview.redd.it/MmZia2tlaWNuMnlmMbidOysQyoNH1-J7HFvQ7mYbaPT00q1ZrwDcIasIyMe0.png?width=140&amp;height=78&amp;format=jpg&amp;auto=webp&amp;s=caaba1bc68dea3013199de5735f40a1426ac0bd3
1oj7igv,2025-10-29T15:26:03,"With Luka, Ant, and Lebron out, I hope Reaves is the better one out of these 2!",,Particular-Cloud-599,206,0.99,53,False,False,https://reddit.com/r/lakers/comments/1oj7igv/with_luka_ant_and_lebron_out_i_hope_reaves_is_the/,https://i.redd.it/nnz2yf9wj2yf1.png,lakers,PLAYER TALK,False,i.redd.it,https://b.thumbs.redditmedia.com/oESKAFt0e9_MGRXl7D4NSejhxGP005ZdPFSRMEQ4f7o.jpg
1oj5brl,2025-10-29T14:00:48,Daily Lakers Discussion Thread,Lakers season is back! Talk about whatever you want.,AutoModerator,12,1.0,64,False,False,https://reddit.com/r/lakers/comments/1oj5brl/daily_lakers_discussion_thread/,https://www.reddit.com/r/lakers/comments/1oj5brl/daily_lakers_discussion_thread/,lakers,,False,self.lakers,self
1oj2zzf,2025-10-29T12:20:19,Lakers City Edition jersey debut,Lakers will be wearing their 25 26 City Edition jerseys vs the Jazz on Nov. 18th. First time we will be seeing Luka in a black Lakers jersey.,Unfair_March_1501,28,0.84,38,False,False,https://reddit.com/r/lakers/comments/1oj2zzf/lakers_city_edition_jersey_debut/,https://i.redd.it/n0fyy4qrm1yf1.jpeg,lakers,NEWS,False,i.redd.it,https://b.thumbs.redditmedia.com/SIavyWUUG63Fy_Fqa95Bz3Go1m7d2CrtmWgK9K0gUoA.jpg
1oj2wxe,2025-10-29T12:16:20,Players with the highest career usage in NBA history,These are the players with the highest career usage percentage in NBA history. And it's pretty shocking to see how high Luka Doncic is on this list compared to some of the GOATs. Usage percentage is an estimate of the percentage of team plays used by a player while he was on the floor. C sogbasketball,catmeow808,384,0.98,70,False,False,https://reddit.com/r/lakers/comments/1oj2wxe/players_with_the_highest_career_usage_in_nba/,https://i.redd.it/qtc74aj1m1yf1.jpeg,lakers,PLAYER TALK,False,i.redd.it,https://b.thumbs.redditmedia.com/y4SPGIuPO0Z3fkEnNTKOTa926eZuYTeJVXKfO_JBWFw.jpg
1oizcwu,2025-10-29T08:52:40,NYT Lakers discussed whether Luka might have been able to play vs Kings,"A tidbit from the NYT piece about NBA and injury reporting. This gives me hope he won t miss past a week. In Don i s case, for example, even the smallest chance that he might have been able to push through and play in Sunday night s game might compel a team to delay its reporting. Per a team source, the Lakers and Don i did, in fact, discuss the prospect of him taking the one hour flight on Sunday from Los Angeles to Sacramento to play before they ultimately decided against it. The source also added that they were in touch with the NBA about the situation throughout the process. As it stands, Don i is now expected to miss at least four games with these injuries the Lakers have games against Portland, Minnesota and Memphis within that one week timeline .",rosiros,70,0.94,21,False,False,https://reddit.com/r/lakers/comments/1oizcwu/nyt_lakers_discussed_whether_luka_might_have_been/,https://www.reddit.com/r/lakers/comments/1oizcwu/nyt_lakers_discussed_whether_luka_might_have_been/,lakers,,False,self.lakers,self
1ojvw1d,2025-10-30T10:20:06,This one aged like milk,,bigbadbernard,1,1.0,0,False,False,https://reddit.com/r/lakers/comments/1ojvw1d/this_one_aged_like_milk/,https://v.redd.it/l401zml1glwf1,lakers,PLAYER TALK,False,v.redd.it,https://external-preview.redd.it/RmFoAWHze6Wb6hdgz2yFs5mojiR-3JmDy4K4OCnWx4k.png?width=140&amp;height=73&amp;auto=webp&amp;s=6f560740ad4d77a7f8857497d97a0ce086a5611d
1ojvrqo,2025-10-30T10:12:53,Jake Laravia nickname,"I think his defense especially on athletic guards is serviceable. Not game changing. But today, he stepped up big time. Hyper efficient game. Every single point mattered. Time to give him a monicker. The Kingdom . What do you guys think?",not4hookups,3,1.0,1,False,False,https://reddit.com/r/lakers/comments/1ojvrqo/jake_laravia_nickname/,https://www.reddit.com/r/lakers/comments/1ojvrqo/jake_laravia_nickname/,lakers,,False,self.lakers,self
1ojvqan,2025-10-30T10:10:30,Austhim reaves,Nothing more needed to say. That is going to be my new nickname for him from now on. We got 3 legit first options. Excited for when lebron and luka come back,Financial-Monk9400,1,1.0,0,False,False,https://reddit.com/r/lakers/comments/1ojvqan/austhim_reaves/,https://www.reddit.com/r/lakers/comments/1ojvqan/austhim_reaves/,lakers,,False,self.lakers,self
1ojvloe,2025-10-30T10:03:03,LA team only needs few minor changes,"Whether this team will add someone by the trade deadline or not.. This team only needs minor changes! I hope even after Bron retires, we can get two good role players, rather that one allstar except if it complements Luka and Reaves so well it would be a no brainer to get him. Otherwise I am against this so called superteams, where all the big names are.. But have miserable result in comparison to other young teams.. So.. If I hear Durant wants to come.. Hell NO! But we need to pay Ayton and Reaves and extend them. But I think core team is set.",NoTimeForFame,2,1.0,1,False,False,https://reddit.com/r/lakers/comments/1ojvloe/la_team_only_needs_few_minor_changes/,https://www.reddit.com/r/lakers/comments/1ojvloe/la_team_only_needs_few_minor_changes/,lakers,,False,self.lakers,self
1ojwjie,2025-10-30T10:57:46,"What.. he F... was that, Vanderbilt? 07 02","A professional NBA player, in a regular season game, almost unconteated, throws the ball from the corner to the back of the board. How is this okay. It's either literal disability at this point or 0 effort to take the match seriously.",MurderDreams,2,1.0,0,False,False,https://reddit.com/r/lakers/comments/1ojwjie/what_he_f_was_that_vanderbilt_0702/,https://www.reddit.com/r/lakers/comments/1ojwjie/what_he_f_was_that_vanderbilt_0702/,lakers,,False,self.lakers,self
1ojw8gp,2025-10-30T10:40:11,"Highlight Jake LaRavia goes off 27 PTS, 10 11 FG, 5 6 3PT as Lakers beat Wolves",,Chemical-Glass-5841,7,1.0,0,False,False,https://reddit.com/r/lakers/comments/1ojw8gp/highlight_jake_laravia_goes_off_27_pts_1011_fg_56/,https://streamable.com/mdjnac,lakers,,False,streamable.com,https://external-preview.redd.it/3eS-FXF4svd3mEpo2P0w5E3IiUcs-EnHxiVkXGbYkMg.jpeg?width=140&amp;height=78&amp;auto=webp&amp;s=7d872c37cb415947db6b1a18c35c8c5ac0551c86
1ojwzvw,2025-10-30T11:22:32,Just wanted to amend this meme because AR ain t a Charmeleon,"He s evolved into a fully fledged Charizard. Jake has been playing well, I d say he s earned the Charmeleon spot after last night s game. Shoutout to Knecht who had a nice game last night as well just need the 3 to come back",PureChef,48,0.98,6,False,False,https://reddit.com/r/lakers/comments/1ojwzvw/just_wanted_to_amend_this_meme_because_ar_aint_a/,https://i.redd.it/a6z7bsddh8yf1.jpeg,lakers,MEME,False,i.redd.it,https://a.thumbs.redditmedia.com/jPXg6l3q3hSCl6TC9GtW_fbTWosAQZb1fSGSZAT6Ng8.jpg
1ojwp9h,2025-10-30T11:06:11,How fortunate are the Lakers fans and why not every player has what it takes to play here,"Single game career highs as a Laker Stat Player Value Points Kobe Bryant 81 Rebs Wilt Chamberlain 55 Assists Magic Johnson 24 Steals Kobe Bryant 10 Blocks Kareem Abdul Jabbar 12 I feel like sometimes a few Lakers fans that arrived late to the party following their favorite players don't have a clue that it doesn't matter what they have seen, a long time Lakers fan probably have already seen more. A superstar need some serious balls to play here because the bar is set sky high for everything.",LudwigNasche,6,0.81,0,False,False,https://reddit.com/r/lakers/comments/1ojwp9h/how_fortunate_are_the_lakers_fans_and_why_not/,https://www.reddit.com/r/lakers/comments/1ojwp9h/how_fortunate_are_the_lakers_fans_and_why_not/,lakers,,False,self.lakers,self
1ojwnjv,2025-10-30T11:03:40,and Rui Hachimura flings AR's headband and his sweat into Marcus mouth,Austin Reaves Austin Reaves Austin Reaves Austin Reaves Austin Reaves Austin Reaves Austin Reaves Austin Reaves Austin Reaves Austin Reaves,RazmalakatazniaaaA,7,0.89,1,False,False,https://reddit.com/r/lakers/comments/1ojwnjv/and_rui_hachimura_flings_ars_headband_and_his/,https://www.reddit.com/r/lakers/comments/1ojwnjv/and_rui_hachimura_flings_ars_headband_and_his/,lakers,,False,self.lakers,self
1ojz04y,2025-10-30T12:58:34,Antonio Brown names his COTD,,EmiratesNBACupWinner,3,1.0,0,False,False,https://reddit.com/r/lakers/comments/1ojz04y/antonio_brown_names_his_cotd/,https://i.redd.it/rqabcp8iy8yf1.jpeg,lakers,,False,i.redd.it,https://b.thumbs.redditmedia.com/hJuQ5SPkag_Vpg-eowmnCAa5gcQF74RYhd1xbwiFtog.jpg
1ojyq6y,2025-10-30T12:46:25,Possible Cap Situation at 2026 Summer,"I am not an expert about cap, i will do a projection as much as i can. Thanks to Bryan Toporek from Silverscreenandroll, i get most of the info from what he wrote. If lebron stays and sign an max contract with us we dont have any cap space anyway, so i will do the projection like lebron leaves. We have only 6 players under contract for 2026 2027 season Doncic 49,8m Vanderbilt 12,4m Laravia 6m Knecht 4,2m Bronny 2,3m 1,3m guaranteed i guess and will be released probably for it after lebron leaves Adou Thiero 2,1m There are 3 players have a player option for next season Ayton 8,1m , Smart 5,4m , Reaves 14,9m . Reaves will opt out and probably sign a max contract with lakers looking the way he performs. His max contract are 5 years 247m. starting with 42,5m first year. His cap hold is 21m. If smart and ayton opt out we will have around 69m, If they opt in we will have around 55m cap. If smart and ayton performs at the level we expect, they will opt out and sign for more money longer contract with lakers or some other team. So i will assume they opt out for projection. So 2026 summer we will have 69m cap space and our roster will look like this Doncic, Reaves, Vanderbilt, Laravia, Knecht, Adou Thiero We need 3 starters sf, pf and center . We need at least one decent backup guard, we need at least one decent backup center and some rotation players for min contracts maybe. We can keep rui for 17 23m per year probably. We can probably keep ayton for around 35m 45m 3 years, we can use mle for him if we have mle. Or we can try to sign new players instead of them. There is a 2027 summer plan talk going around, i dont believe that at all. we will not have cap space at 2027 summer after 2026 summer signings. We need positive assets to trade for a star if we want an another star. So 2026 summer signings are very important. We have 69m cap space and possibly full mle looking at 2026 free agents who do you think can be good addition to our roster and a valuable trade asset for future?",Cheyenne______,1,1.0,2,False,False,https://reddit.com/r/lakers/comments/1ojyq6y/possible_cap_situation_at_2026_summer/,https://www.reddit.com/r/lakers/comments/1ojyq6y/possible_cap_situation_at_2026_summer/,lakers,,False,self.lakers,self
1ojyndm,2025-10-30T12:43:03,Kenny Smith called AR Austin Lin in the post game comparing him to Laker legend Jeremy Lin. Who would you rather start a franchise with?,Kenny never averaged more than 18 points a game on a season and his career high in points is 41. Kenny also won 2 championships alongside Hakeem Olajuwon in his career.,EmiratesNBACupWinner,1,0.57,2,False,False,https://reddit.com/r/lakers/comments/1ojyndm/kenny_smith_called_ar_austin_lin_in_the_post_game/,https://i.redd.it/ok2thfkqv8yf1.jpeg,lakers,,False,i.redd.it,https://b.thumbs.redditmedia.com/_-7po1nHi-eJj-FTc-_LKrjnYENkUrnHZJlTSmqYCpA.jpg
1ok0fx1,2025-10-30T13:57:48,Do you guys think OKC trying to trade for AR is a possibility?,"It seems like he'd fit right in with their young core honestly, I don't want AR to go but just hypothetically speaking what would you ask for in return?",lolBaldy,0,0.5,1,False,False,https://reddit.com/r/lakers/comments/1ok0fx1/do_you_guys_think_okc_trying_to_trade_for_ar_is_a/,https://www.reddit.com/r/lakers/comments/1ok0fx1/do_you_guys_think_okc_trying_to_trade_for_ar_is_a/,lakers,QUESTION,False,self.lakers,self
1ok07uj,2025-10-30T13:48:51,"Austin Reaves is the best player of the season, according to Real",Reaves has been a fucking killer. His counting stats will definitely go down once Luka is back but the narrative for Most Improved and All NBA is there. He s been MVP caliber this week honestly.,daddybronny,6,0.88,1,False,False,https://reddit.com/r/lakers/comments/1ok07uj/austin_reaves_is_the_best_player_of_the_season/,https://i.redd.it/987vr11h79yf1.jpeg,lakers,PLAYER TALK,False,i.redd.it,https://b.thumbs.redditmedia.com/hNm-lA6m8VMfMtgMcC1wEZd6ymJ2sGSTyWhk0WHE6Is.jpg
1ojzxcu,2025-10-30T13:37:09,LeBron's best role on the team?,"The last two weeks have made clear that, in Luka and AR, we have two of the best players in the league in leading the offense and carving up defenses. Once Luka returns, there is no reason why either or both of them can t be on the court at all times playing that role. That is basically the same offensive role that LeBron has been playing in the league for 20 years. Once LeBron returns to the court, what do you see as his best role on the team going forward?",markjay6,2,0.67,5,False,False,https://reddit.com/r/lakers/comments/1ojzxcu/lebrons_best_role_on_the_team/,https://www.reddit.com/r/lakers/comments/1ojzxcu/lebrons_best_role_on_the_team/,lakers,,False,self.lakers,self
1ojztir,2025-10-30T13:32:43,Julius Randle calling the Laker white boys Westlife,,Lionsault83,18,1.0,8,False,False,https://reddit.com/r/lakers/comments/1ojztir/julius_randle_calling_the_laker_white_boys/,https://i.redd.it/dr1xp9dl49yf1.jpeg,lakers,,False,i.redd.it,https://a.thumbs.redditmedia.com/e0l6zE35jQUSdtrdC1xaWqSv3LD3G8tSUYVWsCyKlc4.jpg
1ok232e,2025-10-30T15:01:48,"Players with 25 points, 15 assists and a game winning buzzer beater in the same game Magic Johnson, LeBron James, and now Austin Reaves","Source In 1989, Magic Johnson hit his 3rd career buzzer beater in a 118 116 win over the Suns. He also had 34 points and 18 assists In 2018, LeBron James hit his 5th career buzzer beater in a 140 138 win over the Wolves. He finished with 37 points and 15 assists",Basketball_Reference,3,0.8,0,False,False,https://reddit.com/r/lakers/comments/1ok232e/players_with_25_points_15_assists_and_a/,https://www.reddit.com/r/lakers/comments/1ok232e/players_with_25_points_15_assists_and_a/,lakers,STATS / ANALYTICS,False,self.lakers,self
1ok19of,2025-10-30T14:30:07,Redick calls Austin a bad dude,"What did he mean when he said AR is a bad dude ? In the postgame conference Redick also added you know, a bad again, I can t use certain words",ladystonys,24,1.0,5,False,False,https://reddit.com/r/lakers/comments/1ok19of/redick_calls_austin_a_bad_dude/,https://i.redd.it/y6rn62aue9yf1.jpeg,lakers,,False,i.redd.it,https://b.thumbs.redditmedia.com/sc5Nqp2-7hkqvDHxiiXpgRcn-mwdM6XVaaGhZyWrsZk.jpg
1ok19fd,2025-10-30T14:29:50,NBA University League leaders in Total Drives Drive FG,,WayAdministrative679,15,1.0,4,False,False,https://reddit.com/r/lakers/comments/1ok19fd/nba_university_league_leaders_in_total_drives/,https://i.redd.it/b467nohne9yf1.jpeg,lakers,STATS / ANALYTICS,False,i.redd.it,https://b.thumbs.redditmedia.com/JeL1fhe9PIuoK7XFdB6KCtAv_CzyKTuMAinueOLclCg.jpg
1ok14ez,2025-10-30T14:24:16,Austin Reaves is the first Laker to start a season with 5 STRAIGHT 25 PT games since Kobe Bryant in 2005,,catmeow808,56,1.0,7,False,False,https://reddit.com/r/lakers/comments/1ok14ez/austin_reaves_is_the_first_laker_to_start_a/,https://i.redd.it/wyvdvklsd9yf1.jpeg,lakers,PLAYER TALK,False,i.redd.it,https://b.thumbs.redditmedia.com/NbsSbZUu9kxc6ZORUqMSNF6bNrZtB9OPGC3lKdKfcXE.jpg
1ok0y3k,2025-10-30T14:17:24,No One Has Been Better At Attacking The Rim This Season Than Luka Doncic!,Best FG On Drives So Far In The 2025 26 NBA Regular Season Min. 30 Total Drives 1. Luka Doncic 85.0 2. Giannis Antetokounmpo 75.0 3. Victor Wembanyama 73.7 4. Zach LaVine 73.3 5. Payton Pritchard 72.2 6. Jalen Johnson 71.4 7. Jeremiah Fears 70.8 8. Austin Reaves 70.7 9. Jaime Jaquez Jr. 68.4,Stat-Defender,13,0.88,1,False,False,https://reddit.com/r/lakers/comments/1ok0y3k/no_one_has_been_better_at_attacking_the_rim_this/,https://i.redd.it/nbx4slfkc9yf1.jpeg,lakers,,False,i.redd.it,https://b.thumbs.redditmedia.com/AU7yhlJwjiftv36RqZwsC_MRDwBHEEO4-djwAptFGVU.jpg
1ok0j7l,2025-10-30T14:01:10,Daily Lakers Discussion Thread,Lakers season is back! Talk about whatever you want.,AutoModerator,5,1.0,12,False,True,https://reddit.com/r/lakers/comments/1ok0j7l/daily_lakers_discussion_thread/,https://www.reddit.com/r/lakers/comments/1ok0j7l/daily_lakers_discussion_thread/,lakers,,False,self.lakers,self
1ok35ca,2025-10-30T15:42:41,Lakers are a Matisse Thybulle away from being a championship contender,He's the defensive player they need. Portland's not going anywhere and it wouldn't cost much. Can you imagine Smart and Thybulle together? It would be tough to score on them.,WishOk462,0,0.29,2,False,False,https://reddit.com/r/lakers/comments/1ok35ca/lakers_are_a_matisse_thybulle_away_from_being_a/,https://www.reddit.com/r/lakers/comments/1ok35ca/lakers_are_a_matisse_thybulle_away_from_being_a/,lakers,,False,self.lakers,self
1ok34wo,2025-10-30T15:42:13,Have y all been seeing these AR Jeremy Lin comps?????,"There is no quicker way for me to lose any respect for these analysts than to hear some shit like this. My friend made this comment in our group chat and I fried him. Then I made the mistake of clicking a Stephen a clip hoping it was going to be bearable for once remind me to never make that mistake again and of course I hear him make the comment. And then I hear Kenny say the same thing.. I might expect that from Chuck, but Kenny?? There are a lot of airheads out there that need to keep AR s name OUT of their mouths. I will happily drop them off the same way AR did to Rudy and Dante last night.",Immediate-Line3327,5,0.86,6,False,False,https://reddit.com/r/lakers/comments/1ok34wo/have_yall_been_seeing_these_arjeremy_lin_comps/,https://www.reddit.com/r/lakers/comments/1ok34wo/have_yall_been_seeing_these_arjeremy_lin_comps/,lakers,,False,self.lakers,self
1ok2kxl,2025-10-30T15:20:47,"Hachimura I'm not gonna lie 3 years ago when I got traded here, I honestly didn't know about him Reaves . He was injured I think and he came back against the game against Milwaukee. He made that move on Giannis around the top it was a cross tween layup, and I was like Ooo he got it",,WayAdministrative679,12,1.0,2,False,False,https://reddit.com/r/lakers/comments/1ok2kxl/hachimura_im_not_gonna_lie_3_years_ago_when_i_got/,https://streamable.com/ddfiw5,lakers,PLAYER TALK,False,streamable.com,https://external-preview.redd.it/062hYKZv4AViOd6p1I4T7fDLRdqKseyVqgvNcS4dVwg.jpeg?width=140&amp;height=78&amp;auto=webp&amp;s=0edde035bbe6524b0b5775010d06110c52888563
1ok2jde,2025-10-30T15:19:10,"Jake LaRavia, DFS, AR and Dyson. Just some observations","So during the summer, Lakers fans lost their minds about not retaining DFS and instead going for a younger LaRavia. After game one, I saw a lot of hate and fans screaming for how badly the Lakers messed up the summer. And of course the fanbase was saying how badly we needed to trade AR. The AR and Luka can t be together was a common argument. Especially since AR was maybe a starter according to the haters. If you brought up that Luka and Kyrie went to the finals, they quickly pointed out AR is not close to Kyrie. And that s ignoring the fact that the point was that having two below average defenders can get you to the finals. A lot of fans really wanted an AR for Daniel Dyson trade. Dyson is struggling hard this early season and AR is having a fantastic start. So with all that being said, will Lakers fans just learn to enjoy the season.",Traditional-Goal-229,3,1.0,4,False,False,https://reddit.com/r/lakers/comments/1ok2jde/jake_laravia_dfs_ar_and_dyson_just_some/,https://www.reddit.com/r/lakers/comments/1ok2jde/jake_laravia_dfs_ar_and_dyson_just_some/,lakers,PLAYER TALK,False,self.lakers,self
1ok9r33,2025-10-30T19:49:32,Drew Timme highlights with some thoughts,"So I remember being into Timme as a late draft undrafted type of guy in 2023 and I wanted to see what he was good at in his short time last year. He had a torrid 9 game stretch lol where he showed some actual NBA skills. Now obviously this is a highlight video and so it doesn't show the problems very much, but you can see what he is good at since it is ostensibly his best plays. First thing that pops out to me he is a solid passer. I remember that from his college days and it translates decently in the NBA as a connector at the next level. For this team specifically, we utilize our bigs right now not as facilitators but as secondary passers off short roll actions. I think he can really excel there. Second thing he has a nice little floater push shot at the FT line which is a good fit for this team as well as they adjust to what Ayton prefers does well. Timme can really be a short roll guy in this offense if Ayton missed time. Third thing he needs work on his screens, needs to be more physical. He often turns too early and on this team that will get called as an offensive foul think Hayes . Fourth thing he has very good positional awareness in those short roll actions. He knows how to keep the passing window open for his guard. I think with this team that would fit really well with Austin and Luka specifically. I think his limited athleticism makes him probably a little less ideal with LeBron, but obviously it's LeBron lol So that's mostly what I think he looks good at. I know he has some possible utility as a stretch big, but I'm not even counting on that development even if it's totally within reason if he develops more. He obviously is also not a defender and needs to be hidden on that end really. His athleticism is poor. I would be very tempted to give him the 2 way slot that Koloko has right now. If Ayton misses any time, Timme could really fit decently as a 3rd string type of big.",nottherealstanlee,1,1.0,0,False,False,https://reddit.com/r/lakers/comments/1ok9r33/drew_timme_highlights_with_some_thoughts/,https://www.youtube.com/watch?v=betwxU4fAfw,lakers,Highlights,False,youtube.com,https://external-preview.redd.it/0PPizrYNVFA611c79DhviU_kRDAzaHB4FT5F7tsPk-0.jpeg?width=140&amp;height=105&amp;auto=webp&amp;s=05a00a2f1881d45e2ad56cc74d7fc64f62fa9ce3
1ok9qrz,2025-10-30T19:49:11,Austin shares wining photo with the caption Family,,Pristine_Hurry_4693,2,1.0,2,False,False,https://reddit.com/r/lakers/comments/1ok9qrz/austin_shares_wining_photo_with_the_caption_family/,https://i.redd.it/nuialzdrzayf1.jpeg,lakers,,False,i.redd.it,https://a.thumbs.redditmedia.com/Iao3cjt4pZ3T5HUq5fFMjwFumMIDywnEBn0qjNkd0f4.jpg
1ok9ht2,2025-10-30T19:39:23,"Coach Redick The reality is, we are not a free flowing, motion, get the ball across halfcourt in 3 seconds we try to look for opportunities to do that, that's just not who we are, we're a slower team... the reality is, guys like Jake , Gabe, Rui, it's a bit of an adjustment with our personnel",,sewsgup,7,1.0,0,False,False,https://reddit.com/r/lakers/comments/1ok9ht2/coach_redick_the_reality_is_we_are_not_a/,https://v.redd.it/pn16tzm1xayf1,lakers,,True,v.redd.it,https://external-preview.redd.it/MTdzemd6bTF4YXlmMRI6X3EToJHq0kvNKmKe49HB9aV0RQ2V_0QnJVdmRoz4.png?width=140&amp;height=78&amp;format=jpg&amp;auto=webp&amp;s=91be0fe309f06df821138c3a53bf6f005a859670
1ok93fz,2025-10-30T19:23:55,Mark Walter officially acquires majority stake of Lakers,"The Los Angeles Lakers are one of the most iconic franchises in all of sports, defined by a history of excellence and the relentless pursuit of greatness, Walter said in a statement released by the team. Few teams carry the legacy and global influence of the Lakers, and it s a privilege to work alongside Jeanie Buss as we maintain that excellence and set the standard for success in this new era, both on and off the court.",hercules0003,9,1.0,2,False,False,https://reddit.com/r/lakers/comments/1ok93fz/mark_walter_officially_acquires_majority_stake_of/,https://i.redd.it/kp4mvjc9vayf1.jpeg,lakers,NEWS,False,i.redd.it,https://b.thumbs.redditmedia.com/NC3RbnhdvLr1HWt6E7OIdzQeWoTmSsOLHdvlPXiE95M.jpg
1ok8rg7,2025-10-30T19:11:23,Just having some fun here.,,ItsRainingBoats,19,0.95,2,False,False,https://reddit.com/r/lakers/comments/1ok8rg7/just_having_some_fun_here/,https://i.redd.it/z1gy2xp0tayf1.jpeg,lakers,FAN ART,False,i.redd.it,https://b.thumbs.redditmedia.com/LU_CHj9ns1O975glFYa3q_TL18JLXMNHX41zC7EqB9Q.jpg
1ok7pug,2025-10-30T18:32:01,"Just to remind you all, LA's his city, and ain't nobody is gonna trade HIM.",,Hyderabadi__Biryani,64,0.93,10,False,False,https://reddit.com/r/lakers/comments/1ok7pug/just_to_remind_you_all_las_his_city_and_aint/,https://i.redd.it/fw21rlvzlayf1.jpeg,lakers,PLAYER TALK,False,i.redd.it,https://b.thumbs.redditmedia.com/_8tLt8TEzA3OAMLSBosfXHf_5B7shiJzY29V7qbKwCQ.jpg
1ok7nmh,2025-10-30T18:29:43,How good is austin reaves top x?,So I was thinking about this today. He is most similar to brunson imo. Brunson on most peoples list is top 10 to top 15 depending on who you ask. I know this season has been short so putting him higher than brunson is still a bit hard right now although so far this season he definately has been better. Wondering what other people think View Poll,Financial-Monk9400,2,1.0,4,False,False,https://reddit.com/r/lakers/comments/1ok7nmh/how_good_is_austin_reaves_top_x/,https://www.reddit.com/r/lakers/comments/1ok7nmh/how_good_is_austin_reaves_top_x/,lakers,,False,self.lakers,self
1ok7gda,2025-10-30T18:22:15,Mike Breen missed out on a classic Bang! on that AR buzzer beater.,If any play deserved a Bang! that was it man. He owed it to AR on that one. It was such a perfect buzzer beater with the swish! This would have been a great one for the Breen highlight reel.,thoseWurTheDays,0,0.44,5,False,False,https://reddit.com/r/lakers/comments/1ok7gda/mike_breen_missed_out_on_a_classic_bang_on_that/,https://www.reddit.com/r/lakers/comments/1ok7gda/mike_breen_missed_out_on_a_classic_bang_on_that/,lakers,POST GAME,False,self.lakers,self
1ok7f6j,2025-10-30T18:21:02,Reaves response to Luka's tweet,,denobino,93,0.99,9,False,False,https://reddit.com/r/lakers/comments/1ok7f6j/reaves_response_to_lukas_tweet/,https://v.redd.it/w9024ukvjayf1,lakers,VIDEO,True,v.redd.it,https://external-preview.redd.it/N2YwZ3J0a3ZqYXlmMcWXJeZfMcewY2dAsXG5fVyMLAxb1MISu60pNwyl3NaC.png?width=140&amp;height=140&amp;format=jpg&amp;auto=webp&amp;s=124435d6ffb246b95234c90a912c6a12625f7c90
1ok78rw,2025-10-30T18:14:20,Remember when people were actually debating whether Austin Reaves or Tyler Herro was the better player?,"Those old debates about who s better, Austin or Herro or god forbid, people saying Podz of all people was better Those convos seem so goofy now",waccedoutfurbies,12,1.0,7,False,False,https://reddit.com/r/lakers/comments/1ok78rw/remember_when_people_were_actually_debating/,https://www.reddit.com/r/lakers/comments/1ok78rw/remember_when_people_were_actually_debating/,lakers,,False,self.lakers,self
1ok6gs7,2025-10-30T17:45:31,"Lakers The camaraderie that we have, that we ve built in a short period of time, has been great. AR",,maestroxjay,423,1.0,47,False,False,https://reddit.com/r/lakers/comments/1ok6gs7/lakers_the_camaraderie_that_we_have_that_weve/,https://v.redd.it/ajbmv5sodayf1,lakers,,True,v.redd.it,https://external-preview.redd.it/aG94bWkwdW9kYXlmMRp1HBC7liwPXCFrRgVcSuPlJiv0FGUIcZQVuTFqDhpW.png?width=140&amp;height=140&amp;format=jpg&amp;auto=webp&amp;s=a23895d9b5fcecfb71ccd7ee77c99883e8f1cd5e
1ok67je,2025-10-30T17:35:59,ESPN s net points system that tells you the amount of points a player adds to your team in a game,"This chart tells you on average in a game how much a player impacts the score of the game. For e.g. SGA adds 28 points to his team s score in a game. If OKC wins a game by 2, without him they would have lost by 26. Look who s the best offensive player in the league and it s not even close.",Comprehensive-Ad6687,16,0.94,14,False,False,https://reddit.com/r/lakers/comments/1ok67je/espns_net_points_system_that_tells_you_the_amount/,https://i.redd.it/vxi8vhtzbayf1.jpeg,lakers,,False,i.redd.it,https://b.thumbs.redditmedia.com/2FGlfjbXhndn73uHEM2HJ9q7QEifqjU4eiXQzXjVw0U.jpg
1ok61rq,2025-10-30T17:30:04,Vando on IG Knew he was going crazy when he pulled up to the bus like B Rabbit,,CtrlAltDelightfull,878,0.99,44,False,False,https://reddit.com/r/lakers/comments/1ok61rq/vando_on_ig_knew_he_was_going_crazy_when_he/,https://v.redd.it/2a71mhzxaayf1,lakers,SOCIAL MEDIA,True,v.redd.it,https://external-preview.redd.it/a2U5OWJjdnhhYXlmMRWxZDrdfVmdNhYkQAV0m6xDg0ZebVFsczAJIfzE_DI8.png?width=140&amp;height=140&amp;format=jpg&amp;auto=webp&amp;s=b510678cb7518c2ae035b572905e494374cfbf32
1ok5ety,2025-10-30T17:06:10,"AR top 5 in WS, BPM, and VORP this season",,Chao_607,23,1.0,1,False,False,https://reddit.com/r/lakers/comments/1ok5ety/ar_top_5_in_ws_bpm_and_vorp_this_season/,https://i.redd.it/7lehyhxn6ayf1.png,lakers,,False,i.redd.it,https://b.thumbs.redditmedia.com/TLVsIfBGo-N-fCMDHSa-465ep2Elm1rsLoKXTgIwF1o.jpg
1ok5c7x,2025-10-30T17:03:24,ART 15,,JB23808,20,0.81,2,False,False,https://reddit.com/r/lakers/comments/1ok5c7x/art15/,https://i.redd.it/53jht1t66ayf1.jpeg,lakers,,False,i.redd.it,https://b.thumbs.redditmedia.com/2HRCycWJsJ0GZ5PGQ_jRN_1_UuYbWFpXMZ8NlkFRICE.jpg
1ok4tpv,2025-10-30T16:44:32,Watch C.Finch calling a timeout at the buzzer beater,,Nykeeo,54,0.91,25,False,False,https://reddit.com/r/lakers/comments/1ok4tpv/watch_cfinch_calling_a_timeout_at_the_buzzer/,https://v.redd.it/inabra7t2ayf1,lakers,,True,v.redd.it,https://external-preview.redd.it/YTNhYmNpeHMyYXlmMQ49ixgrafzsLpqbh8fP--PH3Gd8-brg1aiZX2_nIwk3.png?width=140&amp;height=140&amp;format=jpg&amp;auto=webp&amp;s=5cf653e88fcc3b77061014f3e307802c837ae589
1ok4ouj,2025-10-30T16:39:37,After these 2 T'Wolves games I'm convinced....,"...that if we had a functional center even just of Ayton's quality, we would've won the series in the playoffs last year. In the two T'Wolves matchups here are the numbers Ayton 16 PPG, 9 RPG, 68 FG 15 22 , OFRTG 121, DFRTG 116 Gobert 5.5 PPG, 6.5 RPG, 71 FG 5 7 , OFRTG 122, DFRTG 130.5 Gobert is being put in drop coverage and because Ayton can make those in the paint floaters and short jumpers off the short roll, Gobert can't block any shots. Needless to say his effect on the the defensive end, keeping Gobert off the offensive boards has been shown even in this small sample size. Considering how close games 3 4 of the series were last season, where one or two possessions could've swung the game, I'm safe in making this call.",hplalakrs20012010,27,0.91,23,False,False,https://reddit.com/r/lakers/comments/1ok4ouj/after_these_2_twolves_games_im_convinced/,https://www.reddit.com/r/lakers/comments/1ok4ouj/after_these_2_twolves_games_im_convinced/,lakers,,False,self.lakers,self
1ok48dm,2025-10-30T16:22:29,looking ahead to trade deadline...do you think will be buyers ?,i know the lakers won't do anything thing crazy to harm their future....but curious if there's anything you think we would do once the trade deadline approaches,No_Notice_1661,0,0.38,17,False,False,https://reddit.com/r/lakers/comments/1ok48dm/looking_ahead_to_trade_deadlinedo_you_think_will/,https://www.reddit.com/r/lakers/comments/1ok48dm/looking_ahead_to_trade_deadlinedo_you_think_will/,lakers,,False,self.lakers,self
1ok479p,2025-10-30T16:21:21,BR is genuinely so bad,When I read the title I was like okay we selling high to get us a big name player. After reading the article why the hell would we sell high on Reaves just to get picks and mid level players. I understand that he s an expiring player but we low balling ourselves selling him for nothing.,reppin_415,3,0.67,5,False,False,https://reddit.com/r/lakers/comments/1ok479p/br_is_genuinely_so_bad/,https://br.app.link/Z88cKQxkTXb,lakers,,False,br.app.link,default
1ok46c4,2025-10-30T16:20:24,Hang it in the louvre,,nick170100,165,0.98,8,False,False,https://reddit.com/r/lakers/comments/1ok46c4/hang_it_in_the_louvre/,https://i.redd.it/6adreveiy9yf1.jpeg,lakers,,False,i.redd.it,https://b.thumbs.redditmedia.com/sm16GNhVtRcc0K9xA59X5kg7Q3nCL3HFsvRtBV4lG9g.jpg
1ok40qt,2025-10-30T16:14:45,We need to praise two more from last night Dalton Knecht and Coach JJ,"Didn't watch the game until near midnight YouTube TV recording due to Dodgers depression, and I thought it was going to add to a terrible night for LA sports after blowing a huge lead in the final seconds. But AR came through, and LaRavia was just lights out all game. But Knecht had perhaps the most to prove, and he was given his biggest chance for a long time 36 big minutes, amoung the highest minutes on the team. DK4 had a below average shooting night from his signature 3 point range, but changed it up by driving and hitting inside for 2s, giving him an overall effective offensive night. But what stood out was Knecht's rim protection. He was moving his ass on D. Yes, sometimes he had to because he was slow to rotate or got a little lost, but his motor to play D was always there. Dude showed more spatial awareness too, which always seemed lacking. Maybe his role on team D is finally clicking in his brain. That defensive intensity is true for the entire team, since pretty much the Second game on. But being this short handed right now means that defensive intensity is even harder to do. But the team defense is really working with Ayton as an anchor and guys like Knecht and Rui and everyone really flying around. That's a huge credit to JJ and the coaching staff. We have that same defensive intensity that had the entire league praising the Lakers and calling us contenders last season even with AD down, right before the Luka trade. And Luka is playing the best D of his Lakers career so far, before his unfortunate injury. I have no complaints about Luka's team D, he's raised his level like Curry did after being picked on in the Playoffs. Knecht is taking this opportunity to shine and stay on the floor with his play. Last night was a big step. If his 3 ball comes back, we don't need to trade him for anything. We need a 3 sharpshooter, and if his defensive effort stays this high, he's the rotation piece we need in a trade anyways. If we can get 20 minutes of NBA rotation value out of Knecht for 4 million a year, we can't get much better value than that in a trade. So hats off the Knecht last night, and JJ and the coaching staff showing their excellence too.",mcribgaming,46,0.96,14,False,False,https://reddit.com/r/lakers/comments/1ok40qt/we_need_to_praise_two_more_from_last_night_dalton/,https://www.reddit.com/r/lakers/comments/1ok40qt/we_need_to_praise_two_more_from_last_night_dalton/,lakers,,False,self.lakers,self
1ok3utw,2025-10-30T16:08:42,The NBA Board of Governors has unanimously approved the sale of the majority interest in the Los Angeles Lakers to Mark Walter,,CtrlAltDelightfull,449,0.99,57,False,False,https://reddit.com/r/lakers/comments/1ok3utw/the_nba_board_of_governors_has_unanimously/,https://i.redd.it/rqnf7offw9yf1.jpeg,lakers,,False,i.redd.it,https://a.thumbs.redditmedia.com/Y5ZT_wJS5BvjtYc1xIbgBiS7XxSSrS54lEG5tabo1R4.jpg
1okadgr,2025-10-30T20:13:21,"Pelinka likes to go after expiring contracts, this is my top 5 targets",,imin2099,1,1.0,4,False,False,https://reddit.com/r/lakers/comments/1okadgr/pelinka_likes_to_go_after_expiring_contracts_this/,https://i.redd.it/gd2dxcj14byf1.jpeg,lakers,,False,i.redd.it,https://b.thumbs.redditmedia.com/mU5A8NZyn6LIj1a87nUPRZRAggYHoqTd_odqQhfM8UQ.jpg
1oka6qc,2025-10-30T20:06:07,Aged like a Fine Wine Thank You Jeanie for doing the right thing!,,EnergyFax,0,0.29,2,False,False,https://reddit.com/r/lakers/comments/1oka6qc/aged_like_a_fine_wine_thank_you_jeanie_for_doing/,https://www.reddit.com/r/lakers/comments/1celc4f/please_jeanie_sell_the_fucking_team_youre_a/,lakers,PLAYER TALK,False,reddit.com,default
1oka19a,2025-10-30T20:00:28,This is when I knew. Watching him develop has been amazing,,KarrotMovies,7,1.0,1,False,False,https://reddit.com/r/lakers/comments/1oka19a/this_is_when_i_knew_watching_him_develop_has_been/,https://i.redd.it/hkige0dr1byf1.jpeg,lakers,PLAYER TALK,False,i.redd.it,https://b.thumbs.redditmedia.com/Owkyrmc2rIHUNZbkH9EOV-uYRKG0aYWjhW40uZ4iSFo.jpg
1okaqf4,2025-10-30T20:27:23,The sale of the Los Angeles Lakers is finalized. Mark Walter is the majority owner of the Lakers after the NBA Board of Governors approved his purchase of a controlling stake from the Buss family,,xratez,1,1.0,1,False,False,https://reddit.com/r/lakers/comments/1okaqf4/the_sale_of_the_los_angeles_lakers_is_finalized/,https://www.nbcnews.com/sports/nba/sale-lakers-finalized-mark-walter-rcna240878,lakers,,False,nbcnews.com,https://external-preview.redd.it/9XO-YLTTQg0RceDuOjStV8UrqSBK1Skm4E8ubNeyDf8.jpeg?width=140&amp;height=73&amp;auto=webp&amp;s=39b2a43a9d58de5d4383d51db9d9ef7e02a9913c
1okbddf,2025-10-30T20:52:41,NBA announces logo change,"Adam Silver Effective immediately, the NBA logo that we've known for generations will be changed, in keeping with the reality of who owns today's NBA.",Indiv_Balderdashery,2,0.67,0,False,False,https://reddit.com/r/lakers/comments/1okbddf/nba_announces_logo_change/,https://www.reddit.com/r/lakers/comments/1okbddf/nba_announces_logo_change/,lakers,,False,self.lakers,https://b.thumbs.redditmedia.com/vAX6GYyka52XLUeePbhruF7uz1hMlwzYmBVmNE7oZqk.jpg
1okbjge,2025-10-30T20:59:18,JJ After Last Night s Win,,Turbulent_Emu_7285,3,1.0,1,False,False,https://reddit.com/r/lakers/comments/1okbjge/jj_after_last_nights_win/,https://youtube.com/shorts/R5uIXwS5McU?si=ELWWr6uVgWbsYk7G,lakers,POST GAME,False,youtube.com,https://external-preview.redd.it/BTtCa8m7Rcth2mxYybLpJsanwaCDyA_xTm7CdSmITZk.jpeg?width=140&amp;height=105&amp;auto=webp&amp;s=aec2c3f5355f2f518b5a2f056578274102b9ffc9
1okbp1b,2025-10-30T21:05:18,Austin Reaves Mic d Up In Minnesota,,Turbulent_Emu_7285,5,1.0,0,False,False,https://reddit.com/r/lakers/comments/1okbp1b/austin_reaves_micd_up_in_minnesota/,https://youtube.com/shorts/BFCif5QDPr0?si=ADE6mXfGSvleXxGn,lakers,GAME,False,youtube.com,https://external-preview.redd.it/7cqpyW8TPGlum5exSnaR4SI-YFCEMnmkx88xcOWXSd8.jpeg?width=140&amp;height=105&amp;auto=webp&amp;s=ce64e64c972d0030635d3410ab22236e70bbada1
1okcoi5,2025-10-30T21:45:29,MVP AUSTIN,Can we please stop the count? How long do you guys think Austin reaves can keep up his stellar hooping? A healthy Lakers team with DA is exciting,jy_jxy,10,1.0,3,False,False,https://reddit.com/r/lakers/comments/1okcoi5/mvp_austin/,https://i.redd.it/nzr133kikbyf1.jpeg,lakers,PLAYER TALK,False,i.redd.it,https://b.thumbs.redditmedia.com/jCbFoQx-3MDCUWJ0rGk7BbYVXjQ5PDvJ8NpJ-J35VAc.jpg
1oke1mi,2025-10-30T22:43:05,Austin Reaves IG post,,silosara,17,1.0,3,False,False,https://reddit.com/r/lakers/comments/1oke1mi/austin_reaves_ig_post/,https://i.redd.it/eu6aophsubyf1.jpeg,lakers,,False,i.redd.it,https://b.thumbs.redditmedia.com/lBqxuULD9JW1iz7bOX5HkZFvjRlgaJ9afrG6UR08huw.jpg
1okdysc,2025-10-30T22:39:45,CC22 is the AR15 of the WNBA,Or the same person in the multiverse...,Revolutionary_Web145,0,0.17,5,False,False,https://reddit.com/r/lakers/comments/1okdysc/cc22_is_the_ar15_of_the_wnba/,https://i.redd.it/u4p33x61ubyf1.jpeg,lakers,,False,i.redd.it,https://b.thumbs.redditmedia.com/M3aD1IXRdruMxIFha4D_clQGPYVjJ_CUVOIMg95dW3U.jpg
1okdpvu,2025-10-30T22:29:15,YEAHHH BOIII! I love this team so much,,porcelain-vanilla,45,0.98,4,False,False,https://reddit.com/r/lakers/comments/1okdpvu/yeahhh_boiii_i_love_this_team_so_much/,https://i.redd.it/lr595ml9sbyf1.jpeg,lakers,,False,i.redd.it,https://b.thumbs.redditmedia.com/Vw67mG-8KdwsOqRNGHsHU4mJnoXDBsgLZjfxsa4JC4E.jpg
1okd5uf,2025-10-30T22:05:23,Doncic upgraded to questionable for tomorrows game,,denobino,150,0.99,34,False,False,https://reddit.com/r/lakers/comments/1okd5uf/doncic_upgraded_to_questionable_for_tomorrows_game/,https://i.redd.it/2cdcjdd2obyf1.jpeg,lakers,NEWS,False,i.redd.it,https://b.thumbs.redditmedia.com/G2VBqjfNmc6T-or4vo5rR5LB2Cb1mE5TEBErdBXbTqM.jpg
1okff8p,2025-10-30T23:41:54,Even the official PGA account is talking about Austin,,ShowTimesFinest,80,1.0,8,False,False,https://reddit.com/r/lakers/comments/1okff8p/even_the_official_pga_account_is_talking_about/,https://i.redd.it/m4itlo8a5cyf1.jpeg,lakers,SOCIAL MEDIA,False,i.redd.it,https://b.thumbs.redditmedia.com/SoxxZ0Vp9zBUJ08Qa-fxwtQcwcJa_OvIcB4NL_08oEM.jpg
1okf7rm,2025-10-30T23:32:44,McTen caught AR heading through the tunnel after his game winner last night.,,OfficialPaddysPub,8,0.9,2,False,False,https://reddit.com/r/lakers/comments/1okf7rm/mcten_caught_ar_heading_through_the_tunnel_after/,https://v.redd.it/yzh353bn3cyf1,lakers,VIDEO,True,v.redd.it,https://external-preview.redd.it/dzA2cmVqN24zY3lmMbAF8t4uqot_8S6nfnJhtw4WHmCf-Mlp8pSnhjtn9Vwj.png?width=140&amp;height=140&amp;format=jpg&amp;auto=webp&amp;s=baa390903c1c5da11a7ac34fac7c0249b24c2c99
1okf3kn,2025-10-30T23:27:39,Are injuries the only way we see LaRavia and Knecht on the floor at the same time?,How did the defense last night compare to when Smart and Vincent are available? And so far do people still think LaRavia is superior to Knecht,Maleficent-King-799,1,0.67,5,False,False,https://reddit.com/r/lakers/comments/1okf3kn/are_injuries_the_only_way_we_see_laravia_and/,https://www.reddit.com/r/lakers/comments/1okf3kn/are_injuries_the_only_way_we_see_laravia_and/,lakers,TEAM TALK,False,self.lakers,self
1okh0vn,2025-10-31T00:54:15,Loving this team!,"Like many others, I m a former Mavs fan that followed Luka to the Mavs after Nico betrayed the fanbase. We were pretty spoiled in Dallas with a bunch of scrappy guys that made a really fun team to watch, similar to what this team looks like. I m loving the vibes on this team and think the Luka AR bromance is so dare I say it so much more fun than Lukai. Vibes. Are. Immaculate. Anyways, I m ready to immerse myself in all things Lakers and find a good daily podcast and X users to follow. I ve been listening to Lakers Film Room, but looking for something more engaging. For reference, my favorite Mavs podcast was DLLS Mavs, where Tim Cato, Bobby Karella, and Kevin Gray had such great vibes. Any recommendations for something engaging? For Mavs turn Lakers fan that are familiar have translatable recommendations?",cocoamonster2,2,1.0,0,False,False,https://reddit.com/r/lakers/comments/1okh0vn/loving_this_team/,https://www.reddit.com/r/lakers/comments/1okh0vn/loving_this_team/,lakers,,False,self.lakers,self
1okj15r,2025-10-31T02:29:25,Austin him reaves,,RevolutionaryLab3977,4,0.83,4,False,False,https://reddit.com/r/lakers/comments/1okj15r/austin_him_reaves/,https://i.redd.it/aat07t66zcyf1.jpeg,lakers,PLAYER TALK,False,i.redd.it,https://b.thumbs.redditmedia.com/_Z6JYk4gI4wKofx1JgW5Jzhm51itAx2e-hXzR6aOSyw.jpg
1okko5t,2025-10-31T03:51:43,First Time Crypto? 1 2 Grizz,"Hey Lakers Fans! I will be coming to the Lakers game on 1 2 26. I will be driving to the game. After the game, I will be going to Anaheim. Any suggestions on where to park for easiest exit? Also, any suggestions of Must Do things while in the arena? I of course am a Grizzlies fan and will be with my 16 year old daughter. Looking forward to our first visit to LA.",tymeecerun,2,1.0,0,False,False,https://reddit.com/r/lakers/comments/1okko5t/first_time_crypto_12_grizz/,https://www.reddit.com/r/lakers/comments/1okko5t/first_time_crypto_12_grizz/,lakers,,False,self.lakers,self
1okkm5a,2025-10-31T03:48:52,Now they know,,SentenceSingle7069,3,1.0,1,False,False,https://reddit.com/r/lakers/comments/1okkm5a/now_they_know/,https://i.redd.it/i83nlbtbddyf1.jpeg,lakers,PLAYER TALK,False,i.redd.it,https://a.thumbs.redditmedia.com/ZyPWx-wn0JHGO8BSdeP_QLTXXIPMwl0Ofp50ljs7E70.jpg
1okocda,2025-10-31T07:39:47,"Austin Reaves is just THREE 3s away from jumping to 8th on the Lakers all time list of made 3s. If he stays healthy all season, he'll jump to 5th!",,arinawe,1,1.0,0,False,False,https://reddit.com/r/lakers/comments/1okocda/austin_reaves_is_just_three_3s_away_from_jumping/,https://i.redd.it/c1usi6gjieyf1.png,lakers,,False,i.redd.it,https://b.thumbs.redditmedia.com/_15MoxmdWr6EwYmBU94TQyZflNGWb2IQiqgJLE4P8fk.jpg
1okoxin,2025-10-31T08:20:22,What are your expectations for LAL vs MEM tomorrow?,"Mine Another Austin 30 40 piece A triple double for a cherry on top A game of Dominayton 20 25 pts 10 15 reb 2 4 ast 1 2 blks also stat wise, their center doesn't look too good, so he should FEAST Marcus Smart returns 6 10 pts 3 6 reb 4 6 ast 2 4 stls Defensive contributions by Vando as forward and small ball 5 3 8 pts 8 10 reb 2 4 ast 1 2 blks and stls Lesser but still great contributions by Laravia and Dalton 8 12 pts each 3 7 reb 3 5 ast Relief for ayton through contributions by Hayes 2 6 pts 3 5 reb 2 3 ast 0 1 blks What are some of your expectations?",Memelord1117,1,1.0,0,False,False,https://reddit.com/r/lakers/comments/1okoxin/what_are_your_expectations_for_lal_vs_mem_tomorrow/,https://i.redd.it/c4xq368boeyf1.png,lakers,GAME,False,i.redd.it,https://b.thumbs.redditmedia.com/UwuA8_Nu7sjR7T0V4H4uCHAZzB4qR7V2Xoo66VmQ4Ug.jpg
1okpydn,2025-10-31T09:29:03,General Reavous,Credit nbapaints on instagram Looking forward to see General Reavous and Lukobi Wan Kenobi linking back up. Can t wait to see all the memes that come out this season,flynn_clu,22,1.0,2,False,False,https://reddit.com/r/lakers/comments/1okpydn/general_reavous/,https://i.redd.it/1arepgc12fyf1.jpeg,lakers,,False,i.redd.it,https://a.thumbs.redditmedia.com/ZG0CjnsrwOz0kXXYthK_Ctqo2mykplImVuhM9xhn1P0.jpg
1okraes,2025-10-31T10:49:37,After PGA now it is time for FIBA to show some love for the GOAT,"I thought Austin was a top 4 player for team US and the FIBA surely paid attention to the greatest undrafted Lakers player ever, the Hillbilly Kobe.",LudwigNasche,1,0.67,0,False,False,https://reddit.com/r/lakers/comments/1okraes/after_pga_now_it_is_time_for_fiba_to_show_some/,https://www.reddit.com/r/lakers/comments/1okraes/after_pga_now_it_is_time_for_fiba_to_show_some/,lakers,,False,self.lakers,self
1okql2f,2025-10-31T10:08:33,Vandos instagram story,,White-Mamba2009,64,0.99,4,False,False,https://reddit.com/r/lakers/comments/1okql2f/vandos_instagram_story/,https://i.redd.it/0kparyz29fyf1.jpeg,lakers,,False,i.redd.it,https://b.thumbs.redditmedia.com/VIzSv0zObPLYT3YGqZgF0HjLIm0qamxfrtZm6O3nyZU.jpg
1oktb99,2025-10-31T12:33:01,"Why is the difference in terms of social media followers IG so huge beetween Lakers and other LA sport teams? Lakers have 25.2mil, Dodgers 5.5mil and Rams 1.8mil?",,Actual_Box7731,4,0.83,15,False,False,https://reddit.com/r/lakers/comments/1oktb99/why_is_the_difference_in_terms_of_social_media/,https://i.redd.it/51pt72styfyf1.png,lakers,QUESTION,False,i.redd.it,https://b.thumbs.redditmedia.com/0wIy3dYdl4BTAhoI278RdC-b49X0is36EvcAUSwdM5c.jpg
1okt38j,2025-10-31T12:22:36,Rui admits he didn't know who AR was when he got to the Lakers,Rui talks about how he didn't know who AR was when he came to LA in 2023.,SadTrainer6335,3,1.0,1,False,False,https://reddit.com/r/lakers/comments/1okt38j/rui_admits_he_didnt_know_who_ar_was_when_he_got/,https://i.redd.it/74fsv5vzwfyf1.png,lakers,,False,i.redd.it,https://b.thumbs.redditmedia.com/xHolwN_0Dc0mT1J_XC5RfOy1OJ23ZElZ9WUsTXVak-Q.jpg
1oks951,2025-10-31T11:41:47,"Currently, what do you think our current standing in the West is?","My take is The Teams that ARE better OKC Defending Champions. We could win a game or 2, but their better depth and defense will murder us. DEN Similar to OKC, though I think we could force a game 7, or maybe even a win, if some things go right. And NO MORE CLUTCH 3s! The Teams that are hard to beat, but still beatable GSW With Lebron, I think the Lakers have the depth to contend with GS, and the increased synergy and confidence gained from Ayton, Laravia and Dalton can greatly contribute. HOU I feel like our main advantage against KD and Sengun is our ability of having multiple playmakers. Through staggering Luka, Bron, Reaves and Smart, superior plays will help overcome HOU's shooting and size. MIN Based off our wins against the Wolves, the first time with Luka, and the second time without Luka, Lebron, Marcus and Gabe, shows to me at least, that with the addition of Ayton to contain Gobert and Smart for Ant, the Wolves are very much beatable, considering we were up 10 12, before the wolves were close to making a comeback. SAS Wemby. I think the best solution is to draw fouls from him, and using superior shooting from Luka, Lebron and Reaves to overcome Wemby's presence. The Teams we're whooping MEM Luka, Lebron, Reaves and Ayton? Come on, man. LAC They collapsed against GS, who we could contend against. Go to planting trees, Kawhi. SAC Austin son'd them. Need I say more? POR Luka and Lebron both dropping 25 30 is the key difference maker. UTA We don't need Kessler. We got Dominayton! PHO Same as Utah. The revenge games by Luka and Ayton are gonna be tragic. Mavs We miss you AD... Just wait until your contract's up... NOP Zion's back in Shape. Lebron's not yet putting up the Cape. Luka's workout video on the Tape. Lakers in 5!",Memelord1117,4,0.83,10,False,False,https://reddit.com/r/lakers/comments/1oks951/currently_what_do_you_think_our_current_standing/,https://www.reddit.com/r/lakers/comments/1oks951/currently_what_do_you_think_our_current_standing/,lakers,TEAM TALK,False,self.lakers,self
1okrvkz,2025-10-31T11:21:34,Missing out on around 40 50 points a game,"Currently we have LeBron and Luka out and respectively they will drop 20 and 30 a night. I really think we should put all our chips in and go in for a trade for a 3 and D wing and center at the deadline. Some sellers at the deadline will be Pelicans, Nets. I think we could snatch away Herb and Yves Missi if the Pelicans are extremely below .500 at the deadline.",Key-Opposite-1896,0,0.29,3,False,False,https://reddit.com/r/lakers/comments/1okrvkz/missing_out_on_around_4050_points_a_game/,https://www.reddit.com/r/lakers/comments/1okrvkz/missing_out_on_around_4050_points_a_game/,lakers,,False,self.lakers,self
1okrmow,2025-10-31T11:08:13,Ayton should be able to expand his game to stretch the floor,"I believe Ayton should be able to expand his game to stretch the floor. His mid range is deadly and his form looks very solid. It would be incredibly beneficial if he did that. The team would be able to play 5 out, or play with a non shooter next to Ayton. Ayton is currently not ideal as a pick and roll partner, because he doesn't roll hard to the rim and avoids contact. With these cirmustances, I believe that the offensive role similar to Brook Lopez could be the best for him. That short roll with him shooting mid range is just not ideal.",EmrysMyrdin,0,0.29,2,False,False,https://reddit.com/r/lakers/comments/1okrmow/ayton_should_be_able_to_expand_his_game_to/,https://www.reddit.com/r/lakers/comments/1okrmow/ayton_should_be_able_to_expand_his_game_to/,lakers,,False,self.lakers,self
1okuuvm,2025-10-31T13:38:33,ESPN Deandre Ayton leads the NBA in direct picks 100 and the Lakers score 1.18 points per Ayton direct pick. Friday against Minnesota the Lakers scored 50 points off of Ayton's picks,,WayAdministrative679,73,1.0,10,False,False,https://reddit.com/r/lakers/comments/1okuuvm/espn_deandre_ayton_leads_the_nba_in_direct_picks/,https://i.redd.it/yn555k9eagyf1.jpeg,lakers,STATS / ANALYTICS,False,i.redd.it,https://b.thumbs.redditmedia.com/ZIoAV8hBxsxBS6SFqdb6Aca7vbyT9msaFoiPs9c8oEE.jpg
1okvf5j,2025-10-31T14:01:29,Daily Lakers Discussion Thread,Lakers season is back! Talk about whatever you want.,AutoModerator,2,1.0,1,False,True,https://reddit.com/r/lakers/comments/1okvf5j/daily_lakers_discussion_thread/,https://www.reddit.com/r/lakers/comments/1okvf5j/daily_lakers_discussion_thread/,lakers,,False,self.lakers,self
1oli05z,2025-11-01T07:44:27,This new version of LUKA DONCIC is a multi time MVP of the NBA,"All credit to Awful Coaching, another hilarious video. I know some people don t like him but he s pretty funny, hyperbolic at times but he also does make some legit analysis.",Western-Election-997,4,0.83,1,False,False,https://reddit.com/r/lakers/comments/1oli05z/this_new_version_of_luka_doncic_is_a_multi_time/,https://m.youtube.com/watch?v=MY1oJ2t4mqw,lakers,VIDEO,False,m.youtube.com,https://external-preview.redd.it/iOpNRExQvFPNACnhG49721IMM7eq0g5Sbv9zNEZPV0Y.jpeg?width=140&amp;height=105&amp;auto=webp&amp;s=1b61ef45172397a87bdfc1baa379e32d78315192
1olgf6f,2025-11-01T05:56:15,What Became of the Pelicans Anthony Davis and Jrue Holiday Trades?,nan,_FreePalestine__,6,1.0,4,False,False,https://reddit.com/r/lakers/comments/1olgf6f/what_became_of_the_pelicans_anthony_davis_and/,/r/nba/comments/1olgc78/what_became_of_the_pelicans_anthony_davis_and/,lakers,,False,,default
1olgey3,2025-11-01T05:55:46,Jaxson Hayes appreciation post,nan,arinawe,68,0.96,26,False,False,https://reddit.com/r/lakers/comments/1olgey3/jaxson_hayes_appreciation_post/,https://i.redd.it/dc9vbl6w4lyf1.jpeg,lakers,,False,i.redd.it,https://b.thumbs.redditmedia.com/-J8XC5AwkbnsxRyN2sH9Dy90R1oT8PtbQU7BzOUkHiI.jpg
1olge4n,2025-11-01T05:54:10,Lakers broke the Grizzlies,nan,Good-Fold-1815,30,0.92,20,False,False,https://reddit.com/r/lakers/comments/1olge4n/lakers_broke_the_grizzlies/,https://bsky.app/profile/chrisherrington.bsky.social/post/3m4k5s6dz722i,lakers,,False,bsky.app,https://external-preview.redd.it/_pJ4ZX3CJx2YB7Toq9y7mBSK7LiyRR3zQshwzbushYE.jpeg?width=140&amp;height=140&amp;auto=webp&amp;s=41652f713e77893491034db5f4a7c2c80eb71f1f
1olfymq,2025-11-01T05:25:59,Luka looking good in the association jersey New Luka IG Story,nan,Subtly_Emerald,107,0.99,14,False,False,https://reddit.com/r/lakers/comments/1olfymq/luka_looking_good_in_the_association_jersey_new/,https://i.redd.it/l6vbbp2lzkyf1.jpeg,lakers,SOCIAL MEDIA,False,i.redd.it,https://a.thumbs.redditmedia.com/OCmZSKaMr40W47ZtZqDQnTE6E0IT5THXbKJdlsye1p4.jpg
1olfvlr,2025-11-01T05:20:31,Ayton's Status from LADE,nan,forgedcarbon21,53,1.0,10,False,False,https://reddit.com/r/lakers/comments/1olfvlr/aytons_status_from_lade/,https://i.redd.it/odfz65olykyf1.jpeg,lakers,PLAYER TALK,False,i.redd.it,https://a.thumbs.redditmedia.com/fp-_qA416AEuBPm2jNY2EWo2VIztIdm743Bwx_GRWw4.jpg
1olftf7,2025-11-01T05:16:37,Luka sneaks into JJ's press conference and is congratulated on his record shared with Wilt Chamberlain,nan,CtrlAltDelightfull,98,1.0,7,False,False,https://reddit.com/r/lakers/comments/1olftf7/luka_sneaks_into_jjs_press_conference_and_is/,https://streamable.com/dsj7sb,lakers,,False,streamable.com,https://external-preview.redd.it/sGkyevvTKGHXGQhsWNNPEsPWhC3633PLUDjzDNMwwEY.jpeg?width=140&amp;height=77&amp;auto=webp&amp;s=34de0091e052d1b944b6c0937d70982aaa80c0b7
1olfsg9,2025-11-01T05:14:53,Why is Luka not mentioned in the leaderboards in official NBA website?,I just checked the official webpage of NBA and I can t find him among the PTs leaders. Is it because he missed 3 games? I can see Lauri who missed 2 for Jazz in the leaderboards.,Total-Maintenance665,20,0.86,5,False,False,https://reddit.com/r/lakers/comments/1olfsg9/why_is_luka_not_mentioned_in_the_leaderboards_in/,https://i.redd.it/zajpg2ilxkyf1.jpeg,lakers,,False,i.redd.it,https://b.thumbs.redditmedia.com/4k6u8Ysd0jrSrBm6NdBoOUjTmgchpbvvfwNNG7o-psQ.jpg
1olfq4q,2025-11-01T05:10:33,AR tired carrying this team,nan,Doten1,76,0.98,9,False,False,https://reddit.com/r/lakers/comments/1olfq4q/ar_tired_carrying_this_team/,https://i.redd.it/i8ztjcvtwkyf1.jpeg,lakers,,False,i.redd.it,https://a.thumbs.redditmedia.com/Cuxc-igx2PpRbL-oyZrr6ibArVgm0vamui7zt9gg8n4.jpg
1olfj9r,2025-11-01T04:58:43,Luka joins Wilt Chamberlain 2x as the only players in NBA history to start a season with 3 straight 40 point games!,nan,WhenMachinesCry,77,1.0,7,False,False,https://reddit.com/r/lakers/comments/1olfj9r/luka_joins_wilt_chamberlain_2x_as_the_only/,https://i.redd.it/dg57fbzgukyf1.png,lakers,,False,i.redd.it,https://a.thumbs.redditmedia.com/Y4hnMTeqPc-SzeODhl7KsqdmJlxCQ32iueTNSmkanP8.jpg
1olfcuj,2025-11-01T04:47:42,"Rob Appreciation Post. You ve built a hell of a team, dude.",nan,ItsRainingBoats,185,0.86,91,False,False,https://reddit.com/r/lakers/comments/1olfcuj/rob_appreciation_post_youve_built_a_hell_of_a/,https://i.redd.it/kjhzya6rskyf1.jpeg,lakers,APPRECIATION,False,i.redd.it,https://b.thumbs.redditmedia.com/ojnmUfencebeXjKza71WB6J4ELNbQUzXeV2KKYO4yVg.jpg
1olfbxp,2025-11-01T04:46:09,Ayton says he was dealing with tightness in his back but expects to be available on Sunday,nan,CtrlAltDelightfull,81,1.0,11,False,False,https://reddit.com/r/lakers/comments/1olfbxp/ayton_says_he_was_dealing_with_tightness_in_his/,https://i.redd.it/jckmod8hskyf1.jpeg,lakers,,False,i.redd.it,https://b.thumbs.redditmedia.com/JLJqnS8sF9e-DM-xhnQ_K177X-r7uTN5s-vrRqYV6bc.jpg
1olfbrg,2025-11-01T04:45:51,Another record tied,nan,Doten1,88,0.96,11,False,False,https://reddit.com/r/lakers/comments/1olfbrg/another_record_tied/,https://i.redd.it/g4fx6kafskyf1.jpeg,lakers,,False,i.redd.it,https://a.thumbs.redditmedia.com/XTkVUhYzBFeDi7xXZ_OZnNdXJZ2dDYCqqUUhBSB5HU0.jpg
1olfaaq,2025-11-01T04:43:15,A.Reaves puts down the Grizzlies,nan,OkHyena713,40,0.98,1,False,False,https://reddit.com/r/lakers/comments/1olfaaq/areaves_puts_down_the_grizzlies/,https://i.redd.it/zkgb58gyrkyf1.jpeg,lakers,PLAYER TALK,False,i.redd.it,https://b.thumbs.redditmedia.com/0Vg-OLhodAGcz2amToz5Dgz8aW2zv96hFVrwfeAPdbw.jpg
1olf1pg,2025-11-01T04:28:40,sometimes I still can t believe I live in a timeline where Luka is a Laker,nan,ttfn26,634,0.99,44,False,False,https://reddit.com/r/lakers/comments/1olf1pg/sometimes_i_still_cant_believe_i_live_in_a/,https://i.redd.it/lurfcnycpkyf1.jpeg,lakers,,False,i.redd.it,https://b.thumbs.redditmedia.com/0XeO30Y59QsPPXiLYhRqonrSjJ4Kld5JOt0gM-QAagQ.jpg
1olf121,2025-11-01T04:27:36,Luka Doncic joins Wilt Chamberlain as the only players in NBA history to start a season with 3 straight 40 point games,nan,Virtual_Success5530,162,0.99,8,False,False,https://reddit.com/r/lakers/comments/1olf121/luka_doncic_joins_wilt_chamberlain_as_the_only/,https://v.redd.it/08bxwax5pkyf1,lakers,LUKA MAGIC,True,v.redd.it,https://external-preview.redd.it/NDI1YmJpeTVwa3lmMXPl1jXrtCC_4y_X4VjHtND45hVm5jRq5klo1JEZxlvY.png?width=140&amp;height=78&amp;format=jpg&amp;auto=webp&amp;s=8f9bead1c1900b45c3be5ade555a9dbc33ccd7cc
1olf0i6,2025-11-01T04:26:41,Luka Doncic is the first player since Wilt Chamberlain to score 40 pts in the first 3 games of the season,nan,hanselpremium,23,0.93,1,False,False,https://reddit.com/r/lakers/comments/1olf0i6/luka_doncic_is_the_first_player_since_wilt/,/r/nba/comments/1olepcc/luka_doncic_is_the_first_player_since_wilt/,lakers,STATS / ANALYTICS,False,,default
1olezyp,2025-11-01T04:25:44,Luka Narratives Question,Great win tonight! When people say Luka needed to lose weight do you think they meant just from last year bc I agree if so or from his whole career? I think his shape was fine until last year for the most part. Could ve been slightly better sure but nothing to build a whole national nonstop narrative on!,Traditional_Emu3598,0,0.43,10,False,False,https://reddit.com/r/lakers/comments/1olezyp/luka_narratives_question/,https://www.reddit.com/r/lakers/comments/1olezyp/luka_narratives_question/,lakers,PLAYER TALK,False,self.lakers,self
1olevtc,2025-11-01T04:18:41,The Vando Smart Connection is suffocating,"Smart and Vando together in the game with one or both of Luka and Reaves, plus Ayton Hayes is suffocating. Ive seen JJ uses this lineup many times and we've constantly went on runs because of it. If we are able to be healthy, this can be our go to. Smart and Laravia are just as good, but a step down defensively and a step up offensively.",Croppersburner,51,0.96,11,False,False,https://reddit.com/r/lakers/comments/1olevtc/the_vando_smart_connection_is_suffocating/,https://www.reddit.com/r/lakers/comments/1olevtc/the_vando_smart_connection_is_suffocating/,lakers,,False,self.lakers,self
1olettn,2025-11-01T04:15:19,This is what a bad Luka game looks like IMO.,"On twitter, I see a bunch of people complaining about the lack of ball movement and the amount of iso ball on the offensive end and I just have to say, a luka game where the ball isn't moving much should be considered a bad luka game. He will always get his points but, people should pay attention to his passing and assists if you really want to evaluate his play. That lakers timberwolves game was an A luka game, this lakers grizzlies game wasnt the greatest, id give him a B ... Good game overall tho for the lakers if we ignore that 2nd quarter.",jttyrel27,73,0.92,38,False,False,https://reddit.com/r/lakers/comments/1olettn/this_is_what_a_bad_luka_game_looks_like_imo/,https://www.reddit.com/r/lakers/comments/1olettn/this_is_what_a_bad_luka_game_looks_like_imo/,lakers,,False,self.lakers,self
1oleskt,2025-11-01T04:13:13,When you gotta guard Luka,nan,WhenMachinesCry,369,1.0,16,False,False,https://reddit.com/r/lakers/comments/1oleskt/when_you_gotta_guard_luka/,https://v.redd.it/l9nmh882mkyf1,lakers,VIDEO,True,v.redd.it,https://external-preview.redd.it/aTNxYzZzbGxta3lmMePJlyfMo_qKJyEWCiKZV1OdTcdgM5_K83mfkXbRw82f.png?width=140&amp;height=122&amp;format=jpg&amp;auto=webp&amp;s=80545ec0ed591e5a8cf337eadacaa4ea75eacc06
1olepk6,2025-11-01T04:08:17,Hey preseason doomers. We re 4 2 to begin the season!,All the doomer BS couple weeks ago is aging like milk. Preseason doesn t indicate how good or bad a team will play in the future. And lastly Dodgers force a Game 7. Feels good to be an LA fan.,AdorableBackground83,106,0.98,29,False,False,https://reddit.com/r/lakers/comments/1olepk6/hey_preseason_doomers_were_42_to_begin_the_season/,https://www.reddit.com/r/lakers/comments/1olepk6/hey_preseason_doomers_were_42_to_begin_the_season/,lakers,,False,self.lakers,self
1olepfc,2025-11-01T04:08:03,Don is different,nan,Doten1,78,0.95,7,False,False,https://reddit.com/r/lakers/comments/1olepfc/don_is_different/,https://i.redd.it/0qhu1qholkyf1.jpeg,lakers,,False,i.redd.it,https://b.thumbs.redditmedia.com/GtzubW181G9JQ4jDnfxYS1W2WQCIGVosvGXO-j2_dYc.jpg
1oleoef,2025-11-01T04:06:24,love these dudes,nan,BustinOshit,489,1.0,22,False,False,https://reddit.com/r/lakers/comments/1oleoef/love_these_dudes/,https://i.redd.it/6xynd0w8lkyf1.png,lakers,APPRECIATION,False,i.redd.it,https://b.thumbs.redditmedia.com/EVLOLYEx1oYb0gOOn5WEJxdbhoMr90e-1w9JjKWepDg.jpg
1oleo6s,2025-11-01T04:06:04,Goat stats,nan,FishsSad,138,0.98,18,False,False,https://reddit.com/r/lakers/comments/1oleo6s/goat_stats/,https://i.redd.it/rfu2keialkyf1.jpeg,lakers,APPRECIATION,False,i.redd.it,https://b.thumbs.redditmedia.com/Gx9vzkM7XR1C9voK40auZd67zVSRfi7euVxcpmpXU7I.jpg
1olena0,2025-11-01T04:04:35,Luka Don i stats on his return against the Grizzlies,nan,silosara,137,0.99,9,False,False,https://reddit.com/r/lakers/comments/1olena0/luka_dončić_stats_on_his_return_against_the/,https://i.redd.it/cgh1y182lkyf1.jpeg,lakers,,False,i.redd.it,https://b.thumbs.redditmedia.com/5fXkOn6MBcfNlvNTlZUqmzBz-Ei9N0LZxUxG4JZzGIU.jpg
1olemoe,2025-11-01T04:03:43,Marcus Smart tonight 12 points 4 ast 2 stl 12,nan,Alternatively_Built_,589,0.99,45,False,False,https://reddit.com/r/lakers/comments/1olemoe/marcus_smart_tonight_12_points_4_ast_2_stl_12/,https://i.redd.it/0m14kg91jkyf1.jpeg,lakers,APPRECIATION,False,i.redd.it,https://a.thumbs.redditmedia.com/ITADZA_Gfb2cI0qT_cWsmpvNKjS_3JyF47iuiJ8Fex0.jpg
1olem7v,2025-11-01T04:03:01,Welcome back The Don. 44 pts 12 rebs 6 ast game.,nan,chrisbrits24,902,0.99,51,False,False,https://reddit.com/r/lakers/comments/1olem7v/welcome_back_the_don_44_pts_12_rebs_6_ast_game/,https://i.redd.it/q4mhur1skkyf1.jpeg,lakers,,False,i.redd.it,https://a.thumbs.redditmedia.com/G3bThDoSD_is3_ArFH0wnuwnQTtIZ76ufY1MxbMcJt8.jpg
1olem7r,2025-11-01T04:03:01,"Post Game Thread NBA The Lakers defeat the Grizzlies on Oct 31, 2025, the final score is 112 117.",This post contains content not supported on old Reddit. Click here to view the full post,basketball-app,589,0.99,355,False,True,https://reddit.com/r/lakers/comments/1olem7r/post_game_thread_nba_the_lakers_defeat_the/,https://www.reddit.com/r/lakers/comments/1olem7r/post_game_thread_nba_the_lakers_defeat_the/,lakers,,False,self.lakers,self
1oleln4,2025-11-01T04:02:09,Cameron Brink Costume from the Lakers Grizzlies Game,nan,incredibleamadeuscho,68,0.99,2,False,False,https://reddit.com/r/lakers/comments/1oleln4/cameron_brink_costume_from_the_lakersgrizzlies/,https://i.redd.it/mysvx7urekyf1.jpeg,lakers,,False,i.redd.it,https://b.thumbs.redditmedia.com/FDxU1JY8Hh5tOcXpQ0-wfZPIUQQeVj8NK6pJM_JwzFA.jpg
1olel9o,2025-11-01T04:01:39,"Luka Doncic, WELCOME BACK! 44 PTS, 12 REB, 6 AST!",nan,_MambaForever,229,0.99,12,False,False,https://reddit.com/r/lakers/comments/1olel9o/luka_doncic_welcome_back_44_pts_12_reb_6_ast/,https://i.redd.it/seqbg8djkkyf1.jpeg,lakers,APPRECIATION,False,i.redd.it,https://b.thumbs.redditmedia.com/JVcTpkDfvyLgWhz2OC6Q0PDZjP7lgOFTnhm_cIZeUJQ.jpg
1olejky,2025-11-01T03:59:12,Luka doing Luka things per usual!,nan,silosara,74,0.99,2,False,False,https://reddit.com/r/lakers/comments/1olejky/luka_doing_luka_things_per_usual/,https://i.redd.it/yga8ajn3kkyf1.jpeg,lakers,,False,i.redd.it,https://b.thumbs.redditmedia.com/BHP1XqSk7WPo7xnfztUwV1u5enIopP8Tm2CAILKXx_w.jpg
1oledor,2025-11-01T03:49:48,Lebron s role with the Luca 1st option Era.,"Still game is going on, I just feel so proud of my lakers guys on their great vibes. Anyway, Obviously Luka is on fire even just came back from his pain. We got AR who can be an 1st option with crazy Volume when Luka s absent. All the above situ is without Lebron who can definitely bring good to team with his versatility. But now it s crucial to set his role in this team. I meant his scoring always locked in as the score leader of NBA, but I think he can put more focus on defense. I know he got bit less athletic, but he can take a load of Luka s pressure on defense. How do think?",Connect_Dish9611,9,0.63,38,False,False,https://reddit.com/r/lakers/comments/1oledor/lebrons_role_with_the_luca_1st_option_era/,https://www.reddit.com/r/lakers/comments/1oledor/lebrons_role_with_the_luca_1st_option_era/,lakers,,False,self.lakers,self
1oldsbg,2025-11-01T03:15:49,Where is Ayton?,They mentioned he wasn t starting the second half and were going to get a report regarding injury starts. Any announcement on this? Hopefully he s not hurt,allanjameson,44,0.91,58,False,False,https://reddit.com/r/lakers/comments/1oldsbg/where_is_ayton/,https://www.reddit.com/r/lakers/comments/1oldsbg/where_is_ayton/,lakers,,False,self.lakers,self
1oldkb9,2025-11-01T03:03:19,Watching Dodgers and Lakers on my patio,nan,Clear_Lead,211,0.99,19,False,False,https://reddit.com/r/lakers/comments/1oldkb9/watching_dodgers_and_lakers_on_my_patio/,https://i.redd.it/lczsbjw3akyf1.jpeg,lakers,,False,i.redd.it,https://b.thumbs.redditmedia.com/nYsLMuEYlhLoAu-mvdWhzyVoPSm6GnoEH5hWt8-FhBQ.jpg
1old57r,2025-11-01T02:40:07,Luka Doncic broke his ankles so bad his shoe came off and own teammate laughed at him lmaooo but missed the shot,nan,ChazNBA,103,0.98,7,False,False,https://reddit.com/r/lakers/comments/1old57r/luka_doncic_broke_his_ankles_so_bad_his_shoe_came/,https://youtu.be/q8T9XDZOg3o,lakers,HIGHLIGHTS,False,youtu.be,https://external-preview.redd.it/i3r6bG1CI87EOgnDyNa5VcXuIrWBHpjpgNCvSpU4wW0.jpeg?width=140&amp;height=105&amp;auto=webp&amp;s=5af4a636f760126465f0739b33509edfd199bd70
1olbff1,2025-11-01T01:07:42,Starting lineup tonight vs the Memphis Grizzlies,nan,Turbostrider27,183,0.98,27,False,False,https://reddit.com/r/lakers/comments/1olbff1/starting_lineup_tonight_vs_the_memphis_grizzlies/,https://i.redd.it/x534381hpjyf1.jpeg,lakers,,False,i.redd.it,https://b.thumbs.redditmedia.com/KdIJJlwtETg8VKmd77nW_Z8JCGtGD6ys8WLI5bVnK5g.jpg
1olapby,2025-11-01T00:30:45,"Game Thread Memphis Grizzlies vs Los Angeles Lakers Live Score NBA Oct 31, 2025",This post contains content not supported on old Reddit. Click here to view the full post,basketball-app,108,0.98,3190,False,False,https://reddit.com/r/lakers/comments/1olapby/game_thread_memphis_grizzlies_vs_los_angeles/,https://www.reddit.com/r/lakers/comments/1olapby/game_thread_memphis_grizzlies_vs_los_angeles/,lakers,,False,self.lakers,self
1olaar9,2025-11-01T00:10:30,Luka and Smart available today,nan,Doten1,598,1.0,51,False,False,https://reddit.com/r/lakers/comments/1olaar9/luka_and_smart_available_today/,https://i.redd.it/bnu8qcsafjyf1.jpeg,lakers,,False,i.redd.it,https://b.thumbs.redditmedia.com/urSwbWLPtbDWiScZ0Q6r6NmQMg8qQAyd5T_E7e8gQww.jpg
1ol9qyy,2025-10-31T23:43:58,Best value and view section row at Crypto.com Arena?,Planning a visit to every NBA arena! Looking for the best value areas with exciting energy. Or a section that is unique or a low key favorite area. Haven't been here before.,Living-Raspberry-120,5,0.86,3,False,False,https://reddit.com/r/lakers/comments/1ol9qyy/best_value_and_view_sectionrow_at_cryptocom_arena/,https://www.reddit.com/r/lakers/comments/1ol9qyy/best_value_and_view_sectionrow_at_cryptocom_arena/,lakers,,False,self.lakers,self
1ol8ewq,2025-10-31T22:40:57,ESPN LeBron James announces new Halloween children s book Happy Spooky Halloween,The 32 page picture book with illustrations by Ariel Landy is about teamwork and Halloween thrills. It is set to release on July 21 by publisher HarperCollins.,hercules0003,173,0.96,18,False,False,https://reddit.com/r/lakers/comments/1ol8ewq/espn_lebron_james_announces_new_halloween/,https://i.redd.it/fty55qhbziyf1.jpeg,lakers,NEWS,False,i.redd.it,https://b.thumbs.redditmedia.com/LK6CRoVNicuFvij93DVjm7W-YnNNemZTnN-szXXZSyg.jpg
1ol72gn,2025-10-31T21:40:05,Best Halloween Candy?,"Austin Reaves, Marcus Smart, and Jaxson Hayes make their choice for the best Halloween candy.",Turbulent_Emu_7285,9,0.91,1,False,False,https://reddit.com/r/lakers/comments/1ol72gn/best_halloween_candy/,https://youtube.com/shorts/il15mEaCMpw?si=F7fDeFfd6DaE4A0l,lakers,VIDEO,False,youtube.com,https://external-preview.redd.it/wCe_PhAcQTre76s2FjNFUE3d1eoWR8ACdLsyxJkEWZk.jpeg?width=140&amp;height=105&amp;auto=webp&amp;s=b78f30aee44a1d096aae9447d47cf7f1a32931ec
1ol4l46,2025-10-31T19:56:10,"After AR drills the game winner against Minnesota, Rui Hachimura takes off AR s headband, twirling it around sending sweat flying into Marcus Smart s mouth. This had me dying",nan,Medical-Actuary5769,300,0.98,18,False,False,https://reddit.com/r/lakers/comments/1ol4l46/after_ar_drills_the_game_winner_against_minnesota/,https://i.redd.it/u1xsbk2x5iyf1.jpeg,lakers,,False,i.redd.it,https://b.thumbs.redditmedia.com/ODcq7Gvj3gx5Cx-2exP2Iej54-VZ9ABhvtPmAXF73rU.jpg
1ol3gio,2025-10-31T19:10:40,Compilation of Reaves go ahead shots to end games,nan,Itorr475,44,0.95,6,False,False,https://reddit.com/r/lakers/comments/1ol3gio/compilation_of_reaves_go_ahead_shots_to_end_games/,https://www.tiktok.com/t/ZP8DMc3bC/,lakers,,False,tiktok.com,https://external-preview.redd.it/g1HX957NlyZAXW7oiOOpyp59hDImYvYOXqRNoeD5wLY.jpeg?width=140&amp;height=140&amp;auto=webp&amp;s=7d6041b556f83d7ab6485e087783665a220f8a83
1ol2c57,2025-10-31T18:26:48,"Luka and Smart both upgraded to probable for tonight, per DanWoikeSports","Luka Don i and Marcus Smart have been upgraded to probable tonight against Memphis. Dan Woike LET'S GOOOO, we're so back. First NBA Cup game of the season, let's get a big win today fellas",SeeingThings123,979,1.0,79,False,False,https://reddit.com/r/lakers/comments/1ol2c57/luka_and_smart_both_upgraded_to_probable_for/,https://i.redd.it/je0v6a9zphyf1.jpeg,lakers,,False,i.redd.it,https://b.thumbs.redditmedia.com/_VRdIxAcOxfdiOCmn3jSqgh7lD0OTsR6FCDoR9OlQFs.jpg
1ol251s,2025-10-31T18:19:10,"Starting lineup at full health obviously Luka, AR, LeBron, and Ayton. Then who?",View Poll,Aragorns_Broken_Toe_,17,0.9,51,False,False,https://reddit.com/r/lakers/comments/1ol251s/starting_lineup_at_full_health_obviously_luka_ar/,https://www.reddit.com/r/lakers/comments/1ol251s/starting_lineup_at_full_health_obviously_luka_ar/,lakers,,False,self.lakers,self
1ol1k4f,2025-10-31T17:57:16,Former Laker Coach Darvin Ham and Former Laker Taurean Prince have never lost in the NBA Cup,nan,incredibleamadeuscho,82,0.89,14,False,False,https://reddit.com/r/lakers/comments/1ol1k4f/former_laker_coach_darvin_ham_and_former_laker/,https://i.redd.it/qcr07eipkhyf1.jpeg,lakers,,False,i.redd.it,https://b.thumbs.redditmedia.com/CL0gEyPTBTdfRdHuZdNiWmYrYnurnN7q8r1hqGLR-_E.jpg
1ol1j99,2025-10-31T17:56:17,Need suggestion on Jersey,"Hi lakers fam, I am living in Europe and bought an authentic Lebron statement jersey from lakers store. However, after unpacking it i found there was a yellow stain on letter A of Lakers in the front side of jersey. I wrote email to lakers store and they said its not possible to return nor exchange due to international orders. I really like the jersey and felt super disappointed. Lakers store suggested me to clean this following the cleaning instruction from the jersey but seems that it is not cleanable after trying Can anyone here suggest me how to clean it or solve this order issue?",Fast_Bench7860,9,0.92,12,False,False,https://reddit.com/r/lakers/comments/1ol1j99/need_suggestion_on_jersey/,https://i.redd.it/t0vyb9uikhyf1.jpeg,lakers,QUESTION,False,i.redd.it,https://b.thumbs.redditmedia.com/um_elSSkFweyIblNeP_wr1vFTLkRJIaHxjFJTfuXg1w.jpg
1ol1iwo,2025-10-31T17:55:54,Austin Reaves is quietly putting up All NBA level numbers,"Austin Reaves isn t just on a hot streak he s producing like a legit primary creator . Through the first five games of the season, he s one of the most efficient high volume scorers in the league. NBA ranks 2025 26 4th Points per game 34.2 4th Produced points per game 33.5 9th Usage 32.4 29th Offensive Rating 127.6 36th True Shooting 68.7 38th Assist 25.8 Reaves has become the engine of the Lakers offense scoring, creating, and keeping elite efficiency under heavy usage. He s the first Laker since Kobe 2005 to open a season with five straight 25 point games .",data4basket,236,0.93,72,False,False,https://reddit.com/r/lakers/comments/1ol1iwo/austin_reaves_is_quietly_putting_up_allnbalevel/,https://i.redd.it/lxfwwyuekhyf1.png,lakers,PLAYER TALK,False,i.redd.it,https://b.thumbs.redditmedia.com/h73OVmIx0SZsGsdHzmW9gvvnp4EjaAAG9JIu5dCwKdw.jpg
1ol1byt,2025-10-31T17:48:37,"McMenamin I told him I was going to kick his ass for that. Marcus Smart on Rui Hachimura twirling Austin Reaves headband in Minnesota, causing Austin s sweat to fly into Marcus mouth.",nan,IceBlast24,633,1.0,41,False,False,https://reddit.com/r/lakers/comments/1ol1byt/mcmenamin_i_told_him_i_was_going_to_kick_his_ass/,https://v.redd.it/ir2oku35jhyf1,lakers,,True,v.redd.it,https://external-preview.redd.it/MmtoamVzejVqaHlmMYJ5xrJ5WgzwQ84jmU9ZONrrSwINcjhCdTdtVkt28GXH.png?width=140&amp;height=78&amp;format=jpg&amp;auto=webp&amp;s=971978ee41e59eb37b74b6b7c0ebf8d4dc98bdfb
1ol0mus,2025-10-31T17:22:02,"Luka Doncic participated in shootaround this morning. He remains questionable for tonight, per the Lakers",nan,CtrlAltDelightfull,533,1.0,61,False,False,https://reddit.com/r/lakers/comments/1ol0mus/luka_doncic_participated_in_shootaround_this/,https://v.redd.it/po97klhdehyf1,lakers,,True,v.redd.it,https://external-preview.redd.it/bHllbTdkMGNlaHlmMQCp7RQRXhFQH7AtCjsoD01gLGwy1BHP1kJhJohZPZqH.png?width=140&amp;height=74&amp;format=jpg&amp;auto=webp&amp;s=8c6102afb708ca53aa982a218d51ffe56d5b072b
1okzu7j,2025-10-31T16:52:04,Authentic or Non authentic,Is there a big difference between the jerseys ? I originally ordered the all purple jersey without bibligo patch but I was thinking about cancelling it so I can get the authentic version with stitching. Gimmie your thoughts gang,mclovin1696,4,0.83,6,False,False,https://reddit.com/r/lakers/comments/1okzu7j/authentic_or_non_authentic/,https://www.reddit.com/r/lakers/comments/1okzu7j/authentic_or_non_authentic/,lakers,,False,self.lakers,self
1okytnn,2025-10-31T16:13:01,Flagrant Podcast Charania when asked who are some key names to keep an eye on this season Giannis Antetokounmpo and Trae Young. He also adds that LeBron James commitment to the Lakers is very much up in the air.,nan,YujiDomainExpansion,18,0.6,106,False,False,https://reddit.com/r/lakers/comments/1okytnn/flagrant_podcast_charania_when_asked_who_are_some/,https://streamable.com/k7t8rh,lakers,,False,streamable.com,https://external-preview.redd.it/V9r43w_x7a-503Is9FcL8lykGxnTqn4Al5JXpenLSeo.jpeg?width=140&amp;height=78&amp;auto=webp&amp;s=1e040716642f3e3083793f4cf94ace836cabaf26
1okyhor,2025-10-31T16:00:43,"Doctors Discuss LeBron James Sciatica Injury, Return Timeline via Mark Medina, EssentiallySports","The good news is that it gets better on its own 90 of the time. The body can go in there and eat away at the disc. But the nerves are pretty tough and resilient. So they get used to the pressure. Then the disc dries up and shrinks a little bit. Over the span of six to 12 weeks, most people get better. It usually takes three to four months to get to 100 . So lebron might need 3 4 months to get back into action according to a group of orthos",Imaginary-Mouse-1737,101,0.93,53,False,False,https://reddit.com/r/lakers/comments/1okyhor/doctors_discuss_lebron_james_sciatica_injury/,https://www.essentiallysports.com/nba-active-basketball-news-exclusive-doctors-discuss-if-lebron-james-sciatica-injury-could-lead-to-retirement-let-the-ego-take-a-backseat-now/,lakers,,False,essentiallysports.com,https://external-preview.redd.it/R7WxjG-w2XU40jQVa_Stu1bxLNlpXEYZ5vACuaArI0I.jpeg?width=140&amp;height=93&amp;auto=webp&amp;s=f6f191a9da30b97a08ff9b01577c5bfdf665d5dd
