id,created_utc,title,selftext,author,score,upvote_ratio,num_comments,over_18,stickied,permalink,url,subreddit,flair,is_video,domain,thumbnail
1ojv60h,2025-10-30T09:36:10,Highlight Ayton posts 17 10 on 73 shooting vs Wolves,,Chemical-Glass-5841,3,1.0,0,False,False,https://reddit.com/r/lakers/comments/1ojv60h/highlight_ayton_posts_1710_on_73_shooting_vs/,https://streamable.com/cuoiez,lakers,HIGHLIGHTS,False,streamable.com,https://external-preview.redd.it/LM5t8WvT0LtTjKbHYwc-8LAS5AvTK4dFUvnreQeRRzU.jpeg?width=140&amp;height=78&amp;auto=webp&amp;s=b503eea7b1528905e019eb614aa5245815e08466
1ojuxg0,2025-10-30T09:20:37,It's happening!,,PartyBusRuss,7,1.0,0,False,False,https://reddit.com/r/lakers/comments/1ojuxg0/its_happening/,https://i.redd.it/lu7zlathv7yf1.jpeg,lakers,,False,i.redd.it,https://b.thumbs.redditmedia.com/w2WazGM0phDAABYysajTHAEcY4VDT4sJol2pTZ_OzCU.jpg
1ojul3b,2025-10-30T08:58:13,Who's the worst Laker ever?,The antigoat,lucasmancini1123,0,0.33,6,False,False,https://reddit.com/r/lakers/comments/1ojul3b/whos_the_worst_laker_ever/,https://i.redd.it/64yiaz4kr7yf1.jpeg,lakers,,False,i.redd.it,https://b.thumbs.redditmedia.com/dWrPIeqSuJP7y_7n8kYodHBpKWv8vlUuo1lAqN21VMI.jpg
1ojukiv,2025-10-30T08:57:09,Austin Reaves game winner buzzer beater vs. the Minnesota Timberwolves with replays . EN1 EN2 ES1 EN3 EN4 EN5. HD version,,MrBuckBuck,9,1.0,1,False,False,https://reddit.com/r/lakers/comments/1ojukiv/austin_reaves_gamewinner_buzzerbeater_vs_the/,https://v.redd.it/kltejov4m7yf1,lakers,HIGHLIGHTS,True,v.redd.it,https://external-preview.redd.it/cjlzcTBvdjRtN3lmMbmSyj_n20mvDJFb5udcx3CxdfL1X5V_4EYF-zXVHFxj.png?width=140&amp;height=78&amp;format=jpg&amp;auto=webp&amp;s=2e81b0f725407cb13f30ac8f4bf102640d88c11d
1ojtycx,2025-10-30T08:14:52,Hol' up ...,,jonbemerkin,34,1.0,2,False,False,https://reddit.com/r/lakers/comments/1ojtycx/hol_up/,https://i.redd.it/ami6icesj7yf1.jpeg,lakers,,False,i.redd.it,https://a.thumbs.redditmedia.com/ztVLFxcRiQuyt2Yt7RiSLp67OVL0qiugmfaU-sK2VM0.jpg
1ojttea,2025-10-30T08:05:12,What do you guys think of this really smart trade idea I got from this sub?,"This trade, Goga Bitadze for Austin Reaves, was upvoted back in the offseason. Still worth pursuing?",prodij18,8,0.83,4,False,False,https://reddit.com/r/lakers/comments/1ojttea/what_do_you_guys_think_of_this_really_smart_trade/,https://i.redd.it/uhbphce7g7yf1.png,lakers,TRADE DISCUSSION,False,i.redd.it,https://a.thumbs.redditmedia.com/pHFfcQQUh4AfnikpqGpgcP59q7A15_IVxE8TVlR3nR0.jpg
1ojtm77,2025-10-30T07:51:06,Luka and Bron injuries might actually be a blessing in disguise,"Not only did it elevate Reaves confidence to the next level, It's also making the team learn how to not be self reliant on the 2 stars. This actually ended up improving our depth. Now when Luka and LeBron returns, we will have rotational players who are confident as ever.",Cold_Dog_5234,19,0.95,6,False,False,https://reddit.com/r/lakers/comments/1ojtm77/luka_and_bron_injuries_might_actually_be_a/,https://www.reddit.com/r/lakers/comments/1ojtm77/luka_and_bron_injuries_might_actually_be_a/,lakers,,False,self.lakers,self
1ojtj84,2025-10-30T07:45:26,The final correct version,,PlatinumRaptor95,32,0.98,5,False,False,https://reddit.com/r/lakers/comments/1ojtj84/the_final_correct_version/,https://i.redd.it/h9wvclnle7yf1.jpeg,lakers,MEME,False,i.redd.it,https://b.thumbs.redditmedia.com/nQ_iIorapwpfGPpaIBrexjDvp5heKtN-tUbhqjqXNGw.jpg
1ojtbkc,2025-10-30T07:30:46,Elite company,,malxkry,17,0.95,1,False,False,https://reddit.com/r/lakers/comments/1ojtbkc/elite_company/,https://i.redd.it/xwth0gvzb7yf1.png,lakers,PLAYER TALK,False,i.redd.it,https://b.thumbs.redditmedia.com/KVpAyqrYwRNtaiIcsKNjXduDVj2xlfce4gGSzkWOGHM.jpg
1ojt7uq,2025-10-30T07:23:39,"Woike Reaves texted LaRavia after his rough game. Keep your head up big dog, he wrote to LaRavia. I don t care if you miss a hundred shots in a row. Keep shooting that b . You re open. We need you right now. You ve been great. Flush the last one. I got you, LaRavia replied.","gt On the court, Reaves got mobbed. On his walk off of it, president of basketball operations Rob Pelinka draped his arm over Reaves shoulders. gt And in the locker room Vanderbilt, just half kidding, talked about where Reaves would be in the MVP race five games into the season. gt Obviously we know how good he is, whether he s first, second, third, fourth option, whatever, Vanderbilt told The Athletic . But for now, for the world to see what we already knew obviously we don t want anybody to get injured but when injuries happen, this gives people opportunity to showcase other stuff he s proving right now what he could do with that. gt Monday as he rode home postgame with his friend, Trent Swaim, driving, Reaves texted LaRavia after his rough game. gt Keep your head up big dog, he wrote to LaRavia. I don t care if you miss a hundred shots in a row. Keep shooting that b . You re open. We need you right now. You ve been great. Flush the last one. gt I got you, LaRavia replied. gt After hitting 10 of 11 from the field Wednesday, LaRavia crashed Reaves postgame interview with ESPN to celebrate with his teammate. He had responded. gt If you asked me two years ago if I said that to somebody, if it meant anything, I don t know if it would ve, Reaves told The Athletic . But like I do feel now that it is impactful to encourage these guys.",sewsgup,52,0.99,11,False,False,https://reddit.com/r/lakers/comments/1ojt7uq/woike_reaves_texted_laravia_after_his_rough_game/,https://www.nytimes.com/athletic/6762260/2025/10/30/austin-reaves-buzzer-beater-lakers-timberwolves/?source=emp_shared_article,lakers,,False,nytimes.com,https://external-preview.redd.it/DCKk5DyP9A5lx7odnMBiWtVKb_GlthJ9_D26RB2CiiM.jpeg?width=140&amp;height=93&amp;auto=webp&amp;s=b6bdb5b68ac41edf9a60286582b22ae526101326
1ojsnfj,2025-10-30T06:46:01,Marcus smart also had a taste of AR15's game winner,,tangpkm,61,1.0,5,False,False,https://reddit.com/r/lakers/comments/1ojsnfj/marcus_smart_also_had_a_taste_of_ar15s_game_winner/,https://v.redd.it/sfxk50sz37yf1,lakers,HIGHLIGHTS,True,v.redd.it,https://external-preview.redd.it/eDhqeXBsYjE0N3lmMQeLgtfmEYL2LVoVvqahnK2O-XWw9x0KMWWDXXfJTfnL.png?width=140&amp;height=78&amp;format=jpg&amp;auto=webp&amp;s=4ab274f2c07cd895a5a254de1cb72e8ce363c1d8
1ojsm46,2025-10-30T06:43:42,This man loves Austin Reaves,"And we do too. Just listening to the post game conference and you can really sense how much JJ really loves and appreciates AR s game and confidence. I have been a lifelong Lakers fan and have struggled paying attention during these LeBron years I m not the biggest fan , but I am locked in because of Austin. I hope he has a tremendous career.",Decent_Cheetah2867,31,0.97,10,False,False,https://reddit.com/r/lakers/comments/1ojsm46/this_man_loves_austin_reaves/,https://i.redd.it/itvndxkm37yf1.jpeg,lakers,,False,i.redd.it,https://b.thumbs.redditmedia.com/kLiwQZpozfhZqnma0pI_-WdKl7EdVhgVvmmVbL2j0FE.jpg
1ojsjhn,2025-10-30T06:38:39,Austin Gives Me Life!,,TangoThisMango,51,0.97,0,False,False,https://reddit.com/r/lakers/comments/1ojsjhn/austin_gives_me_life/,https://i.redd.it/b9lu5qom27yf1.jpeg,lakers,MEME,False,i.redd.it,https://a.thumbs.redditmedia.com/IMJet5WkgIkVeKXmrcIcFZpHwgTs05Vt_JQWMhQMop0.jpg
1ojsesc,2025-10-30T06:29:57,West LA Watch Parties?,I was watching argentina vs brasil earlier today and it was PACKED with a lot of fans at the brazilian restaurants. Then went home and watched the game winner with Lakers and was happy but also sad because I don t have anyone to share it with. Are there any common watch party in west la where fans will watch most of the games together? Would love to join a group and watch 80 90 of the games together.,vibecodingmonkey,5,1.0,1,False,False,https://reddit.com/r/lakers/comments/1ojsesc/west_la_watch_parties/,https://www.reddit.com/r/lakers/comments/1ojsesc/west_la_watch_parties/,lakers,,False,self.lakers,self
1ojscp4,2025-10-30T06:26:17,Standing ovation for AR Doncic. Perfect example of hard work and student of the game. Lebron mentored him well over the years.,,SwimGroundbreaking64,34,0.97,14,False,False,https://reddit.com/r/lakers/comments/1ojscp4/standing_ovation_for_ar_doncic_perfect_example_of/,https://i.redd.it/zelm07tlz6yf1.jpeg,lakers,,False,i.redd.it,https://a.thumbs.redditmedia.com/ppBbQ3w8OBuTr0roQG25sUDE5s8dKlHKFr33eU4jWg8.jpg
1ojs6sj,2025-10-30T06:15:34,The Lakers have the best backcourt in the NBA,"I expected our backcourt to be good. Maybe even approaching elite. But no. They re better than that. Luka is one of the two best guards in the NBA alongside Shai Austin is playing at a high enough level to where I feel comfortable putting him in the Garland Ja tier. He and Luka are both in their mid 20s Can t believe this is our life right now To be clear, I know Luka defends bigger players. So did Magic Johnson and people call him the best point guard ever. Luka is a point guard.",waccedoutfurbies,24,1.0,9,False,False,https://reddit.com/r/lakers/comments/1ojs6sj/the_lakers_have_the_best_backcourt_in_the_nba/,https://www.reddit.com/r/lakers/comments/1ojs6sj/the_lakers_have_the_best_backcourt_in_the_nba/,lakers,TEAM TALK,False,self.lakers,self
1ojs65n,2025-10-30T06:14:21,"New Jeremy Lin? Come on, Kenny",,Top-Entertainment945,33,0.97,30,False,False,https://reddit.com/r/lakers/comments/1ojs65n/new_jeremy_lin_come_on_kenny/,https://v.redd.it/wd2ea5hcy6yf1,lakers,,True,v.redd.it,https://external-preview.redd.it/eHd3bTZmaWN5NnlmMc0-vax0XZdpx-pEfzF3kG5pUiTu9QSzl3Zskf9jJKmE.png?width=140&amp;height=78&amp;format=jpg&amp;auto=webp&amp;s=2f1fca7e23c94a6dccc442280a68b59c4125a3d4
1ojs3lt,2025-10-30T06:09:35,We ve got our second Luka,,Milesi999,28,0.95,8,False,False,https://reddit.com/r/lakers/comments/1ojs3lt/weve_got_our_second_luka/,https://i.redd.it/jj91bnfjx6yf1.jpeg,lakers,,False,i.redd.it,https://b.thumbs.redditmedia.com/jTQNqwVtJqlg6saEH4zAYix0WsMDDyp6Bey_YlxGqaQ.jpg
1ojs1fo,2025-10-30T06:05:36,Austin Reaves agenda posting will not stop,Ik Luka is better but let AR have his moment,Diaxmond,18,0.87,0,False,False,https://reddit.com/r/lakers/comments/1ojs1fo/austin_reaves_agenda_posting_will_not_stop/,https://v.redd.it/ykn5pkmgw6yf1,lakers,MEME,True,v.redd.it,https://external-preview.redd.it/NjN5aGNrbWd3NnlmMQqjRqdSzYehrbJaMIJjtVkPRDd7MMZPUGsxbF84RT0U.png?width=140&amp;height=140&amp;format=jpg&amp;auto=webp&amp;s=2c1897914fa798d6725ad6a3358db47c9df263a7
1ojrxsi,2025-10-30T05:59:19,AUSTINSANITY IS UPON US,,SlatheredButtCheeks,13,0.74,1,False,False,https://reddit.com/r/lakers/comments/1ojrxsi/austinsanity_is_upon_us/,https://i.redd.it/xakjypijv6yf1.png,lakers,APPRECIATION,False,i.redd.it,https://b.thumbs.redditmedia.com/vnyAFxybaxX91CZvFG_eJQ5napaT-lXke_29wYxNETk.jpg
1ojrxjb,2025-10-30T05:58:51,Dear Austin Reaves I love you,,CompetitiveBike4626,21,0.96,1,False,False,https://reddit.com/r/lakers/comments/1ojrxjb/dear_austin_reaves_i_love_you/,https://i.redd.it/o58n1xemv6yf1.jpeg,lakers,APPRECIATION,False,i.redd.it,https://b.thumbs.redditmedia.com/UxgEfDloIQwuWUrTIVLKRvPIZyX_UEjo0k3Ss5Qdo0M.jpg
1ojrky1,2025-10-30T05:36:46,AR 15 All Star '26,"Austin Reaves adds a game winner to what is already the best All Star campaign of this early season! 40 ball 50 ball Multiple 25 10 games Game winner AR is HIM, and HIM is an All Star!",YoungBasedHooper,32,0.96,0,False,False,https://reddit.com/r/lakers/comments/1ojrky1/ar15_allstar_26/,https://i.redd.it/q2745fpor6yf1.jpeg,lakers,,False,i.redd.it,https://b.thumbs.redditmedia.com/JiXXHZ7iaRaTXcoxULp64h_XwUlBph7x3Ar9CNWZxXA.jpg
1ojrgtw,2025-10-30T05:29:50,Ant doesn't know Jake LaRavia,,catmeow808,91,1.0,22,False,False,https://reddit.com/r/lakers/comments/1ojrgtw/ant_doesnt_know_jake_laravia/,https://v.redd.it/px03589fq6yf1,lakers,MEME,True,v.redd.it,https://external-preview.redd.it/dW9xbnc3bGVxNnlmMTUnNrbJEvG7wB9ERt6G4RqWZOcFU0bCFq1tfQYVW22f.png?width=140&amp;height=140&amp;format=jpg&amp;auto=webp&amp;s=3cfba9b440a15b7fd498e96c529529e9f15ca02d
1ojrc75,2025-10-30T05:21:55,"Yeah, uh, about that...",,andrewsign,23,0.9,10,False,False,https://reddit.com/r/lakers/comments/1ojrc75/yeah_uh_about_that/,/r/nba/comments/1mpe5vb/assuming_they_were_both_making_40_million/,lakers,,False,,default
1ojr9xw,2025-10-30T05:17:59,Ant went to congratulate AR after the win,,CtrlAltDelightfull,610,1.0,51,False,False,https://reddit.com/r/lakers/comments/1ojr9xw/ant_went_to_congratulate_ar_after_the_win/,https://i.redd.it/mebwbjzbo6yf1.jpeg,lakers,,False,i.redd.it,https://b.thumbs.redditmedia.com/fE9__njbQi0eithOkrBzIH6i35ujPgxeXWyHj9HEfuw.jpg
1ojr3i9,2025-10-30T05:07:07,GO WIN THE BALL GAME AR!!!,,Winter-Gur-9762,45,1.0,0,False,False,https://reddit.com/r/lakers/comments/1ojr3i9/go_win_the_ball_game_ar/,https://i.redd.it/85pdlu7em6yf1.jpeg,lakers,APPRECIATION,False,i.redd.it,https://b.thumbs.redditmedia.com/ivApzD2GJjG-Ke8p4WqZLm6RDTiyOCFIcWW-ZQLtYuw.jpg
1ojr1vp,2025-10-30T05:04:30,Coldest white boy on the Lakers,,Whyamibeautiful,52,0.91,1,False,False,https://reddit.com/r/lakers/comments/1ojr1vp/coldest_white_boy_on_the_lakers/,https://v.redd.it/ygomkgfxl6yf1,lakers,PLAYER TALK,True,v.redd.it,https://external-preview.redd.it/Z2szMzU1ZXhsNnlmMXGq45qHALyXiU9_1IuBRrexsoZuq4niwpKBM66Vbyf3.png?width=140&amp;height=69&amp;format=jpg&amp;auto=webp&amp;s=2aac46244d9088e2f4cfe71428033c5ce65e5187
1ojqzbm,2025-10-30T05:00:32,Luka s IG story,,arigatou12,339,0.99,16,False,False,https://reddit.com/r/lakers/comments/1ojqzbm/lukas_ig_story/,https://i.redd.it/74jq72u7l6yf1.jpeg,lakers,SOCIAL MEDIA,False,i.redd.it,https://b.thumbs.redditmedia.com/Rx18x7Qgp3rZKBs9lECjg-s2NTisRAVDEhWlONy-kFs.jpg
1ojquxb,2025-10-30T04:53:25,Giving some of the best defenders in the league the business,,gisakuman,118,0.99,28,False,False,https://reddit.com/r/lakers/comments/1ojquxb/giving_some_of_the_best_defenders_in_the_league/,https://i.redd.it/nm59ff9yj6yf1.jpeg,lakers,MEME,False,i.redd.it,https://a.thumbs.redditmedia.com/FZOA2pEFiwKDRlktMcWLhsycvrIZAfBuSmfSKiQ_Tw4.jpg
1ojqtfb,2025-10-30T04:50:59,Anthony Edwards telling Austin Reaves you re him after their win today,,supremefearofgod,21,0.82,1,False,False,https://reddit.com/r/lakers/comments/1ojqtfb/anthony_edwards_telling_austin_reaves_youre_him/,https://youtube.com/shorts/U0wS7vHgRDg?si=Cht8CnGnYpitThff,lakers,,False,youtube.com,https://external-preview.redd.it/KrDQvrR9Xf6oIlaqXizEi-T9FfbtPd8velbjhf0oP5w.jpeg?width=140&amp;height=105&amp;auto=webp&amp;s=37ef2f9f140e99efd0c20cca757fae22351d4837
1ojqrqv,2025-10-30T04:48:20,Ringer top 100 players for 25 26 season year round ranking,Last updated Oct 15.... Update that shit right now!,goatnxtinline,33,1.0,8,False,False,https://reddit.com/r/lakers/comments/1ojqrqv/ringer_top_100_players_for_2526_season_yearround/,https://i.redd.it/0n5sz2wfi6yf1.jpeg,lakers,PICTURE,False,i.redd.it,https://b.thumbs.redditmedia.com/aElUzUSABPfAoLSip_8t4Q3m0-7nQ9ZRs60j3PiaE3M.jpg
1ojqrle,2025-10-30T04:48:03,Austin This Season,,TheAnonymousOpinion,47,0.96,1,False,False,https://reddit.com/r/lakers/comments/1ojqrle/austin_this_season/,https://v.redd.it/nq0z0nnzi6yf1,lakers,,True,v.redd.it,https://external-preview.redd.it/aGEwb21maHppNnlmMUYSFW_Ww57Qe648y94yUHK2Ki0tm7ErzjHcG5--r9jw.png?width=140&amp;height=78&amp;format=jpg&amp;auto=webp&amp;s=98e946961d384895680dd181bac849ef9e39e8ac
1ojqoq9,2025-10-30T04:43:26,Austin Reaves' buzzer beater against the Timberwolves Center court view,,Virtual_Success5530,111,1.0,10,False,False,https://reddit.com/r/lakers/comments/1ojqoq9/austin_reaves_buzzer_beater_against_the/,https://v.redd.it/lybff7h4i6yf1,lakers,HIGHLIGHTS,True,v.redd.it,https://external-preview.redd.it/NWEwZmZnaDRpNnlmMaZSzesDH6HNkhJeUQNxN9mFDGCmIc32C26JXIs0Ag96.png?width=140&amp;height=140&amp;format=jpg&amp;auto=webp&amp;s=c4ab0d59d29b985bb4b5505f6769c5c8e2db8327
1ojqokk,2025-10-30T04:43:09,AR pleading for Luka and LeBron to comeback,,Doten1,276,1.0,11,False,False,https://reddit.com/r/lakers/comments/1ojqokk/ar_pleading_for_luka_and_lebron_to_comeback/,https://v.redd.it/6p5mjv94i6yf1,lakers,,True,v.redd.it,https://external-preview.redd.it/aWZzdnpvNTRpNnlmMQoH452zqTaRHEtpTpn3u2X3FmIlrRaPQExoxhk-kNG0.png?width=140&amp;height=78&amp;format=jpg&amp;auto=webp&amp;s=aaafd9420bd8db575c692f37d6a4ce7dd8bcaa0e
1ojqme0,2025-10-30T04:39:40,Austin Reaves' CRAZY Game Winning Floater! TissotBuzzerBeater,0 16 Rui was flinging AR's headband and Smart got sweat on his mouth LOOOLLL I'm dying,Beautiful-Guard-7770,34,1.0,0,False,False,https://reddit.com/r/lakers/comments/1ojqme0/austin_reaves_crazy_gamewinning_floater/,https://www.reddit.com/r/lakers/comments/1ojqme0/austin_reaves_crazy_gamewinning_floater/,lakers,,False,self.lakers,self
1ojqjcw,2025-10-30T04:34:45,Austin Reaves full postgame interview on the court after hitting the game winner buzzer beater vs. Timberwolves,,incredibleamadeuscho,62,1.0,1,False,False,https://reddit.com/r/lakers/comments/1ojqjcw/austin_reaves_full_postgame_interview_on_the/,https://streamable.com/z1dojv,lakers,,False,streamable.com,https://external-preview.redd.it/zzpTM5k_Kne5qNHyXyMBhRS9KKWr3q114wXrac50jqk.jpeg?width=140&amp;height=78&amp;auto=webp&amp;s=f371263795c897377103000cb0da97ce1a1f69eb
1ojqj7u,2025-10-30T04:34:31,LaRavia and Reaves were absolute fucking beasts tonight. Although we THREW that 20 point lead for no good reason.,,BlingyBroccoli,73,1.0,20,False,False,https://reddit.com/r/lakers/comments/1ojqj7u/laravia_and_reaves_were_absolute_fucking_beasts/,https://i.redd.it/191z0ipkg6yf1.jpeg,lakers,POST GAME,False,i.redd.it,https://b.thumbs.redditmedia.com/qPxk1zd9Z_JAinTTWCj2IH58IqEGDETUJNjlO14-9Xk.jpg
1ojqipc,2025-10-30T04:33:40,More dangerous than NWA.,,AdorableBackground83,68,0.99,10,False,False,https://reddit.com/r/lakers/comments/1ojqipc/more_dangerous_than_nwa/,https://i.redd.it/i6qu8shfg6yf1.jpeg,lakers,MEME,False,i.redd.it,https://a.thumbs.redditmedia.com/EPYtGDc0rWpEF4y5StxhHZTmXr0insHgM_F6jzy-C34.jpg
1ojqh72,2025-10-30T04:31:13,"Austin Reaves stole the show, but let s show Jake LaRavia some love tonight 27 PTS!",,_MambaForever,720,1.0,49,False,False,https://reddit.com/r/lakers/comments/1ojqh72/austin_reaves_stole_the_show_but_lets_show_jake/,https://i.redd.it/rpkfpflzf6yf1.jpeg,lakers,APPRECIATION,False,i.redd.it,https://b.thumbs.redditmedia.com/k44aULTB4NyJ9iM3HqitxwHixpf5Aay7RYlZYzxJ_rA.jpg
1ojqgib,2025-10-30T04:30:08,We have to pay AR next summer,,StoneColdAM,26,0.79,11,False,False,https://reddit.com/r/lakers/comments/1ojqgib/we_have_to_pay_ar_next_summer/,https://images.squarespace-cdn.com/content/v1/55ccfddce4b03e8de40af48f/1617714989573-D7HT942BOUVZH1EFWDG4/Hogan+Cash.gif,lakers,,False,images.squarespace-cdn.com,https://external-preview.redd.it/YeSi47fo98anoOdcrx9QMio1Hdj3zVKS1xfb9LWE43g.gif?width=140&amp;height=105&amp;auto=webp&amp;s=97a97cabc0803482d5402884c7f54a8bfeedef1d
1ojqery,2025-10-30T04:27:26,Pau Gasol showing love to AR,,denobino,272,1.0,10,False,False,https://reddit.com/r/lakers/comments/1ojqery/pau_gasol_showing_love_to_ar/,https://i.redd.it/9csxfwh8f6yf1.png,lakers,SOCIAL MEDIA,False,i.redd.it,https://b.thumbs.redditmedia.com/hGyUpEr11snvxA5MTohLVsd4Ko7Uq7bsEkW13b-ErOQ.jpg
1ojqelf,2025-10-30T04:27:09,Austin Reaves locked as an Allstar?,"This is my live reaction seeing the game winner by reaves, i ve been pushing his all star agenda going into TWO years now. His potential is through the roof and i can definitely see him being an all star and a huge part of the laker success moving forward. Having 3 all stars on the lakers starting lineup with a good supporting cast as in, smart, laravia, rui, ayton, and vando is this team ready for a playoff run?",unzixqt__,59,0.94,19,False,False,https://reddit.com/r/lakers/comments/1ojqelf/austin_reaves_locked_as_an_allstar/,https://v.redd.it/clxw9mc7f6yf1,lakers,,True,v.redd.it,https://external-preview.redd.it/NjR5azNteTZmNnlmMZpngzQ4tlDp6gBN6i9E8dl8akyNq9tdJG5FZMlFs2tY.png?width=140&amp;height=140&amp;format=jpg&amp;auto=webp&amp;s=0bbd9d70593950d32d1c074ec3027c623ea9a18e
1ojqejh,2025-10-30T04:27:04,AR15 and LaRavia,,yol007,123,0.99,7,False,False,https://reddit.com/r/lakers/comments/1ojqejh/ar15_and_laravia/,https://i.redd.it/8f5iayu8f6yf1.jpeg,lakers,MEME,False,i.redd.it,https://b.thumbs.redditmedia.com/N4vE1w5MIJKRzeu69iUjrSDJMbA9RfYiRXe4h2soVcQ.jpg
1ojqcjd,2025-10-30T04:23:51,Thhhhhheee lakkkkeeee shooooowww,"Holyyyy shit, that win was insane. I was half watching while doing dishes and cleaning, just catching the score here and there and when we went up by 20 I was like foook yeah! All hyped, but you know how basketball goes no lead is ever safe flashbacks to the 2008 Finals . I locked in for the last four minutes, and man, I swear I had about six heart attacks. Honestly, having LeBron and Luka out might ve been a blessing in disguise it s letting the rest of the team really gel and find their rhythm without leaning on them every possession. Ayton s been a game changer finally a true center and Hayes off the bench keeps that interior energy alive. And bro, Reaves has been absolutely holding it down these past few games while Luka s been out. Dude s confidence, control, and shot making have been huge. Laravia emerging tonight is what we needed to. Having Smart out there would ve made a difference late, but even without him, this team looks poised. The crowd was electric, and when things got tight, that timeout by J.J. was clutch you could literally feel the composure reset after that. It s crazy to think how scary this team will be at full strength. I wasn t sure what to expect coming into the season, but this win changed that. This squad might just rival the 2020 Lakers. We re so spoiled as fans and I m hyped for what s ahead. Win or lose, it s still the Lakkkkkeee Shooow.",Particular-Tip9913,22,0.92,0,False,False,https://reddit.com/r/lakers/comments/1ojqcjd/thhhhhheee_lakkkkeeee_shooooowww/,https://www.reddit.com/r/lakers/comments/1ojqcjd/thhhhhheee_lakkkkeeee_shooooowww/,lakers,,False,self.lakers,self
1ojqbyd,2025-10-30T04:22:58,"All Access Austin Reaves hits the clutch buzzer beater for the Lakers to win it in Minnesota. The shot caps a 28 point, 16 assist performance.",,nba,87,1.0,7,False,False,https://reddit.com/r/lakers/comments/1ojqbyd/allaccess_austin_reaves_hits_the_clutch/,https://v.redd.it/fjavdv8xd6yf1,lakers,HIGHLIGHTS,False,v.redd.it,https://external-preview.redd.it/sTGdSwObYFsJbQ3H8AK_3iK8XLA14yAFVHVHDN3YQiw.png?width=140&amp;height=73&amp;auto=webp&amp;s=b4de7819794601ee889476788bae6538dea75823
1ojqby0,2025-10-30T04:22:58,Deandre Ayton tonight 17 points on 8 11 FG 1 2 FT with 10 Reb 3 Ast 2 TO,,Alternatively_Built_,912,0.99,104,False,False,https://reddit.com/r/lakers/comments/1ojqby0/deandre_ayton_tonight_17_points_on_811_fg_12_ft/,https://i.redd.it/l0y1pz0nd6yf1.jpeg,lakers,APPRECIATION,False,i.redd.it,https://b.thumbs.redditmedia.com/blc8FzX-vS0weJ2OA_99472yusARS-RS6Ugs1TBPlqk.jpg
1ojqbaa,2025-10-30T04:21:56,3 top 15 players on 1 team,Could the lakers really have 3 top 15 players on one team? When was the last time a team had this? It just seems unreal. Hella proud for Austin,International_Sky673,23,0.9,17,False,False,https://reddit.com/r/lakers/comments/1ojqbaa/3_top_15_players_on_1_team/,https://www.reddit.com/r/lakers/comments/1ojqbaa/3_top_15_players_on_1_team/,lakers,,False,self.lakers,self
1ojqb59,2025-10-30T04:21:44,Lakers can win a chip this year but need to make moves at deadline,Lakers are a championship contender but we need to improve depth and add some 2 way athletic pieces. With the expiring of Kleber and gabe and if needed even Rui we can possibly get some nice pieces to build around the squad.,OrganicHunt952,7,0.61,34,False,False,https://reddit.com/r/lakers/comments/1ojqb59/lakers_can_win_a_chip_this_year_but_need_to_make/,https://www.reddit.com/r/lakers/comments/1ojqb59/lakers_can_win_a_chip_this_year_but_need_to_make/,lakers,,False,self.lakers,self
1ojq9ds,2025-10-30T04:18:58,Austin Reaves,,communist_lover69,469,1.0,12,False,False,https://reddit.com/r/lakers/comments/1ojq9ds/austin_reaves/,https://v.redd.it/u2oz9fysd6yf1,lakers,VIDEO,True,v.redd.it,https://external-preview.redd.it/MXN3ZmlnenNkNnlmMWXesawAnRQJ6Sr-81FPJEYGf1fI2JwkpsIboPQtLCxT.png?width=140&amp;height=140&amp;format=jpg&amp;auto=webp&amp;s=c44e458f24029e123b936fba459b01fd049e4df1
1ojq95u,2025-10-30T04:18:37,Top 4 SG itl minimum. Pay this man NOW.,,Ejdusnebe,63,0.97,11,False,False,https://reddit.com/r/lakers/comments/1ojq95u/top_4_sg_itl_minimum_pay_this_man_now/,https://i.redd.it/4u70kuqqd6yf1.jpeg,lakers,,False,i.redd.it,https://b.thumbs.redditmedia.com/0V6HRpHzJcGSkDNWeIOZ6oEl3IZm3BhL9nuaT1Au5rY.jpg
1ojq82l,2025-10-30T04:16:54,AUSTIN REAVES CANNOT BE STOPPED!!!!! HITS THE GAME WINNER AT THE BUZZER!!!!!,,Virtual_Success5530,347,1.0,34,False,False,https://reddit.com/r/lakers/comments/1ojq82l/austin_reaves_cannot_be_stopped_hits_the_game/,https://v.redd.it/7u06s749d6yf1,lakers,,True,v.redd.it,https://external-preview.redd.it/ZGozOXM3NDlkNnlmMSN_QcyU3Qg1wKTnkcH8A_ezBnInWxx5BH5GmSRO0qIa.png?width=140&amp;height=78&amp;format=jpg&amp;auto=webp&amp;s=ebd3d18970968ff20fa7ab535dfc212dab7e440a
1ojq7p4,2025-10-30T04:16:18,Woike I'm so proud of this group right now JJ Redick says,,daftmunt,185,1.0,16,False,False,https://reddit.com/r/lakers/comments/1ojq7p4/woike_im_so_proud_of_this_group_right_now_jj/,https://i.redd.it/y3fobgqbd6yf1.jpeg,lakers,,False,i.redd.it,https://b.thumbs.redditmedia.com/HFAUEDEZ4t5ok3rB_SKhGmPWCRsFW4G4w8gYoOKOSps.jpg
1ojq5rl,2025-10-30T04:13:19,AR WITH ANOTHER BANGER GAME,,VGstuffed,90,1.0,9,False,False,https://reddit.com/r/lakers/comments/1ojq5rl/ar_with_another_banger_game/,https://i.redd.it/8c76duvrc6yf1.png,lakers,APPRECIATION,False,i.redd.it,https://b.thumbs.redditmedia.com/7NLGO5k9_jq-1PjTfeARW124NoLOaARLuKkUBDhEbzA.jpg
1ojq5fz,2025-10-30T04:12:50,AUSTIN YOU'RE HIM,,DudeWTH,465,1.0,35,False,False,https://reddit.com/r/lakers/comments/1ojq5fz/austin_youre_him/,https://v.redd.it/hx2dkcync6yf1,lakers,VIDEO,True,v.redd.it,https://external-preview.redd.it/ZTdxYmpseW5jNnlmMdesUbXsrff9aW_Wgk20shTgW6bssQOIu60dcoIecSSD.png?width=140&amp;height=140&amp;format=jpg&amp;auto=webp&amp;s=a7f100839c35a8791919f888304a58da11efef8f
1ojq4rq,2025-10-30T04:11:49,Austin I ll F You Up Reaves!,,TangoThisMango,574,0.99,37,False,False,https://reddit.com/r/lakers/comments/1ojq4rq/austin_ill_f_you_up_reaves/,https://i.redd.it/xqhhieadc6yf1.jpeg,lakers,MEME,False,i.redd.it,https://a.thumbs.redditmedia.com/weIM2RqdUwBz1TB0CvylHGLFnRK6yYTPJoxAOI0qKD4.jpg
1ojq3tl,2025-10-30T04:10:23,Time to learn his name,,Beautiful-Cress5695,61,0.98,5,False,False,https://reddit.com/r/lakers/comments/1ojq3tl/time_to_learn_his_name/,https://i.redd.it/0awdvri8c6yf1.png,lakers,SOCIAL MEDIA,False,i.redd.it,https://b.thumbs.redditmedia.com/h5As08P88ONcMSOXqEx2insw6P1SIDV1_d1PJK3GMbQ.jpg
1ojq39o,2025-10-30T04:09:34,Yall know who he is!,,Cul_what,151,1.0,9,False,False,https://reddit.com/r/lakers/comments/1ojq39o/yall_know_who_he_is/,https://i.redd.it/7m1ez0g4c6yf1.png,lakers,APPRECIATION,False,i.redd.it,https://b.thumbs.redditmedia.com/1I-IpA8efRqwgbZ2epN9CXx1bRuNfsTaeN9B_a5vMlg.jpg
1ojq2qj,2025-10-30T04:08:47,LeBron A MUTHAFUCKIN R!!!!!!!!!!!!!,,daftmunt,1955,0.97,78,False,False,https://reddit.com/r/lakers/comments/1ojq2qj/lebron_amuthafuckinr/,https://i.redd.it/k46zkrhzb6yf1.jpeg,lakers,,False,i.redd.it,https://b.thumbs.redditmedia.com/0H6lA4pYjCzpOXfqPuPRpF1yPEa1HS6rkpCSaLMKlas.jpg
1ojq2q4,2025-10-30T04:08:46,Reavisanity continues!,What a week he has been playing with luka and lebron out and to top it off with a buzzer beater! AR for all star! Stop the count he deserves it!,jantoxdetox,47,0.95,7,False,False,https://reddit.com/r/lakers/comments/1ojq2q4/reavisanity_continues/,https://www.reddit.com/r/lakers/comments/1ojq2q4/reavisanity_continues/,lakers,,False,self.lakers,self
1ojq2ns,2025-10-30T04:08:40,Austin reaves... My life is yours,,Few_Prune_1436,99,1.0,5,False,False,https://reddit.com/r/lakers/comments/1ojq2ns/austin_reaves_my_life_is_yours/,https://i.redd.it/stj29jkyb6yf1.jpeg,lakers,,False,i.redd.it,https://b.thumbs.redditmedia.com/wkYfNhzKdpkFGI7ppLvi6gnUgQDcZk0sw9-mI95iN5A.jpg
1ojq2e3,2025-10-30T04:08:15,THAT S A BAD MAN!!!!,,nbagup,265,1.0,14,False,False,https://reddit.com/r/lakers/comments/1ojq2e3/thats_a_bad_man/,https://i.redd.it/i9lrmr4wb6yf1.jpeg,lakers,,False,i.redd.it,https://b.thumbs.redditmedia.com/RRI031C_67IRcwkReZeL5QZI-dRtOcSq6JNWz5j3oqQ.jpg
1ojq2c5,2025-10-30T04:08:10,Doncic,,daftmunt,412,0.99,11,False,False,https://reddit.com/r/lakers/comments/1ojq2c5/doncic/,https://i.redd.it/wevosokvb6yf1.jpeg,lakers,,False,i.redd.it,https://b.thumbs.redditmedia.com/COeBLFE_SMbteZ-x3wSn5hGjZMcewANeE1_3FDexZWM.jpg
1ojq2bb,2025-10-30T04:08:08,HIMMMMMMMMMM,,dynamo458,81,1.0,2,False,False,https://reddit.com/r/lakers/comments/1ojq2bb/himmmmmmmmmm/,https://i.redd.it/na7za8bvb6yf1.jpeg,lakers,,False,i.redd.it,https://b.thumbs.redditmedia.com/_DQD-AQwLNJyjHH-bk1Ob9AwfhfDMimx0CYjxfCEu-U.jpg
1ojq2a3,2025-10-30T04:08:05,Austin Reaves hits the GAME WINNER to defeat the Minnesota Timberwolves!,,Turbostrider27,1065,0.99,52,False,False,https://reddit.com/r/lakers/comments/1ojq2a3/austin_reaves_hits_the_game_winner_to_defeat_the/,https://streamable.com/exc429,lakers,,False,streamable.com,https://external-preview.redd.it/Kvtke6R5GmFahWNJjzRGpBJXkmZDUOdHuNULL9R28Fg.jpeg?width=140&amp;height=78&amp;auto=webp&amp;s=6e4e15e5e5978eda2d55bad274a7a9395414b522
1ojq253,2025-10-30T04:07:52,Jake LaRavia Tonight 27pts 10 11 5 6 from 3 8 Reb 2 Ast,,MamiTarantina,646,1.0,40,False,False,https://reddit.com/r/lakers/comments/1ojq253/jake_laravia_tonight_27pts_1011_56_from_3_8_reb_2/,https://i.redd.it/di73lintb6yf1.jpeg,lakers,APPRECIATION,False,i.redd.it,https://b.thumbs.redditmedia.com/MxdOjCU6dtPjcQEWUEpy0B2Mt1gGcbcQYm3KIjH8rsw.jpg
1ojq1qx,2025-10-30T04:07:18,AUSTIN REAVES FOR THE GAME,,mastermind208,609,0.99,48,False,False,https://reddit.com/r/lakers/comments/1ojq1qx/austin_reaves_for_the_game/,https://i.redd.it/sv415wxpb6yf1.png,lakers,,False,i.redd.it,https://b.thumbs.redditmedia.com/Dy3u35H8nQ1Hm8m6R_Rg_uQhZAApFMKWuCCY3FYc5SQ.jpg
1ojq1py,2025-10-30T04:07:16,Lakers win...,,KarrotMovies,115,1.0,4,False,False,https://reddit.com/r/lakers/comments/1ojq1py/lakers_win/,https://i.redd.it/3lip1zzob6yf1.jpeg,lakers,POST GAME,False,i.redd.it,https://b.thumbs.redditmedia.com/xsJBTE73BxNEFoSxP7wv-Y5Ep-KS9zs-MROqDRunTXM.jpg
1ojq1ne,2025-10-30T04:07:10,OMFG the GOAT came through!!!!,,AdorableBackground83,155,1.0,9,False,False,https://reddit.com/r/lakers/comments/1ojq1ne/omfg_the_goat_came_through/,https://i.redd.it/qsntt5apb6yf1.jpeg,lakers,,False,i.redd.it,https://a.thumbs.redditmedia.com/ODRcp9eVpsxttriT7Ygmti9sGTQi5HoH6IgDfuHzOp8.jpg
1ojq1j8,2025-10-30T04:07:01,"Post Game Thread NBA The Lakers defeat the Timberwolves on Oct 29, 2025, the final score is 115 116.",This post contains content not supported on old Reddit. Click here to view the full post,basketball-app,878,0.98,652,False,True,https://reddit.com/r/lakers/comments/1ojq1j8/post_game_thread_nba_the_lakers_defeat_the/,https://www.reddit.com/r/lakers/comments/1ojq1j8/post_game_thread_nba_the_lakers_defeat_the/,lakers,,False,self.lakers,self
1ojq1e3,2025-10-30T04:06:47,WHITE BOY WEDNESDAY,,beanandcheesetacos,141,0.99,9,False,False,https://reddit.com/r/lakers/comments/1ojq1e3/white_boy_wednesday/,https://i.redd.it/4sxf51qmb6yf1.jpeg,lakers,,False,i.redd.it,https://b.thumbs.redditmedia.com/zser4D3iDDqc15kzKoQZWnH5WZP0ScrXKYQpuz55kmU.jpg
1ojpw5h,2025-10-30T03:59:12,Luka showing love to Jake,,Parking-Number1795,126,0.98,4,False,False,https://reddit.com/r/lakers/comments/1ojpw5h/luka_showing_love_to_jake/,https://i.redd.it/o0m7jpy9a6yf1.jpeg,lakers,,False,i.redd.it,https://b.thumbs.redditmedia.com/GKn9UxVN24E86laFTmxmbznE2RdA8QVJFtNDmylnKlU.jpg
1ojpo5k,2025-10-30T03:47:16,Defensive Dime Piece,"Take note if you haven't noticed. Jake LaRavia is having a great game all around but more noticeably on defense. He is everywhere... Deflections, Steals, getting in the passing lanes and houding dudes and rebounding. This is a great sign for him,his confidence and the Lakers.",iamwyzemusic,23,1.0,1,False,False,https://reddit.com/r/lakers/comments/1ojpo5k/defensive_dime_piece/,https://www.reddit.com/r/lakers/comments/1ojpo5k/defensive_dime_piece/,lakers,,False,self.lakers,self
1ojp8s9,2025-10-30T03:25:30,How I feel today,,imin2099,86,0.96,13,False,False,https://reddit.com/r/lakers/comments/1ojp8s9/how_i_feel_today/,https://i.redd.it/g8r4jxi946yf1.jpeg,lakers,,False,i.redd.it,https://a.thumbs.redditmedia.com/_MtPRlMcXxWvuSdHO9kQ_ep-boRTNUA-ZBY7iF3u_l4.jpg
1ojp8fu,2025-10-30T03:24:59,"I've seen enough... Austin, Jake, and Ayton are the new Lakers big 3. Move along Luka and Lebron",,Few_Prune_1436,62,0.9,1,False,False,https://reddit.com/r/lakers/comments/1ojp8fu/ive_seen_enough_austin_jake_and_ayton_are_the_new/,https://i.redd.it/vueok9s546yf1.jpeg,lakers,GAME,False,i.redd.it,https://b.thumbs.redditmedia.com/0ycQMS-MsgIYtckrAWWqBAPnL7UpjVN75jH5zItLiVQ.jpg
1ojp4an,2025-10-30T03:19:12,Charmeleon deflects the pass and then Charizard finds Charmander for the alley oop!,,AdorableBackground83,363,0.98,21,False,False,https://reddit.com/r/lakers/comments/1ojp4an/charmeleon_deflects_the_pass_and_then_charizard/,https://v.redd.it/nugxvkx436yf1,lakers,,True,v.redd.it,https://external-preview.redd.it/NWNjaTN3djQzNnlmMXS5bMptvK0xRp6NDyma_7Pfw3tzhJtzcf0hthR9Jw5b.png?width=140&amp;height=79&amp;format=jpg&amp;auto=webp&amp;s=64dd4adc2204920510de19a204efc7cd70f57ea9
1ojoyd6,2025-10-30T03:10:51,McLovin IS LIGHTING THE WOLVES UP,,herpes_for_free,101,0.99,10,False,False,https://reddit.com/r/lakers/comments/1ojoyd6/mclovin_is_lighting_the_wolves_up/,https://i.redd.it/ka4wyten16yf1.jpeg,lakers,GAME,False,i.redd.it,https://b.thumbs.redditmedia.com/BMqQY5Zb4mKok-ue7w64_M3tHsLFzIDC88AIUnM0J-M.jpg
1ojoxn5,2025-10-30T03:09:53,LaRavia on Fire,,Relevant-Ad6983,74,0.97,8,False,False,https://reddit.com/r/lakers/comments/1ojoxn5/laravia_on_fire/,https://i.redd.it/26awut5h16yf1.jpeg,lakers,GAME,False,i.redd.it,https://a.thumbs.redditmedia.com/qYJUfF2Ql0YM9PsNVbI01A69yZnCOaCu4UWxPCwb6I0.jpg
1ojo150,2025-10-30T02:25:08,They're guarding reaves like he's curry,I better not see anyone complaining about his free throws this time when he can't pass the court without being double teamed,Few_Prune_1436,659,0.99,54,False,False,https://reddit.com/r/lakers/comments/1ojo150/theyre_guarding_reaves_like_hes_curry/,https://i.redd.it/nxd8lrpgt5yf1.jpeg,lakers,GAME,False,i.redd.it,https://b.thumbs.redditmedia.com/quhTp1GzpBMeZhpH7VMGKyT-cldZhumQKMDB6n-lQZw.jpg
1ojlwsv,2025-10-30T00:46:46,Pelinka in the house tonight,,pint_of_popov,94,0.98,20,False,False,https://reddit.com/r/lakers/comments/1ojlwsv/pelinka_in_the_house_tonight/,https://i.redd.it/qvq9brwxb5yf1.jpeg,lakers,,False,i.redd.it,https://b.thumbs.redditmedia.com/YKkdJOC4pwUf5g11pxzdrBWzCvHBjyF7KlQdezHu70E.jpg
1ojlkj4,2025-10-30T00:30:45,"Game Thread Minnesota Timberwolves vs Los Angeles Lakers Live Score NBA Oct 29, 2025",This post contains content not supported on old Reddit. Click here to view the full post,basketball-app,143,1.0,3680,False,False,https://reddit.com/r/lakers/comments/1ojlkj4/game_thread_minnesota_timberwolves_vs_los_angeles/,https://www.reddit.com/r/lakers/comments/1ojlkj4/game_thread_minnesota_timberwolves_vs_los_angeles/,lakers,,False,self.lakers,self
1ojl3bc,2025-10-30T00:09:16,"Luka is expected to be back within the next couple of games, LeBron is eyeing a return the second or third week of November",,CtrlAltDelightfull,304,1.0,45,False,False,https://reddit.com/r/lakers/comments/1ojl3bc/luka_is_expected_to_be_back_within_the_next/,https://i.redd.it/6xwo395955yf1.jpeg,lakers,,False,i.redd.it,https://a.thumbs.redditmedia.com/-4BteOilYR67OvKBgl_-NnCWWi_wJz0dgzJk_Mrcqq0.jpg
1ojkv3j,2025-10-29T23:59:37,Lane Lakers announced they have assigned forward Adou Thiero to the South Bay Lakers.,"Demon's almost home, baby!",malxkry,333,0.99,45,False,False,https://reddit.com/r/lakers/comments/1ojkv3j/lane_lakers_announced_they_have_assigned_forward/,https://i.redd.it/8usywitb35yf1.png,lakers,PLAYER TALK,False,i.redd.it,https://b.thumbs.redditmedia.com/pzsuTxxM9ewuGjztc-1yBobKtiwJOhCEArrzAjLBIAY.jpg
1ojfcxs,2025-10-29T20:17:07,I love having a front row seat to greatness. AR on Luka,"via thelakersuniversity on Insta They troll each other but they are so supportive of each other, I LOVE IT. Rob you better not ever split up our boys or else.",Puzzled_Plate294,597,0.99,56,False,False,https://reddit.com/r/lakers/comments/1ojfcxs/i_love_having_a_front_row_seat_to_greatness_ar_on/,https://v.redd.it/q9rfqaztz3yf1,lakers,,True,v.redd.it,https://external-preview.redd.it/eGN4ZGJ0d3R6M3lmMdYDGzoFQg7b3X0CGlcECsCa4qidQmvUmwT77sm95TiY.png?width=140&amp;height=140&amp;format=jpg&amp;auto=webp&amp;s=6d55a56b8fc0abe4a57b808a7c4b798ac91af2fe
1ojec9k,2025-10-29T19:38:21,"I'm Yaron Weitzman, NBA reporter and author of A HOLLYWOOD ENDING THE DREAMS AND DRAMA OF THE LEBRON LAKERS that new book that's out on the LeBron era . AMA...","Hey all, I'm the author of a new book on the LeBron Lakers era you can see it here If you've seen some of the headlines about a Will Smith meeting, or a lawsuit threat, well, that's this. I spent three years on this project, interviewed about 300 people. Players, coaches, executives, agents, managers, friends, friends of friends, etc. I'm going to be doing an AMA here from 5 6, but figured I'd get a post up a bit early to make it easier for everyone and to hopefully allow me to get to some more questions. Would love to answer anything you guys are wondering, whether about the book, the reporting process, the LeBron era, the current team, etc. Thanks for the time here, and looking forward to chatting more",YaronWeitzman,0,0.44,93,False,False,https://reddit.com/r/lakers/comments/1ojec9k/im_yaron_weitzman_nba_reporter_and_author_of_a/,https://www.reddit.com/r/lakers/comments/1ojec9k/im_yaron_weitzman_nba_reporter_and_author_of_a/,lakers,,False,self.lakers,self
1ojdlhs,2025-10-29T19:10:21,LeBron Feb 2025 Kia Player of the Month Pre Groin injury,"Been a lot of talk in this sub but this is a reminder of who we have coming back in 3 weeks to help Luka and AR. After the groin injury, he didn t get enough time to really recover so in the Playoffs he looked nothing like this. Player of the month in the West at age 40 may never ever happen again for anyone.",CryptoNite90,43,0.89,6,False,False,https://reddit.com/r/lakers/comments/1ojdlhs/lebron_feb_2025_kia_player_of_the_month_pregroin/,https://youtu.be/AwgOcaBrQ0w?si=Atxlz4HDlewGd6xC,lakers,HIGHLIGHTS,False,youtu.be,https://external-preview.redd.it/987ZMKL26aQib1LrjXmYJOcTxbNuSdbCrAMjYXlphKs.jpeg?width=140&amp;height=105&amp;auto=webp&amp;s=200218a7214a6a39f46bfa3c6fce4a9133327f41
1ojd2fe,2025-10-29T18:50:43,South Bay Lakers Training Camp Roster,South Bay just traded for Drew Timme which is a move I actually love. I think he's got really solid 3rd big potential and I'd frankly give him Koloko's 2 way right now. It is absolutely baffling not seeing Nate Williams on this roster after he got so much time in the pre season. Baffling. I'm really interested to see what Marciulionis looks like once he gets going. I'm an Arthur Kaluma fan so I hope he gets burn as well. Good to see RJ Davis make it o SB too. Edit jsun points out they traded Williams for Timme so there you go,nottherealstanlee,20,0.88,47,False,False,https://reddit.com/r/lakers/comments/1ojd2fe/south_bay_lakers_training_camp_roster/,https://i.redd.it/8yvjdaqyj3yf1.jpeg,lakers,,False,i.redd.it,https://b.thumbs.redditmedia.com/YFCJzTl2mVGGaiZmfgnLKLguB_FQsaD658FCEuKJsIE.jpg
1ojcm1r,2025-10-29T18:33:49,"Hayes upgraded to available, smart downgraded to out",,CtrlAltDelightfull,231,0.99,71,False,False,https://reddit.com/r/lakers/comments/1ojcm1r/hayes_upgraded_to_available_smart_downgraded_to/,https://i.redd.it/pcxwykmeh3yf1.jpeg,lakers,,False,i.redd.it,https://b.thumbs.redditmedia.com/_2tNJiXZPaOuHd_WIyUwRb3v74SxXym4OSW-MOwhTvc.jpg
1ojbnp1,2025-10-29T17:58:31,Skip Bayless on Austin Reaves The greatest undrafted player ever and Kobe esque,,lolBaldy,67,0.71,93,False,False,https://reddit.com/r/lakers/comments/1ojbnp1/skip_bayless_on_austin_reaves_the_greatest/,https://www.youtube.com/watch?v=QQejtq9mFw0,lakers,VIDEO,False,youtube.com,https://external-preview.redd.it/SLNSz7M4adbp8-9jgj1ugwqLijWzUFz-cwhYL0KlyvQ.jpeg?width=140&amp;height=105&amp;auto=webp&amp;s=9d53d47a5477e2080b237d21e8d5bf66fc160471
1ojaj41,2025-10-29T17:17:38,Visiting Dallas so of course I had to go full Laker apparel for the airport fit,,jonbemerkin,228,0.95,22,False,False,https://reddit.com/r/lakers/comments/1ojaj41/visiting_dallas_so_of_course_i_had_to_go_full/,https://i.redd.it/0qqcz7vs33yf1.jpeg,lakers,,False,i.redd.it,https://b.thumbs.redditmedia.com/7nC3HVm5NvdhrooQuKDleXNfQx2FEP0n7qqOfJQqWhA.jpg
1ojabhm,2025-10-29T17:09:56,"Jackson Derek Fisher as coach was a mistake, NYK job cost him his romantic relationship with Jeanie","Jackson addresses other aspects of his Knicks tenure in the book, saying the hiring of Derek Fisher as coach was a mistake because he wasn't ready to coach and saying the job cost him his romantic relationship with Lakers owner Jeanie Buss. She got pressure from the league because they worried about the idea of collusion that could happen between an owner and a president, Jackson said.",Revolutionary_Web145,149,0.96,42,False,False,https://reddit.com/r/lakers/comments/1ojabhm/jackson_derek_fisher_as_coach_was_a_mistake_nyk/,https://www.espn.com/nba/story/_/id/46768636/phil-jackson-unfixable-carmelo-relationship-led-knicks-exit,lakers,,False,espn.com,https://external-preview.redd.it/NEmKWgzlgh7VTjSu96ag98ClVnS-8TFjx4h61uFP6d0.jpeg?width=140&amp;height=78&amp;auto=webp&amp;s=c9f759460d45a6a64ce30fba004fa3774ba65696
1oj9nln,2025-10-29T16:45:39,Robert Horry Reveals How He Helped Shaq Relax at the Free Throw Line Sports Condensed,,SadTrainer6335,9,0.84,6,False,False,https://reddit.com/r/lakers/comments/1oj9nln/robert_horry_reveals_how_he_helped_shaq_relax_at/,https://sportscondensed.com/news/robert-horry-reveals-how-he-helped-shaq-relax-at-the-free-throw-line,lakers,,False,sportscondensed.com,https://external-preview.redd.it/Efnf6hh090_Rgze6TFnmnnOJR1QgxHJ--1-xauD3Q0c.jpeg?width=140&amp;height=78&amp;auto=webp&amp;s=2b87e3b98e633ed6b632ca5f336e0e0f32a7f9e3
1oj812g,2025-10-29T15:45:29,"JJ Redick on his talk with Austin Reaves in the offseason It's as much Austin's team as it is LeBron's team or Luka's team. I told him he's out of excuses. You're no longer the undrafted guy who's a young player. You're one of the guys now. Every day, he's willing to be coached. It's been awesome",,shreeharis,1860,0.99,52,False,False,https://reddit.com/r/lakers/comments/1oj812g/jj_redick_on_his_talk_with_austin_reaves_in_the/,https://v.redd.it/m2m870jcn2yf1,lakers,,True,v.redd.it,https://external-preview.redd.it/MmZia2tlaWNuMnlmMbidOysQyoNH1-J7HFvQ7mYbaPT00q1ZrwDcIasIyMe0.png?width=140&amp;height=78&amp;format=jpg&amp;auto=webp&amp;s=caaba1bc68dea3013199de5735f40a1426ac0bd3
1oj7igv,2025-10-29T15:26:03,"With Luka, Ant, and Lebron out, I hope Reaves is the better one out of these 2!",,Particular-Cloud-599,206,0.99,53,False,False,https://reddit.com/r/lakers/comments/1oj7igv/with_luka_ant_and_lebron_out_i_hope_reaves_is_the/,https://i.redd.it/nnz2yf9wj2yf1.png,lakers,PLAYER TALK,False,i.redd.it,https://b.thumbs.redditmedia.com/oESKAFt0e9_MGRXl7D4NSejhxGP005ZdPFSRMEQ4f7o.jpg
1oj5brl,2025-10-29T14:00:48,Daily Lakers Discussion Thread,Lakers season is back! Talk about whatever you want.,AutoModerator,12,1.0,64,False,False,https://reddit.com/r/lakers/comments/1oj5brl/daily_lakers_discussion_thread/,https://www.reddit.com/r/lakers/comments/1oj5brl/daily_lakers_discussion_thread/,lakers,,False,self.lakers,self
1oj2zzf,2025-10-29T12:20:19,Lakers City Edition jersey debut,Lakers will be wearing their 25 26 City Edition jerseys vs the Jazz on Nov. 18th. First time we will be seeing Luka in a black Lakers jersey.,Unfair_March_1501,28,0.84,38,False,False,https://reddit.com/r/lakers/comments/1oj2zzf/lakers_city_edition_jersey_debut/,https://i.redd.it/n0fyy4qrm1yf1.jpeg,lakers,NEWS,False,i.redd.it,https://b.thumbs.redditmedia.com/SIavyWUUG63Fy_Fqa95Bz3Go1m7d2CrtmWgK9K0gUoA.jpg
1oj2wxe,2025-10-29T12:16:20,Players with the highest career usage in NBA history,These are the players with the highest career usage percentage in NBA history. And it's pretty shocking to see how high Luka Doncic is on this list compared to some of the GOATs. Usage percentage is an estimate of the percentage of team plays used by a player while he was on the floor. C sogbasketball,catmeow808,384,0.98,70,False,False,https://reddit.com/r/lakers/comments/1oj2wxe/players_with_the_highest_career_usage_in_nba/,https://i.redd.it/qtc74aj1m1yf1.jpeg,lakers,PLAYER TALK,False,i.redd.it,https://b.thumbs.redditmedia.com/y4SPGIuPO0Z3fkEnNTKOTa926eZuYTeJVXKfO_JBWFw.jpg
1oizcwu,2025-10-29T08:52:40,NYT Lakers discussed whether Luka might have been able to play vs Kings,"A tidbit from the NYT piece about NBA and injury reporting. This gives me hope he won t miss past a week. In Don i s case, for example, even the smallest chance that he might have been able to push through and play in Sunday night s game might compel a team to delay its reporting. Per a team source, the Lakers and Don i did, in fact, discuss the prospect of him taking the one hour flight on Sunday from Los Angeles to Sacramento to play before they ultimately decided against it. The source also added that they were in touch with the NBA about the situation throughout the process. As it stands, Don i is now expected to miss at least four games with these injuries the Lakers have games against Portland, Minnesota and Memphis within that one week timeline .",rosiros,70,0.94,21,False,False,https://reddit.com/r/lakers/comments/1oizcwu/nyt_lakers_discussed_whether_luka_might_have_been/,https://www.reddit.com/r/lakers/comments/1oizcwu/nyt_lakers_discussed_whether_luka_might_have_been/,lakers,,False,self.lakers,self
1ojvw1d,2025-10-30T10:20:06,This one aged like milk,,bigbadbernard,1,1.0,0,False,False,https://reddit.com/r/lakers/comments/1ojvw1d/this_one_aged_like_milk/,https://v.redd.it/l401zml1glwf1,lakers,PLAYER TALK,False,v.redd.it,https://external-preview.redd.it/RmFoAWHze6Wb6hdgz2yFs5mojiR-3JmDy4K4OCnWx4k.png?width=140&amp;height=73&amp;auto=webp&amp;s=6f560740ad4d77a7f8857497d97a0ce086a5611d
1ojvrqo,2025-10-30T10:12:53,Jake Laravia nickname,"I think his defense especially on athletic guards is serviceable. Not game changing. But today, he stepped up big time. Hyper efficient game. Every single point mattered. Time to give him a monicker. The Kingdom . What do you guys think?",not4hookups,3,1.0,1,False,False,https://reddit.com/r/lakers/comments/1ojvrqo/jake_laravia_nickname/,https://www.reddit.com/r/lakers/comments/1ojvrqo/jake_laravia_nickname/,lakers,,False,self.lakers,self
1ojvqan,2025-10-30T10:10:30,Austhim reaves,Nothing more needed to say. That is going to be my new nickname for him from now on. We got 3 legit first options. Excited for when lebron and luka come back,Financial-Monk9400,1,1.0,0,False,False,https://reddit.com/r/lakers/comments/1ojvqan/austhim_reaves/,https://www.reddit.com/r/lakers/comments/1ojvqan/austhim_reaves/,lakers,,False,self.lakers,self
1ojvloe,2025-10-30T10:03:03,LA team only needs few minor changes,"Whether this team will add someone by the trade deadline or not.. This team only needs minor changes! I hope even after Bron retires, we can get two good role players, rather that one allstar except if it complements Luka and Reaves so well it would be a no brainer to get him. Otherwise I am against this so called superteams, where all the big names are.. But have miserable result in comparison to other young teams.. So.. If I hear Durant wants to come.. Hell NO! But we need to pay Ayton and Reaves and extend them. But I think core team is set.",NoTimeForFame,2,1.0,1,False,False,https://reddit.com/r/lakers/comments/1ojvloe/la_team_only_needs_few_minor_changes/,https://www.reddit.com/r/lakers/comments/1ojvloe/la_team_only_needs_few_minor_changes/,lakers,,False,self.lakers,self
1ojwjie,2025-10-30T10:57:46,"What.. he F... was that, Vanderbilt? 07 02","A professional NBA player, in a regular season game, almost unconteated, throws the ball from the corner to the back of the board. How is this okay. It's either literal disability at this point or 0 effort to take the match seriously.",MurderDreams,2,1.0,0,False,False,https://reddit.com/r/lakers/comments/1ojwjie/what_he_f_was_that_vanderbilt_0702/,https://www.reddit.com/r/lakers/comments/1ojwjie/what_he_f_was_that_vanderbilt_0702/,lakers,,False,self.lakers,self
1ojw8gp,2025-10-30T10:40:11,"Highlight Jake LaRavia goes off 27 PTS, 10 11 FG, 5 6 3PT as Lakers beat Wolves",,Chemical-Glass-5841,7,1.0,0,False,False,https://reddit.com/r/lakers/comments/1ojw8gp/highlight_jake_laravia_goes_off_27_pts_1011_fg_56/,https://streamable.com/mdjnac,lakers,,False,streamable.com,https://external-preview.redd.it/3eS-FXF4svd3mEpo2P0w5E3IiUcs-EnHxiVkXGbYkMg.jpeg?width=140&amp;height=78&amp;auto=webp&amp;s=7d872c37cb415947db6b1a18c35c8c5ac0551c86
1ojwzvw,2025-10-30T11:22:32,Just wanted to amend this meme because AR ain t a Charmeleon,"He s evolved into a fully fledged Charizard. Jake has been playing well, I d say he s earned the Charmeleon spot after last night s game. Shoutout to Knecht who had a nice game last night as well just need the 3 to come back",PureChef,48,0.98,6,False,False,https://reddit.com/r/lakers/comments/1ojwzvw/just_wanted_to_amend_this_meme_because_ar_aint_a/,https://i.redd.it/a6z7bsddh8yf1.jpeg,lakers,MEME,False,i.redd.it,https://a.thumbs.redditmedia.com/jPXg6l3q3hSCl6TC9GtW_fbTWosAQZb1fSGSZAT6Ng8.jpg
1ojwp9h,2025-10-30T11:06:11,How fortunate are the Lakers fans and why not every player has what it takes to play here,"Single game career highs as a Laker Stat Player Value Points Kobe Bryant 81 Rebs Wilt Chamberlain 55 Assists Magic Johnson 24 Steals Kobe Bryant 10 Blocks Kareem Abdul Jabbar 12 I feel like sometimes a few Lakers fans that arrived late to the party following their favorite players don't have a clue that it doesn't matter what they have seen, a long time Lakers fan probably have already seen more. A superstar need some serious balls to play here because the bar is set sky high for everything.",LudwigNasche,6,0.81,0,False,False,https://reddit.com/r/lakers/comments/1ojwp9h/how_fortunate_are_the_lakers_fans_and_why_not/,https://www.reddit.com/r/lakers/comments/1ojwp9h/how_fortunate_are_the_lakers_fans_and_why_not/,lakers,,False,self.lakers,self
1ojwnjv,2025-10-30T11:03:40,and Rui Hachimura flings AR's headband and his sweat into Marcus mouth,Austin Reaves Austin Reaves Austin Reaves Austin Reaves Austin Reaves Austin Reaves Austin Reaves Austin Reaves Austin Reaves Austin Reaves,RazmalakatazniaaaA,7,0.89,1,False,False,https://reddit.com/r/lakers/comments/1ojwnjv/and_rui_hachimura_flings_ars_headband_and_his/,https://www.reddit.com/r/lakers/comments/1ojwnjv/and_rui_hachimura_flings_ars_headband_and_his/,lakers,,False,self.lakers,self
1ojz04y,2025-10-30T12:58:34,Antonio Brown names his COTD,,EmiratesNBACupWinner,3,1.0,0,False,False,https://reddit.com/r/lakers/comments/1ojz04y/antonio_brown_names_his_cotd/,https://i.redd.it/rqabcp8iy8yf1.jpeg,lakers,,False,i.redd.it,https://b.thumbs.redditmedia.com/hJuQ5SPkag_Vpg-eowmnCAa5gcQF74RYhd1xbwiFtog.jpg
1ojyq6y,2025-10-30T12:46:25,Possible Cap Situation at 2026 Summer,"I am not an expert about cap, i will do a projection as much as i can. Thanks to Bryan Toporek from Silverscreenandroll, i get most of the info from what he wrote. If lebron stays and sign an max contract with us we dont have any cap space anyway, so i will do the projection like lebron leaves. We have only 6 players under contract for 2026 2027 season Doncic 49,8m Vanderbilt 12,4m Laravia 6m Knecht 4,2m Bronny 2,3m 1,3m guaranteed i guess and will be released probably for it after lebron leaves Adou Thiero 2,1m There are 3 players have a player option for next season Ayton 8,1m , Smart 5,4m , Reaves 14,9m . Reaves will opt out and probably sign a max contract with lakers looking the way he performs. His max contract are 5 years 247m. starting with 42,5m first year. His cap hold is 21m. If smart and ayton opt out we will have around 69m, If they opt in we will have around 55m cap. If smart and ayton performs at the level we expect, they will opt out and sign for more money longer contract with lakers or some other team. So i will assume they opt out for projection. So 2026 summer we will have 69m cap space and our roster will look like this Doncic, Reaves, Vanderbilt, Laravia, Knecht, Adou Thiero We need 3 starters sf, pf and center . We need at least one decent backup guard, we need at least one decent backup center and some rotation players for min contracts maybe. We can keep rui for 17 23m per year probably. We can probably keep ayton for around 35m 45m 3 years, we can use mle for him if we have mle. Or we can try to sign new players instead of them. There is a 2027 summer plan talk going around, i dont believe that at all. we will not have cap space at 2027 summer after 2026 summer signings. We need positive assets to trade for a star if we want an another star. So 2026 summer signings are very important. We have 69m cap space and possibly full mle looking at 2026 free agents who do you think can be good addition to our roster and a valuable trade asset for future?",Cheyenne______,1,1.0,2,False,False,https://reddit.com/r/lakers/comments/1ojyq6y/possible_cap_situation_at_2026_summer/,https://www.reddit.com/r/lakers/comments/1ojyq6y/possible_cap_situation_at_2026_summer/,lakers,,False,self.lakers,self
1ojyndm,2025-10-30T12:43:03,Kenny Smith called AR Austin Lin in the post game comparing him to Laker legend Jeremy Lin. Who would you rather start a franchise with?,Kenny never averaged more than 18 points a game on a season and his career high in points is 41. Kenny also won 2 championships alongside Hakeem Olajuwon in his career.,EmiratesNBACupWinner,1,0.57,2,False,False,https://reddit.com/r/lakers/comments/1ojyndm/kenny_smith_called_ar_austin_lin_in_the_post_game/,https://i.redd.it/ok2thfkqv8yf1.jpeg,lakers,,False,i.redd.it,https://b.thumbs.redditmedia.com/_-7po1nHi-eJj-FTc-_LKrjnYENkUrnHZJlTSmqYCpA.jpg
1ok0fx1,2025-10-30T13:57:48,Do you guys think OKC trying to trade for AR is a possibility?,"It seems like he'd fit right in with their young core honestly, I don't want AR to go but just hypothetically speaking what would you ask for in return?",lolBaldy,0,0.5,1,False,False,https://reddit.com/r/lakers/comments/1ok0fx1/do_you_guys_think_okc_trying_to_trade_for_ar_is_a/,https://www.reddit.com/r/lakers/comments/1ok0fx1/do_you_guys_think_okc_trying_to_trade_for_ar_is_a/,lakers,QUESTION,False,self.lakers,self
1ok07uj,2025-10-30T13:48:51,"Austin Reaves is the best player of the season, according to Real",Reaves has been a fucking killer. His counting stats will definitely go down once Luka is back but the narrative for Most Improved and All NBA is there. He s been MVP caliber this week honestly.,daddybronny,6,0.88,1,False,False,https://reddit.com/r/lakers/comments/1ok07uj/austin_reaves_is_the_best_player_of_the_season/,https://i.redd.it/987vr11h79yf1.jpeg,lakers,PLAYER TALK,False,i.redd.it,https://b.thumbs.redditmedia.com/hNm-lA6m8VMfMtgMcC1wEZd6ymJ2sGSTyWhk0WHE6Is.jpg
1ojzxcu,2025-10-30T13:37:09,LeBron's best role on the team?,"The last two weeks have made clear that, in Luka and AR, we have two of the best players in the league in leading the offense and carving up defenses. Once Luka returns, there is no reason why either or both of them can t be on the court at all times playing that role. That is basically the same offensive role that LeBron has been playing in the league for 20 years. Once LeBron returns to the court, what do you see as his best role on the team going forward?",markjay6,2,0.67,5,False,False,https://reddit.com/r/lakers/comments/1ojzxcu/lebrons_best_role_on_the_team/,https://www.reddit.com/r/lakers/comments/1ojzxcu/lebrons_best_role_on_the_team/,lakers,,False,self.lakers,self
1ojztir,2025-10-30T13:32:43,Julius Randle calling the Laker white boys Westlife,,Lionsault83,18,1.0,8,False,False,https://reddit.com/r/lakers/comments/1ojztir/julius_randle_calling_the_laker_white_boys/,https://i.redd.it/dr1xp9dl49yf1.jpeg,lakers,,False,i.redd.it,https://a.thumbs.redditmedia.com/e0l6zE35jQUSdtrdC1xaWqSv3LD3G8tSUYVWsCyKlc4.jpg
1ok232e,2025-10-30T15:01:48,"Players with 25 points, 15 assists and a game winning buzzer beater in the same game Magic Johnson, LeBron James, and now Austin Reaves","Source In 1989, Magic Johnson hit his 3rd career buzzer beater in a 118 116 win over the Suns. He also had 34 points and 18 assists In 2018, LeBron James hit his 5th career buzzer beater in a 140 138 win over the Wolves. He finished with 37 points and 15 assists",Basketball_Reference,3,0.8,0,False,False,https://reddit.com/r/lakers/comments/1ok232e/players_with_25_points_15_assists_and_a/,https://www.reddit.com/r/lakers/comments/1ok232e/players_with_25_points_15_assists_and_a/,lakers,STATS / ANALYTICS,False,self.lakers,self
1ok19of,2025-10-30T14:30:07,Redick calls Austin a bad dude,"What did he mean when he said AR is a bad dude ? In the postgame conference Redick also added you know, a bad again, I can t use certain words",ladystonys,24,1.0,5,False,False,https://reddit.com/r/lakers/comments/1ok19of/redick_calls_austin_a_bad_dude/,https://i.redd.it/y6rn62aue9yf1.jpeg,lakers,,False,i.redd.it,https://b.thumbs.redditmedia.com/sc5Nqp2-7hkqvDHxiiXpgRcn-mwdM6XVaaGhZyWrsZk.jpg
1ok19fd,2025-10-30T14:29:50,NBA University League leaders in Total Drives Drive FG,,WayAdministrative679,15,1.0,4,False,False,https://reddit.com/r/lakers/comments/1ok19fd/nba_university_league_leaders_in_total_drives/,https://i.redd.it/b467nohne9yf1.jpeg,lakers,STATS / ANALYTICS,False,i.redd.it,https://b.thumbs.redditmedia.com/JeL1fhe9PIuoK7XFdB6KCtAv_CzyKTuMAinueOLclCg.jpg
1ok14ez,2025-10-30T14:24:16,Austin Reaves is the first Laker to start a season with 5 STRAIGHT 25 PT games since Kobe Bryant in 2005,,catmeow808,56,1.0,7,False,False,https://reddit.com/r/lakers/comments/1ok14ez/austin_reaves_is_the_first_laker_to_start_a/,https://i.redd.it/wyvdvklsd9yf1.jpeg,lakers,PLAYER TALK,False,i.redd.it,https://b.thumbs.redditmedia.com/NbsSbZUu9kxc6ZORUqMSNF6bNrZtB9OPGC3lKdKfcXE.jpg
1ok0y3k,2025-10-30T14:17:24,No One Has Been Better At Attacking The Rim This Season Than Luka Doncic!,Best FG On Drives So Far In The 2025 26 NBA Regular Season Min. 30 Total Drives 1. Luka Doncic 85.0 2. Giannis Antetokounmpo 75.0 3. Victor Wembanyama 73.7 4. Zach LaVine 73.3 5. Payton Pritchard 72.2 6. Jalen Johnson 71.4 7. Jeremiah Fears 70.8 8. Austin Reaves 70.7 9. Jaime Jaquez Jr. 68.4,Stat-Defender,13,0.88,1,False,False,https://reddit.com/r/lakers/comments/1ok0y3k/no_one_has_been_better_at_attacking_the_rim_this/,https://i.redd.it/nbx4slfkc9yf1.jpeg,lakers,,False,i.redd.it,https://b.thumbs.redditmedia.com/AU7yhlJwjiftv36RqZwsC_MRDwBHEEO4-djwAptFGVU.jpg
1ok0j7l,2025-10-30T14:01:10,Daily Lakers Discussion Thread,Lakers season is back! Talk about whatever you want.,AutoModerator,5,1.0,12,False,True,https://reddit.com/r/lakers/comments/1ok0j7l/daily_lakers_discussion_thread/,https://www.reddit.com/r/lakers/comments/1ok0j7l/daily_lakers_discussion_thread/,lakers,,False,self.lakers,self
1ok35ca,2025-10-30T15:42:41,Lakers are a Matisse Thybulle away from being a championship contender,He's the defensive player they need. Portland's not going anywhere and it wouldn't cost much. Can you imagine Smart and Thybulle together? It would be tough to score on them.,WishOk462,0,0.29,2,False,False,https://reddit.com/r/lakers/comments/1ok35ca/lakers_are_a_matisse_thybulle_away_from_being_a/,https://www.reddit.com/r/lakers/comments/1ok35ca/lakers_are_a_matisse_thybulle_away_from_being_a/,lakers,,False,self.lakers,self
1ok34wo,2025-10-30T15:42:13,Have y all been seeing these AR Jeremy Lin comps?????,"There is no quicker way for me to lose any respect for these analysts than to hear some shit like this. My friend made this comment in our group chat and I fried him. Then I made the mistake of clicking a Stephen a clip hoping it was going to be bearable for once remind me to never make that mistake again and of course I hear him make the comment. And then I hear Kenny say the same thing.. I might expect that from Chuck, but Kenny?? There are a lot of airheads out there that need to keep AR s name OUT of their mouths. I will happily drop them off the same way AR did to Rudy and Dante last night.",Immediate-Line3327,5,0.86,6,False,False,https://reddit.com/r/lakers/comments/1ok34wo/have_yall_been_seeing_these_arjeremy_lin_comps/,https://www.reddit.com/r/lakers/comments/1ok34wo/have_yall_been_seeing_these_arjeremy_lin_comps/,lakers,,False,self.lakers,self
1ok2kxl,2025-10-30T15:20:47,"Hachimura I'm not gonna lie 3 years ago when I got traded here, I honestly didn't know about him Reaves . He was injured I think and he came back against the game against Milwaukee. He made that move on Giannis around the top it was a cross tween layup, and I was like Ooo he got it",,WayAdministrative679,12,1.0,2,False,False,https://reddit.com/r/lakers/comments/1ok2kxl/hachimura_im_not_gonna_lie_3_years_ago_when_i_got/,https://streamable.com/ddfiw5,lakers,PLAYER TALK,False,streamable.com,https://external-preview.redd.it/062hYKZv4AViOd6p1I4T7fDLRdqKseyVqgvNcS4dVwg.jpeg?width=140&amp;height=78&amp;auto=webp&amp;s=0edde035bbe6524b0b5775010d06110c52888563
1ok2jde,2025-10-30T15:19:10,"Jake LaRavia, DFS, AR and Dyson. Just some observations","So during the summer, Lakers fans lost their minds about not retaining DFS and instead going for a younger LaRavia. After game one, I saw a lot of hate and fans screaming for how badly the Lakers messed up the summer. And of course the fanbase was saying how badly we needed to trade AR. The AR and Luka can t be together was a common argument. Especially since AR was maybe a starter according to the haters. If you brought up that Luka and Kyrie went to the finals, they quickly pointed out AR is not close to Kyrie. And that s ignoring the fact that the point was that having two below average defenders can get you to the finals. A lot of fans really wanted an AR for Daniel Dyson trade. Dyson is struggling hard this early season and AR is having a fantastic start. So with all that being said, will Lakers fans just learn to enjoy the season.",Traditional-Goal-229,3,1.0,4,False,False,https://reddit.com/r/lakers/comments/1ok2jde/jake_laravia_dfs_ar_and_dyson_just_some/,https://www.reddit.com/r/lakers/comments/1ok2jde/jake_laravia_dfs_ar_and_dyson_just_some/,lakers,PLAYER TALK,False,self.lakers,self
1ok9r33,2025-10-30T19:49:32,Drew Timme highlights with some thoughts,"So I remember being into Timme as a late draft undrafted type of guy in 2023 and I wanted to see what he was good at in his short time last year. He had a torrid 9 game stretch lol where he showed some actual NBA skills. Now obviously this is a highlight video and so it doesn't show the problems very much, but you can see what he is good at since it is ostensibly his best plays. First thing that pops out to me he is a solid passer. I remember that from his college days and it translates decently in the NBA as a connector at the next level. For this team specifically, we utilize our bigs right now not as facilitators but as secondary passers off short roll actions. I think he can really excel there. Second thing he has a nice little floater push shot at the FT line which is a good fit for this team as well as they adjust to what Ayton prefers does well. Timme can really be a short roll guy in this offense if Ayton missed time. Third thing he needs work on his screens, needs to be more physical. He often turns too early and on this team that will get called as an offensive foul think Hayes . Fourth thing he has very good positional awareness in those short roll actions. He knows how to keep the passing window open for his guard. I think with this team that would fit really well with Austin and Luka specifically. I think his limited athleticism makes him probably a little less ideal with LeBron, but obviously it's LeBron lol So that's mostly what I think he looks good at. I know he has some possible utility as a stretch big, but I'm not even counting on that development even if it's totally within reason if he develops more. He obviously is also not a defender and needs to be hidden on that end really. His athleticism is poor. I would be very tempted to give him the 2 way slot that Koloko has right now. If Ayton misses any time, Timme could really fit decently as a 3rd string type of big.",nottherealstanlee,1,1.0,0,False,False,https://reddit.com/r/lakers/comments/1ok9r33/drew_timme_highlights_with_some_thoughts/,https://www.youtube.com/watch?v=betwxU4fAfw,lakers,Highlights,False,youtube.com,https://external-preview.redd.it/0PPizrYNVFA611c79DhviU_kRDAzaHB4FT5F7tsPk-0.jpeg?width=140&amp;height=105&amp;auto=webp&amp;s=05a00a2f1881d45e2ad56cc74d7fc64f62fa9ce3
1ok9qrz,2025-10-30T19:49:11,Austin shares wining photo with the caption Family,,Pristine_Hurry_4693,2,1.0,2,False,False,https://reddit.com/r/lakers/comments/1ok9qrz/austin_shares_wining_photo_with_the_caption_family/,https://i.redd.it/nuialzdrzayf1.jpeg,lakers,,False,i.redd.it,https://a.thumbs.redditmedia.com/Iao3cjt4pZ3T5HUq5fFMjwFumMIDywnEBn0qjNkd0f4.jpg
1ok9ht2,2025-10-30T19:39:23,"Coach Redick The reality is, we are not a free flowing, motion, get the ball across halfcourt in 3 seconds we try to look for opportunities to do that, that's just not who we are, we're a slower team... the reality is, guys like Jake , Gabe, Rui, it's a bit of an adjustment with our personnel",,sewsgup,7,1.0,0,False,False,https://reddit.com/r/lakers/comments/1ok9ht2/coach_redick_the_reality_is_we_are_not_a/,https://v.redd.it/pn16tzm1xayf1,lakers,,True,v.redd.it,https://external-preview.redd.it/MTdzemd6bTF4YXlmMRI6X3EToJHq0kvNKmKe49HB9aV0RQ2V_0QnJVdmRoz4.png?width=140&amp;height=78&amp;format=jpg&amp;auto=webp&amp;s=91be0fe309f06df821138c3a53bf6f005a859670
1ok93fz,2025-10-30T19:23:55,Mark Walter officially acquires majority stake of Lakers,"The Los Angeles Lakers are one of the most iconic franchises in all of sports, defined by a history of excellence and the relentless pursuit of greatness, Walter said in a statement released by the team. Few teams carry the legacy and global influence of the Lakers, and it s a privilege to work alongside Jeanie Buss as we maintain that excellence and set the standard for success in this new era, both on and off the court.",hercules0003,9,1.0,2,False,False,https://reddit.com/r/lakers/comments/1ok93fz/mark_walter_officially_acquires_majority_stake_of/,https://i.redd.it/kp4mvjc9vayf1.jpeg,lakers,NEWS,False,i.redd.it,https://b.thumbs.redditmedia.com/NC3RbnhdvLr1HWt6E7OIdzQeWoTmSsOLHdvlPXiE95M.jpg
1ok8rg7,2025-10-30T19:11:23,Just having some fun here.,,ItsRainingBoats,19,0.95,2,False,False,https://reddit.com/r/lakers/comments/1ok8rg7/just_having_some_fun_here/,https://i.redd.it/z1gy2xp0tayf1.jpeg,lakers,FAN ART,False,i.redd.it,https://b.thumbs.redditmedia.com/LU_CHj9ns1O975glFYa3q_TL18JLXMNHX41zC7EqB9Q.jpg
1ok7pug,2025-10-30T18:32:01,"Just to remind you all, LA's his city, and ain't nobody is gonna trade HIM.",,Hyderabadi__Biryani,64,0.93,10,False,False,https://reddit.com/r/lakers/comments/1ok7pug/just_to_remind_you_all_las_his_city_and_aint/,https://i.redd.it/fw21rlvzlayf1.jpeg,lakers,PLAYER TALK,False,i.redd.it,https://b.thumbs.redditmedia.com/_8tLt8TEzA3OAMLSBosfXHf_5B7shiJzY29V7qbKwCQ.jpg
1ok7nmh,2025-10-30T18:29:43,How good is austin reaves top x?,So I was thinking about this today. He is most similar to brunson imo. Brunson on most peoples list is top 10 to top 15 depending on who you ask. I know this season has been short so putting him higher than brunson is still a bit hard right now although so far this season he definately has been better. Wondering what other people think View Poll,Financial-Monk9400,2,1.0,4,False,False,https://reddit.com/r/lakers/comments/1ok7nmh/how_good_is_austin_reaves_top_x/,https://www.reddit.com/r/lakers/comments/1ok7nmh/how_good_is_austin_reaves_top_x/,lakers,,False,self.lakers,self
1ok7gda,2025-10-30T18:22:15,Mike Breen missed out on a classic Bang! on that AR buzzer beater.,If any play deserved a Bang! that was it man. He owed it to AR on that one. It was such a perfect buzzer beater with the swish! This would have been a great one for the Breen highlight reel.,thoseWurTheDays,0,0.44,5,False,False,https://reddit.com/r/lakers/comments/1ok7gda/mike_breen_missed_out_on_a_classic_bang_on_that/,https://www.reddit.com/r/lakers/comments/1ok7gda/mike_breen_missed_out_on_a_classic_bang_on_that/,lakers,POST GAME,False,self.lakers,self
1ok7f6j,2025-10-30T18:21:02,Reaves response to Luka's tweet,,denobino,93,0.99,9,False,False,https://reddit.com/r/lakers/comments/1ok7f6j/reaves_response_to_lukas_tweet/,https://v.redd.it/w9024ukvjayf1,lakers,VIDEO,True,v.redd.it,https://external-preview.redd.it/N2YwZ3J0a3ZqYXlmMcWXJeZfMcewY2dAsXG5fVyMLAxb1MISu60pNwyl3NaC.png?width=140&amp;height=140&amp;format=jpg&amp;auto=webp&amp;s=124435d6ffb246b95234c90a912c6a12625f7c90
1ok78rw,2025-10-30T18:14:20,Remember when people were actually debating whether Austin Reaves or Tyler Herro was the better player?,"Those old debates about who s better, Austin or Herro or god forbid, people saying Podz of all people was better Those convos seem so goofy now",waccedoutfurbies,12,1.0,7,False,False,https://reddit.com/r/lakers/comments/1ok78rw/remember_when_people_were_actually_debating/,https://www.reddit.com/r/lakers/comments/1ok78rw/remember_when_people_were_actually_debating/,lakers,,False,self.lakers,self
1ok6gs7,2025-10-30T17:45:31,"Lakers The camaraderie that we have, that we ve built in a short period of time, has been great. AR",,maestroxjay,423,1.0,47,False,False,https://reddit.com/r/lakers/comments/1ok6gs7/lakers_the_camaraderie_that_we_have_that_weve/,https://v.redd.it/ajbmv5sodayf1,lakers,,True,v.redd.it,https://external-preview.redd.it/aG94bWkwdW9kYXlmMRp1HBC7liwPXCFrRgVcSuPlJiv0FGUIcZQVuTFqDhpW.png?width=140&amp;height=140&amp;format=jpg&amp;auto=webp&amp;s=a23895d9b5fcecfb71ccd7ee77c99883e8f1cd5e
1ok67je,2025-10-30T17:35:59,ESPN s net points system that tells you the amount of points a player adds to your team in a game,"This chart tells you on average in a game how much a player impacts the score of the game. For e.g. SGA adds 28 points to his team s score in a game. If OKC wins a game by 2, without him they would have lost by 26. Look who s the best offensive player in the league and it s not even close.",Comprehensive-Ad6687,16,0.94,14,False,False,https://reddit.com/r/lakers/comments/1ok67je/espns_net_points_system_that_tells_you_the_amount/,https://i.redd.it/vxi8vhtzbayf1.jpeg,lakers,,False,i.redd.it,https://b.thumbs.redditmedia.com/2FGlfjbXhndn73uHEM2HJ9q7QEifqjU4eiXQzXjVw0U.jpg
1ok61rq,2025-10-30T17:30:04,Vando on IG Knew he was going crazy when he pulled up to the bus like B Rabbit,,CtrlAltDelightfull,878,0.99,44,False,False,https://reddit.com/r/lakers/comments/1ok61rq/vando_on_ig_knew_he_was_going_crazy_when_he/,https://v.redd.it/2a71mhzxaayf1,lakers,SOCIAL MEDIA,True,v.redd.it,https://external-preview.redd.it/a2U5OWJjdnhhYXlmMRWxZDrdfVmdNhYkQAV0m6xDg0ZebVFsczAJIfzE_DI8.png?width=140&amp;height=140&amp;format=jpg&amp;auto=webp&amp;s=b510678cb7518c2ae035b572905e494374cfbf32
1ok5ety,2025-10-30T17:06:10,"AR top 5 in WS, BPM, and VORP this season",,Chao_607,23,1.0,1,False,False,https://reddit.com/r/lakers/comments/1ok5ety/ar_top_5_in_ws_bpm_and_vorp_this_season/,https://i.redd.it/7lehyhxn6ayf1.png,lakers,,False,i.redd.it,https://b.thumbs.redditmedia.com/TLVsIfBGo-N-fCMDHSa-465ep2Elm1rsLoKXTgIwF1o.jpg
1ok5c7x,2025-10-30T17:03:24,ART 15,,JB23808,20,0.81,2,False,False,https://reddit.com/r/lakers/comments/1ok5c7x/art15/,https://i.redd.it/53jht1t66ayf1.jpeg,lakers,,False,i.redd.it,https://b.thumbs.redditmedia.com/2HRCycWJsJ0GZ5PGQ_jRN_1_UuYbWFpXMZ8NlkFRICE.jpg
1ok4tpv,2025-10-30T16:44:32,Watch C.Finch calling a timeout at the buzzer beater,,Nykeeo,54,0.91,25,False,False,https://reddit.com/r/lakers/comments/1ok4tpv/watch_cfinch_calling_a_timeout_at_the_buzzer/,https://v.redd.it/inabra7t2ayf1,lakers,,True,v.redd.it,https://external-preview.redd.it/YTNhYmNpeHMyYXlmMQ49ixgrafzsLpqbh8fP--PH3Gd8-brg1aiZX2_nIwk3.png?width=140&amp;height=140&amp;format=jpg&amp;auto=webp&amp;s=5cf653e88fcc3b77061014f3e307802c837ae589
1ok4ouj,2025-10-30T16:39:37,After these 2 T'Wolves games I'm convinced....,"...that if we had a functional center even just of Ayton's quality, we would've won the series in the playoffs last year. In the two T'Wolves matchups here are the numbers Ayton 16 PPG, 9 RPG, 68 FG 15 22 , OFRTG 121, DFRTG 116 Gobert 5.5 PPG, 6.5 RPG, 71 FG 5 7 , OFRTG 122, DFRTG 130.5 Gobert is being put in drop coverage and because Ayton can make those in the paint floaters and short jumpers off the short roll, Gobert can't block any shots. Needless to say his effect on the the defensive end, keeping Gobert off the offensive boards has been shown even in this small sample size. Considering how close games 3 4 of the series were last season, where one or two possessions could've swung the game, I'm safe in making this call.",hplalakrs20012010,27,0.91,23,False,False,https://reddit.com/r/lakers/comments/1ok4ouj/after_these_2_twolves_games_im_convinced/,https://www.reddit.com/r/lakers/comments/1ok4ouj/after_these_2_twolves_games_im_convinced/,lakers,,False,self.lakers,self
1ok48dm,2025-10-30T16:22:29,looking ahead to trade deadline...do you think will be buyers ?,i know the lakers won't do anything thing crazy to harm their future....but curious if there's anything you think we would do once the trade deadline approaches,No_Notice_1661,0,0.38,17,False,False,https://reddit.com/r/lakers/comments/1ok48dm/looking_ahead_to_trade_deadlinedo_you_think_will/,https://www.reddit.com/r/lakers/comments/1ok48dm/looking_ahead_to_trade_deadlinedo_you_think_will/,lakers,,False,self.lakers,self
1ok479p,2025-10-30T16:21:21,BR is genuinely so bad,When I read the title I was like okay we selling high to get us a big name player. After reading the article why the hell would we sell high on Reaves just to get picks and mid level players. I understand that he s an expiring player but we low balling ourselves selling him for nothing.,reppin_415,3,0.67,5,False,False,https://reddit.com/r/lakers/comments/1ok479p/br_is_genuinely_so_bad/,https://br.app.link/Z88cKQxkTXb,lakers,,False,br.app.link,default
1ok46c4,2025-10-30T16:20:24,Hang it in the louvre,,nick170100,165,0.98,8,False,False,https://reddit.com/r/lakers/comments/1ok46c4/hang_it_in_the_louvre/,https://i.redd.it/6adreveiy9yf1.jpeg,lakers,,False,i.redd.it,https://b.thumbs.redditmedia.com/sm16GNhVtRcc0K9xA59X5kg7Q3nCL3HFsvRtBV4lG9g.jpg
1ok40qt,2025-10-30T16:14:45,We need to praise two more from last night Dalton Knecht and Coach JJ,"Didn't watch the game until near midnight YouTube TV recording due to Dodgers depression, and I thought it was going to add to a terrible night for LA sports after blowing a huge lead in the final seconds. But AR came through, and LaRavia was just lights out all game. But Knecht had perhaps the most to prove, and he was given his biggest chance for a long time 36 big minutes, amoung the highest minutes on the team. DK4 had a below average shooting night from his signature 3 point range, but changed it up by driving and hitting inside for 2s, giving him an overall effective offensive night. But what stood out was Knecht's rim protection. He was moving his ass on D. Yes, sometimes he had to because he was slow to rotate or got a little lost, but his motor to play D was always there. Dude showed more spatial awareness too, which always seemed lacking. Maybe his role on team D is finally clicking in his brain. That defensive intensity is true for the entire team, since pretty much the Second game on. But being this short handed right now means that defensive intensity is even harder to do. But the team defense is really working with Ayton as an anchor and guys like Knecht and Rui and everyone really flying around. That's a huge credit to JJ and the coaching staff. We have that same defensive intensity that had the entire league praising the Lakers and calling us contenders last season even with AD down, right before the Luka trade. And Luka is playing the best D of his Lakers career so far, before his unfortunate injury. I have no complaints about Luka's team D, he's raised his level like Curry did after being picked on in the Playoffs. Knecht is taking this opportunity to shine and stay on the floor with his play. Last night was a big step. If his 3 ball comes back, we don't need to trade him for anything. We need a 3 sharpshooter, and if his defensive effort stays this high, he's the rotation piece we need in a trade anyways. If we can get 20 minutes of NBA rotation value out of Knecht for 4 million a year, we can't get much better value than that in a trade. So hats off the Knecht last night, and JJ and the coaching staff showing their excellence too.",mcribgaming,46,0.96,14,False,False,https://reddit.com/r/lakers/comments/1ok40qt/we_need_to_praise_two_more_from_last_night_dalton/,https://www.reddit.com/r/lakers/comments/1ok40qt/we_need_to_praise_two_more_from_last_night_dalton/,lakers,,False,self.lakers,self
1ok3utw,2025-10-30T16:08:42,The NBA Board of Governors has unanimously approved the sale of the majority interest in the Los Angeles Lakers to Mark Walter,,CtrlAltDelightfull,449,0.99,57,False,False,https://reddit.com/r/lakers/comments/1ok3utw/the_nba_board_of_governors_has_unanimously/,https://i.redd.it/rqnf7offw9yf1.jpeg,lakers,,False,i.redd.it,https://a.thumbs.redditmedia.com/Y5ZT_wJS5BvjtYc1xIbgBiS7XxSSrS54lEG5tabo1R4.jpg
1okadgr,2025-10-30T20:13:21,"Pelinka likes to go after expiring contracts, this is my top 5 targets",,imin2099,1,1.0,4,False,False,https://reddit.com/r/lakers/comments/1okadgr/pelinka_likes_to_go_after_expiring_contracts_this/,https://i.redd.it/gd2dxcj14byf1.jpeg,lakers,,False,i.redd.it,https://b.thumbs.redditmedia.com/mU5A8NZyn6LIj1a87nUPRZRAggYHoqTd_odqQhfM8UQ.jpg
1oka6qc,2025-10-30T20:06:07,Aged like a Fine Wine Thank You Jeanie for doing the right thing!,,EnergyFax,0,0.29,2,False,False,https://reddit.com/r/lakers/comments/1oka6qc/aged_like_a_fine_wine_thank_you_jeanie_for_doing/,https://www.reddit.com/r/lakers/comments/1celc4f/please_jeanie_sell_the_fucking_team_youre_a/,lakers,PLAYER TALK,False,reddit.com,default
1oka19a,2025-10-30T20:00:28,This is when I knew. Watching him develop has been amazing,,KarrotMovies,7,1.0,1,False,False,https://reddit.com/r/lakers/comments/1oka19a/this_is_when_i_knew_watching_him_develop_has_been/,https://i.redd.it/hkige0dr1byf1.jpeg,lakers,PLAYER TALK,False,i.redd.it,https://b.thumbs.redditmedia.com/Owkyrmc2rIHUNZbkH9EOV-uYRKG0aYWjhW40uZ4iSFo.jpg
1okaqf4,2025-10-30T20:27:23,The sale of the Los Angeles Lakers is finalized. Mark Walter is the majority owner of the Lakers after the NBA Board of Governors approved his purchase of a controlling stake from the Buss family,,xratez,1,1.0,1,False,False,https://reddit.com/r/lakers/comments/1okaqf4/the_sale_of_the_los_angeles_lakers_is_finalized/,https://www.nbcnews.com/sports/nba/sale-lakers-finalized-mark-walter-rcna240878,lakers,,False,nbcnews.com,https://external-preview.redd.it/9XO-YLTTQg0RceDuOjStV8UrqSBK1Skm4E8ubNeyDf8.jpeg?width=140&amp;height=73&amp;auto=webp&amp;s=39b2a43a9d58de5d4383d51db9d9ef7e02a9913c
1okbddf,2025-10-30T20:52:41,NBA announces logo change,"Adam Silver Effective immediately, the NBA logo that we've known for generations will be changed, in keeping with the reality of who owns today's NBA.",Indiv_Balderdashery,2,0.67,0,False,False,https://reddit.com/r/lakers/comments/1okbddf/nba_announces_logo_change/,https://www.reddit.com/r/lakers/comments/1okbddf/nba_announces_logo_change/,lakers,,False,self.lakers,https://b.thumbs.redditmedia.com/vAX6GYyka52XLUeePbhruF7uz1hMlwzYmBVmNE7oZqk.jpg
1okbjge,2025-10-30T20:59:18,JJ After Last Night s Win,,Turbulent_Emu_7285,3,1.0,1,False,False,https://reddit.com/r/lakers/comments/1okbjge/jj_after_last_nights_win/,https://youtube.com/shorts/R5uIXwS5McU?si=ELWWr6uVgWbsYk7G,lakers,POST GAME,False,youtube.com,https://external-preview.redd.it/BTtCa8m7Rcth2mxYybLpJsanwaCDyA_xTm7CdSmITZk.jpeg?width=140&amp;height=105&amp;auto=webp&amp;s=aec2c3f5355f2f518b5a2f056578274102b9ffc9
1okbp1b,2025-10-30T21:05:18,Austin Reaves Mic d Up In Minnesota,,Turbulent_Emu_7285,5,1.0,0,False,False,https://reddit.com/r/lakers/comments/1okbp1b/austin_reaves_micd_up_in_minnesota/,https://youtube.com/shorts/BFCif5QDPr0?si=ADE6mXfGSvleXxGn,lakers,GAME,False,youtube.com,https://external-preview.redd.it/7cqpyW8TPGlum5exSnaR4SI-YFCEMnmkx88xcOWXSd8.jpeg?width=140&amp;height=105&amp;auto=webp&amp;s=ce64e64c972d0030635d3410ab22236e70bbada1
1okcoi5,2025-10-30T21:45:29,MVP AUSTIN,Can we please stop the count? How long do you guys think Austin reaves can keep up his stellar hooping? A healthy Lakers team with DA is exciting,jy_jxy,10,1.0,3,False,False,https://reddit.com/r/lakers/comments/1okcoi5/mvp_austin/,https://i.redd.it/nzr133kikbyf1.jpeg,lakers,PLAYER TALK,False,i.redd.it,https://b.thumbs.redditmedia.com/jCbFoQx-3MDCUWJ0rGk7BbYVXjQ5PDvJ8NpJ-J35VAc.jpg
1oke1mi,2025-10-30T22:43:05,Austin Reaves IG post,,silosara,17,1.0,3,False,False,https://reddit.com/r/lakers/comments/1oke1mi/austin_reaves_ig_post/,https://i.redd.it/eu6aophsubyf1.jpeg,lakers,,False,i.redd.it,https://b.thumbs.redditmedia.com/lBqxuULD9JW1iz7bOX5HkZFvjRlgaJ9afrG6UR08huw.jpg
1okdysc,2025-10-30T22:39:45,CC22 is the AR15 of the WNBA,Or the same person in the multiverse...,Revolutionary_Web145,0,0.17,5,False,False,https://reddit.com/r/lakers/comments/1okdysc/cc22_is_the_ar15_of_the_wnba/,https://i.redd.it/u4p33x61ubyf1.jpeg,lakers,,False,i.redd.it,https://b.thumbs.redditmedia.com/M3aD1IXRdruMxIFha4D_clQGPYVjJ_CUVOIMg95dW3U.jpg
1okdpvu,2025-10-30T22:29:15,YEAHHH BOIII! I love this team so much,,porcelain-vanilla,45,0.98,4,False,False,https://reddit.com/r/lakers/comments/1okdpvu/yeahhh_boiii_i_love_this_team_so_much/,https://i.redd.it/lr595ml9sbyf1.jpeg,lakers,,False,i.redd.it,https://b.thumbs.redditmedia.com/Vw67mG-8KdwsOqRNGHsHU4mJnoXDBsgLZjfxsa4JC4E.jpg
1okd5uf,2025-10-30T22:05:23,Doncic upgraded to questionable for tomorrows game,,denobino,150,0.99,34,False,False,https://reddit.com/r/lakers/comments/1okd5uf/doncic_upgraded_to_questionable_for_tomorrows_game/,https://i.redd.it/2cdcjdd2obyf1.jpeg,lakers,NEWS,False,i.redd.it,https://b.thumbs.redditmedia.com/G2VBqjfNmc6T-or4vo5rR5LB2Cb1mE5TEBErdBXbTqM.jpg
1okff8p,2025-10-30T23:41:54,Even the official PGA account is talking about Austin,,ShowTimesFinest,80,1.0,8,False,False,https://reddit.com/r/lakers/comments/1okff8p/even_the_official_pga_account_is_talking_about/,https://i.redd.it/m4itlo8a5cyf1.jpeg,lakers,SOCIAL MEDIA,False,i.redd.it,https://b.thumbs.redditmedia.com/SoxxZ0Vp9zBUJ08Qa-fxwtQcwcJa_OvIcB4NL_08oEM.jpg
1okf7rm,2025-10-30T23:32:44,McTen caught AR heading through the tunnel after his game winner last night.,,OfficialPaddysPub,8,0.9,2,False,False,https://reddit.com/r/lakers/comments/1okf7rm/mcten_caught_ar_heading_through_the_tunnel_after/,https://v.redd.it/yzh353bn3cyf1,lakers,VIDEO,True,v.redd.it,https://external-preview.redd.it/dzA2cmVqN24zY3lmMbAF8t4uqot_8S6nfnJhtw4WHmCf-Mlp8pSnhjtn9Vwj.png?width=140&amp;height=140&amp;format=jpg&amp;auto=webp&amp;s=baa390903c1c5da11a7ac34fac7c0249b24c2c99
1okf3kn,2025-10-30T23:27:39,Are injuries the only way we see LaRavia and Knecht on the floor at the same time?,How did the defense last night compare to when Smart and Vincent are available? And so far do people still think LaRavia is superior to Knecht,Maleficent-King-799,1,0.67,5,False,False,https://reddit.com/r/lakers/comments/1okf3kn/are_injuries_the_only_way_we_see_laravia_and/,https://www.reddit.com/r/lakers/comments/1okf3kn/are_injuries_the_only_way_we_see_laravia_and/,lakers,TEAM TALK,False,self.lakers,self
1okh0vn,2025-10-31T00:54:15,Loving this team!,"Like many others, I m a former Mavs fan that followed Luka to the Mavs after Nico betrayed the fanbase. We were pretty spoiled in Dallas with a bunch of scrappy guys that made a really fun team to watch, similar to what this team looks like. I m loving the vibes on this team and think the Luka AR bromance is so dare I say it so much more fun than Lukai. Vibes. Are. Immaculate. Anyways, I m ready to immerse myself in all things Lakers and find a good daily podcast and X users to follow. I ve been listening to Lakers Film Room, but looking for something more engaging. For reference, my favorite Mavs podcast was DLLS Mavs, where Tim Cato, Bobby Karella, and Kevin Gray had such great vibes. Any recommendations for something engaging? For Mavs turn Lakers fan that are familiar have translatable recommendations?",cocoamonster2,2,1.0,0,False,False,https://reddit.com/r/lakers/comments/1okh0vn/loving_this_team/,https://www.reddit.com/r/lakers/comments/1okh0vn/loving_this_team/,lakers,,False,self.lakers,self
1okj15r,2025-10-31T02:29:25,Austin him reaves,,RevolutionaryLab3977,4,0.83,4,False,False,https://reddit.com/r/lakers/comments/1okj15r/austin_him_reaves/,https://i.redd.it/aat07t66zcyf1.jpeg,lakers,PLAYER TALK,False,i.redd.it,https://b.thumbs.redditmedia.com/_Z6JYk4gI4wKofx1JgW5Jzhm51itAx2e-hXzR6aOSyw.jpg
1okko5t,2025-10-31T03:51:43,First Time Crypto? 1 2 Grizz,"Hey Lakers Fans! I will be coming to the Lakers game on 1 2 26. I will be driving to the game. After the game, I will be going to Anaheim. Any suggestions on where to park for easiest exit? Also, any suggestions of Must Do things while in the arena? I of course am a Grizzlies fan and will be with my 16 year old daughter. Looking forward to our first visit to LA.",tymeecerun,2,1.0,0,False,False,https://reddit.com/r/lakers/comments/1okko5t/first_time_crypto_12_grizz/,https://www.reddit.com/r/lakers/comments/1okko5t/first_time_crypto_12_grizz/,lakers,,False,self.lakers,self
1okkm5a,2025-10-31T03:48:52,Now they know,,SentenceSingle7069,3,1.0,1,False,False,https://reddit.com/r/lakers/comments/1okkm5a/now_they_know/,https://i.redd.it/i83nlbtbddyf1.jpeg,lakers,PLAYER TALK,False,i.redd.it,https://a.thumbs.redditmedia.com/ZyPWx-wn0JHGO8BSdeP_QLTXXIPMwl0Ofp50ljs7E70.jpg
1okocda,2025-10-31T07:39:47,"Austin Reaves is just THREE 3s away from jumping to 8th on the Lakers all time list of made 3s. If he stays healthy all season, he'll jump to 5th!",,arinawe,1,1.0,0,False,False,https://reddit.com/r/lakers/comments/1okocda/austin_reaves_is_just_three_3s_away_from_jumping/,https://i.redd.it/c1usi6gjieyf1.png,lakers,,False,i.redd.it,https://b.thumbs.redditmedia.com/_15MoxmdWr6EwYmBU94TQyZflNGWb2IQiqgJLE4P8fk.jpg
1okoxin,2025-10-31T08:20:22,What are your expectations for LAL vs MEM tomorrow?,"Mine Another Austin 30 40 piece A triple double for a cherry on top A game of Dominayton 20 25 pts 10 15 reb 2 4 ast 1 2 blks also stat wise, their center doesn't look too good, so he should FEAST Marcus Smart returns 6 10 pts 3 6 reb 4 6 ast 2 4 stls Defensive contributions by Vando as forward and small ball 5 3 8 pts 8 10 reb 2 4 ast 1 2 blks and stls Lesser but still great contributions by Laravia and Dalton 8 12 pts each 3 7 reb 3 5 ast Relief for ayton through contributions by Hayes 2 6 pts 3 5 reb 2 3 ast 0 1 blks What are some of your expectations?",Memelord1117,1,1.0,0,False,False,https://reddit.com/r/lakers/comments/1okoxin/what_are_your_expectations_for_lal_vs_mem_tomorrow/,https://i.redd.it/c4xq368boeyf1.png,lakers,GAME,False,i.redd.it,https://b.thumbs.redditmedia.com/UwuA8_Nu7sjR7T0V4H4uCHAZzB4qR7V2Xoo66VmQ4Ug.jpg
1okpydn,2025-10-31T09:29:03,General Reavous,Credit nbapaints on instagram Looking forward to see General Reavous and Lukobi Wan Kenobi linking back up. Can t wait to see all the memes that come out this season,flynn_clu,22,1.0,2,False,False,https://reddit.com/r/lakers/comments/1okpydn/general_reavous/,https://i.redd.it/1arepgc12fyf1.jpeg,lakers,,False,i.redd.it,https://a.thumbs.redditmedia.com/ZG0CjnsrwOz0kXXYthK_Ctqo2mykplImVuhM9xhn1P0.jpg
1okraes,2025-10-31T10:49:37,After PGA now it is time for FIBA to show some love for the GOAT,"I thought Austin was a top 4 player for team US and the FIBA surely paid attention to the greatest undrafted Lakers player ever, the Hillbilly Kobe.",LudwigNasche,1,0.67,0,False,False,https://reddit.com/r/lakers/comments/1okraes/after_pga_now_it_is_time_for_fiba_to_show_some/,https://www.reddit.com/r/lakers/comments/1okraes/after_pga_now_it_is_time_for_fiba_to_show_some/,lakers,,False,self.lakers,self
1okql2f,2025-10-31T10:08:33,Vandos instagram story,,White-Mamba2009,64,0.99,4,False,False,https://reddit.com/r/lakers/comments/1okql2f/vandos_instagram_story/,https://i.redd.it/0kparyz29fyf1.jpeg,lakers,,False,i.redd.it,https://b.thumbs.redditmedia.com/VIzSv0zObPLYT3YGqZgF0HjLIm0qamxfrtZm6O3nyZU.jpg
1oktb99,2025-10-31T12:33:01,"Why is the difference in terms of social media followers IG so huge beetween Lakers and other LA sport teams? Lakers have 25.2mil, Dodgers 5.5mil and Rams 1.8mil?",,Actual_Box7731,4,0.83,15,False,False,https://reddit.com/r/lakers/comments/1oktb99/why_is_the_difference_in_terms_of_social_media/,https://i.redd.it/51pt72styfyf1.png,lakers,QUESTION,False,i.redd.it,https://b.thumbs.redditmedia.com/0wIy3dYdl4BTAhoI278RdC-b49X0is36EvcAUSwdM5c.jpg
1okt38j,2025-10-31T12:22:36,Rui admits he didn't know who AR was when he got to the Lakers,Rui talks about how he didn't know who AR was when he came to LA in 2023.,SadTrainer6335,3,1.0,1,False,False,https://reddit.com/r/lakers/comments/1okt38j/rui_admits_he_didnt_know_who_ar_was_when_he_got/,https://i.redd.it/74fsv5vzwfyf1.png,lakers,,False,i.redd.it,https://b.thumbs.redditmedia.com/xHolwN_0Dc0mT1J_XC5RfOy1OJ23ZElZ9WUsTXVak-Q.jpg
1oks951,2025-10-31T11:41:47,"Currently, what do you think our current standing in the West is?","My take is The Teams that ARE better OKC Defending Champions. We could win a game or 2, but their better depth and defense will murder us. DEN Similar to OKC, though I think we could force a game 7, or maybe even a win, if some things go right. And NO MORE CLUTCH 3s! The Teams that are hard to beat, but still beatable GSW With Lebron, I think the Lakers have the depth to contend with GS, and the increased synergy and confidence gained from Ayton, Laravia and Dalton can greatly contribute. HOU I feel like our main advantage against KD and Sengun is our ability of having multiple playmakers. Through staggering Luka, Bron, Reaves and Smart, superior plays will help overcome HOU's shooting and size. MIN Based off our wins against the Wolves, the first time with Luka, and the second time without Luka, Lebron, Marcus and Gabe, shows to me at least, that with the addition of Ayton to contain Gobert and Smart for Ant, the Wolves are very much beatable, considering we were up 10 12, before the wolves were close to making a comeback. SAS Wemby. I think the best solution is to draw fouls from him, and using superior shooting from Luka, Lebron and Reaves to overcome Wemby's presence. The Teams we're whooping MEM Luka, Lebron, Reaves and Ayton? Come on, man. LAC They collapsed against GS, who we could contend against. Go to planting trees, Kawhi. SAC Austin son'd them. Need I say more? POR Luka and Lebron both dropping 25 30 is the key difference maker. UTA We don't need Kessler. We got Dominayton! PHO Same as Utah. The revenge games by Luka and Ayton are gonna be tragic. Mavs We miss you AD... Just wait until your contract's up... NOP Zion's back in Shape. Lebron's not yet putting up the Cape. Luka's workout video on the Tape. Lakers in 5!",Memelord1117,4,0.83,10,False,False,https://reddit.com/r/lakers/comments/1oks951/currently_what_do_you_think_our_current_standing/,https://www.reddit.com/r/lakers/comments/1oks951/currently_what_do_you_think_our_current_standing/,lakers,TEAM TALK,False,self.lakers,self
1okrvkz,2025-10-31T11:21:34,Missing out on around 40 50 points a game,"Currently we have LeBron and Luka out and respectively they will drop 20 and 30 a night. I really think we should put all our chips in and go in for a trade for a 3 and D wing and center at the deadline. Some sellers at the deadline will be Pelicans, Nets. I think we could snatch away Herb and Yves Missi if the Pelicans are extremely below .500 at the deadline.",Key-Opposite-1896,0,0.29,3,False,False,https://reddit.com/r/lakers/comments/1okrvkz/missing_out_on_around_4050_points_a_game/,https://www.reddit.com/r/lakers/comments/1okrvkz/missing_out_on_around_4050_points_a_game/,lakers,,False,self.lakers,self
1okrmow,2025-10-31T11:08:13,Ayton should be able to expand his game to stretch the floor,"I believe Ayton should be able to expand his game to stretch the floor. His mid range is deadly and his form looks very solid. It would be incredibly beneficial if he did that. The team would be able to play 5 out, or play with a non shooter next to Ayton. Ayton is currently not ideal as a pick and roll partner, because he doesn't roll hard to the rim and avoids contact. With these cirmustances, I believe that the offensive role similar to Brook Lopez could be the best for him. That short roll with him shooting mid range is just not ideal.",EmrysMyrdin,0,0.29,2,False,False,https://reddit.com/r/lakers/comments/1okrmow/ayton_should_be_able_to_expand_his_game_to/,https://www.reddit.com/r/lakers/comments/1okrmow/ayton_should_be_able_to_expand_his_game_to/,lakers,,False,self.lakers,self
1okuuvm,2025-10-31T13:38:33,ESPN Deandre Ayton leads the NBA in direct picks 100 and the Lakers score 1.18 points per Ayton direct pick. Friday against Minnesota the Lakers scored 50 points off of Ayton's picks,,WayAdministrative679,73,1.0,10,False,False,https://reddit.com/r/lakers/comments/1okuuvm/espn_deandre_ayton_leads_the_nba_in_direct_picks/,https://i.redd.it/yn555k9eagyf1.jpeg,lakers,STATS / ANALYTICS,False,i.redd.it,https://b.thumbs.redditmedia.com/ZIoAV8hBxsxBS6SFqdb6Aca7vbyT9msaFoiPs9c8oEE.jpg
1okvf5j,2025-10-31T14:01:29,Daily Lakers Discussion Thread,Lakers season is back! Talk about whatever you want.,AutoModerator,2,1.0,1,False,True,https://reddit.com/r/lakers/comments/1okvf5j/daily_lakers_discussion_thread/,https://www.reddit.com/r/lakers/comments/1okvf5j/daily_lakers_discussion_thread/,lakers,,False,self.lakers,self
1oli05z,2025-11-01T07:44:27,This new version of LUKA DONCIC is a multi time MVP of the NBA,"All credit to Awful Coaching, another hilarious video. I know some people don t like him but he s pretty funny, hyperbolic at times but he also does make some legit analysis.",Western-Election-997,4,0.83,1,False,False,https://reddit.com/r/lakers/comments/1oli05z/this_new_version_of_luka_doncic_is_a_multi_time/,https://m.youtube.com/watch?v=MY1oJ2t4mqw,lakers,VIDEO,False,m.youtube.com,https://external-preview.redd.it/iOpNRExQvFPNACnhG49721IMM7eq0g5Sbv9zNEZPV0Y.jpeg?width=140&amp;height=105&amp;auto=webp&amp;s=1b61ef45172397a87bdfc1baa379e32d78315192
1olgf6f,2025-11-01T05:56:15,What Became of the Pelicans Anthony Davis and Jrue Holiday Trades?,,_FreePalestine__,6,1.0,4,False,False,https://reddit.com/r/lakers/comments/1olgf6f/what_became_of_the_pelicans_anthony_davis_and/,/r/nba/comments/1olgc78/what_became_of_the_pelicans_anthony_davis_and/,lakers,,False,,default
1olgey3,2025-11-01T05:55:46,Jaxson Hayes appreciation post,,arinawe,68,0.96,26,False,False,https://reddit.com/r/lakers/comments/1olgey3/jaxson_hayes_appreciation_post/,https://i.redd.it/dc9vbl6w4lyf1.jpeg,lakers,,False,i.redd.it,https://b.thumbs.redditmedia.com/-J8XC5AwkbnsxRyN2sH9Dy90R1oT8PtbQU7BzOUkHiI.jpg
1olge4n,2025-11-01T05:54:10,Lakers broke the Grizzlies,,Good-Fold-1815,30,0.92,20,False,False,https://reddit.com/r/lakers/comments/1olge4n/lakers_broke_the_grizzlies/,https://bsky.app/profile/chrisherrington.bsky.social/post/3m4k5s6dz722i,lakers,,False,bsky.app,https://external-preview.redd.it/_pJ4ZX3CJx2YB7Toq9y7mBSK7LiyRR3zQshwzbushYE.jpeg?width=140&amp;height=140&amp;auto=webp&amp;s=41652f713e77893491034db5f4a7c2c80eb71f1f
1olfymq,2025-11-01T05:25:59,Luka looking good in the association jersey New Luka IG Story,,Subtly_Emerald,107,0.99,14,False,False,https://reddit.com/r/lakers/comments/1olfymq/luka_looking_good_in_the_association_jersey_new/,https://i.redd.it/l6vbbp2lzkyf1.jpeg,lakers,SOCIAL MEDIA,False,i.redd.it,https://a.thumbs.redditmedia.com/OCmZSKaMr40W47ZtZqDQnTE6E0IT5THXbKJdlsye1p4.jpg
1olfvlr,2025-11-01T05:20:31,Ayton's Status from LADE,,forgedcarbon21,53,1.0,10,False,False,https://reddit.com/r/lakers/comments/1olfvlr/aytons_status_from_lade/,https://i.redd.it/odfz65olykyf1.jpeg,lakers,PLAYER TALK,False,i.redd.it,https://a.thumbs.redditmedia.com/fp-_qA416AEuBPm2jNY2EWo2VIztIdm743Bwx_GRWw4.jpg
1olftf7,2025-11-01T05:16:37,Luka sneaks into JJ's press conference and is congratulated on his record shared with Wilt Chamberlain,,CtrlAltDelightfull,98,1.0,7,False,False,https://reddit.com/r/lakers/comments/1olftf7/luka_sneaks_into_jjs_press_conference_and_is/,https://streamable.com/dsj7sb,lakers,,False,streamable.com,https://external-preview.redd.it/sGkyevvTKGHXGQhsWNNPEsPWhC3633PLUDjzDNMwwEY.jpeg?width=140&amp;height=77&amp;auto=webp&amp;s=34de0091e052d1b944b6c0937d70982aaa80c0b7
1olfsg9,2025-11-01T05:14:53,Why is Luka not mentioned in the leaderboards in official NBA website?,I just checked the official webpage of NBA and I can t find him among the PTs leaders. Is it because he missed 3 games? I can see Lauri who missed 2 for Jazz in the leaderboards.,Total-Maintenance665,20,0.86,5,False,False,https://reddit.com/r/lakers/comments/1olfsg9/why_is_luka_not_mentioned_in_the_leaderboards_in/,https://i.redd.it/zajpg2ilxkyf1.jpeg,lakers,,False,i.redd.it,https://b.thumbs.redditmedia.com/4k6u8Ysd0jrSrBm6NdBoOUjTmgchpbvvfwNNG7o-psQ.jpg
1olfq4q,2025-11-01T05:10:33,AR tired carrying this team,,Doten1,76,0.98,9,False,False,https://reddit.com/r/lakers/comments/1olfq4q/ar_tired_carrying_this_team/,https://i.redd.it/i8ztjcvtwkyf1.jpeg,lakers,,False,i.redd.it,https://a.thumbs.redditmedia.com/Cuxc-igx2PpRbL-oyZrr6ibArVgm0vamui7zt9gg8n4.jpg
1olfj9r,2025-11-01T04:58:43,Luka joins Wilt Chamberlain 2x as the only players in NBA history to start a season with 3 straight 40 point games!,,WhenMachinesCry,77,1.0,7,False,False,https://reddit.com/r/lakers/comments/1olfj9r/luka_joins_wilt_chamberlain_2x_as_the_only/,https://i.redd.it/dg57fbzgukyf1.png,lakers,,False,i.redd.it,https://a.thumbs.redditmedia.com/Y4hnMTeqPc-SzeODhl7KsqdmJlxCQ32iueTNSmkanP8.jpg
1olfcuj,2025-11-01T04:47:42,"Rob Appreciation Post. You ve built a hell of a team, dude.",,ItsRainingBoats,185,0.86,91,False,False,https://reddit.com/r/lakers/comments/1olfcuj/rob_appreciation_post_youve_built_a_hell_of_a/,https://i.redd.it/kjhzya6rskyf1.jpeg,lakers,APPRECIATION,False,i.redd.it,https://b.thumbs.redditmedia.com/ojnmUfencebeXjKza71WB6J4ELNbQUzXeV2KKYO4yVg.jpg
1olfbxp,2025-11-01T04:46:09,Ayton says he was dealing with tightness in his back but expects to be available on Sunday,,CtrlAltDelightfull,81,1.0,11,False,False,https://reddit.com/r/lakers/comments/1olfbxp/ayton_says_he_was_dealing_with_tightness_in_his/,https://i.redd.it/jckmod8hskyf1.jpeg,lakers,,False,i.redd.it,https://b.thumbs.redditmedia.com/JLJqnS8sF9e-DM-xhnQ_K177X-r7uTN5s-vrRqYV6bc.jpg
1olfbrg,2025-11-01T04:45:51,Another record tied,,Doten1,88,0.96,11,False,False,https://reddit.com/r/lakers/comments/1olfbrg/another_record_tied/,https://i.redd.it/g4fx6kafskyf1.jpeg,lakers,,False,i.redd.it,https://a.thumbs.redditmedia.com/XTkVUhYzBFeDi7xXZ_OZnNdXJZ2dDYCqqUUhBSB5HU0.jpg
1olfaaq,2025-11-01T04:43:15,A.Reaves puts down the Grizzlies,,OkHyena713,40,0.98,1,False,False,https://reddit.com/r/lakers/comments/1olfaaq/areaves_puts_down_the_grizzlies/,https://i.redd.it/zkgb58gyrkyf1.jpeg,lakers,PLAYER TALK,False,i.redd.it,https://b.thumbs.redditmedia.com/0Vg-OLhodAGcz2amToz5Dgz8aW2zv96hFVrwfeAPdbw.jpg
1olf1pg,2025-11-01T04:28:40,sometimes I still can t believe I live in a timeline where Luka is a Laker,,ttfn26,634,0.99,44,False,False,https://reddit.com/r/lakers/comments/1olf1pg/sometimes_i_still_cant_believe_i_live_in_a/,https://i.redd.it/lurfcnycpkyf1.jpeg,lakers,,False,i.redd.it,https://b.thumbs.redditmedia.com/0XeO30Y59QsPPXiLYhRqonrSjJ4Kld5JOt0gM-QAagQ.jpg
1olf121,2025-11-01T04:27:36,Luka Doncic joins Wilt Chamberlain as the only players in NBA history to start a season with 3 straight 40 point games,,Virtual_Success5530,162,0.99,8,False,False,https://reddit.com/r/lakers/comments/1olf121/luka_doncic_joins_wilt_chamberlain_as_the_only/,https://v.redd.it/08bxwax5pkyf1,lakers,LUKA MAGIC,True,v.redd.it,https://external-preview.redd.it/NDI1YmJpeTVwa3lmMXPl1jXrtCC_4y_X4VjHtND45hVm5jRq5klo1JEZxlvY.png?width=140&amp;height=78&amp;format=jpg&amp;auto=webp&amp;s=8f9bead1c1900b45c3be5ade555a9dbc33ccd7cc
1olf0i6,2025-11-01T04:26:41,Luka Doncic is the first player since Wilt Chamberlain to score 40 pts in the first 3 games of the season,,hanselpremium,23,0.93,1,False,False,https://reddit.com/r/lakers/comments/1olf0i6/luka_doncic_is_the_first_player_since_wilt/,/r/nba/comments/1olepcc/luka_doncic_is_the_first_player_since_wilt/,lakers,STATS / ANALYTICS,False,,default
1olezyp,2025-11-01T04:25:44,Luka Narratives Question,Great win tonight! When people say Luka needed to lose weight do you think they meant just from last year bc I agree if so or from his whole career? I think his shape was fine until last year for the most part. Could ve been slightly better sure but nothing to build a whole national nonstop narrative on!,Traditional_Emu3598,0,0.43,10,False,False,https://reddit.com/r/lakers/comments/1olezyp/luka_narratives_question/,https://www.reddit.com/r/lakers/comments/1olezyp/luka_narratives_question/,lakers,PLAYER TALK,False,self.lakers,self
1olevtc,2025-11-01T04:18:41,The Vando Smart Connection is suffocating,"Smart and Vando together in the game with one or both of Luka and Reaves, plus Ayton Hayes is suffocating. Ive seen JJ uses this lineup many times and we've constantly went on runs because of it. If we are able to be healthy, this can be our go to. Smart and Laravia are just as good, but a step down defensively and a step up offensively.",Croppersburner,51,0.96,11,False,False,https://reddit.com/r/lakers/comments/1olevtc/the_vando_smart_connection_is_suffocating/,https://www.reddit.com/r/lakers/comments/1olevtc/the_vando_smart_connection_is_suffocating/,lakers,,False,self.lakers,self
1olettn,2025-11-01T04:15:19,This is what a bad Luka game looks like IMO.,"On twitter, I see a bunch of people complaining about the lack of ball movement and the amount of iso ball on the offensive end and I just have to say, a luka game where the ball isn't moving much should be considered a bad luka game. He will always get his points but, people should pay attention to his passing and assists if you really want to evaluate his play. That lakers timberwolves game was an A luka game, this lakers grizzlies game wasnt the greatest, id give him a B ... Good game overall tho for the lakers if we ignore that 2nd quarter.",jttyrel27,73,0.92,38,False,False,https://reddit.com/r/lakers/comments/1olettn/this_is_what_a_bad_luka_game_looks_like_imo/,https://www.reddit.com/r/lakers/comments/1olettn/this_is_what_a_bad_luka_game_looks_like_imo/,lakers,,False,self.lakers,self
1oleskt,2025-11-01T04:13:13,When you gotta guard Luka,,WhenMachinesCry,369,1.0,16,False,False,https://reddit.com/r/lakers/comments/1oleskt/when_you_gotta_guard_luka/,https://v.redd.it/l9nmh882mkyf1,lakers,VIDEO,True,v.redd.it,https://external-preview.redd.it/aTNxYzZzbGxta3lmMePJlyfMo_qKJyEWCiKZV1OdTcdgM5_K83mfkXbRw82f.png?width=140&amp;height=122&amp;format=jpg&amp;auto=webp&amp;s=80545ec0ed591e5a8cf337eadacaa4ea75eacc06
1olepk6,2025-11-01T04:08:17,Hey preseason doomers. We re 4 2 to begin the season!,All the doomer BS couple weeks ago is aging like milk. Preseason doesn t indicate how good or bad a team will play in the future. And lastly Dodgers force a Game 7. Feels good to be an LA fan.,AdorableBackground83,106,0.98,29,False,False,https://reddit.com/r/lakers/comments/1olepk6/hey_preseason_doomers_were_42_to_begin_the_season/,https://www.reddit.com/r/lakers/comments/1olepk6/hey_preseason_doomers_were_42_to_begin_the_season/,lakers,,False,self.lakers,self
1olepfc,2025-11-01T04:08:03,Don is different,,Doten1,78,0.95,7,False,False,https://reddit.com/r/lakers/comments/1olepfc/don_is_different/,https://i.redd.it/0qhu1qholkyf1.jpeg,lakers,,False,i.redd.it,https://b.thumbs.redditmedia.com/GtzubW181G9JQ4jDnfxYS1W2WQCIGVosvGXO-j2_dYc.jpg
1oleoef,2025-11-01T04:06:24,love these dudes,,BustinOshit,489,1.0,22,False,False,https://reddit.com/r/lakers/comments/1oleoef/love_these_dudes/,https://i.redd.it/6xynd0w8lkyf1.png,lakers,APPRECIATION,False,i.redd.it,https://b.thumbs.redditmedia.com/EVLOLYEx1oYb0gOOn5WEJxdbhoMr90e-1w9JjKWepDg.jpg
1oleo6s,2025-11-01T04:06:04,Goat stats,,FishsSad,138,0.98,18,False,False,https://reddit.com/r/lakers/comments/1oleo6s/goat_stats/,https://i.redd.it/rfu2keialkyf1.jpeg,lakers,APPRECIATION,False,i.redd.it,https://b.thumbs.redditmedia.com/Gx9vzkM7XR1C9voK40auZd67zVSRfi7euVxcpmpXU7I.jpg
1olena0,2025-11-01T04:04:35,Luka Don i stats on his return against the Grizzlies,,silosara,137,0.99,9,False,False,https://reddit.com/r/lakers/comments/1olena0/luka_dončić_stats_on_his_return_against_the/,https://i.redd.it/cgh1y182lkyf1.jpeg,lakers,,False,i.redd.it,https://b.thumbs.redditmedia.com/5fXkOn6MBcfNlvNTlZUqmzBz-Ei9N0LZxUxG4JZzGIU.jpg
1olemoe,2025-11-01T04:03:43,Marcus Smart tonight 12 points 4 ast 2 stl 12,,Alternatively_Built_,589,0.99,45,False,False,https://reddit.com/r/lakers/comments/1olemoe/marcus_smart_tonight_12_points_4_ast_2_stl_12/,https://i.redd.it/0m14kg91jkyf1.jpeg,lakers,APPRECIATION,False,i.redd.it,https://a.thumbs.redditmedia.com/ITADZA_Gfb2cI0qT_cWsmpvNKjS_3JyF47iuiJ8Fex0.jpg
1olem7v,2025-11-01T04:03:01,Welcome back The Don. 44 pts 12 rebs 6 ast game.,,chrisbrits24,902,0.99,51,False,False,https://reddit.com/r/lakers/comments/1olem7v/welcome_back_the_don_44_pts_12_rebs_6_ast_game/,https://i.redd.it/q4mhur1skkyf1.jpeg,lakers,,False,i.redd.it,https://a.thumbs.redditmedia.com/G3bThDoSD_is3_ArFH0wnuwnQTtIZ76ufY1MxbMcJt8.jpg
1olem7r,2025-11-01T04:03:01,"Post Game Thread NBA The Lakers defeat the Grizzlies on Oct 31, 2025, the final score is 112 117.",This post contains content not supported on old Reddit. Click here to view the full post,basketball-app,589,0.99,355,False,True,https://reddit.com/r/lakers/comments/1olem7r/post_game_thread_nba_the_lakers_defeat_the/,https://www.reddit.com/r/lakers/comments/1olem7r/post_game_thread_nba_the_lakers_defeat_the/,lakers,,False,self.lakers,self
1oleln4,2025-11-01T04:02:09,Cameron Brink Costume from the Lakers Grizzlies Game,,incredibleamadeuscho,68,0.99,2,False,False,https://reddit.com/r/lakers/comments/1oleln4/cameron_brink_costume_from_the_lakersgrizzlies/,https://i.redd.it/mysvx7urekyf1.jpeg,lakers,,False,i.redd.it,https://b.thumbs.redditmedia.com/FDxU1JY8Hh5tOcXpQ0-wfZPIUQQeVj8NK6pJM_JwzFA.jpg
1olel9o,2025-11-01T04:01:39,"Luka Doncic, WELCOME BACK! 44 PTS, 12 REB, 6 AST!",,_MambaForever,229,0.99,12,False,False,https://reddit.com/r/lakers/comments/1olel9o/luka_doncic_welcome_back_44_pts_12_reb_6_ast/,https://i.redd.it/seqbg8djkkyf1.jpeg,lakers,APPRECIATION,False,i.redd.it,https://b.thumbs.redditmedia.com/JVcTpkDfvyLgWhz2OC6Q0PDZjP7lgOFTnhm_cIZeUJQ.jpg
1olejky,2025-11-01T03:59:12,Luka doing Luka things per usual!,,silosara,74,0.99,2,False,False,https://reddit.com/r/lakers/comments/1olejky/luka_doing_luka_things_per_usual/,https://i.redd.it/yga8ajn3kkyf1.jpeg,lakers,,False,i.redd.it,https://b.thumbs.redditmedia.com/BHP1XqSk7WPo7xnfztUwV1u5enIopP8Tm2CAILKXx_w.jpg
1oledor,2025-11-01T03:49:48,Lebron s role with the Luca 1st option Era.,"Still game is going on, I just feel so proud of my lakers guys on their great vibes. Anyway, Obviously Luka is on fire even just came back from his pain. We got AR who can be an 1st option with crazy Volume when Luka s absent. All the above situ is without Lebron who can definitely bring good to team with his versatility. But now it s crucial to set his role in this team. I meant his scoring always locked in as the score leader of NBA, but I think he can put more focus on defense. I know he got bit less athletic, but he can take a load of Luka s pressure on defense. How do think?",Connect_Dish9611,9,0.63,38,False,False,https://reddit.com/r/lakers/comments/1oledor/lebrons_role_with_the_luca_1st_option_era/,https://www.reddit.com/r/lakers/comments/1oledor/lebrons_role_with_the_luca_1st_option_era/,lakers,,False,self.lakers,self
1oldsbg,2025-11-01T03:15:49,Where is Ayton?,They mentioned he wasn t starting the second half and were going to get a report regarding injury starts. Any announcement on this? Hopefully he s not hurt,allanjameson,44,0.91,58,False,False,https://reddit.com/r/lakers/comments/1oldsbg/where_is_ayton/,https://www.reddit.com/r/lakers/comments/1oldsbg/where_is_ayton/,lakers,,False,self.lakers,self
1oldkb9,2025-11-01T03:03:19,Watching Dodgers and Lakers on my patio,,Clear_Lead,211,0.99,19,False,False,https://reddit.com/r/lakers/comments/1oldkb9/watching_dodgers_and_lakers_on_my_patio/,https://i.redd.it/lczsbjw3akyf1.jpeg,lakers,,False,i.redd.it,https://b.thumbs.redditmedia.com/nYsLMuEYlhLoAu-mvdWhzyVoPSm6GnoEH5hWt8-FhBQ.jpg
1old57r,2025-11-01T02:40:07,Luka Doncic broke his ankles so bad his shoe came off and own teammate laughed at him lmaooo but missed the shot,,ChazNBA,103,0.98,7,False,False,https://reddit.com/r/lakers/comments/1old57r/luka_doncic_broke_his_ankles_so_bad_his_shoe_came/,https://youtu.be/q8T9XDZOg3o,lakers,HIGHLIGHTS,False,youtu.be,https://external-preview.redd.it/i3r6bG1CI87EOgnDyNa5VcXuIrWBHpjpgNCvSpU4wW0.jpeg?width=140&amp;height=105&amp;auto=webp&amp;s=5af4a636f760126465f0739b33509edfd199bd70
1olbff1,2025-11-01T01:07:42,Starting lineup tonight vs the Memphis Grizzlies,,Turbostrider27,183,0.98,27,False,False,https://reddit.com/r/lakers/comments/1olbff1/starting_lineup_tonight_vs_the_memphis_grizzlies/,https://i.redd.it/x534381hpjyf1.jpeg,lakers,,False,i.redd.it,https://b.thumbs.redditmedia.com/KdIJJlwtETg8VKmd77nW_Z8JCGtGD6ys8WLI5bVnK5g.jpg
1olapby,2025-11-01T00:30:45,"Game Thread Memphis Grizzlies vs Los Angeles Lakers Live Score NBA Oct 31, 2025",This post contains content not supported on old Reddit. Click here to view the full post,basketball-app,108,0.98,3190,False,False,https://reddit.com/r/lakers/comments/1olapby/game_thread_memphis_grizzlies_vs_los_angeles/,https://www.reddit.com/r/lakers/comments/1olapby/game_thread_memphis_grizzlies_vs_los_angeles/,lakers,,False,self.lakers,self
1olaar9,2025-11-01T00:10:30,Luka and Smart available today,,Doten1,598,1.0,51,False,False,https://reddit.com/r/lakers/comments/1olaar9/luka_and_smart_available_today/,https://i.redd.it/bnu8qcsafjyf1.jpeg,lakers,,False,i.redd.it,https://b.thumbs.redditmedia.com/urSwbWLPtbDWiScZ0Q6r6NmQMg8qQAyd5T_E7e8gQww.jpg
1ol9qyy,2025-10-31T23:43:58,Best value and view section row at Crypto.com Arena?,Planning a visit to every NBA arena! Looking for the best value areas with exciting energy. Or a section that is unique or a low key favorite area. Haven't been here before.,Living-Raspberry-120,5,0.86,3,False,False,https://reddit.com/r/lakers/comments/1ol9qyy/best_value_and_view_sectionrow_at_cryptocom_arena/,https://www.reddit.com/r/lakers/comments/1ol9qyy/best_value_and_view_sectionrow_at_cryptocom_arena/,lakers,,False,self.lakers,self
1ol8ewq,2025-10-31T22:40:57,ESPN LeBron James announces new Halloween children s book Happy Spooky Halloween,The 32 page picture book with illustrations by Ariel Landy is about teamwork and Halloween thrills. It is set to release on July 21 by publisher HarperCollins.,hercules0003,173,0.96,18,False,False,https://reddit.com/r/lakers/comments/1ol8ewq/espn_lebron_james_announces_new_halloween/,https://i.redd.it/fty55qhbziyf1.jpeg,lakers,NEWS,False,i.redd.it,https://b.thumbs.redditmedia.com/LK6CRoVNicuFvij93DVjm7W-YnNNemZTnN-szXXZSyg.jpg
1ol72gn,2025-10-31T21:40:05,Best Halloween Candy?,"Austin Reaves, Marcus Smart, and Jaxson Hayes make their choice for the best Halloween candy.",Turbulent_Emu_7285,9,0.91,1,False,False,https://reddit.com/r/lakers/comments/1ol72gn/best_halloween_candy/,https://youtube.com/shorts/il15mEaCMpw?si=F7fDeFfd6DaE4A0l,lakers,VIDEO,False,youtube.com,https://external-preview.redd.it/wCe_PhAcQTre76s2FjNFUE3d1eoWR8ACdLsyxJkEWZk.jpeg?width=140&amp;height=105&amp;auto=webp&amp;s=b78f30aee44a1d096aae9447d47cf7f1a32931ec
1ol4l46,2025-10-31T19:56:10,"After AR drills the game winner against Minnesota, Rui Hachimura takes off AR s headband, twirling it around sending sweat flying into Marcus Smart s mouth. This had me dying",,Medical-Actuary5769,300,0.98,18,False,False,https://reddit.com/r/lakers/comments/1ol4l46/after_ar_drills_the_game_winner_against_minnesota/,https://i.redd.it/u1xsbk2x5iyf1.jpeg,lakers,,False,i.redd.it,https://b.thumbs.redditmedia.com/ODcq7Gvj3gx5Cx-2exP2Iej54-VZ9ABhvtPmAXF73rU.jpg
1ol3gio,2025-10-31T19:10:40,Compilation of Reaves go ahead shots to end games,,Itorr475,44,0.95,6,False,False,https://reddit.com/r/lakers/comments/1ol3gio/compilation_of_reaves_go_ahead_shots_to_end_games/,https://www.tiktok.com/t/ZP8DMc3bC/,lakers,,False,tiktok.com,https://external-preview.redd.it/g1HX957NlyZAXW7oiOOpyp59hDImYvYOXqRNoeD5wLY.jpeg?width=140&amp;height=140&amp;auto=webp&amp;s=7d6041b556f83d7ab6485e087783665a220f8a83
1ol2c57,2025-10-31T18:26:48,"Luka and Smart both upgraded to probable for tonight, per DanWoikeSports","Luka Don i and Marcus Smart have been upgraded to probable tonight against Memphis. Dan Woike LET'S GOOOO, we're so back. First NBA Cup game of the season, let's get a big win today fellas",SeeingThings123,979,1.0,79,False,False,https://reddit.com/r/lakers/comments/1ol2c57/luka_and_smart_both_upgraded_to_probable_for/,https://i.redd.it/je0v6a9zphyf1.jpeg,lakers,,False,i.redd.it,https://b.thumbs.redditmedia.com/_VRdIxAcOxfdiOCmn3jSqgh7lD0OTsR6FCDoR9OlQFs.jpg
1ol251s,2025-10-31T18:19:10,"Starting lineup at full health obviously Luka, AR, LeBron, and Ayton. Then who?",View Poll,Aragorns_Broken_Toe_,17,0.9,51,False,False,https://reddit.com/r/lakers/comments/1ol251s/starting_lineup_at_full_health_obviously_luka_ar/,https://www.reddit.com/r/lakers/comments/1ol251s/starting_lineup_at_full_health_obviously_luka_ar/,lakers,,False,self.lakers,self
1ol1k4f,2025-10-31T17:57:16,Former Laker Coach Darvin Ham and Former Laker Taurean Prince have never lost in the NBA Cup,,incredibleamadeuscho,82,0.89,14,False,False,https://reddit.com/r/lakers/comments/1ol1k4f/former_laker_coach_darvin_ham_and_former_laker/,https://i.redd.it/qcr07eipkhyf1.jpeg,lakers,,False,i.redd.it,https://b.thumbs.redditmedia.com/CL0gEyPTBTdfRdHuZdNiWmYrYnurnN7q8r1hqGLR-_E.jpg
1ol1j99,2025-10-31T17:56:17,Need suggestion on Jersey,"Hi lakers fam, I am living in Europe and bought an authentic Lebron statement jersey from lakers store. However, after unpacking it i found there was a yellow stain on letter A of Lakers in the front side of jersey. I wrote email to lakers store and they said its not possible to return nor exchange due to international orders. I really like the jersey and felt super disappointed. Lakers store suggested me to clean this following the cleaning instruction from the jersey but seems that it is not cleanable after trying Can anyone here suggest me how to clean it or solve this order issue?",Fast_Bench7860,9,0.92,12,False,False,https://reddit.com/r/lakers/comments/1ol1j99/need_suggestion_on_jersey/,https://i.redd.it/t0vyb9uikhyf1.jpeg,lakers,QUESTION,False,i.redd.it,https://b.thumbs.redditmedia.com/um_elSSkFweyIblNeP_wr1vFTLkRJIaHxjFJTfuXg1w.jpg
1ol1iwo,2025-10-31T17:55:54,Austin Reaves is quietly putting up All NBA level numbers,"Austin Reaves isn t just on a hot streak he s producing like a legit primary creator . Through the first five games of the season, he s one of the most efficient high volume scorers in the league. NBA ranks 2025 26 4th Points per game 34.2 4th Produced points per game 33.5 9th Usage 32.4 29th Offensive Rating 127.6 36th True Shooting 68.7 38th Assist 25.8 Reaves has become the engine of the Lakers offense scoring, creating, and keeping elite efficiency under heavy usage. He s the first Laker since Kobe 2005 to open a season with five straight 25 point games .",data4basket,236,0.93,72,False,False,https://reddit.com/r/lakers/comments/1ol1iwo/austin_reaves_is_quietly_putting_up_allnbalevel/,https://i.redd.it/lxfwwyuekhyf1.png,lakers,PLAYER TALK,False,i.redd.it,https://b.thumbs.redditmedia.com/h73OVmIx0SZsGsdHzmW9gvvnp4EjaAAG9JIu5dCwKdw.jpg
1ol1byt,2025-10-31T17:48:37,"McMenamin I told him I was going to kick his ass for that. Marcus Smart on Rui Hachimura twirling Austin Reaves headband in Minnesota, causing Austin s sweat to fly into Marcus mouth.",,IceBlast24,633,1.0,41,False,False,https://reddit.com/r/lakers/comments/1ol1byt/mcmenamin_i_told_him_i_was_going_to_kick_his_ass/,https://v.redd.it/ir2oku35jhyf1,lakers,,True,v.redd.it,https://external-preview.redd.it/MmtoamVzejVqaHlmMYJ5xrJ5WgzwQ84jmU9ZONrrSwINcjhCdTdtVkt28GXH.png?width=140&amp;height=78&amp;format=jpg&amp;auto=webp&amp;s=971978ee41e59eb37b74b6b7c0ebf8d4dc98bdfb
1ol0mus,2025-10-31T17:22:02,"Luka Doncic participated in shootaround this morning. He remains questionable for tonight, per the Lakers",,CtrlAltDelightfull,533,1.0,61,False,False,https://reddit.com/r/lakers/comments/1ol0mus/luka_doncic_participated_in_shootaround_this/,https://v.redd.it/po97klhdehyf1,lakers,,True,v.redd.it,https://external-preview.redd.it/bHllbTdkMGNlaHlmMQCp7RQRXhFQH7AtCjsoD01gLGwy1BHP1kJhJohZPZqH.png?width=140&amp;height=74&amp;format=jpg&amp;auto=webp&amp;s=8c6102afb708ca53aa982a218d51ffe56d5b072b
1okzu7j,2025-10-31T16:52:04,Authentic or Non authentic,Is there a big difference between the jerseys ? I originally ordered the all purple jersey without bibligo patch but I was thinking about cancelling it so I can get the authentic version with stitching. Gimmie your thoughts gang,mclovin1696,4,0.83,6,False,False,https://reddit.com/r/lakers/comments/1okzu7j/authentic_or_non_authentic/,https://www.reddit.com/r/lakers/comments/1okzu7j/authentic_or_non_authentic/,lakers,,False,self.lakers,self
1okytnn,2025-10-31T16:13:01,Flagrant Podcast Charania when asked who are some key names to keep an eye on this season Giannis Antetokounmpo and Trae Young. He also adds that LeBron James commitment to the Lakers is very much up in the air.,,YujiDomainExpansion,18,0.6,106,False,False,https://reddit.com/r/lakers/comments/1okytnn/flagrant_podcast_charania_when_asked_who_are_some/,https://streamable.com/k7t8rh,lakers,,False,streamable.com,https://external-preview.redd.it/V9r43w_x7a-503Is9FcL8lykGxnTqn4Al5JXpenLSeo.jpeg?width=140&amp;height=78&amp;auto=webp&amp;s=1e040716642f3e3083793f4cf94ace836cabaf26
1okyhor,2025-10-31T16:00:43,"Doctors Discuss LeBron James Sciatica Injury, Return Timeline via Mark Medina, EssentiallySports","The good news is that it gets better on its own 90 of the time. The body can go in there and eat away at the disc. But the nerves are pretty tough and resilient. So they get used to the pressure. Then the disc dries up and shrinks a little bit. Over the span of six to 12 weeks, most people get better. It usually takes three to four months to get to 100 . So lebron might need 3 4 months to get back into action according to a group of orthos",Imaginary-Mouse-1737,101,0.93,53,False,False,https://reddit.com/r/lakers/comments/1okyhor/doctors_discuss_lebron_james_sciatica_injury/,https://www.essentiallysports.com/nba-active-basketball-news-exclusive-doctors-discuss-if-lebron-james-sciatica-injury-could-lead-to-retirement-let-the-ego-take-a-backseat-now/,lakers,,False,essentiallysports.com,https://external-preview.redd.it/R7WxjG-w2XU40jQVa_Stu1bxLNlpXEYZ5vACuaArI0I.jpeg?width=140&amp;height=93&amp;auto=webp&amp;s=f6f191a9da30b97a08ff9b01577c5bfdf665d5dd
1oliwr7,2025-11-01T08:46:26,What is the ceiling and floor for Adou Thiero this season?,"I truly have no knowledge on Adou Thiero, just know that many have said he is extremely athletic. Personally, I think JJ puts him in that Max Christie Role where we had Austin at PG and Max Christie as a POA. Obviously he will not be in the starting lineup immediately but, I believe he can be a poor man's Max Christie in his first season.",Key-Opposite-1896,4,1.0,3,False,False,https://reddit.com/r/lakers/comments/1oliwr7/what_is_the_ceiling_and_floor_for_adou_thiero/,https://www.reddit.com/r/lakers/comments/1oliwr7/what_is_the_ceiling_and_floor_for_adou_thiero/,lakers,,False,self.lakers,self
1olire8,2025-11-01T08:36:11,"Weve slowly been building up a nice core. Chemistry is looking good, Resign them and keep building on it.","Luka, Reaves, Rui, Ayton, Laravia, Hayes, Vando are all 23 27. Add a couple more 2 way guys around that age and try retain vets like Smart and we re looking solid as hell.",brazyace43,5,0.86,3,False,False,https://reddit.com/r/lakers/comments/1olire8/weve_slowly_been_building_up_a_nice_core/,https://www.reddit.com/r/lakers/comments/1olire8/weve_slowly_been_building_up_a_nice_core/,lakers,,False,self.lakers,self
1oligru,2025-11-01T08:15:51,Giving AR the max,How much cap room is left over in the cap in 2026 if we max AR? Listened to Hoop Collective and Tim Bontemps suggested we couldn t do much around a maxed out AR and Luka but don t other teams have 2 max players? I don t understand the aprons so sorry if this question is dumb. Surely we can make some moves around the margins and we have a load of expiring contracts this year,Ok_Responsibility754,1,0.6,5,False,False,https://reddit.com/r/lakers/comments/1oligru/giving_ar_the_max/,https://www.reddit.com/r/lakers/comments/1oligru/giving_ar_the_max/,lakers,TEAM TALK,False,self.lakers,self
1olkllv,2025-11-01T10:36:29,Deadline Potential Targets,"As currently constructed, our team is definitely Top 5 in the West and potentially Top 3. However, there is simply too much money in dead or expiring contracts. I believe we have to make a trade at the deadline and I have some targets below. Let me know what you think of them... BEST TARGETS 1. Herb Jones If Rob gets this done we truly cannot slander him anymore 2. Andrew Wiggins 3. Walker Kessler 4. Keon Ellis MID TIER TARGETS 1. Derrick Jones Jr. This would actually be perfect for our team 2. Ochai Agbaji 3. Davion Mitchell I truly hope Rob makes a trade at the deadline just so that we can make something out of our expirings.",Key-Opposite-1896,5,0.86,2,False,False,https://reddit.com/r/lakers/comments/1olkllv/deadline_potential_targets/,https://www.reddit.com/r/lakers/comments/1olkllv/deadline_potential_targets/,lakers,TEAM TALK,False,self.lakers,self
1olk22g,2025-11-01T10:01:50,ONE. MORE. WIN.,,imin2099,12,0.8,1,False,False,https://reddit.com/r/lakers/comments/1olk22g/one_more_win/,https://i.redd.it/s03hevsscmyf1.jpeg,lakers,,False,i.redd.it,https://b.thumbs.redditmedia.com/h9StO9S9ip8JJojT9mQAzKdqPVXkT0hWWc0TuWvOeyo.jpg
1olji4y,2025-11-01T09:25:43,"Highlight Luka dominates Grizzlies in return 44 PTS, 12 REB, 6 AST",,Chemical-Glass-5841,14,1.0,1,False,False,https://reddit.com/r/lakers/comments/1olji4y/highlight_luka_dominates_grizzlies_in_return_44/,https://streamable.com/fvi61h,lakers,HIGHLIGHTS,False,streamable.com,https://external-preview.redd.it/tEd-uGFvvDoryopSacHkIBbPsfOOLQIKefsuv86myBQ.jpeg?width=140&amp;height=78&amp;auto=webp&amp;s=2843284ecf1f6ef93f33b8887910af38f2469716
1olmbi3,2025-11-01T12:15:45,When I watch Luka and Jokic luka has always looked like the better player,"When watching Luka and Jokic, Luka has always looked like the better player for me. His TS isn t as high because he is a volume scorer plus he takes heavily contested or long 3s when he s feeling himself. He cleans up shot selection when he needs to, to win the game. Jokic on the other hand can t score at the same rate as Luka because he ll get tired and has to work way more to score points than Luka does. Jokic isn t a 3 level scorer that Luka is he needs space on his 3 ball most of its catch and shoot. He also needs someone to entry pass him the ball. He doesn t bring the ball up like Luka. He doesn t seem to control games like Luka does at all.",OrganicHunt952,3,1.0,5,False,False,https://reddit.com/r/lakers/comments/1olmbi3/when_i_watch_luka_and_jokic_luka_has_always/,https://www.reddit.com/r/lakers/comments/1olmbi3/when_i_watch_luka_and_jokic_luka_has_always/,lakers,,False,self.lakers,self
1olm3rd,2025-11-01T12:04:22,What true love looks like,,nickleschow,22,1.0,1,False,False,https://reddit.com/r/lakers/comments/1olm3rd/what_true_love_looks_like/,https://v.redd.it/rrhnd1knymyf1,lakers,SOCIAL MEDIA,True,v.redd.it,https://external-preview.redd.it/ZnJudWZoOW55bXlmMU_-4do0hohKmas9eMFoM_mwQ8GlIQQ5jxpHuFFCw4E0.png?width=140&amp;height=75&amp;format=jpg&amp;auto=webp&amp;s=50a877b05f64a3a3e9f7aa7f2ec07228fdacbe94
1oln3l7,2025-11-01T12:54:32,Luka drops another 40 ball in his first game back to secure the win in the Lakers' first NBA cup game!,Luka is averaging 45 12 8 on 58 shooting this year. The defense is still coming together but we have the best offensive backcourt in the league!,YoungBasedHooper,3,1.0,0,False,False,https://reddit.com/r/lakers/comments/1oln3l7/luka_drops_another_40ball_in_his_first_game_back/,https://i.redd.it/odvnsyzl7nyf1.jpeg,lakers,,False,i.redd.it,https://b.thumbs.redditmedia.com/sq1Vyq2VLGPDkdqXwe78ertxZQk13BMMqXXQPBYQW8E.jpg
1oln1lw,2025-11-01T12:51:54,"McMenamin Luka Doncic on if he can average 40 points per game this season That s going to be tough I followed up by saying that Austin Reaves told me he thinks he could. Luka, with a big smile Austin s stupid.",,WayAdministrative679,4,1.0,1,False,False,https://reddit.com/r/lakers/comments/1oln1lw/mcmenamin_luka_doncic_on_if_he_can_average_40/,https://streamable.com/qkxhog,lakers,,False,streamable.com,https://external-preview.redd.it/TJ9QiegGv9m6adBt6NVKGKS9j6_FRy1xzkKcPMNH6ac.jpeg?width=140&amp;height=78&amp;auto=webp&amp;s=268553f4ca2170d45214b944ca18326f1d877de7
1olnwh6,2025-11-01T13:31:16,Can We Talk About Luka s Defense?,"Especially given his offensive outbursts? He s been good so far! He gets blown by occasionally but so do the best players. What I ve seen is an engaged defender that rotates well and has done a perfectly adequate job walling off attackers that try to isolate on him We don t need him or Austin to be elite defenders to win. We just need them to compete hard, play smart, and be serviceable in their roles. It s early but so far they have been.",waccedoutfurbies,13,0.88,4,False,False,https://reddit.com/r/lakers/comments/1olnwh6/can_we_talk_about_lukas_defense/,https://www.reddit.com/r/lakers/comments/1olnwh6/can_we_talk_about_lukas_defense/,lakers,PLAYER TALK,False,self.lakers,self
1olnp1w,2025-11-01T13:21:59,The Sexiest NBA player,,Kang_Burger,35,0.89,16,False,False,https://reddit.com/r/lakers/comments/1olnp1w/the_sexiest_nba_player/,https://i.redd.it/sj68u21icnyf1.jpeg,lakers,PICTURE,False,i.redd.it,https://b.thumbs.redditmedia.com/QvUWW_x19ksgYzLPmWK1ROsSjWouGhmY4-9FzZ0VGLw.jpg
1olqj82,2025-11-01T15:23:07,Grizzlies fans heckle Luka on free throw line and he tells them to chill. Hayes joins in too,,WhenMachinesCry,11,1.0,1,False,False,https://reddit.com/r/lakers/comments/1olqj82/grizzlies_fans_heckle_luka_on_free_throw_line_and/,https://v.redd.it/7xprg1ukxnyf1,lakers,VIDEO,True,v.redd.it,https://external-preview.redd.it/eHo2dHF3NDR5bnlmMSHtXMQsRQQnhHceJoWRyLpV-alcn9UKp9hdY7vjXQwV.png?width=140&amp;height=140&amp;format=jpg&amp;auto=webp&amp;s=6c8ebebb4921b424d64031348eb26c960d083888
1olpyc0,2025-11-01T14:59:17,"Start of the season Luka with the Lakers, AD in Dallas, and everything still to be decided","The season is officially upon us, and the future has never looked so bright for Lakers Nation. Luka Don i has made the switch to purple and gold while Anthony Davis is basking in the limelight in Dallas. It is true that losing AD is a big blow he was our defensive pillar and an All Star who could turn the game in his team's favor with a mere block but having Luka is a huge benefit. The team is now focused on Luka and LeBron. Their combined skill set including court vision, ball handling, and shot creation is seemingly flawless in theory. The primary concern is how will the role players be incorporated? Reaves, Rui, and the rest of the team will need to adjust to a more dynamic style, which will involve less low post activity and faster pace. Transition will be the main issue in defense. Luka is not a defensive ace like AD, so building up the defensive chemistry will be the main challenge this year. Is it possible for LeBron to keep the defense strong while Luka is in charge of the offense? If the management makes the right choices bringing in more shooters and solid defensive players then this team will be able to fight for the top right from the beginning. The season guarantees dazzling showmanship, highlight clips, and most importantly, a new era for the franchise. Fans, get set this is not simply another year of rebuilding, but rather, the start of the Luka LeBron era. The first several games will be crucial in determining whether this pair can actually lead us back to the championship. LakeShow",ContributionMuch2221,0,0.2,1,False,False,https://reddit.com/r/lakers/comments/1olpyc0/start_of_the_season_luka_with_the_lakers_ad_in/,https://www.reddit.com/r/lakers/comments/1olpyc0/start_of_the_season_luka_with_the_lakers_ad_in/,lakers,TEAM TALK,False,self.lakers,self
1olpe3i,2025-11-01T14:36:04,RIP Kobe,"Found at a local cemetery in the philippines. The whole country was basically laker nation when kobe was still playing, and even after Kobe passed, people are still paying their respects to the GOAT.",eggs99,21,0.92,0,False,False,https://reddit.com/r/lakers/comments/1olpe3i/rip_kobe/,https://i.redd.it/mqw5pazppnyf1.jpeg,lakers,,False,i.redd.it,https://b.thumbs.redditmedia.com/oAEEvRZzGrpkMrfTgZIWpKHf0vKnpLGAB0sKEyDVJbQ.jpg
1olol1h,2025-11-01T14:01:43,Daily Lakers Discussion Thread,Lakers season is back! Talk about whatever you want.,AutoModerator,3,1.0,17,False,True,https://reddit.com/r/lakers/comments/1olol1h/daily_lakers_discussion_thread/,https://www.reddit.com/r/lakers/comments/1olol1h/daily_lakers_discussion_thread/,lakers,,False,self.lakers,self
1olrfg5,2025-11-01T15:59:15,Austin's stupid Luka,"Reporter Luka, could you actually average 40pts per game? Luka laughs I dont know, that'd be tough. Reporter Austin said he could. Luka Austin's stupid.",Good_Music5191,1,1.0,0,False,False,https://reddit.com/r/lakers/comments/1olrfg5/austins_stupid_luka/,https://www.reddit.com/r/lakers/comments/1olrfg5/austins_stupid_luka/,lakers,,False,self.lakers,self
1olr80q,2025-11-01T15:50:40,Favorite Marcus Smart play from last night,,KarrotMovies,15,1.0,2,False,False,https://reddit.com/r/lakers/comments/1olr80q/favorite_marcus_smart_play_from_last_night/,https://v.redd.it/qnb6a9gy2oyf1,lakers,HIGHLIGHTS,True,v.redd.it,https://external-preview.redd.it/MWoybGw4Z3kyb3lmMayrOFQL7vgjEj1PCYwdvP9fRxf7PUZOO38bRfd-mJE3.png?width=140&amp;height=78&amp;format=jpg&amp;auto=webp&amp;s=f2c5b6110b13e457e2aab5bc545c87a73ded0d2f
1olr4sp,2025-11-01T15:47:08,Bro is owning the paint,,WhenMachinesCry,10,1.0,1,False,False,https://reddit.com/r/lakers/comments/1olr4sp/bro_is_owning_the_paint/,https://i.redd.it/7wyxk9f62oyf1.png,lakers,STATS / ANALYTICS,False,i.redd.it,https://b.thumbs.redditmedia.com/O8HCpfHRmd3fltebBlRZWMMYGyxq4Tj2ZI9FOjH1nKU.jpg
1om03xa,2025-11-01T21:51:01,Love him and hate him?,"When Luka was with the Mavericks it always surprised me how much everyone seemed to hate him. I get it, he complained a lot, barked at refs, and even talk smack to the crowd. Now that he s a Laker and fans love him, I m curious how that shift feels. Did Lakers fans used to despise him as much as everyone else did? Now that he s on your team and you see him up close in the locker room and on the bench, do you still notice the same flaws or does it feel different?",YogurtclosetDizzy693,0,0.5,1,False,False,https://reddit.com/r/lakers/comments/1om03xa/love_him_and_hate_him/,https://i.redd.it/6wra9iqbvpyf1.jpeg,lakers,PLAYER TALK,False,i.redd.it,https://b.thumbs.redditmedia.com/TyJt3It152e8liKKB76fVNAozcc8_vUpt-Uh2b5ayFk.jpg
1oly9v4,2025-11-01T20:34:02,"My guy is in perfect shape right now. Love to see it, happy for him",,Outrageous_Cell_3556,106,1.0,5,False,False,https://reddit.com/r/lakers/comments/1oly9v4/my_guy_is_in_perfect_shape_right_now_love_to_see/,https://i.redd.it/do4zctalhpyf1.jpeg,lakers,PICTURE,False,i.redd.it,https://b.thumbs.redditmedia.com/VRxFnNR101nYpV8CiehZWJLve_1AHvdJ6EqUVPKC7bQ.jpg
1olxob9,2025-11-01T20:09:30,Best Lakers win this season,,Doten1,300,0.99,91,False,False,https://reddit.com/r/lakers/comments/1olxob9/best_lakers_win_this_season/,https://i.redd.it/w42kp6o7dpyf1.jpeg,lakers,,False,i.redd.it,https://b.thumbs.redditmedia.com/rp3LJBhRthO3Bbek71_4S7ryPMbX7IHlxq7bT1HDa6Y.jpg
1olxjfy,2025-11-01T20:04:07,LukAR bromance is the gift that keeps giving,,Puzzled_Plate294,117,0.99,13,False,False,https://reddit.com/r/lakers/comments/1olxjfy/lukar_bromance_is_the_gift_that_keeps_giving/,https://v.redd.it/pd4ejg29cpyf1,lakers,,True,v.redd.it,https://external-preview.redd.it/dGFlNDhkMDljcHlmMd4B8jLXxa3OnFeGAj67js3z76sgmaJOuRNrYV-f75cR.png?width=140&amp;height=140&amp;format=jpg&amp;auto=webp&amp;s=34bf61663fa797b7ea809ecec4f909e6e3e3e003
1olwfx3,2025-11-01T19:19:17,What are we feeling this time around?,,BlingyBroccoli,6,0.88,10,False,False,https://reddit.com/r/lakers/comments/1olwfx3/what_are_we_feeling_this_time_around/,https://i.redd.it/ib14zkr44pyf1.png,lakers,GAME,False,i.redd.it,https://b.thumbs.redditmedia.com/ShpUNBcIAS9_kuNmv0XNt3nPn5lrqgRQij5g5YoOLKM.jpg
1olwapd,2025-11-01T19:13:22,Hypothetically Adding One Player,"If we could add just one non all star to the roster, who would put the lakers in best position to win it all. Names that come to mind are wing or POA defenders dillon brooks, alex caruso, lu dort... what do yall think?",Money-Diamond-9273,1,0.67,15,False,False,https://reddit.com/r/lakers/comments/1olwapd/hypothetically_adding_one_player/,https://www.reddit.com/r/lakers/comments/1olwapd/hypothetically_adding_one_player/,lakers,,False,self.lakers,self
1olv10v,2025-11-01T18:22:48,"Lakers fam, I know this isn t a Dodgers sub, but let s send some good vibes their way they re gonna need it!!!!!!!!",,imin2099,779,0.87,107,False,False,https://reddit.com/r/lakers/comments/1olv10v/lakers_fam_i_know_this_isnt_a_dodgers_sub_but/,https://i.redd.it/s2186za6uoyf1.jpeg,lakers,,False,i.redd.it,https://a.thumbs.redditmedia.com/EUfP6ma9Ll8IVBqwExgFonnFMnuvxhGYXJ_b8BdS4z8.jpg
1olsc4k,2025-11-01T16:35:35,i would like to apologize to this man! i was unfamiliar with your game,,Commercial_Reserve95,668,0.99,73,False,False,https://reddit.com/r/lakers/comments/1olsc4k/i_would_like_to_apologize_to_this_man_i_was/,https://i.redd.it/ellan42raoyf1.png,lakers,,False,i.redd.it,https://b.thumbs.redditmedia.com/DADqsqppHZvY_F1_OCm6LKsfnEfR09XLHqjV8pDlUJI.jpg
1olrqzf,2025-11-01T16:11:57,Throwback to Austin Reaves go ahead bucket,Going thru some old pics and videos and I forgot I had this. Pistons vs Lakers back in December of 2022. AR15 been clutch since the beginning!,Naturally_Nathan,43,0.98,2,False,False,https://reddit.com/r/lakers/comments/1olrqzf/throwback_to_austin_reaves_goahead_bucket/,https://v.redd.it/tv0sxjat6oyf1,lakers,HIGHLIGHTS,True,v.redd.it,https://external-preview.redd.it/OHJ2dXllMHQ2b3lmMcsiaY6r6ASxuyAMHzbD-0GirDAKvgSSpH840WEKLDFn.png?width=140&amp;height=78&amp;format=jpg&amp;auto=webp&amp;s=38715480e5e35002e4d238a6424b8557c484218b
1om1k8t,2025-11-01T22:54:03,"Most Filipinos consider Luka Doncic as the most handsome NBA player today while most Westerners consider him as average looking, why?","Most Filipinos consider Luka Doncic as the most handsome NBA player today while most Westerners consider him as average looking, why? What do you think is the reason most Westerners downplays his looks? He's not even in the top 10 most handsome NBA player list.",Negimarium,0,0.29,3,False,False,https://reddit.com/r/lakers/comments/1om1k8t/most_filipinos_consider_luka_doncic_as_the_most/,https://www.reddit.com/r/lakers/comments/1om1k8t/most_filipinos_consider_luka_doncic_as_the_most/,lakers,PLAYER TALK,False,self.lakers,self
1om0ovg,2025-11-01T22:15:55,Austin vs Luka Golf Challenge,,rosiros,78,1.0,10,False,False,https://reddit.com/r/lakers/comments/1om0ovg/austin_vs_luka_golf_challenge/,https://v.redd.it/x99k6zqqzpyf1,lakers,,True,v.redd.it,https://external-preview.redd.it/azZra3B1a3J6cHlmMYVfpkVuB6OOpruNycaKcu1Xe86CXgd7fHL9SErbuUMs.png?width=140&amp;height=140&amp;format=jpg&amp;auto=webp&amp;s=6fb0e252d9a4d19d1d105b6d93a278fc75d5a7e7
1om0mg5,2025-11-01T22:13:08,LeBron faking sciatica to improve team chemistry,"It's probably the easiest injury to fake. LeBron doesn't have to play a full season, so less wear and tear come playoff time. Added benefit of insane team chemistry in his absence. This is why he's the GOAT.",zeedster,0,0.14,13,False,False,https://reddit.com/r/lakers/comments/1om0mg5/lebron_faking_sciatica_to_improve_team_chemistry/,https://www.reddit.com/r/lakers/comments/1om0mg5/lebron_faking_sciatica_to_improve_team_chemistry/,lakers,PLAYER TALK,False,self.lakers,self
1om26m0,2025-11-01T23:21:40,Quick temperature check on Jake..,"Quick and extremely early temperature check on the Lakers new, young addition..how we all feeling about Jake through the first 6 games of the season? He had a rough start the first couple games stat wise but even in those games you saw the consistent effort, consistent hustle, the good offball D But the last 2 games you can tell his offensive role is tangibly becoming more defined as he's doing less dribbling in traffic and operating as more of a play finisher, and as a result I think we're slowly seeing him breakout a bit production wise after a 27 point performance on 102 TS, followed by a 13 point performance on 70 TS But overall I think Jake has been a very good and active defender, especially offball with his rotations and active hands getting deflections steals, and offensively I think he's slowly finding his footing as he and the coaching staff focus more on his strengths",SeeingThings123,16,1.0,18,False,False,https://reddit.com/r/lakers/comments/1om26m0/quick_temperature_check_on_jake/,https://i.redd.it/b00qg4whbqyf1.jpeg,lakers,,False,i.redd.it,https://b.thumbs.redditmedia.com/EvsTu_1j8AlXcDY-_YeS7BLcivhqH5xuAS-acdmNEno.jpg
1om358i,2025-11-02T00:05:46,Injury Report Ayton listed as probable. Doncic and Smart will play.,,denobino,62,1.0,13,False,False,https://reddit.com/r/lakers/comments/1om358i/injury_report_ayton_listed_as_probable_doncic_and/,https://i.redd.it/x6jzggxcjqyf1.jpeg,lakers,NEWS,False,i.redd.it,https://a.thumbs.redditmedia.com/iFvyPkIZ1PNMtpCcZEeYmGyfVioZ4zbx3MGT9-DS_E8.jpg
1om5cu0,2025-11-02T01:53:23,Balling my eyes out. I never knew this about Marcus Smart. I wish that he could have won a championship with us.,,ardbeg_10,4,1.0,0,False,False,https://reddit.com/r/lakers/comments/1om5cu0/balling_my_eyes_out_i_never_knew_this_about/,https://v.redd.it/m9g1v1dw9pyf1,lakers,,False,v.redd.it,https://external-preview.redd.it/Y5iJWElJba6_mM8xDsZ96b21G4V989AOLiK0If7BDws.png?width=140&amp;height=73&amp;auto=webp&amp;s=f2129cea1acff825c79a086f7e48566535e62b62
1om5b74,2025-11-02T01:51:02,Lakers have recalled forward Adou Thiero from the South Bay. Could potentially be active for the first time Sunday against Miami.,,CtrlAltDelightfull,25,1.0,9,False,False,https://reddit.com/r/lakers/comments/1om5b74/lakers_have_recalled_forward_adou_thiero_from_the/,https://i.redd.it/oklnyva52ryf1.jpeg,lakers,,False,i.redd.it,https://b.thumbs.redditmedia.com/BGBs9ZDLN3w5kRkUKajWQJkDverxhXsE03roaOeeSUU.jpg
1om4eml,2025-11-02T01:06:12,Del Harris,"May I ask why Lakers fans, Jim Rome, LA media hated Del Harris? I thought he was the best coach in basketball. I felt he was unappreciated in his time with the Lakers. He turned this franchise around when they were laughing stock after Magic left. I thought the way he was treated was disrespectful.",Mongo_Les,0,0.5,16,False,False,https://reddit.com/r/lakers/comments/1om4eml/del_harris/,https://www.reddit.com/r/lakers/comments/1om4eml/del_harris/,lakers,,False,self.lakers,self
1om8fuy,2025-11-02T04:38:44,Our owner bruh Congrats LA,,goatnxtinline,179,0.98,9,False,False,https://reddit.com/r/lakers/comments/1om8fuy/our_owner_bruh_congrats_la/,https://i.redd.it/th3coasovryf1.jpeg,lakers,PICTURE,False,i.redd.it,https://a.thumbs.redditmedia.com/7qrJdBW_3zpZbTlDv5Gg6kormBVvz94CPW2FmEsDFA0.jpg
1om89vl,2025-11-02T04:29:44,LeBron James congratulates the dodgers,,Haunting_Visit_4561,77,0.98,2,False,False,https://reddit.com/r/lakers/comments/1om89vl/lebron_james_congratulates_the_dodgers/,https://i.redd.it/rewiqhp9uryf1.png,lakers,SOCIAL MEDIA,False,i.redd.it,https://a.thumbs.redditmedia.com/oHz0M3ALzT8f1SUgEiuA2EvSR69Oo9CK5d02cVuor78.jpg
1om85vv,2025-11-02T04:23:52,Luka congratulated the Dodgers for winning!,,Kang_Burger,288,0.98,11,False,False,https://reddit.com/r/lakers/comments/1om85vv/luka_congratulated_the_dodgers_for_winning/,https://i.redd.it/g31qbbsetryf1.png,lakers,SOCIAL MEDIA,False,i.redd.it,https://a.thumbs.redditmedia.com/x-m5QGxBfnceSjONYviam4kT8ZDmY6QSdfSq4iXwoC0.jpg
1om82rc,2025-11-02T04:19:06,The Dodgers have won the World Series!,,Turbostrider27,1029,0.94,136,False,False,https://reddit.com/r/lakers/comments/1om82rc/the_dodgers_have_won_the_world_series/,https://i.redd.it/kj9916zjsryf1.jpeg,lakers,,False,i.redd.it,https://b.thumbs.redditmedia.com/k8IgbNcH_DhwJQgMqiuO-k0x5YucaPVmtxMJgD5IIQs.jpg
1om98g1,2025-11-02T05:24:04,Imagine if Lakers win it all this season,,MamiTarantina,46,1.0,8,False,False,https://reddit.com/r/lakers/comments/1om98g1/imagine_if_lakers_win_it_all_this_season/,https://i.redd.it/ii5c8ki54syf1.jpeg,lakers,,False,i.redd.it,https://b.thumbs.redditmedia.com/6vhU0x4zr8xhh9B6FeGiVCqRzLrt7by4F567E3tdliI.jpg
1om951x,2025-11-02T05:18:28,Carushow and LeBron on twitter,,Beautiful-Cress5695,176,0.99,17,False,False,https://reddit.com/r/lakers/comments/1om951x/carushow_and_lebron_on_twitter/,https://i.redd.it/lk1ipkk53syf1.jpeg,lakers,SOCIAL MEDIA,False,i.redd.it,https://b.thumbs.redditmedia.com/YL8sGtEIsBepqJBycd9twhT43J03TLHv72bDt0LUIrA.jpg
1omae5x,2025-11-02T06:35:04,Is it possible LeBron had back surgery this summer for the sciatica?,Could he keep that a secret with his resources? From personal experience with extreme sciatica that was completely fixed with a pretty easy surgery and very quick recovery after it's hard to believe they're just trying to wait it out and heal on its own? If I'm a billionaire there's got to be some great fixes for this issue with unlimited budget. So would it be possible?,PartyBusRuss,3,1.0,4,False,False,https://reddit.com/r/lakers/comments/1omae5x/is_it_possible_lebron_had_back_surgery_this/,https://i.redd.it/4gll85akfsyf1.jpeg,lakers,PLAYER TALK,False,i.redd.it,https://a.thumbs.redditmedia.com/4S_bO9vr14lat6gCmnmbKeLQgUymStKbLT3R9Ir7PD4.jpg
1oma85l,2025-11-02T06:24:36,Hard post for smart. So glad to have him on the team,,EconomistRJ,7,0.89,1,False,False,https://reddit.com/r/lakers/comments/1oma85l/hard_post_for_smart_so_glad_to_have_him_on_the/,https://v.redd.it/m9g1v1dw9pyf1,lakers,PLAYER TALK,False,v.redd.it,https://external-preview.redd.it/Y5iJWElJba6_mM8xDsZ96b21G4V989AOLiK0If7BDws.png?width=140&amp;height=73&amp;auto=webp&amp;s=f2129cea1acff825c79a086f7e48566535e62b62
1oma80v,2025-11-02T06:24:22,Did the Mavs get finessed?,"Feels like Pelinka straight up told Nico to empty his pockets and bullied him into the trade, dude got his pockets emptied and Pelinka took his sneakers as well.",Western-Election-997,0,0.33,8,False,False,https://reddit.com/r/lakers/comments/1oma80v/did_the_mavs_get_finessed/,https://m.youtube.com/watch?v=4xLCki7LgE8,lakers,VIDEO,False,m.youtube.com,https://external-preview.redd.it/-83A8lH10RcXx52IdjSiV-3WSyHGF9BqG525Q-ezcoU.jpeg?width=140&amp;height=105&amp;auto=webp&amp;s=15556789aeedfd97c21a1bfe23f0098aa7eb5657
1omazl2,2025-11-02T07:14:08,POV YOU STAY AFTER THE KINGS GAME AT CRYPTO TO WATCH THE Dodgers GO BACK TO BACK!!!!!,That's cool they let everyone stay and watch the game,goatnxtinline,69,0.97,6,False,False,https://reddit.com/r/lakers/comments/1omazl2/pov_you_stay_after_the_kings_game_at_crypto_to/,https://v.redd.it/v95wtjhgnsyf1,lakers,VIDEO,True,v.redd.it,https://external-preview.redd.it/ZjZwd29raGduc3lmMXo5-8S82zOMriNxkdJ0jDcnjPagkYZHJmG1AVD0ISiK.png?width=140&amp;height=140&amp;format=jpg&amp;auto=webp&amp;s=2adb0803f29c8c8a09d6dd75758b27b99fb53c2b
1ompxc7,2025-11-02T19:10:07,"Psychiatrist made me take a Rorschach test. I was honestly confused, because the answer is clearly just Luka Doncic on every slide, right?",,Subject_Reception681,9,0.85,2,False,False,https://reddit.com/r/lakers/comments/1ompxc7/psychiatrist_made_me_take_a_rorschach_test_i_was/,https://i.redd.it/rqim6j5l6wyf1.jpeg,lakers,,False,i.redd.it,https://b.thumbs.redditmedia.com/lHcOjyDfURpWCA-yE8nl13rqf21_9-7bHjRXXn3HvGA.jpg
1ommkgv,2025-11-02T16:59:41,Proving the Doubters Wrong Free Agent Signings have all paid off!!,"Going into free agency we had limited assets and big holes to fill. We knew Rob was going to be extremely hesitant to trade a 1st round pick. There were also few players available to get. There were people who were saying our best case scenario woukd be to to resign DFS, trade our only tradeable 1st round pick for Nic Claxton and sign DeAndre Melton as a FA. Others wanted us to sign Brook Lopez or Al Horford and some vet minimum players like GP3. Well Rob smartly signed Jake Laravia on a reasonable contract then had some good fortune in having both DeAndre Ayton and Marcus Smart being bought out and wanting to sign with us. Still, many people weren't sold that they would make us any better. Six games in it looks like we have had the best off season in 2025. All 3 of our signings have met and exceeded our expectations so far. Ayton has been a double double machine, Jake has been a spark on our 2nd team who is making us forget about DFS, and Smart had been a defensive dog whose energy is s contagious. All of this despite not having a full training camp with Luka amp LeBron. Can't wait to see what this team will look like by mid December once we have everyone healthy and they've had a chance to gel. It's rare to have 3 FA signings all work out, but it looks like we're getting that now. It's still early but we have had a best case scenario so far with our Free Agency Big 3! Still hoping for a smart trade by the deadline for a 3 D wing but the upside here is big. Am I the only one excited about the potential our Lakers have this year?",edub1906,120,0.97,16,False,False,https://reddit.com/r/lakers/comments/1ommkgv/proving_the_doubters_wrong_free_agent_signings/,https://i.redd.it/jvhyp9e9kvyf1.jpeg,lakers,,False,i.redd.it,https://b.thumbs.redditmedia.com/e7QUJJta9-TnvC6pvx1xLeA6FTtIfE4VsV9sm0y-W5s.jpg
1ommbj6,2025-11-02T16:50:06,LETS GO DODGERS!!!!!!! THE JOB IS FINISHED!!!!!!!,,imin2099,111,0.96,8,False,False,https://reddit.com/r/lakers/comments/1ommbj6/lets_go_dodgers_the_job_is_finished/,https://i.redd.it/j8oo92tjivyf1.jpeg,lakers,,False,i.redd.it,https://b.thumbs.redditmedia.com/H2PMp4dmPF9K_F-N5n7qjLB6BK7tE34wuBk3O-4mI1E.jpg
1omm4vs,2025-11-02T16:42:58,"Lakers last four games against the Kings, Blazers, Wolves, and Grizzlies by Jack Perkins purehoop",,incredibleamadeuscho,233,1.0,14,False,False,https://reddit.com/r/lakers/comments/1omm4vs/lakers_last_four_games_against_the_kings_blazers/,https://i.redd.it/b4xla0y9hvyf1.jpeg,lakers,,False,i.redd.it,https://a.thumbs.redditmedia.com/xMA8kaVAWoyKjJaWlpulu-atHS56oi4TX7QQ_vFhFc0.jpg
1omkoum,2025-11-02T15:47:30,"I can't add Reaves or multiple picks, are you crazy?? Remember, Luka is an obese scrub, I'm doing you a favor here. No other team will want him.",,WhenMachinesCry,600,0.99,54,False,False,https://reddit.com/r/lakers/comments/1omkoum/i_cant_add_reaves_or_multiple_picks_are_you_crazy/,https://i.redd.it/5fnqcxko6vyf1.jpeg,lakers,MEME,False,i.redd.it,https://b.thumbs.redditmedia.com/8bXG8FC1P5WilB-8HRPUXhUSWGWUKsVThlvbi_JbwsE.jpg
1omji5d,2025-11-02T15:01:30,Daily Lakers Discussion Thread,Lakers season is back! Talk about whatever you want.,AutoModerator,7,0.9,50,False,True,https://reddit.com/r/lakers/comments/1omji5d/daily_lakers_discussion_thread/,https://www.reddit.com/r/lakers/comments/1omji5d/daily_lakers_discussion_thread/,lakers,,False,self.lakers,self
1omir36,2025-11-02T14:31:23,Game Day. LFG,,Maleficent-Slip8354,26,1.0,2,False,False,https://reddit.com/r/lakers/comments/1omir36/game_day_lfg/,https://youtube.com/shorts/BJjOjqWWHnY?si=xqLEShMRI9GTExSN,lakers,,False,youtube.com,https://external-preview.redd.it/YjybdDinMyl6ciYmohecZ4lpT9Qk0iGV4qkuk2KNYn0.jpeg?width=140&amp;height=105&amp;auto=webp&amp;s=34d64b1a6ffae10a6efa23cc3cd0e8af9cd38377
1omgvcm,2025-11-02T13:10:03,Hoping the Lakers can celebrate like this,,hercules0003,74,0.94,8,False,False,https://reddit.com/r/lakers/comments/1omgvcm/hoping_the_lakers_can_celebrate_like_this/,https://v.redd.it/jgyy3wl0rtyf1,lakers,VIDEO,False,v.redd.it,https://external-preview.redd.it/TsBPuiBxCaqlQLaqq-VddFuaza8XHlnHc2iTvk3vuYs.png?width=140&amp;height=73&amp;auto=webp&amp;s=5ce33d99b0f6a1c1430a1ed040f5c0fc22cfa7cb
1omgn01,2025-11-02T12:59:37,ALLCITY NBA How often multiple bench players are involved in offensive possessions how well each team performs in those possessions. Lakers are sixth with 43 total possessions and 1.22 Points Per Possession,,WayAdministrative679,36,1.0,6,False,False,https://reddit.com/r/lakers/comments/1omgn01/allcity_nba_how_often_multiple_bench_players_are/,https://i.redd.it/fb9t4j73duyf1.png,lakers,STATS / ANALYTICS,False,i.redd.it,https://a.thumbs.redditmedia.com/h0oj9WXE9iflqIq7oX1jWxn6B3ddCX_54WNPTV2nnk8.jpg
1omga0n,2025-11-02T12:42:35,Marcus Smart is a 45 through 4 games as a Laker the highest on the team. Absolute dawg,,Top-Entertainment945,905,1.0,37,False,False,https://reddit.com/r/lakers/comments/1omga0n/marcus_smart_is_a_45_through_4_games_as_a_laker/,https://i.redd.it/dz2tej0eauyf1.jpeg,lakers,,False,i.redd.it,https://b.thumbs.redditmedia.com/bhXVk5m1OcUGSj14MJZ-4YrIRCju-qT_-YhuQbKCSVk.jpg
1omcj5f,2025-11-02T08:57:06,"Duel between LeBron and Luka 6 years ago, can't believe they are teammates now",,Bastigonzales,814,0.99,66,False,False,https://reddit.com/r/lakers/comments/1omcj5f/duel_between_lebron_and_luka_6_years_ago_cant/,https://i.redd.it/u10fj3t46tyf1.jpeg,lakers,THROWBACK,False,i.redd.it,https://b.thumbs.redditmedia.com/6oXCTmf5_Se84GVYWs-XOX5Yduj6iEtdJ4Cp0uvhN3M.jpg
1omu7c8,2025-11-02T21:58:57,"After last night, the decade is now 57.5 over sports wise. Here is how the 23 titles have been distributed across the cities",,cacti_zoom,1,1.0,0,False,False,https://reddit.com/r/lakers/comments/1omu7c8/after_last_night_the_decade_is_now_575_over/,/r/billsimmons/comments/1omtmfb/after_last_night_the_decade_is_now_575_over/,lakers,,False,,default
1omu05b,2025-11-02T21:50:39,Those dodgers posts shouldnt be allowed,"As the title says. This is not a Los Angeles sports sub, its a Lakers sub. Many people here are not from us and dont follow baseball at all. You want to post about it and be happy, fine, but do it in the Dodgers sub. If it were 2 or 3 posts, than fina, but there were more than 20 in the last 24 hours. There is even a rule that says all posts must be related to Lakers lol",EconomistRJ,0,0.4,22,False,False,https://reddit.com/r/lakers/comments/1omu05b/those_dodgers_posts_shouldnt_be_allowed/,https://www.reddit.com/r/lakers/comments/1omu05b/those_dodgers_posts_shouldnt_be_allowed/,lakers,SUBREDDIT,False,self.lakers,self
1omtswl,2025-11-02T21:42:23,Ron Artest III went as his dad for Halloween?,From before his world peace days obviously,Reebok_MF_classics,108,0.98,17,False,False,https://reddit.com/r/lakers/comments/1omtswl/ron_artest_iii_went_as_his_dad_for_halloween/,https://i.redd.it/u5gdsa1kywyf1.jpeg,lakers,,False,i.redd.it,https://b.thumbs.redditmedia.com/7JweH98HtZDZc51ddVMs8D6tgRTlIIf0Oy4SRgnUPPc.jpg
1omusf8,2025-11-02T22:23:21,Hypothetical time. Post LeBron question,"Say LeBron left, and our lineup was Luka, Reaves, , Rui, Ayton Obviously aside from a reliable bench with some 2 way talent. What calibre player would have to be at that starting SF for us to be a clear contender?",WuTangMelo,0,0.5,18,False,False,https://reddit.com/r/lakers/comments/1omusf8/hypothetical_time_post_lebron_question/,https://www.reddit.com/r/lakers/comments/1omusf8/hypothetical_time_post_lebron_question/,lakers,TEAM TALK,False,self.lakers,self
1omuhv3,2025-11-02T22:11:03,Texas food vs cali food lol,,lolBaldy,187,0.96,20,False,False,https://reddit.com/r/lakers/comments/1omuhv3/texas_food_vs_cali_food_lol/,https://i.redd.it/8laqcsor3xyf1.png,lakers,MEME,False,i.redd.it,https://a.thumbs.redditmedia.com/bfhEFYrER0LWm88qEBvEC9FRVooA0jMOIsN_Mfr6HY0.jpg
1omwne0,2025-11-02T23:44:40,This is the first time I saw AR play.,"Suggs was considered a potential number 1 pick at the time. I just remember this skinny guy that looked like he was 15 taking it to Suggs with no fear. Okl lost but Gonzaga had the much better team. AR looked so much better than Suggs. I kind of knew AR was going to be a player and I was so excited when the Lakers got him. When was the first time you thought this guy might be a player? How many GM would take Suggs or AR now? Gonzaga 87 71 Oklahoma Mar 22, 2021 Final Score ESPN",clashfanbang,3,0.8,0,False,False,https://reddit.com/r/lakers/comments/1omwne0/this_is_the_first_time_i_saw_ar_play/,https://www.reddit.com/r/lakers/comments/1omwne0/this_is_the_first_time_i_saw_ar_play/,lakers,,False,self.lakers,self
1omwe74,2025-11-02T23:33:20,These are low key the only games for the rest of 2025 that im hyped to see,"The Spurs are undefeated right now, and seeing Wemby's development makes me excited to see how the Lakers would slow down Wemby... or at least try. The Lakers vs. the remaining champs. The last time we faced them, Luka got ejected for absolutely no reason last season. The Mavs are obviously ass, but if Luka is playing, there will always be a show. Christmas games are always fun to watch, regardless of whether they lose or win.",Few_Prune_1436,0,0.06,9,False,False,https://reddit.com/r/lakers/comments/1omwe74/these_are_lowkey_the_only_games_for_the_rest_of/,https://i.redd.it/srt76joxgxyf1.jpeg,lakers,,False,i.redd.it,https://b.thumbs.redditmedia.com/9NuN8R-RXP7f3xEqutn1fNtd8bKP1O4eM5lzzKa8e_o.jpg
1omvtfl,2025-11-02T23:07:31,Lakers are the most popular basketball team in almost every continent!,,Actual_Box7731,251,0.99,37,False,False,https://reddit.com/r/lakers/comments/1omvtfl/lakers_are_the_most_popular_basketball_team_in/,https://i.redd.it/kt1n7ywsdxyf1.jpeg,lakers,APPRECIATION,False,i.redd.it,https://b.thumbs.redditmedia.com/ciGd0c_uBelQjHds91Z8olujeYjI1WU5rlGk7jSlAtw.jpg
1omy4jw,2025-11-03T00:51:50,Ball just glided through the net,,JetSky81,6,1.0,2,False,False,https://reddit.com/r/lakers/comments/1omy4jw/ball_just_glided_through_the_net/,https://v.redd.it/v2k9wrthwxyf1,lakers,,True,v.redd.it,https://external-preview.redd.it/NjBjczZxb2h3eHlmMaMTQu2T2t9WJBgSbQ1xXZEJD6Pc1VF_uD-Ubg1U8U2G.png?width=140&amp;height=78&amp;format=jpg&amp;auto=webp&amp;s=3c1cb4e7f08a5b8fd8564346c5417be2b21ea303
1omy0rc,2025-11-03T00:46:59,So Can The Lakers Use This Time To Take Advantage Of Dumars and Steal A Trade With The Pelicans?,"Dumars hasn t even been a GM for 8 months, and he is already destroying the Pelicans with the most mind boggling moves. Trading an unprotected 2026 first round pick to the Hawks just to move up to get Derik Queen who s barely even playing. And they traded the 2026 Pacers first round pick So while Dumars is busy sabotaging the Pelicans, is there any chance we can help expedite that by getting either Trey Murphy, Herb Jones or Zion from them? Give them the corpse of Maxi Kleber and Gabe Vincent or something?",TangoThisMango,4,0.7,6,False,False,https://reddit.com/r/lakers/comments/1omy0rc/socan_the_lakers_use_this_time_to_take_advantage/,https://www.reddit.com/r/lakers/comments/1omy0rc/socan_the_lakers_use_this_time_to_take_advantage/,lakers,MEME,False,self.lakers,self
1omx9kr,2025-11-03T00:12:08,Bronny James Rant dont read if you're just a klutch sports stan and not a laker fan,"I have been a Lakers fan for as long as I have known about basketball. Bronny James might arguably be one of the worst basketball players I have ever seen on the Lakers post the 1976 merger. This shit is embarrassing and ridiculous that he's even on the team. We are wasting a roster spot on him and its seriously baffling. I am shocked that on reddit it's almost like an unspoken rule to not talk about how bad Bronny has been playing but I don't care anymore. I want the Lakers to have a chance to win again and its genuinely embarrassing. We may never know like what is actually going on but I don't think Bronny works on his game or even wants to play in the nba, he misses simple defensive assignments, refuses to cut, can't shoot. I understand you don't have to be an insane shooter or have an insane skillset to be an NBA player, but he doesn't even give effort which just upsets me as a fan. EDIT if your response is talking about its okay because hes the 14th 15th player on a nba roster, like its just bums who are in the end of a roster, this is the NBA not middle school travel team basketball. Bronny James isn't even good enough to be a euroleague bench player let alone an NBA roster in my opinion.",SczechuanChicken,0,0.22,30,True,False,https://reddit.com/r/lakers/comments/1omx9kr/bronny_james_rant_dont_read_if_youre_just_a/,https://www.reddit.com/r/lakers/comments/1omx9kr/bronny_james_rant_dont_read_if_youre_just_a/,lakers,OPINION,False,self.lakers,nsfw
1omx6f2,2025-11-03T00:08:14,Luka and Austin are averaging 77 points together.,,DownTheFrank,111,1.0,9,False,False,https://reddit.com/r/lakers/comments/1omx6f2/luka_and_austin_are_averaging_77_points_together/,https://i.redd.it/cd26j9npoxyf1.jpeg,lakers,MEME,False,i.redd.it,https://b.thumbs.redditmedia.com/p6s8Owo7WsVDn5fXMTtZZsSuwkDxXM6OJcIKcB0UASA.jpg
1omz4sh,2025-11-03T01:39:01,"Aside from Austin, could Luka also be taking a leap this year?","It's clear that Austin seems to be taking a leap this year as he has done every year with improved strength and playmaking scoring skills. Does anyone think Luka could also be taking a leap? Through 7 games of Eurobasket only 40 min games he scored 34.7 ppg, 8.6 rbs, 7.1 assists, and everyone knows what he's done through the first several games of the NBA season. With Luka being only 26 and a year younger than Austin, the improvement seems real.",rosiros,4,0.75,5,False,False,https://reddit.com/r/lakers/comments/1omz4sh/aside_from_austin_could_luka_also_be_taking_a/,https://www.reddit.com/r/lakers/comments/1omz4sh/aside_from_austin_could_luka_also_be_taking_a/,lakers,PLAYER TALK,False,self.lakers,self
1omz3in,2025-11-03T01:37:19,DA out tonight,Hoping it s nothing too serious and they re just giving him some extra rest. This team has shown they can prevail through injuries so hopefully we can pull through with a win and he ll be back tomorrow.,Puzzled_Plate294,34,1.0,13,False,False,https://reddit.com/r/lakers/comments/1omz3in/da_out_tonight/,https://i.redd.it/67jrd51m4yyf1.jpeg,lakers,,False,i.redd.it,https://b.thumbs.redditmedia.com/SxiGQBZHl3bVSgVAQatjCtCU01msI6G0tEb3KJeIzus.jpg
1omyymb,2025-11-03T01:30:45,"Game Thread Los Angeles Lakers vs Miami Heat Live Score NBA Nov 2, 2025",This post contains content not supported on old Reddit. Click here to view the full post,basketball-app,9,1.0,19,False,True,https://reddit.com/r/lakers/comments/1omyymb/game_thread_los_angeles_lakers_vs_miami_heat_live/,https://www.reddit.com/r/lakers/comments/1omyymb/game_thread_los_angeles_lakers_vs_miami_heat_live/,lakers,,False,self.lakers,self
1on0ulj,2025-11-03T03:01:14,JACKSON HAYES HIT A THREE?!,,Memelord1117,1,1.0,0,False,False,https://reddit.com/r/lakers/comments/1on0ulj/jackson_hayes_hit_a_three/,https://i.redd.it/5tooynykjyyf1.jpeg,lakers,GAME,False,i.redd.it,default
1on0oql,2025-11-03T02:53:28,Luka and his passes,,Kang_Burger,26,1.0,3,False,False,https://reddit.com/r/lakers/comments/1on0oql/luka_and_his_passes/,https://v.redd.it/wtz2thq5iyyf1,lakers,HIGHLIGHTS,True,v.redd.it,https://external-preview.redd.it/cmhmOTZtdTVpeXlmMSw1z7Xe7hPcYXM8bjhBBVPXMYuglod5dmvDkf5Q9KMs.png?width=140&amp;height=78&amp;format=jpg&amp;auto=webp&amp;s=76887d0861257a7574f5ecdbc70bbc13bd97ba84
1on0hqr,2025-11-03T02:43:44,Question How Does The Lakers Dynasty Stack Up Against The Celtics Dynasty?,"Hello NBA fans. A short time ago I looked at the Boston Celtics history and used Bill James's Dynasty Model to evaluate the Celtics' years of dominance. You can find the post here Question Why isn t the Boston Celtics Dynasty considered to start much earlier and to end much later than commonly asserted? r nba In that post I said, the Celtics Dynasty which began in 1950 and ended in 1995, would be longer than ANY other sports dynasty out of the big four American leagues. Then a commentator mentioned the Lakers. I realized I made a error by not examining the Lakers. So how does the Lakers stack up against the Celtics? Lets find out using the same model I applied to my earlier post. Fans in the know know the Laker actually started out in Detroit as the Detroit Gems for the 1946 season of the NBL. They were one of the worst basketball teams ever. Their fortunes turned when they relocated to Minneapolis the following year in 1947 1958 to become the Minneapolis Lakers with their first great superstar George Mikan. Thy posted their first winning season and won the NBL championship. The NBA counts NBL stats as their own. The Lakers celebrated their first basketball title by going to the playoff ten years in a row, winning 5 titles, 1 BAA title, and the rest NBA championships being the first NBA team to three peat. They missed the playoffs in the 1957 1958 season but returned for the next two seasons with their next superstar Elgin Baylor. The team relocated to LA in 1960 with their newly acquired draft pick, Jerry West. What began picked up right from when the team left off in Minneapolis is one of the most accomplished yet tortured stretches a franchise has ever endured. The Lakers from 1958 1971 made the playoffs ever year yet never won a title. The primary cause? The Boston Celtics led by Bill Russell. The narrative was set The Lakers could never beat the Celtics despite their roster consisting of West, Baylor, and even long time Celtics rival, Wilt Chamberlain. The team finally won a NBA title for LA in 1972 as one of the greatest NBA teams ever. The Lakers made another final the next year, lost to the Knickerbockers and lost the Bucks led by Kareem Abdul Jabbar more on him later in the semi conference finals. They missed out on the playoffs in the 1974 1975 season. So far, that is the Laker's largest playoff streak 16 years. That is frankly incredible. Even though the Lakers of those years only won one championship, this is not something to scoff at. Only the Celtics by this point had beaten them for the record of consecutive playoffs. The Laker miss the playoffs in 1974 and miss again in 1975. This is something the Lakers have not yet experienced and per the rules of James's Dynasty system, one more year of missing the playoffs and they are done. It was a great run but all good things must end. That is if the Lakers didnt trade for Kareem Abdul Jabbar remember that guy? in 1975. In the 1975 1976 season, the Lakers, led now by the best basketball players in the NBA return to the playoffs. They continue to be playoff contenders when they make the draft pick of a Mr. Earvin Johnson Jr to be their point guard. What follows next is one of the greatest runs in NBA history. An immediate NBA championship against the 76ers, 8 NBA appearance which included a 3 peat within 5 consecutive NBA championship appearance , and 2 wins over those hated Celtics. Johnson retired in a shocking manner, one that today seems to have been unnecessary and a tinge homophobic from the country. The Lakers miss the playoffs in the 1993 1994. From 1977 1993, that is a 17 year dominance that includes a 18 consecutive playoff appearances and 5 NBA titles. With Johnson gone, it seems finally the Lakers will not be contenders for the time being. except they have Jerry West as an executive who hates to lose. The Lakers rebound to another playoff streak in the 1994 1995 season. This new streak will not end until the 2004 2005 season, During this time the Lakers pull off one of the greatest heists by not only signing Shaquille O'Neil, but negotiating with the Nets and Charlotte Hornets to acquire a young basketball talent who spent his formative years in Italy named Kobe Bryant. Oh and their coach was Phil Jackson. During this ten year stretch, the Lakers win 3 titles and make 4 nba championships appearances despite the egos of Jackson, Kobe and Shaw all colliding with each other. When the Pistons upset the Lakers, and Shaq decides to leave for sunny Florida while Phil leaves too, it seems now the Lakers dynasty will end. Except Kobe wills his team to the playoffs in the 2004 2006 season, starting a new streak of playoff appearances. This streak will not end until the 2013 2014 season, will have 3 NBA finals appearances, two titles with Kobe being reunited with Phil and having a cast of stars like Paul Gasol, Ron Artest, and Derek Fisher. After the 2012 2013, when the Lakers are defeated in the first round, despite acquiring NBA hall of famers Steve Nash and Dwight Howard, the wheels of this now aging and incompatible team fall off. The Lakers not only miss the playoffs for the next three years and worsen their fortunes by beginning an era of disappointments, embarrassments, and humiliation. Lakers fans now know what most NBA franchises have to go through. Now that the dynasty is finally gone, lets tally up the results. The dynasty which began in the 1947 1948 season did not end until..wait this cant be right...the 2012 2013 season?! By my count that is...holy moly. 66 YEARS of Lakers dominance. This is actually more than the Celtic's 45 year old dynasty as I discussed in my earlier post. This means that the Lakers, not the Celtics have the longest dynasty in American sports. During this time the Lakers won 17 Championships, 18 Conference titles, 33 division titles, and 62 playoff appearances. In terms of NBA titles won during their great dynasty, the Lakers actually...oh this is funny...have one less title than the Celtics's 18 NBA titles won. Although the Lakers beat out the Celtics for the most conference titles, division titles, and playoff appearances during this run. In that sense, the Lakers might actually have the best dynasty in NBA history.",Forward-Carry5993,0,0.5,2,False,False,https://reddit.com/r/lakers/comments/1on0hqr/question_how_does_the_lakers_dynasty_stack_up/,https://www.reddit.com/r/lakers/comments/1on0hqr/question_how_does_the_lakers_dynasty_stack_up/,lakers,LAKERS,False,self.lakers,self
1omztrq,2025-11-03T02:11:30,Lukar messing around during warm ups,,nick170100,103,0.99,22,False,False,https://reddit.com/r/lakers/comments/1omztrq/lukar_messing_around_during_warm_ups/,https://v.redd.it/r4z3qn1payyf1,lakers,,True,v.redd.it,https://external-preview.redd.it/NmJkdDVsdW9heXlmMXZLZro75ZoGuvyEVTd5KgJd-RwoddgnSBvKgjShnzEt.png?width=140&amp;height=140&amp;format=jpg&amp;auto=webp&amp;s=07e970316606f8902d013aa4409185e8bbd40d3d
1omztje,2025-11-03T02:11:11,Thanks for Luka,,allanjameson,129,0.99,9,False,False,https://reddit.com/r/lakers/comments/1omztje/thanks_for_luka/,https://i.redd.it/x20nmgjnayyf1.jpeg,lakers,,False,i.redd.it,https://b.thumbs.redditmedia.com/xQTDS2rl4iBZX9jR8DZplqhMxJdV0XF3DgkWnAIl7Gc.jpg
1omzsbl,2025-11-03T02:09:35,Lakers vs Heat starters tonight,,WayAdministrative679,24,1.0,24,False,False,https://reddit.com/r/lakers/comments/1omzsbl/lakers_vs_heat_starters_tonight/,https://i.redd.it/w083202cayyf1.jpeg,lakers,GAME,False,i.redd.it,https://b.thumbs.redditmedia.com/QTwMt4S3hORqnx0PY2qHGqu5yS8XCZwXBnLEfKBZmfQ.jpg
1omzmq3,2025-11-03T02:02:23,Make it happen,,WuTangMelo,0,0.35,7,False,False,https://reddit.com/r/lakers/comments/1omzmq3/make_it_happen/,https://i.redd.it/8fwx53w29yyf1.jpeg,lakers,,False,i.redd.it,https://a.thumbs.redditmedia.com/ilFi_haCArrsP6qIWhg62eqQxCY4el7klvCVZ7BXlb4.jpg
1on1mqf,2025-11-03T03:40:48,"Two way Luka! Hits a three, intercepts the pass and gets a layup!",,AdorableBackground83,40,0.98,4,False,False,https://reddit.com/r/lakers/comments/1on1mqf/two_way_luka_hits_a_three_intercepts_the_pass_and/,https://v.redd.it/rjvn5zzmqyyf1,lakers,,True,v.redd.it,https://external-preview.redd.it/enEyeXhseG1xeXlmMaVUceN8BV2tryTjFiYldAJkLzqjOsoMDHNEKbPZGXlP.png?width=140&amp;height=80&amp;format=jpg&amp;auto=webp&amp;s=b372573bfd508f3537304f689ffd0f541aa1b0be
1on1lze,2025-11-03T03:39:49,Luka sucking up the D,,denobino,33,0.95,14,False,False,https://reddit.com/r/lakers/comments/1on1lze/luka_sucking_up_the_d/,https://i.redd.it/e82a7it7qyyf1.jpeg,lakers,MEME,False,i.redd.it,https://b.thumbs.redditmedia.com/OZFaWLThcIs0mW3xd9lN_T7fUv8gsOVRm7ljZp_rSUs.jpg
1on1hs8,2025-11-03T03:33:53,Jaxson Frerotte.,,ADHProduction,9,1.0,0,False,False,https://reddit.com/r/lakers/comments/1on1hs8/jaxson_frerotte/,https://i.redd.it/ddbgsyjepyyf1.jpeg,lakers,,False,i.redd.it,https://b.thumbs.redditmedia.com/JML-IT_1GzbXI9jM5GGw-wGgCRGjfTr3lIv4wVMIgBA.jpg
1on1hl4,2025-11-03T03:33:37,Marcus Smart for 2025 DPOY,,tazena_,94,1.0,21,False,False,https://reddit.com/r/lakers/comments/1on1hl4/marcus_smart_for_2025_dpoy/,https://i.redd.it/sjxvzyucpyyf1.jpeg,lakers,,False,i.redd.it,https://b.thumbs.redditmedia.com/Jj2o1FnOJHxm1uwaoud4e_x2aETKNZA-YfcnIZP1OAI.jpg
1on1a5i,2025-11-03T03:22:55,Austin Reaves lob to Bronny James,,ChazNBA,42,0.98,5,False,False,https://reddit.com/r/lakers/comments/1on1a5i/austin_reaves_lob_to_bronny_james/,https://youtu.be/13Q_Ji-HzzE,lakers,HIGHLIGHTS,False,youtu.be,https://external-preview.redd.it/ym5xGL1cPy609geDpw-GxIWupNpo-xmE0_yMk4FRC8Y.jpeg?width=140&amp;height=105&amp;auto=webp&amp;s=6abaae5553462b540f2a6e687ed9faeea8e1f9ed
1on189z,2025-11-03T03:20:17,The Laker Swagger is back,"I remember the last few times I watched here at crypto and there was always this tight atmosphere of uncertainty. Then this guy landed on our lap and seriously, it s a completely different arena. The swagger is back. The fear of opponents coming here is there like it was during the Shaq Kobe era.",Blue_Spider,23,1.0,1,False,False,https://reddit.com/r/lakers/comments/1on189z/the_laker_swagger_is_back/,https://i.redd.it/7fiibf7zmyyf1.jpeg,lakers,,False,i.redd.it,https://b.thumbs.redditmedia.com/MDZFznvFV3qR-Mnd9rQze97wAQbg18_JpuwjcwaUOFE.jpg
1on17gi,2025-11-03T03:19:08,This game is going to be exciting.,Fast paced and teams trading dunks. Lots a physicality. Jaxon hayes hitting a 3?,Few_Prune_1436,15,0.94,1,False,False,https://reddit.com/r/lakers/comments/1on17gi/this_game_is_going_to_be_exciting/,https://i.redd.it/jfsa0eykmyyf1.jpeg,lakers,,False,i.redd.it,https://b.thumbs.redditmedia.com/fTtP68IBzq-IH9APMlhATKsyNeEdirIF6WIY2vfhBPs.jpg
1on16dp,2025-11-03T03:17:40,Austin reaves lob to bronny,,onelastnoodle,579,0.99,38,False,False,https://reddit.com/r/lakers/comments/1on16dp/austin_reaves_lob_to_bronny/,https://v.redd.it/w7kem37imyyf1,lakers,HIGHLIGHTS,True,v.redd.it,https://external-preview.redd.it/MXp2c3gxY2lteXlmMe96lXCfGagmTCLufW8gl2UHH6aV6w0ouUqzcDG1hS1z.png?width=140&amp;height=78&amp;format=jpg&amp;auto=webp&amp;s=fb22f5ee5e89281759e3779043a415dac874ba7d
1on13zi,2025-11-03T03:14:13,Rob for GM of the year!,Sitting close to Rob P at Crypto tonight. Probably one or two transactions away from being as great as Jerry West. Maybe if he manages to steal Joker or Wemby in the next five years.,Blue_Spider,15,0.94,4,False,False,https://reddit.com/r/lakers/comments/1on13zi/rob_for_gm_of_the_year/,https://i.redd.it/u7af9u5wlyyf1.jpeg,lakers,,False,i.redd.it,https://a.thumbs.redditmedia.com/D7F2RUd5TWOils-Te7qlJIpyKDG_cMs13bXmmq8xD20.jpg
1on0yz6,2025-11-03T03:07:10,Marcus Smart just hit his 1000 career steals,,Kang_Burger,93,0.99,5,False,False,https://reddit.com/r/lakers/comments/1on0yz6/marcus_smart_just_hit_his_1000_career_steals/,https://v.redd.it/xgtlwylmkyyf1,lakers,HIGHLIGHTS,True,v.redd.it,https://external-preview.redd.it/b2t6ZzBhc21reXlmMfDLETTuE4mleMT8rhpfeNgjX2RUIzhx4Lqe2tgKLYiZ.png?width=140&amp;height=140&amp;format=jpg&amp;auto=webp&amp;s=18888ebc0cce76fc49dc49941e69236d443999d9
1on0x1k,2025-11-03T03:04:29,Jaxson Hayes buries a three pointer! Currently sitting at 11pts on perfect efficiency.,,burnedchickennugget6,241,1.0,23,False,False,https://reddit.com/r/lakers/comments/1on0x1k/jaxson_hayes_buries_a_three_pointer_currently/,https://v.redd.it/a6446234kyyf1,lakers,,True,v.redd.it,https://external-preview.redd.it/YzJmMmdxejNreXlmMVUo14_-k00HT0WLxhJWIB2HFSfUrJgi9HYv0VNf-8gH.png?width=140&amp;height=78&amp;format=jpg&amp;auto=webp&amp;s=6c353d2d47802f619d1e097cb64983e1370448c5
1on31s1,2025-11-03T04:56:45,The unexpected white boy trio,,EraVortex,10,1.0,4,False,False,https://reddit.com/r/lakers/comments/1on31s1/the_unexpected_white_boy_trio/,https://i.redd.it/yxmffjx64zyf1.jpeg,lakers,PLAYER TALK,False,i.redd.it,https://b.thumbs.redditmedia.com/v-e2s827T7O1m06SKM4OYt8O6CDawrsG50tkJvqifYs.jpg
1on30ey,2025-11-03T04:54:35,LaRavia Rui,This might be a little premature but should we be starting LaRavia er Rui or is this just an aberration . I feel like Rui might need to be coming off the bench.,PuzzleheadedMilk9558,0,0.5,2,False,False,https://reddit.com/r/lakers/comments/1on30ey/laravia_rui/,https://www.reddit.com/r/lakers/comments/1on30ey/laravia_rui/,lakers,GAME,False,self.lakers,self
1on2zct,2025-11-03T04:52:53,Who is 12?? He's so good,,naive-dragon,20,1.0,6,False,False,https://reddit.com/r/lakers/comments/1on2zct/who_is_12_hes_so_good/,https://i.imgur.com/rRtUSnG.jpeg,lakers,PLAYER TALK,False,i.imgur.com,https://external-preview.redd.it/BelDB4wkkNAu0v2N9r-o4YoyoDdHFvFcDHUE_qZS2Qw.jpeg?width=140&amp;height=140&amp;auto=webp&amp;s=c09e2c61d8470e44dcd6062156abb6a7fdd2f62f
1on2vln,2025-11-03T04:47:05,"McMenamin JJ Redick I became a Dodgers fan when I played for the Clippers. Although ... as a Clipper, I remember going to games multiple times and they were like, Hey, can we put you up on the jumbotron? I was like, Hell no! I m going to get booed! I m on the Clippers!",,daftmunt,46,1.0,3,False,False,https://reddit.com/r/lakers/comments/1on2vln/mcmenamin_jj_redick_i_became_a_dodgers_fan_when_i/,https://i.redd.it/p0ad5ipg2zyf1.jpeg,lakers,,False,i.redd.it,https://b.thumbs.redditmedia.com/cdMsOffhJFUliylbuxX8CjTYYtkc1cg_goxsZcN5qUg.jpg
1on2tli,2025-11-03T04:44:01,Bronny James appreciation post,Bronny may not be shining with points but I feel the defensive effort and the continuous hustle is showing. He had a nice pass to Rui under the basket in the third and a few really well timed steals. I m happy to see him having some impact on this game.,ifixengines,36,0.93,19,False,False,https://reddit.com/r/lakers/comments/1on2tli/bronny_james_appreciation_post/,https://www.reddit.com/r/lakers/comments/1on2tli/bronny_james_appreciation_post/,lakers,,False,self.lakers,self
1on44en,2025-11-03T05:59:29,Bronny drives and kicks to Marcus Smart for 3!,,Virtual_Success5530,1,1.0,0,False,False,https://reddit.com/r/lakers/comments/1on44en/bronny_drives_and_kicks_to_marcus_smart_for_3/,https://v.redd.it/grmve4mafzyf1,lakers,HIGHLIGHTS,True,v.redd.it,https://external-preview.redd.it/OGFsNzAzbWFmenlmMSjnA5Y8Sb-2r96nkMxb4FQdSRRz8gvpnURw2q2piSB_.png?width=140&amp;height=79&amp;format=jpg&amp;auto=webp&amp;s=2ffaa5148d1e093a1be0269c369c1ff5c22e62a8
1on433p,2025-11-03T05:57:14,"Perfect signings. Rob really flipped DFS for Smart, Ayton, and number 12, who s this other guy again? Lol. Good job, Rob.",,Top-Entertainment945,2,0.75,0,False,False,https://reddit.com/r/lakers/comments/1on433p/perfect_signings_rob_really_flipped_dfs_for_smart/,https://i.redd.it/stnligbzezyf1.jpeg,lakers,,False,i.redd.it,https://b.thumbs.redditmedia.com/Mt-jQc1BPrTVwWYDJm78yIk4JBGox5hmenRNwaSW9Lg.jpg
1on3yz9,2025-11-03T05:50:18,I thank ArGM for getting Laravia everyday,,Few_Prune_1436,24,1.0,2,False,False,https://reddit.com/r/lakers/comments/1on3yz9/i_thank_argm_for_getting_laravia_everyday/,https://i.redd.it/i25tp7oodzyf1.jpeg,lakers,,False,i.redd.it,https://b.thumbs.redditmedia.com/9D0Sp7A1TU9X9uojzkG4HDnDryWwpE5CY0j-opxGjls.jpg
1on3tv6,2025-11-03T05:42:01,Austin Reaves I ve got to be the first person in NBA history to throw a father a lob and a son a lob I told Bron as soon as I checked out that it was a pretty special moment.,,denobino,83,1.0,8,False,False,https://reddit.com/r/lakers/comments/1on3tv6/austin_reaves_ive_got_to_be_the_first_person_in/,https://v.redd.it/2bcgpli2czyf1,lakers,VIDEO,True,v.redd.it,https://external-preview.redd.it/MjAzamtsaTJjenlmMa5uEIIZSvf1w5JQYQbp-yW5VMN2J2aVRB7bHO6rmW7_.png?width=140&amp;height=78&amp;format=jpg&amp;auto=webp&amp;s=fc33ed48b11dfe3da02e62acd74863bb253f60ab
1on3rak,2025-11-03T05:37:42,Didn't score 40 but got a triple double. Thanks Nico,,chrisbrits24,37,0.97,9,False,False,https://reddit.com/r/lakers/comments/1on3rak/didnt_score_40_but_got_a_triple_double_thanks_nico/,https://i.redd.it/mvsobuohbzyf1.png,lakers,,False,i.redd.it,https://a.thumbs.redditmedia.com/C2SKIgcFAXWgp94N-ZhR2X2cBLYDaNSY-HPrTkBkV38.jpg
1on3r6f,2025-11-03T05:37:30,Tres Leches,,sometimes-somewhere,67,1.0,10,False,False,https://reddit.com/r/lakers/comments/1on3r6f/tres_leches/,https://i.redd.it/ksurj9lgbzyf1.jpeg,lakers,,False,i.redd.it,https://a.thumbs.redditmedia.com/zV1RJ50LlNUqef68zQ701tTHk9veN2_P4UxsC23R1E8.jpg
1on3mwb,2025-11-03T05:30:20,JJ Redick Give me that f king whiteboard. What the f k are these guys doing?!,,denobino,127,1.0,28,False,False,https://reddit.com/r/lakers/comments/1on3mwb/jj_redick_give_me_that_fking_whiteboard_what_the/,https://v.redd.it/zo3vq3qx9zyf1,lakers,VIDEO,True,v.redd.it,https://external-preview.redd.it/YTZuZTczcXg5enlmMSc5rx5uirxEE0zc7jfQnddQyWvmzpYy33gDQ9dVb5Jr.png?width=140&amp;height=78&amp;format=jpg&amp;auto=webp&amp;s=05e0974ea79e3026c37ec98802a38ae5addce2ca
1on3l1u,2025-11-03T05:27:21,In addition to playing great the last 3 games. Happy 24th birthday Mr. LaRavia!,,AdorableBackground83,41,1.0,10,False,False,https://reddit.com/r/lakers/comments/1on3l1u/in_addition_to_playing_great_the_last_3_games/,https://i.redd.it/4lfg1ben9zyf1.jpeg,lakers,,False,i.redd.it,https://b.thumbs.redditmedia.com/MbqLjOdtTf872GhL6JRneuMbh-qJWVgU-GxWuVge4Es.jpg
1on3jjo,2025-11-03T05:24:58,We are so back,,maricircus,33,1.0,5,False,False,https://reddit.com/r/lakers/comments/1on3jjo/we_are_so_back/,https://i.redd.it/73s6sys79zyf1.jpeg,lakers,,False,i.redd.it,https://a.thumbs.redditmedia.com/WApqmzXOl4FvJXVeXP9rW3HwoSdk9pYK0LGNaxxRQt0.jpg
1on3hya,2025-11-03T05:22:18,Wizley on X JL vs. DFS last three games,,ruburdingus,38,0.88,18,False,False,https://reddit.com/r/lakers/comments/1on3hya/wizley_on_x_jl_vs_dfs_last_three_games/,https://i.redd.it/hhtmq6yq8zyf1.jpeg,lakers,,False,i.redd.it,https://b.thumbs.redditmedia.com/Z6FK9i-R4ZNvs5fR6-fL6SrNaOKrjSy7vY5-h7-7Zew.jpg
1on3hfx,2025-11-03T05:21:28,Luka Doncic drops a triple double to secure the Lakers win over the Heat!,"First triple double of the season for Luka, and it was a huge night for the other two members of Tres Leches with Austin and Jake both dropping 25 and filling up the rest of the stat sheet!",YoungBasedHooper,21,1.0,0,False,False,https://reddit.com/r/lakers/comments/1on3hfx/luka_doncic_drops_a_tripledouble_to_secure_the/,https://i.redd.it/53hnsbpl8zyf1.jpeg,lakers,,False,i.redd.it,https://a.thumbs.redditmedia.com/KNAmMg-z5ysDkxct3gbezIA4hzCQzySejCPmoTccC68.jpg
1on3h7v,2025-11-03T05:21:07,Luka Doncic cooks Bam Adebayo the play after the Heat bench had words for him lmao,,ChazNBA,20,1.0,4,False,False,https://reddit.com/r/lakers/comments/1on3h7v/luka_doncic_cooks_bam_adebayo_the_play_after_the/,https://youtu.be/AF5x3scXRzU,lakers,HIGHLIGHTS,False,youtu.be,https://external-preview.redd.it/4-DxZZCnSAsMoiktocIx1Yu2DEvdvQk3rltM8R7Eek4.jpeg?width=140&amp;height=105&amp;auto=webp&amp;s=9159f3568bbaa586b51eae6f4ae8c08100e38b6f
1on3gmm,2025-11-03T05:20:07,Luka Post Game Interview,,JetSky81,24,1.0,3,False,False,https://reddit.com/r/lakers/comments/1on3gmm/luka_post_game_interview/,https://v.redd.it/3fkgipoc8zyf1,lakers,,True,v.redd.it,https://external-preview.redd.it/MzhjaGd0bGM4enlmMWOgIvJV72pwHRI7nfAM6Nuo2QbK_1jiCHSJ8WAlCurp.png?width=140&amp;height=78&amp;format=jpg&amp;auto=webp&amp;s=058f9add83dcf3c1c11fc21bb53e69a5e8cb253d
1on3fpn,2025-11-03T05:18:38,What ticked off JJ so badly in that one moment?,What ticked off JJ so badly in that one moment? Was it a specific person? Lack of effort? Missed assignments? He was going off? I know they were playing bad but it seemed like something specific.,Less-Explanation160,3,0.8,15,False,False,https://reddit.com/r/lakers/comments/1on3fpn/what_ticked_off_jj_so_badly_in_that_one_moment/,https://www.reddit.com/r/lakers/comments/1on3fpn/what_ticked_off_jj_so_badly_in_that_one_moment/,lakers,,False,self.lakers,self
1on3fpc,2025-11-03T05:18:38,LA sports fans sleeping real different tonight.,,denobino,44,0.96,3,False,False,https://reddit.com/r/lakers/comments/1on3fpc/la_sports_fans_sleeping_real_different_tonight/,https://i.redd.it/husluq057zyf1.jpeg,lakers,MEME,False,i.redd.it,https://b.thumbs.redditmedia.com/dYvhgPQDSl0uL6QS7iELDnix-8X23Y1OdMHgrhY0yls.jpg
1on3f7b,2025-11-03T05:17:51,Jake Larevelation,"21.7 points, 7.0 rebounds, and 2.7 assists in his last three games as he's settling in. What a pickup by the Lakers! Just going to be a matter of how he can maintain and improve once his minutes go down once LeBron is back.",IAmDominion,21,1.0,4,False,False,https://reddit.com/r/lakers/comments/1on3f7b/jake_larevelation/,https://i.redd.it/m66jt2gy7zyf1.jpeg,lakers,,False,i.redd.it,https://b.thumbs.redditmedia.com/3FdwzaXvESwec5PY3c-_oEoJ-QTPEszOf4FBnKpUz_k.jpg
1on3f6u,2025-11-03T05:17:50,WHO IS NUMBER 12? JAKE LARAVIA,,nick170100,18,1.0,3,False,False,https://reddit.com/r/lakers/comments/1on3f6u/who_is_number_12_jake_laravia/,https://i.redd.it/4nrx5frx7zyf1.jpeg,lakers,APPRECIATION,False,i.redd.it,https://b.thumbs.redditmedia.com/-d94Zjlp1q2tW0JcXhE4PIm9DjVXSmpt9ujny7tPYxU.jpg
1on3equ,2025-11-03T05:17:05,JJ was really good tonight. Shoutout to him,We all saw JJ get really upset at the start of the fourth lol love the passion I thought his rotations were excellent. Giving Bronny that many minutes and it being a positive decision. Opting to take out our only center to close out to go small ball and not give good 3 point looks too. Just a good game from our head coach.,KarrotMovies,41,1.0,7,False,False,https://reddit.com/r/lakers/comments/1on3equ/jj_was_really_good_tonight_shoutout_to_him/,https://i.redd.it/8hn3ovek7zyf1.jpeg,lakers,APPRECIATION,False,i.redd.it,https://b.thumbs.redditmedia.com/RX5FJdTg9E9suXzMyzOPwL8UULpeRsdCI1znW0l-T2Q.jpg
1on3e3m,2025-11-03T05:16:07,"This Team s Flexibility Is Getting Crazy So Many Lineups, So Much Chemistry, and We Still Don t Have Bron Back!","I love how many different lineups we can play. This team is looking flexible beyond belief . Honestly, these early injuries might ve been a blessing in disguise they ve forced everyone to step up, build chemistry, and get familiar with each other faster than expected. It s wild because I had this weird feeling early on that we didn t have enough depth but game by game, it s clear we ve got so many ways to play. And man, the new guys LaRavia, Smart, and Ayton have all been way better than I expected. And we still don t even have BRON BACK yet. The ceiling just keeps getting higher.",Vast_Professional366,15,1.0,7,False,False,https://reddit.com/r/lakers/comments/1on3e3m/this_teams_flexibility_is_getting_crazy_so_many/,https://www.reddit.com/r/lakers/comments/1on3e3m/this_teams_flexibility_is_getting_crazy_so_many/,lakers,,False,self.lakers,self
1on3dgp,2025-11-03T05:15:06,"Luka, Austin, and Jake belike",,Kang_Burger,40,0.95,1,False,False,https://reddit.com/r/lakers/comments/1on3dgp/luka_austin_and_jake_belike/,https://i.redd.it/1l5ztulg7zyf1.jpeg,lakers,MEME,False,i.redd.it,https://b.thumbs.redditmedia.com/W1eKUSctYizFehQVvi9ovNdXqC8F_n5u0CfMv02k_Ao.jpg
1on3dd5,2025-11-03T05:14:57,Nobody asked but I like it here,"I left my abusive ex, the Dallas Mavericks. A Lakers fan now and I like it here. Feels like I should be wearing a beach shirt as I watch the game bc of the city scapes . JJ Reddick has flashes of being a goated coach in the future. Love Marcus Smart from a dallas suburb been watching him forever. Always loved Rui. LaRavia's stock could increase. AR HAS INCREASED. Hayes is making 3s now?!? I think Ayton can only improve too. Still need more paint protection but we all know that. I love being able to watch basketball again without crying or puking. Mavs fans...just leave. No one respects ball in that city anyways lol. Nico not being safe in most areas of north texas is STILL very funny to me. But ah well. Time will heal wounds. Or a Luka revenge tour. Hello new fandom friends from Denton TX",Electronic_Figure132,25,0.9,10,False,False,https://reddit.com/r/lakers/comments/1on3dd5/nobody_asked_but_i_like_it_here/,https://www.reddit.com/r/lakers/comments/1on3dd5/nobody_asked_but_i_like_it_here/,lakers,,False,self.lakers,self
1on3c6x,2025-11-03T05:13:07,Luka s pass to Rui from this angle is just insane,,boybandzzz,70,1.0,9,False,False,https://reddit.com/r/lakers/comments/1on3c6x/lukas_pass_to_rui_from_this_angle_is_just_insane/,https://v.redd.it/vkpp38iv6zyf1,lakers,HIGHLIGHTS,True,v.redd.it,https://external-preview.redd.it/ZjI0eXRwdjM3enlmMYZhBqCwWtdQFRAB_XmdKLvP4SddcwH5cfp0cxithMST.png?width=140&amp;height=140&amp;format=jpg&amp;auto=webp&amp;s=709713e8bdb8e5cb3f840625d8dc57347eb10542
1on3b7k,2025-11-03T05:11:31,"LaRavia last 3 games 21.7 PPG, 7.0 RPG, 2.7 SPG, 78 FG, 66.7 3 PT",,Beautiful-Cress5695,175,1.0,34,False,False,https://reddit.com/r/lakers/comments/1on3b7k/laravia_last_3_games_217_ppg_70_rpg_27_spg_78_fg/,https://i.redd.it/6g09tort6zyf1.jpeg,lakers,,False,i.redd.it,https://b.thumbs.redditmedia.com/RKt2a6ITzLcY2xyzBWWiQS21rDvW56P75d30jxbXNAE.jpg
1on3al6,2025-11-03T05:10:29,Luka Doncic has the most points through 4 games to start a season in Lakers history,He actually got 1 more point after this visual. So he got a total of 165 Points!,King_Vegito_52,57,1.0,4,False,False,https://reddit.com/r/lakers/comments/1on3al6/luka_doncic_has_the_most_points_through_4_games/,https://i.redd.it/ev3kcw1h6zyf1.jpeg,lakers,,False,i.redd.it,https://b.thumbs.redditmedia.com/Nnd5WU1BfUyKsfci2xBNhmkXRWAPH204v4ux9qF6WOE.jpg
1on3ab8,2025-11-03T05:10:04,What an incredible week,"Assuming you're also a Dodgers fan, but even if you aren't it's been a great week for the Lakers regardless Wednesday Austin Reaves game winning buzzer beater vs the Wolves Friday Luka comes back, Lakers with a big comeback in Memphis to start NBA Cup 1 0, Dodgers win to force a Game 7 Saturday Dodgers win the World Series with an unreal Game 7 comeback Sunday Lakers keep the momentum going, beat the Heat at home to start a 3 game win streak Great time to be a fan",JustForTheThrill_24,20,0.92,0,False,False,https://reddit.com/r/lakers/comments/1on3ab8/what_an_incredible_week/,https://www.reddit.com/r/lakers/comments/1on3ab8/what_an_incredible_week/,lakers,,False,self.lakers,self
1on39z8,2025-11-03T05:09:33,Jaxson Hayes tonight,Good game from Jaxson Hayes he stepped up big time in Ayton s absence! He finished the game with 15 points 11 rebounds 1 assist and 2 stocks! he also made his first 3 point attempt this season,Front-Function7789,36,0.97,5,False,False,https://reddit.com/r/lakers/comments/1on39z8/jaxson_hayes_tonight/,https://i.redd.it/kicalk4h6zyf1.jpeg,lakers,MEME,False,i.redd.it,https://b.thumbs.redditmedia.com/JL5b6bXy5nAsOiIN1hTvCY9tacgfZXSktAgeDgrD5fU.jpg
1on37hw,2025-11-03T05:05:34,"Jake LaRavia..25 PTS, 8 REB, 3 AST, 4 STL!",,_MambaForever,670,1.0,66,False,False,https://reddit.com/r/lakers/comments/1on37hw/jake_laravia25_pts_8_reb_3_ast_4_stl/,https://i.redd.it/5cvavvir5zyf1.jpeg,lakers,APPRECIATION,False,i.redd.it,https://b.thumbs.redditmedia.com/II-Cl160Xjady8qbAsr8j-2qD0c2HZT0pVWSAzPoIaw.jpg
1on378k,2025-11-03T05:05:10,12 shown everyone who he really is. This white boy is cold!,"25 points, 8 rebounds, 4 assists while shooting 10 13 49 !",cnrgmbl,69,0.99,3,False,False,https://reddit.com/r/lakers/comments/1on378k/12_shown_everyone_who_he_really_is_this_white_boy/,https://i.redd.it/pzqb4oyj4zyf1.png,lakers,PLAYER TALK,False,i.redd.it,https://a.thumbs.redditmedia.com/FDgzjmyr7NJ8-givmq9w5kkTjam8wtjfnQ_Qqsz9VX0.jpg
1on36ti,2025-11-03T05:04:31,"Post Game Thread NBA The Lakers defeat the Heat on Nov 2, 2025, the final score is 130 120.",This post contains content not supported on old Reddit. Click here to view the full post,basketball-app,333,0.99,270,False,True,https://reddit.com/r/lakers/comments/1on36ti/post_game_thread_nba_the_lakers_defeat_the_heat/,https://www.reddit.com/r/lakers/comments/1on36ti/post_game_thread_nba_the_lakers_defeat_the_heat/,lakers,,False,self.lakers,self
1on36t3,2025-11-03T05:04:30,"Luka Doncic with a triple double against the Heat in a win 29 PTS, 11 REBS, 10 ASTS",,oklolzzzzs,91,1.0,10,False,False,https://reddit.com/r/lakers/comments/1on36t3/luka_doncic_with_a_tripledouble_against_the_heat/,https://i.redd.it/01zdf5cj5zyf1.jpeg,lakers,,False,i.redd.it,https://b.thumbs.redditmedia.com/OgYEf0ExLLOAoXfYDn9S2iY0LDsCl3CMedPlo8GN84g.jpg
1on36gp,2025-11-03T05:03:56,The Lakers are now 5 2 to start the 25 26 season!,,burnedchickennugget6,344,1.0,30,False,False,https://reddit.com/r/lakers/comments/1on36gp/the_lakers_are_now_52_to_start_the_2526_season/,https://i.redd.it/2ogftn1h5zyf1.jpeg,lakers,LAKERS,False,i.redd.it,https://b.thumbs.redditmedia.com/BzMOWRBOMIj-zT66zs2A6NTTiw92luw3JJLZqoty1Ck.jpg
1on35g8,2025-11-03T05:02:23,What it's like having LaRavia after Knecht not living up to expectations,,DudeWTH,47,0.94,3,False,False,https://reddit.com/r/lakers/comments/1on35g8/what_its_like_having_laravia_after_knecht_not/,https://i.redd.it/c3unh5575zyf1.jpeg,lakers,MEME,False,i.redd.it,https://a.thumbs.redditmedia.com/n9SFfd4RNunt6vMG-tT-_srK_SXeUG9nX19GsLN2tu0.jpg
1on4vv9,2025-11-03T06:47:21,Jaka Laravia is really helping out on the boards,"Jake LaRavia has had a really good trio of games, shooting absolutely lights out from the field and also being a great team defender and connector piece play finisher on offense. But let's talk about something more basic he's averaging 7 boards across these three games! As his minutes have increased, he's consistently putting up some excellent rebounding numbers. Because he sort of plays like a guard wing hybrid and can defend down to the 2, we think of him not as a large player, but dude is 6'7 235lbs. With LeBron out, one of my biggest worries was defensive rebounding. Bron obviously gives us a consistent 7 8 boards per night and while Luka and AR can pick up the scoring and playmaking slack, without LeBron there's a large hole in defensive rebounding. LaRavia has filled that really well his hustle on the boards is always noticeable and he has some great hands. I can't really say enough about how well he has played since he settled in. Compared to DFS who gave us good minutes last season, to be clear , he's so much better on offense. He can shoot like DFS but also attack the basket, finish lobs, make layups, and pass. He can create for himself and others. On defense, at least so far, I haven't seen anything that tells me DFS is an obviously better defender. LaRavia has been playing excellent individual AND team defense and is a far better rebounder than DFS.",inightyDAB,8,1.0,3,False,False,https://reddit.com/r/lakers/comments/1on4vv9/jaka_laravia_is_really_helping_out_on_the_boards/,https://www.reddit.com/r/lakers/comments/1on4vv9/jaka_laravia_is_really_helping_out_on_the_boards/,lakers,,False,self.lakers,self
1on4nv1,2025-11-03T06:33:08,Rui Hachimura,Rui still hasn't had a game shooting under 50 from the field this season. He's now shooting 57.7 from the field and 44.8 from the 3 point line.,LonzoBBBall,25,1.0,5,False,False,https://reddit.com/r/lakers/comments/1on4nv1/rui_hachimura/,https://www.reddit.com/r/lakers/comments/1on4nv1/rui_hachimura/,lakers,,False,self.lakers,self
1on4lbe,2025-11-03T06:28:35,Pelinka Haters real quiet these days,"We need Mark Walter to fire Pelinka and replace him with Bob Myers Lebron, AD and Luka fell to our laps and he was just really lucky Pelinka does not know how the salary cap works The silence is loud. I wonder why?",bigbadbernard,9,0.91,3,False,False,https://reddit.com/r/lakers/comments/1on4lbe/pelinka_haters_real_quiet_these_days/,https://www.reddit.com/r/lakers/s/8UGkC8yj3,lakers,TEAM TALK,False,reddit.com,default
1on4jhm,2025-11-03T06:25:18,Why I got scared when Hayes headbutted the rim pads during the 1st quarter after a dunk.,,LukaPropagandist,3,1.0,1,False,False,https://reddit.com/r/lakers/comments/1on4jhm/why_i_got_scared_when_hayes_headbutted_the_rim/,https://www.youtube.com/watch?v=1cfPr-D_4iY,lakers,VIDEO,False,youtube.com,https://external-preview.redd.it/KLVrP2fp4WsGc_9Eop7MUmyGjGnoJ8_Tij-rJA3IusM.jpeg?width=140&amp;height=105&amp;auto=webp&amp;s=fd10e82cc7a88d800c1e56050fc3fce52d347589
1on4hrl,2025-11-03T06:22:10,LUKAAAA?,,Parking-Number1795,15,0.94,2,False,False,https://reddit.com/r/lakers/comments/1on4hrl/lukaaaa/,https://i.redd.it/na7k01hfjzyf1.jpeg,lakers,,False,i.redd.it,https://b.thumbs.redditmedia.com/XY38kUETPqHt4p0La6JjADZZz2EBNWf0qAs0-LLFbIg.jpg
1on4gf0,2025-11-03T06:19:52,"So, what does everyone think about Wiggins now?","During the pre season there were trade proposals to get Wiggins, who be a SF 3 amp D. Wiggins earns 28M yr. Because of salary matching, one proposal suggested Rui 17M , Gabe 11M , and a FRP. After tonight s game, does Wiggins live up to the SF 3 amp D expectations?",l4kerz,6,0.81,11,False,False,https://reddit.com/r/lakers/comments/1on4gf0/so_what_does_everyone_think_about_wiggins_now/,https://www.reddit.com/r/lakers/comments/1on4gf0/so_what_does_everyone_think_about_wiggins_now/,lakers,POST GAME,False,self.lakers,self
1on4ft1,2025-11-03T06:18:50,JJ before the game vs during the game,,goatnxtinline,6,0.8,0,False,False,https://reddit.com/r/lakers/comments/1on4ft1/jj_before_the_game_vs_during_the_game/,https://i.redd.it/fwps18mmizyf1.jpeg,lakers,MEME,False,i.redd.it,https://b.thumbs.redditmedia.com/ihRu5OHS95Y5bu3IOodJLDnVLZWi8tZEI3ttNZ9b_ZQ.jpg
1on4edq,2025-11-03T06:16:17,"Triple double for don today, hope it s just one of manyyy",,Particular-Cloud-599,12,1.0,3,False,False,https://reddit.com/r/lakers/comments/1on4edq/triple_double_for_don_today_hope_its_just_one_of/,https://i.redd.it/0inky7ldizyf1.jpeg,lakers,POST GAME,False,i.redd.it,https://a.thumbs.redditmedia.com/NQJOwnU04qB4iLolvpUFKZ0U3h6yaVMWIe0LCmOLkp0.jpg
1on4dqg,2025-11-03T06:15:12,Me watching Jake LaRavia last 3 games,Min Pts FG 3pt R Ast Stl 35 25 10 13 2 3 8 3 4 23 15 5 8 1 3 5 2 3 37 27 10 11 5 6 8 3 1,Impossible-Taco-769,25,1.0,0,False,False,https://reddit.com/r/lakers/comments/1on4dqg/me_watching_jake_laravia_last_3_games/,https://i.redd.it/jlzoyht6izyf1.jpeg,lakers,MEME,False,i.redd.it,https://b.thumbs.redditmedia.com/I4zg8UttEtU5Md1k_aSJinbhvqKEIHGHxbYIUwtz6lw.jpg
1on4b5a,2025-11-03T06:10:45,What would be the perfect playoff rotation for you this season? Do you think we need upgrades in any position to compete?,"I'm no expert to see what the team is actually missing. I know we are very understaffed at the moment, but I do think this is such a promising team with 3 elite ball handlers, I just wish we got better on the edges maybe another good shooter that can help the second unit or defensive players that are not offensive liabilities in playoff series . We have a few assets and contracts, and who knows what will happen with teams like the Kings and Pels...",OldCardigan,2,0.75,5,False,False,https://reddit.com/r/lakers/comments/1on4b5a/what_would_be_the_perfect_playoff_rotation_for/,https://www.reddit.com/r/lakers/comments/1on4b5a/what_would_be_the_perfect_playoff_rotation_for/,lakers,TRADE DISCUSSION,False,self.lakers,self
1on48je,2025-11-03T06:06:14,Which game do you think will be our first big test?,"Heat are a good team on paper, top 10 on offense and defense. But I don t think they re a contending team in the east. Is it the Spurs or Thunder? Or do you think we re not going to be tested until LeBron is healthy? What do you guys think?",bobbdac7894,4,0.83,13,False,False,https://reddit.com/r/lakers/comments/1on48je/which_game_do_you_think_will_be_our_first_big_test/,https://www.reddit.com/r/lakers/comments/1on48je/which_game_do_you_think_will_be_our_first_big_test/,lakers,,False,self.lakers,self
1on461g,2025-11-03T06:01:58,LakeShow Highlights Appreciation Post amp See you later,"Shout out to LakeShow Highlights on YouTube as he will be pausing his Laker postgame highlights channel to join the US Military. Please show him support over these last few games he will be covering until, hopefully, sometime next year.",no_crust_buster,47,0.94,8,False,False,https://reddit.com/r/lakers/comments/1on461g/lakeshow_highlights_appreciation_post_see_you/,https://i.redd.it/9ltz9o0tfzyf1.jpeg,lakers,Highlights,False,i.redd.it,https://b.thumbs.redditmedia.com/t3EsTkn9Y3OM8U9mlzYSPmTJKS5Ms2Vbzg_c1zJL_Rs.jpg
1on45ei,2025-11-03T06:01:02,Nuff said,,SentenceSingle7069,55,1.0,1,False,False,https://reddit.com/r/lakers/comments/1on45ei/nuff_said/,https://i.redd.it/1im3h7nnfzyf1.jpeg,lakers,PLAYER TALK,False,i.redd.it,https://a.thumbs.redditmedia.com/sRaJvpjRV8GuDhVdBFgSE76aq-Eb8yaVpVpgsGKjZE0.jpg
1on5gqy,2025-11-03T07:24:31,Father and Son,"Bron and Bronny are seated on the bench watching the game unfold. Bronny I dunno pops, this game is tight. I don't think JJ is gonna give me any run. Bron Look son, it's easy, see that guy out there? Bron points to the Heat point guard. That's all you have to do. Be physical on defense, hustle, move the ball. I know you can do that. Bronny What are you talking about? Bronny shakes his head. All this time you've been telling me to play like Mitchell. I try but JJ always pulls me out and the fans talk a bunch of shit. Bron What? That is Mitchell! Bron points to his jersey. See Mitchell. Davion Mitchell. Bronny Shit pops, that's easy. I thought you were talking about Donovan. PS. Got this idea from Gil's arena...wish I'd thought of it.",3nnui,0,0.3,2,False,False,https://reddit.com/r/lakers/comments/1on5gqy/father_and_son/,https://www.reddit.com/r/lakers/comments/1on5gqy/father_and_son/,lakers,KING JAMES,False,self.lakers,self
1on5c0f,2025-11-03T07:16:00,Who is number 12? Laker s tiktok,,Beautiful-Cress5695,21,1.0,6,False,False,https://reddit.com/r/lakers/comments/1on5c0f/who_is_number_12_lakers_tiktok/,https://v.redd.it/84oopn81tzyf1,lakers,,True,v.redd.it,https://external-preview.redd.it/YzFlejNnNjF0enlmMWYMeoLjmJXOizMn18T_UlTITnD6BvmtJNhU0ZFjH3Sf.png?width=140&amp;height=140&amp;format=jpg&amp;auto=webp&amp;s=0037491bed36e8ca5048b8d78a13c296391de29e
1on6aea,2025-11-03T08:20:05,Lmao if adou pans out,"Lobs, defence, hustle, dunks, highlights. Things gonna look absolutely amazing if adou pans out. And If the three point shot is atleast manageable. Oh my god! This what if scenario I can't even imagine.",No-Needleworker-4260,2,1.0,0,False,False,https://reddit.com/r/lakers/comments/1on6aea/lmao_if_adou_pans_out/,https://www.reddit.com/r/lakers/comments/1on6aea/lmao_if_adou_pans_out/,lakers,PLAYER TALK,False,self.lakers,self
1on6k86,2025-11-03T08:38:25,I LOVE THIS TEAM,"This team is so fun to watch. And good to. So many injuries and we play so well. Lebron out, luka and reave have off games scoring the ball yet we have our highest point total half of the season at 77, finish the game with efficient offensive stats and win a game against a team who has been playing really well so far. This many injuries yet we are 5 2 and in the 3rd seed. Just imagine what happens when the worst minutes from players will be replaced by lebron james minutes. Damn",Financial-Monk9400,5,1.0,1,False,False,https://reddit.com/r/lakers/comments/1on6k86/i_love_this_team/,https://www.reddit.com/r/lakers/comments/1on6k86/i_love_this_team/,lakers,,False,self.lakers,self
1on6itq,2025-11-03T08:35:41,Why does he look taller than 6 7,,CryptoNite90,4,1.0,1,False,False,https://reddit.com/r/lakers/comments/1on6itq/why_does_he_look_taller_than_67/,https://streamable.com/z758eo,lakers,HIGHLIGHTS,False,streamable.com,https://external-preview.redd.it/Tjt8i8LZVsRSiw5e_VtWKVNp16QkdZdJQWX3lkskvkc.jpeg?width=140&amp;height=78&amp;auto=webp&amp;s=8fd0730f87b7389220784c17342c65fb2c32c896
1on7hcz,2025-11-03T09:39:28,"Rui Hachimura against the Heat 15 pts, 6 reb, 60 from 3",,incredibleamadeuscho,11,1.0,0,False,False,https://reddit.com/r/lakers/comments/1on7hcz/rui_hachimura_against_the_heat_15_pts_6_reb_60/,https://i.redd.it/z8zpcpomi0zf1.jpeg,lakers,,False,i.redd.it,https://a.thumbs.redditmedia.com/_sWMCd8LyewDeDlf9CkLo4-0M5XJI8v4J76yiIsh498.jpg
1on79br,2025-11-03T09:24:43,"Rob Pelinka, I was unfamiliar with your game.",,The_Chozen_1_,14,1.0,4,False,False,https://reddit.com/r/lakers/comments/1on79br/rob_pelinka_i_was_unfamiliar_with_your_game/,https://i.redd.it/ot2i87vuf0zf1.jpeg,lakers,,False,i.redd.it,https://b.thumbs.redditmedia.com/PQETt9ex0XoI4zOlSK1_Q0-alk6JTj1WDD9G1AADk-g.jpg
1on7875,2025-11-03T09:22:31,AR's pass to Hayes 3 pointer,Having a debate with a homie... do ya'll think AR made a pinpoint dime to hayes or was it an errant pass broken play? Kinda trivial but curious as to what u guys think lol..,realbredd,2,1.0,1,False,False,https://reddit.com/r/lakers/comments/1on7875/ars_pass_to_hayes_3_pointer/,https://www.reddit.com/r/lakers/comments/1on7875/ars_pass_to_hayes_3_pointer/,lakers,,False,self.lakers,self
1on70a2,2025-11-03T09:07:49,"Since Lakeshow Highlights on YouTube is leaving, here s our boy Lakers Gametime TV coming clutch for us","Show him some love ya ll. It is unfortunate we ll be losing Lakeshow Highlights on YouTube for the time being, and we thank him for his service these past several years. At least there will always be Lakers fans posting team highlights on YouTube.",omnipresent29,13,1.0,4,False,False,https://reddit.com/r/lakers/comments/1on70a2/since_lakeshow_highlights_on_youtube_is_leaving/,https://i.redd.it/cbx6flgzc0zf1.jpeg,lakers,SOCIAL MEDIA,False,i.redd.it,https://b.thumbs.redditmedia.com/POIxQm3MZd5_XhecQ621mlhNxPuVvhvl7gxx1JmmvWI.jpg
1on8pmr,2025-11-03T10:56:20,4 months ago after signing Number 12 lol,,Top-Entertainment945,3,1.0,1,False,False,https://reddit.com/r/lakers/comments/1on8pmr/4_months_ago_after_signing_number_12_lol/,https://i.redd.it/0jua6pecw0zf1.jpeg,lakers,,False,i.redd.it,https://b.thumbs.redditmedia.com/CEh3l1teoKIiYyup8H8gjCEOXkG0YhTzluC_GpOyw5o.jpg
1on8cfc,2025-11-03T10:33:42,Perfectly Synced,,Lionsault83,3,0.8,1,False,False,https://reddit.com/r/lakers/comments/1on8cfc/perfectly_synced/,https://i.redd.it/wblag0yas0zf1.jpeg,lakers,,False,i.redd.it,https://a.thumbs.redditmedia.com/WNqGLHBZ7Bj2LgcUP-6dWUrCt2wB6njDUmzsqXV7hm0.jpg
1on8c74,2025-11-03T10:33:15,Highlight Jake LaRavia goes for 25 8 3 with 4 steals ties career high on 10 13 FG,,Chemical-Glass-5841,9,1.0,0,False,False,https://reddit.com/r/lakers/comments/1on8c74/highlight_jake_laravia_goes_for_2583_with_4/,https://streamable.com/8wz3zx,lakers,,False,streamable.com,https://external-preview.redd.it/vyGfrU7oay_IXkJZ022GaglaIHyGjEmsm6tJBYQH8SM.jpeg?width=140&amp;height=78&amp;auto=webp&amp;s=0da10c6c5579896e66b6d1b9e4921e35cb29fc39
1on8bt9,2025-11-03T10:32:33,Highlight Luka Don i posts 29 11 10 with 3 steals and 14 in 38 minutes,,Chemical-Glass-5841,5,1.0,0,False,False,https://reddit.com/r/lakers/comments/1on8bt9/highlight_luka_dončić_posts_291110_with_3_steals/,https://streamable.com/40vj46,lakers,,False,streamable.com,https://external-preview.redd.it/sjVhv1172bGGm7vNFPs5BKjIZN3KbTKqe_IQbqnxdVo.jpeg?width=140&amp;height=78&amp;auto=webp&amp;s=99ea09619c62adb0f06d89be6a3c2ccc33684b93
1on9xl6,2025-11-03T12:04:07,When Smart makes a mistake vs when Jaxson messes up,,SCSA4life24,2,1.0,0,False,False,https://reddit.com/r/lakers/comments/1on9xl6/when_smart_makes_a_mistake_vs_when_jaxson_messes/,https://i.redd.it/e6q0pdpf81zf1.jpeg,lakers,MEME,False,i.redd.it,https://b.thumbs.redditmedia.com/T-pxhjd7kOdLSjik2sS-NTGRdUhltYC4obJoz5-9WDw.jpg
1on9bmv,2025-11-03T11:31:43,That's my GM,,Enough_Cat3933,18,0.91,0,False,False,https://reddit.com/r/lakers/comments/1on9bmv/thats_my_gm/,https://i.redd.it/sa6sjbpn21zf1.jpeg,lakers,,False,i.redd.it,https://b.thumbs.redditmedia.com/zHHo5t6aOgCcDGXlKRzXMCZtpSmbxKDKrPI_24IlIDM.jpg
1on9anr,2025-11-03T11:30:10,Cap question will the Lakers have the full non taxpayer MLE next season?,"Assuming the Lakers use their cap space, and then sign Reaves over the cap with Bird rights, what kind of exceptions will they have to help fill out the roster? I'm assuming since they'll end up being over the cap 166 but likely below the tax line 200 , that should give them the non taxpayer MLE 14 , but I'm fuzzy on what's the effect, if any, when you sign players into cap space, and then go over using Bird rights. Obviously, it would make a very big difference to have that exception to sign some role player s ...",Mal_Swansky,3,1.0,0,False,False,https://reddit.com/r/lakers/comments/1on9anr/cap_question_will_the_lakers_have_the_full/,https://www.reddit.com/r/lakers/comments/1on9anr/cap_question_will_the_lakers_have_the_full/,lakers,QUESTION,False,self.lakers,self
1on911a,2025-11-03T11:14:52,"Baby, I believe in you Austin whispers to Luka right before he bricked the free throw",,Kang_Burger,11,1.0,1,False,False,https://reddit.com/r/lakers/comments/1on911a/baby_i_believe_in_you_austin_whispers_to_luka/,https://v.redd.it/ksn0bbfmz0zf1,lakers,MEME,True,v.redd.it,https://external-preview.redd.it/OGlwYXE5Zm16MHpmMWxp6tWp6hsH8RZyG6WLKz6nP4NGXJZJataONJDYXSt2.png?width=140&amp;height=78&amp;format=jpg&amp;auto=webp&amp;s=c775156385c9c220bb0628047a193d4c558eac7e
1onabiq,2025-11-03T12:24:00,Rui whatever for Wiggins some depth would make us title favourites imo,"If we re able to move our expirings Kleber gabe Rui vando for a backup c some 2 way wings Wiggins we become title favourites imo. Rui defensively causes so many breakdowns imagine having someone like Wiggins who can be elite on both ends at times. A lineup of Luka, reaves, Wiggins, lebron, Ayton. Then smart, LaRavia, thybulle ? , Jaxon hayes, fill in more players.",OrganicHunt952,0,0.07,10,False,False,https://reddit.com/r/lakers/comments/1onabiq/rui_whatever_for_wiggins_some_depth_would_make_us/,https://www.reddit.com/r/lakers/comments/1onabiq/rui_whatever_for_wiggins_some_depth_would_make_us/,lakers,,False,self.lakers,self
1onc000,2025-11-03T13:39:16,HAPPY 24th BIRTHDAY JAKE LARAVIA!,,Kang_Burger,23,1.0,3,False,False,https://reddit.com/r/lakers/comments/1onc000/happy_24th_birthday_jake_laravia/,https://i.redd.it/6d2wtolep1zf1.jpeg,lakers,PLAYER TALK,False,i.redd.it,https://a.thumbs.redditmedia.com/ASCswFgigMMBB6ZVqZv_JjAGnmxj9ROJGXv_etR3Dz0.jpg
1onblby,2025-11-03T13:21:46,Jake LaRavia s Shot Chart Last 3 Games,,ay_pf,9,1.0,0,False,False,https://reddit.com/r/lakers/comments/1onblby/jake_laravias_shot_chart_last_3_games/,https://i.redd.it/1ry2r1ham1zf1.jpeg,lakers,STATS / ANALYTICS,False,i.redd.it,https://a.thumbs.redditmedia.com/yAvGDQsIU_YAgYgs7TfziEVuPQoRqztdCREbk3Zwto8.jpg
1ondq7r,2025-11-03T14:49:44,What a game from Tres Leche!,,cacastrojr12,14,1.0,1,False,False,https://reddit.com/r/lakers/comments/1ondq7r/what_a_game_from_tres_leche/,https://i.redd.it/3108tthz12zf1.jpeg,lakers,APPRECIATION,False,i.redd.it,https://b.thumbs.redditmedia.com/fE4-AIvLfVNTQ3TRI_QVGEsUo3cGu2FljxnreeGlZwc.jpg
1oncyui,2025-11-03T14:19:22,Lakers are FUN!!!,"All offseason long I ve been screaming from the mountaintops that Lakers will win their 18th title to tie those Boston hoes! And after these consistent wins and having an unlimited amount of good LakeSnow players in Luka, Austin Reaves and now Jake LaRavia Jake the Make. I know Lakers will be back in the NBA Finals! Marcus Smart is a dawg and he s out there battling and spiking shit! DeAndre Ayton been doing the damn thing as well! I do think we need another trade for another defender tho! But we shall see if Rob Pelinka gets to it! LeBron still ain t even play a single game and Lakers still constantly winning games! PSA Austin is the first NBA player to throw a lob to both a father and son duo btw! As always GO Lakers!!!",silosara,13,0.93,0,False,False,https://reddit.com/r/lakers/comments/1oncyui/lakers_are_fun/,https://www.reddit.com/r/lakers/comments/1oncyui/lakers_are_fun/,lakers,TEAM TALK,False,self.lakers,self
1onctvg,2025-11-03T14:13:37,"Don averages 31 8 8 against trailblazers, hoping to see a 42 13 13 tonight!",,Particular-Cloud-599,12,1.0,3,False,False,https://reddit.com/r/lakers/comments/1onctvg/don_averages_31_8_8_against_trailblazers_hoping/,https://i.redd.it/3ng9mugjv1zf1.jpeg,lakers,PLAYER TALK,False,i.redd.it,https://b.thumbs.redditmedia.com/er1pF7jEEvAn9nwPSC31LgDY9HoexUF1dSsVoeQIUFk.jpg
1oncntr,2025-11-03T14:06:41,Bromance,,Nykeeo,21,1.0,0,False,False,https://reddit.com/r/lakers/comments/1oncntr/bromance/,https://v.redd.it/pd2rmfqau1zf1,lakers,,True,v.redd.it,https://external-preview.redd.it/aTB5ZjFuamF1MXpmMW2Z4a86z4nU3rLvxTUZcgxSo8i9s8rFIo-wXhczfG-t.png?width=140&amp;height=140&amp;format=jpg&amp;auto=webp&amp;s=aca2837aa2a71529ad2d2246834c39ef23b3caf9
1onfey1,2025-11-03T15:53:37,Lakers got a DAWG,,ShowTimesFinest,5,1.0,0,False,False,https://reddit.com/r/lakers/comments/1onfey1/lakers_got_a_dawg/,https://i.redd.it/qjltjtrdd2zf1.jpeg,lakers,PICTURE,False,i.redd.it,https://b.thumbs.redditmedia.com/6rEkmBWtGksChyAhm6SwYbdLQVsYXDp95EYW86HoQzs.jpg
1onf8xn,2025-11-03T15:47:29,How to watch lakers games on TV in Los Angeles?,I bought league pass but the lakers games are blacked out. Kinda pissed off really want to watch the lakers. How are you guys watching in LA?,missymoozers,1,1.0,2,False,False,https://reddit.com/r/lakers/comments/1onf8xn/how_to_watch_lakers_games_on_tv_in_los_angeles/,https://www.reddit.com/r/lakers/comments/1onf8xn/how_to_watch_lakers_games_on_tv_in_los_angeles/,lakers,,False,self.lakers,self
1one1o2,2025-11-03T15:01:43,Daily Lakers Discussion Thread,Lakers season is back! Talk about whatever you want.,AutoModerator,2,1.0,11,False,True,https://reddit.com/r/lakers/comments/1one1o2/daily_lakers_discussion_thread/,https://www.reddit.com/r/lakers/comments/1one1o2/daily_lakers_discussion_thread/,lakers,,False,self.lakers,self
1ongvdy,2025-11-03T16:46:56,Never forget,,RealPunyParker,7,1.0,2,False,False,https://reddit.com/r/lakers/comments/1ongvdy/never_forget/,https://i.redd.it/e5266qnum2zf1.png,lakers,MEME,False,i.redd.it,https://b.thumbs.redditmedia.com/tZgqN0VPWR4NwLVqCIVi_wnodtmyJ5GQ46n0dqQh1PY.jpg
1ongnnk,2025-11-03T16:39:20,Wasn t really impressed much by Andrew Wiggins,"Especially since Miami is demanding Dalton Knecht, Rui Hachimura, and a future first round pick or two in an Andrew Wiggins trade with the Lakers. Thoughts?",Front-Function7789,14,0.94,12,False,False,https://reddit.com/r/lakers/comments/1ongnnk/wasnt_really_impressed_much_by_andrew_wiggins/,https://i.redd.it/neff0z9jl2zf1.jpeg,lakers,TRADE DISCUSSION,False,i.redd.it,https://b.thumbs.redditmedia.com/FzguBVw7NY4wOceBJ0C9xRT4hy6hBIMg643AHxgLzYs.jpg
1ongjho,2025-11-03T16:35:04,"Highlight Bronny James posts 2 PTS, 2 AST, 3 STL in 18 minutes",,Chemical-Glass-5841,4,0.75,1,False,False,https://reddit.com/r/lakers/comments/1ongjho/highlight_bronny_james_posts_2_pts_2_ast_3_stl_in/,https://streamable.com/t6nn12,lakers,,False,streamable.com,https://external-preview.redd.it/HnpnDA5dJ0ZETqbZ1PbhFvySsKQQiV1-dGdBesk2EmY.jpeg?width=140&amp;height=78&amp;auto=webp&amp;s=2607d9df621ffc1e617915a6e2ee1e0599b5ed7c
1ongi8z,2025-11-03T16:33:48,The next Mind the Game episode features Steph Curry,"It's so funny to me how much Steph stans hate Bron and Bron stans hate Steph, while in reality they're good friends. I've always liked Steph and I've never really had any issues with the Warriors, it's their fans that have always bothered me. Will DEFINITELY be tuning into this one!",waccedoutfurbies,6,1.0,1,False,False,https://reddit.com/r/lakers/comments/1ongi8z/the_next_mind_the_game_episode_features_steph/,https://www.reddit.com/r/lakers/comments/1ongi8z/the_next_mind_the_game_episode_features_steph/,lakers,PODCAST,False,self.lakers,self
1ongdg8,2025-11-03T16:28:47,"Luka Doncic is averaging more PPG than Anthony Davis, Cooper Flagg and Klay Thompson COMBINED",,Revolutionary_Web145,5,0.78,1,False,False,https://reddit.com/r/lakers/comments/1ongdg8/luka_doncic_is_averaging_more_ppg_than_anthony/,https://i.redd.it/li1z0s4mj2zf1.png,lakers,SOCIAL MEDIA,False,i.redd.it,https://b.thumbs.redditmedia.com/Y0621bIQpa6kTkbRN3tZYYgvVVpVp7RXIgKKunDEiWg.jpg
1onftx3,2025-11-03T16:08:52,Austin Reaves Currently Leads The Entire NBA In Assists!,Most Assists In The 2025 26 NBA Regular Season 1. Austin Reaves 65 2. Cade Cunningham 59 2. LaMelo Ball 59 4. Nikola Jokic 54 4. Tyrese Maxey 54 6. Kyshawn George 53 7. Devin Booker 52 7. Josh Giddey 52 7. Jrue Holiday 52 10. James Harden 46,Stat-Defender,109,1.0,17,False,False,https://reddit.com/r/lakers/comments/1onftx3/austin_reaves_currently_leads_the_entire_nba_in/,https://i.redd.it/eyubmbp3g2zf1.jpeg,lakers,,False,i.redd.it,https://b.thumbs.redditmedia.com/bG9xEOxSxORU7SRMgGbc7OjNpM-zBusqUlUUh10K_tc.jpg
1oni3l8,2025-11-03T17:31:18,We really are lucky,,oat38,37,1.0,10,False,False,https://reddit.com/r/lakers/comments/1oni3l8/we_really_are_lucky/,https://i.redd.it/pfgwstzsu2zf1.jpeg,lakers,APPRECIATION,False,i.redd.it,https://b.thumbs.redditmedia.com/0Pt6WD3W402cBVavLcqBRnMZRPQqvYZXOKSgYLHrVUc.jpg
1onhtyz,2025-11-03T17:21:43,Way too early We are title contenders.,"Team looks good. I think we can improve the roster. Knecht, Gabe and Vando should be on the chopping block to get us playoff ready. Who what do we need my living room GMs? Love all those guys btw and Vando would hurt the worst to see leave but he s a very one sided player and small for the teams we see in the playoffs.",surfynugget,0,0.44,10,False,False,https://reddit.com/r/lakers/comments/1onhtyz/way_too_early_we_are_title_contenders/,https://www.reddit.com/r/lakers/comments/1onhtyz/way_too_early_we_are_title_contenders/,lakers,TEAM TALK,False,self.lakers,self
1onhgvt,2025-11-03T17:08:23,NBA Power Rankings Week 3 Your Lakers at 3 in the league!,,CryptoNite90,16,0.94,7,False,False,https://reddit.com/r/lakers/comments/1onhgvt/nba_power_rankings_week_3_your_lakers_at_3_in_the/,https://i.redd.it/fp1zzk1qq2zf1.jpeg,lakers,TEAM TALK,False,i.redd.it,https://b.thumbs.redditmedia.com/4oQAwf3x_54Qe_Xb2wY3VE08U-Bxtjv3WX1Toa8dK9c.jpg
1onkgi7,2025-11-03T18:55:01,Team Current Standpoint,"I would just like to make a couple of points about our team and I truly have high hopes for us this season 1. Trading for Andrew Wiggins is not worth it at all. The proposed trade package is Rui, Knecht, whatever filler and the FRP. First of all, Rui is the perfect player for our team. He sits in the corner and shoots 40 from three, he is an athletic finisher, has an excellent midrange game to beat the 2 3 zone, and HIS CHEMISTRY with everyone including Bron and Luka is out of this world. A lot of yall are forgetting he worked out an entire offseason with LeBron and they are much closer than you think. 2. We cannot just be throwing trades around without seeing the team with Lebron back. We are currently 5 2 and missing a Top 10 NBA player who can drop 25 6 6 without a single thought. Also, he is an excellent passer and has amazing chemistry with our team. He has shown that he wants to be off ball and doing so lets him focus more on defense. WE HAVE THE GREATEST SWISS ARMY KNIFE JOINING OUR TEAM IN 2 3 WEEKS. 3. Our main core is all players on Luka's Timeline except for Bron and Smart. We are developing our chemistry and to throw this all away for declining players is not worth it. Maybe it would have made sense when we had AD because our contending window was not as large. However, with Luka we are always going to be in contention and we cannot just disregard the chemistry of our team for short term players",Key-Opposite-1896,2,1.0,0,False,False,https://reddit.com/r/lakers/comments/1onkgi7/team_current_standpoint/,https://www.reddit.com/r/lakers/comments/1onkgi7/team_current_standpoint/,lakers,,False,self.lakers,self
1onjws5,2025-11-03T18:35:03,First One to Lob to Both Father and Son Austin Reaves,,Fit_Engineer9548,8,1.0,0,False,False,https://reddit.com/r/lakers/comments/1onjws5/first_one_to_lob_to_both_father_and_son_austin/,https://v.redd.it/8xveii9563zf1,lakers,HIGHLIGHTS,True,v.redd.it,https://external-preview.redd.it/ZWRyNXlpOTU2M3pmMe_CRzX3VlFNkSrfGZFktyp2_YrOANcLO5IbvKO6blj1.png?width=140&amp;height=78&amp;format=jpg&amp;auto=webp&amp;s=fd86572806a1046613de252373b3f587443e15e6
1onnotm,2025-11-03T20:53:55,Has it looked like Jaxon Hayes bulked up over the season?,I notice he just looks way bigger. He's not skinny looking anymore. I dunno if im tripping or not though. He's also just using his size very well compared to last season so far.,Flat-Willingness8831,2,1.0,1,False,False,https://reddit.com/r/lakers/comments/1onnotm/has_it_looked_like_jaxon_hayes_bulked_up_over_the/,https://www.reddit.com/r/lakers/comments/1onnotm/has_it_looked_like_jaxon_hayes_bulked_up_over_the/,lakers,PLAYER TALK,False,self.lakers,self
1onnmpq,2025-11-03T20:51:49,Jake LaRavia is 6 months younger than Dalton Knecht. He has quite a bit of upside.,"Knecht was a very old rookie. But its still easy to forget how young LaRavia is. He had limited playing time in his previous seasons too. Some more run is only going to help him grow. And I'm not trying to hate on Knecht, his defense seems to have improved. Hopefully his shotmaking comes back.",CutLonzosHair2017,8,1.0,1,False,False,https://reddit.com/r/lakers/comments/1onnmpq/jake_laravia_is_6_months_younger_than_dalton/,https://www.reddit.com/r/lakers/comments/1onnmpq/jake_laravia_is_6_months_younger_than_dalton/,lakers,,False,self.lakers,self
1onnb54,2025-11-03T20:39:52,Rui needs to come off the bench,"for Marcus Smart. Smart Reaves Luka LeBron Ayton defensively, you stick Smart on their best guard wing, stick Luka on their non scoring wing, Reaves on their other non scoring guard With LaRavia giving us 12 15 along with Rui giving us another 12 15 , thats our scoring off the bench. Vincent LaRavia Vando Hachimura Hayes Hachimura would be that second lineup goto",xreddawgx,0,0.25,12,False,False,https://reddit.com/r/lakers/comments/1onnb54/rui_needs_to_come_off_the_bench/,https://www.reddit.com/r/lakers/comments/1onnb54/rui_needs_to_come_off_the_bench/,lakers,,False,self.lakers,self
1onpcnl,2025-11-03T21:56:08,Woike Reaves played through groin injury against Heat,"This is making more sense, I m just hoping it s noting serious for Reaves since injuries have alr been so bad for us this season. Hopefully we ll have him available for Spurs.",stan_dreamcatcher,1,1.0,2,False,False,https://reddit.com/r/lakers/comments/1onpcnl/woike_reaves_played_through_groin_injury_against/,https://i.redd.it/qrquas7264zf1.jpeg,lakers,NEWS,False,i.redd.it,https://b.thumbs.redditmedia.com/R_TdYHzSp5BFs8V466-NCwPi4zJfJiSTSlii2v20YvE.jpg
1onoemd,2025-11-03T21:20:08,"With Luka and Austin out, we have only one guy to rely on... the birthday boy.",,Few_Prune_1436,53,0.99,13,False,False,https://reddit.com/r/lakers/comments/1onoemd/with_luka_and_austin_out_we_have_only_one_guy_to/,https://i.redd.it/zugcrpchz3zf1.jpeg,lakers,,False,i.redd.it,https://b.thumbs.redditmedia.com/X9uaV-vMo0ploMLPYpUeDRAGWlJWc_lI6koZlH-Ju4U.jpg
1onoear,2025-11-03T21:19:49,"Fastbreak Breakfast The Memphis Grizzlies used 5 first round picks on Jake LaRavia and Marcus Smart, in the last week those 2 combined for 88 points 34 49 fgs, 69.3 , 27 rebounds, 15 assists, 12 steals, 12 3s for the lakers 3 0",,WayAdministrative679,14,1.0,2,False,False,https://reddit.com/r/lakers/comments/1onoear/fastbreak_breakfast_the_memphis_grizzlies_used_5/,https://i.redd.it/z840lhczy3zf1.png,lakers,TEAM TALK,False,i.redd.it,https://a.thumbs.redditmedia.com/b6Cj6xGSE5BGrsZVswIoqCJQEhp-Z8-ev6BH0kqZDL8.jpg
1ono8h3,2025-11-03T21:13:59,McMenamin Austin Reaves is also out tonight.,,daftmunt,25,0.96,61,False,False,https://reddit.com/r/lakers/comments/1ono8h3/mcmenamin_austin_reaves_is_also_out_tonight/,https://i.redd.it/1inbqrajy3zf1.jpeg,lakers,,False,i.redd.it,https://b.thumbs.redditmedia.com/Xw835u1jrKuxkwtVV1Nf8qAq3CquGA6FcRA_jHhQLlA.jpg
1ono7pd,2025-11-03T21:13:11,Luka and Austin out for today,,Beautiful-Cress5695,129,0.97,96,False,False,https://reddit.com/r/lakers/comments/1ono7pd/luka_and_austin_out_for_today/,https://i.redd.it/szv02daey3zf1.jpeg,lakers,,False,i.redd.it,https://b.thumbs.redditmedia.com/T_ocQVJhgthIgXkxQIvPyK9HErEnEvYDRH-_klplsEI.jpg
1ono7nk,2025-11-03T21:13:08,"McMenamin Luka Doncic is out tonight in Portland, per the Lakers.",,daftmunt,3,1.0,2,False,False,https://reddit.com/r/lakers/comments/1ono7nk/mcmenamin_luka_doncic_is_out_tonight_in_portland/,https://i.redd.it/3ypxk5wdy3zf1.jpeg,lakers,,False,i.redd.it,https://a.thumbs.redditmedia.com/QDRBxJXBwikjQk8AN8z4O7puoFBVW__yVTECAzbsyz0.jpg
1onqno0,2025-11-03T22:47:20,Terrible Audio,"Im watching games on Prime via nba league pass and the sound volume keeps jumping. I can hardly hear the announcer and I often hear the sound of the stadium way too loudly. Is this a new thing they are trying to promote, ie an in stadium experience? Either way it is garbage!!! Any recs on how to watch or if this is a fixable issue?",TayDiggler,1,1.0,1,False,False,https://reddit.com/r/lakers/comments/1onqno0/terrible_audio/,https://www.reddit.com/r/lakers/comments/1onqno0/terrible_audio/,lakers,,False,self.lakers,self
1onq2bt,2025-11-03T22:23:35,Doncic and Reaves both out tonight against Portland?,"Tonight s game against Portland will be absent Luka, Austin, LeBron, and Ayton is still questionable. Any chance at all they pull this out tonight? Luka is reported to have left lower leg pain still, and Reaves right groin soreness. Portland was already going to be a tight match. Can the remaining team pull a Hail Mary?",3facesofBre,7,0.89,24,False,False,https://reddit.com/r/lakers/comments/1onq2bt/doncic_and_reaves_both_out_tonight_against/,https://www.espn.com/nba/story/_/id/46836470/lakers-rule-luka-doncic-austin-reaves-vs-trail-blazers,lakers,GAME,False,espn.com,https://external-preview.redd.it/wF-EUto9zoyFILQAeqiqpphz-06wgGrfDU2JCEj2k0Y.jpeg?width=140&amp;height=78&amp;auto=webp&amp;s=f212fce34fea345be35f8e36e85ffa14ce740232
1ons6n1,2025-11-03T23:49:47,"16 18 year old Real Madrid Luka Doncic, sometimes i wonder how didnt he get to be 1 pick on the draft after people seing this...",,Actual_Box7731,15,0.94,7,False,False,https://reddit.com/r/lakers/comments/1ons6n1/1618_year_old_real_madrid_luka_doncic_sometimes_i/,https://v.redd.it/y75k49qap4zf1,lakers,VIDEO,True,v.redd.it,https://external-preview.redd.it/YjFhOXpjcWFwNHpmMZgCHo17n8bC7MUDq-fG48Qv7iQsSMkKbHSNRx1CWMbm.png?width=140&amp;height=140&amp;format=jpg&amp;auto=webp&amp;s=266c5d435f4e904e36a7f8cad4fca2d0834d7380
1onr536,2025-11-03T23:06:07,12 s night tonight!,,dtm1689,23,1.0,1,False,False,https://reddit.com/r/lakers/comments/1onr536/12s_night_tonight/,https://i.redd.it/8v9dztmji4zf1.jpeg,lakers,,False,i.redd.it,https://b.thumbs.redditmedia.com/swsyYNWiZoGsro8ZbUObZJTtoOHIf6ai7EvbWJ3_Hzw.jpg
1onszcw,2025-11-04T00:23:54,Kobe would never,"I don t think a lot of people realize that Kobe suffered a career altering injury that is more often than not attributed to overuse. Maybe the fact that we are resting our star players is to prevent such injuries from occurring? I don t know, maybe it s not best practice to overwork your superstar to the brink and have them get injured in the process. Just a thought. Would love to hear other opinions, although I m sure that I m going to get downloaded into oblivion. Sincerely, Someone who has torn their Achilles",itsjacksonkollar,14,0.68,26,False,False,https://reddit.com/r/lakers/comments/1onszcw/kobe_would_never/,https://www.reddit.com/r/lakers/comments/1onszcw/kobe_would_never/,lakers,,False,self.lakers,self
1onuube,2025-11-04T01:47:32,Welcome to the new show in the city! Snowtime Lakers!,"Forget about the Showtime Lakers cause we have a new crew in the city. Welcome to the Snowtime Lakers that is featuring our Tres Leches coldest white boys in town! Season averages for the Snowtime Lakers Luka Doncic 41.3 points, 11.5 rebounds, 8.3 assists in 54.5 FG Austin Reaves 31.1 points, 5.1 rebounds, 9.3 assists in 44.8 FG Jake Who is 12 Laravia 12.9 points, 5.1 rebounds, 2.1 assists in 60 FG I'll add Knecht once he gets back to his groove and start draining his three pointers! Exciting times ahead!",cnrgmbl,2,0.67,0,False,False,https://reddit.com/r/lakers/comments/1onuube/welcome_to_the_new_show_in_the_city_snowtime/,https://i.redd.it/h8tf1kv595zf1.png,lakers,APPRECIATION,False,i.redd.it,https://b.thumbs.redditmedia.com/44z9PH35iJWdodAf4fwjd8HYDS1Tboq2-RDhhw733Ww.jpg
1onusiu,2025-11-04T01:45:20,Mood today,,LisannalGaib,11,1.0,1,False,False,https://reddit.com/r/lakers/comments/1onusiu/mood_today/,https://i.redd.it/hgbi72aya5zf1.jpeg,lakers,MEME,False,i.redd.it,https://b.thumbs.redditmedia.com/TvJoC46MQvEDNzQ1-4EpeodsFD3WeEtlB9_WF--ULzU.jpg
1onu6dj,2025-11-04T01:16:52,Hi. Lukas first season with Dirk at the Mavs is what made me a huge fan of the NBA and when I got invested. I told myself I'd always follow Luka if he were to get traded.,I celebrated that Mavs run to the finals in 2024 and they'll always have a special place in my heart. But the fact is Lukas style amp personality meant everything to me. So I'm also a Lakers fan now. I don't think there should be anything wrong with that. His 73 point game. That game 7 vs Suns. The 60 point game where he caught rim in the improbably comeback vs the Knicks. That shot over Rudy to win the series vs TWolves. So many great memories. Hopefully he can finally get that MVP he deserved in 2024! I bought myself a Luka LA 77 Jersey but I'll still wear my Mavs Luka Jersey aswell to represent that time period! Let's go Lakers! I just enjoy watching Luka play basketball man. The way he plays and his big goofy smile.,dogbert_93,6,0.71,5,False,False,https://reddit.com/r/lakers/comments/1onu6dj/hi_lukas_first_season_with_dirk_at_the_mavs_is/,https://www.reddit.com/r/lakers/comments/1onu6dj/hi_lukas_first_season_with_dirk_at_the_mavs_is/,lakers,,False,self.lakers,self
1onvxtl,2025-11-04T02:38:12,Starting lineup vs Blazers,,denobino,19,1.0,15,False,False,https://reddit.com/r/lakers/comments/1onvxtl/starting_lineup_vs_blazers/,https://i.redd.it/er3nyyrdk5zf1.jpeg,lakers,NEWS,False,i.redd.it,https://a.thumbs.redditmedia.com/zbEEek4Lsv_ppyGm0eFnftGo2iam6AbvF0z6c02jkz8.jpg
1onvpcz,2025-11-04T02:27:16,"McMen Deandre Ayton is available tonight, per the Lakers. Maxi Kleber has been ruled out.",,WayAdministrative679,49,1.0,21,False,False,https://reddit.com/r/lakers/comments/1onvpcz/mcmen_deandre_ayton_is_available_tonight_per_the/,https://i.redd.it/bbl8twkei5zf1.png,lakers,GAME,False,i.redd.it,https://b.thumbs.redditmedia.com/JqZT26DBFjF8iYpb3Yg1KLo8tp1I9MqbHEELuCbEb2I.jpg
1onvi1t,2025-11-04T02:17:52,They them.,,cacastrojr12,7,0.82,1,False,False,https://reddit.com/r/lakers/comments/1onvi1t/they_them/,https://i.redd.it/12xc3carg5zf1.jpeg,lakers,PICTURE,False,i.redd.it,https://b.thumbs.redditmedia.com/H5xeHv70jcxmzpO4I2ne_ckHtcs9K66HyHcpwV1GoDU.jpg
1onv9fa,2025-11-04T02:06:50,What are the odds lebron remains a laker this season?,"Guess I been watching too many talking heads but they got me now worried when they saying lebron is faking an injury and is making an ego play to the lakers front office and wanted to sit out for the lakers to suck and essentially say they need him. Saw this dude say that now the lakers are winning, his plan backfired and he might leave by the end of the season. What are y all s realistic expectations of lebrons return. U think he s actually injured and that he s a positive in the locker room? Or is there a slight chance he s a locker room cancer everyone is making him out to be. Just want to make this clear, I want lebron to stay and bron my guy but if what they saying is true, is it time to think about him possibly leaving cuz even as a bron fan, he does control the media and sometimes can be a bit of a diva.",ProfessionalCat2770,0,0.07,15,False,False,https://reddit.com/r/lakers/comments/1onv9fa/what_are_the_odds_lebron_remains_a_laker_this/,https://www.reddit.com/r/lakers/comments/1onv9fa/what_are_the_odds_lebron_remains_a_laker_this/,lakers,,False,self.lakers,self
1onv4nc,2025-11-04T02:00:45,"Game Thread Portland Trail Blazers vs Los Angeles Lakers Live Score NBA Nov 3, 2025",This post contains content not supported on old Reddit. Click here to view the full post,basketball-app,7,1.0,36,False,True,https://reddit.com/r/lakers/comments/1onv4nc/game_thread_portland_trail_blazers_vs_los_angeles/,https://www.reddit.com/r/lakers/comments/1onv4nc/game_thread_portland_trail_blazers_vs_los_angeles/,lakers,,False,self.lakers,self
1onx7kd,2025-11-04T03:39:17,If we somehow don't get blown out I would be surprised and happy,No ball handlers would be triple the turnovers,Few_Prune_1436,6,1.0,2,False,False,https://reddit.com/r/lakers/comments/1onx7kd/if_we_somehow_dont_get_blown_out_i_would_be/,https://i.redd.it/hsmjjkb5v5zf1.jpeg,lakers,GAME,False,i.redd.it,https://b.thumbs.redditmedia.com/87IwtpOGD8tUOO6ZipiNqfALuBkyNW77j4DRG5bfTTU.jpg
1onwgo8,2025-11-04T03:02:35,Poor people who bought tickets,,Relevant-Ad6983,64,0.97,21,False,False,https://reddit.com/r/lakers/comments/1onwgo8/poor_people_who_bought_tickets/,https://i.redd.it/3ym4fafqo5zf1.jpeg,lakers,TEAM TALK,False,i.redd.it,https://b.thumbs.redditmedia.com/be9k9Fhk4hnlzUtfcZql5VfN6T5DNsCb703kTBn_xLU.jpg
1onwfoc,2025-11-04T03:01:18,Please don't be like the Curse Jersey like last year,,denobino,11,1.0,3,False,False,https://reddit.com/r/lakers/comments/1onwfoc/please_dont_be_like_the_curse_jersey_like_last/,https://i.redd.it/1h1uhz1ho5zf1.png,lakers,NEWS,False,i.redd.it,https://b.thumbs.redditmedia.com/kj8I8MPfCODt4may_3abriR8-35GqMjkFhaM_GaisGk.jpg
1onyehe,2025-11-04T04:40:54,Wishing for a Dodger Laker Hardware picture with me and my Daughter,"But does anyone know where we can make like really nice custom varsity jackets somewhere? people were flossing today at the parade with some nice ass jackets. And I m just trying to figure out how customize it with some of these details in a fancy way, I guess Me born on the 24th,1988 Dodgers and Lakers World Champions Daughter born on the 24th,2020 Dodgers and Lakers World Champions We both got 2 hardwares when we arrived baby! Crazy stuff Her young mind is fascinated with the commissioners trophy right now. I showed her a picture of three of them and I told her these are her trophies. She loves how the trophies look. And she asked me why she has more than me! I told her, times were hard, and you have a back to back! Yeah, anyone I saw with your bad ass jackets today I need ideas! Cause I love yours! Hopefully, we can wear them and be in the crowds soon. I would kill for a picture of me daughter holding the commissioners trophy on one arm and the Larry O Brien trophy on the other. I don t know, but there were some bad ass people wearing some bad ass jackets. You guys inspired me thank you.",LeTactical,1,1.0,0,False,False,https://reddit.com/r/lakers/comments/1onyehe/wishing_for_a_dodgerlaker_hardware_picture_with/,https://www.reddit.com/r/lakers/comments/1onyehe/wishing_for_a_dodgerlaker_hardware_picture_with/,lakers,,False,self.lakers,self
1ony9lf,2025-11-04T04:33:22,Release the kraken,,Which-Resident7670,17,0.95,1,False,False,https://reddit.com/r/lakers/comments/1ony9lf/release_the_kraken/,https://i.redd.it/sw24iylx46zf1.jpeg,lakers,,False,i.redd.it,https://b.thumbs.redditmedia.com/D9nLXwnOxGmojQC9XoWC-kx4aIOISwoTq-9hn10ZXbo.jpg
1onxx9t,2025-11-04T04:15:23,Marcus Smart Circus Shot,,MamiTarantina,17,0.95,1,False,False,https://reddit.com/r/lakers/comments/1onxx9t/marcus_smart_circus_shot/,https://v.redd.it/6sfeqw2p16zf1,lakers,VIDEO,True,v.redd.it,https://external-preview.redd.it/bWh4d2Fod28xNnpmMTV69H0eELu6jjXQCzBKo-6Ck0_DMLIobuR0H4tN2BXF.png?width=140&amp;height=140&amp;format=jpg&amp;auto=webp&amp;s=6dd18b6d4c888e3c73b8b872c753843959d8975a
1onxuv2,2025-11-04T04:12:03,Lakers really took the joy out his game. That s tough.,,denobino,27,0.91,13,False,False,https://reddit.com/r/lakers/comments/1onxuv2/lakers_really_took_the_joy_out_his_game_thats/,https://i.redd.it/n9tq6x9n06zf1.png,lakers,SOCIAL MEDIA,False,i.redd.it,https://b.thumbs.redditmedia.com/FtXNFtw5qVUWnOeE9o8InDAxu8i0vDpK0aYh3MUrliI.jpg
1onzrib,2025-11-04T05:57:23,The league is cooked when all of our guys comes back healthy,,denobino,13,1.0,3,False,False,https://reddit.com/r/lakers/comments/1onzrib/the_league_is_cooked_when_all_of_our_guys_comes/,https://i.redd.it/5rjuzp1tj6zf1.jpeg,lakers,APPRECIATION,False,i.redd.it,https://b.thumbs.redditmedia.com/2KzvrzmomsuXnwpDeduoQywJVaHgV3YJBoAS2S-p5Uk.jpg
1onzouk,2025-11-04T05:53:05,Wow we really have a team this year!,Wow we really have a team this year. 6 2 including like 3 1 without luka and lebron hasnt played yet and down 3 best guys tonight. Nick smith big game may need to take Cardio gabs minutes going foward. I am not sure if we win this game without Anton and not sure if we beat kings without Ayton in that 1 to such a difference having a center for first time in years. Are rebounding and turnovers have not been great this year but having no lebron yet and luka out several games the high amout of turnovers is to be expected when you take that much ball handers out and having both will also greatly improve are rebouding to and having lebron will help are defense to. Hopefully we can get and stay healthy has it looks like hays may be hurt again,Zeldabotw2017,13,1.0,3,False,False,https://reddit.com/r/lakers/comments/1onzouk/wow_we_really_have_a_team_this_year/,https://www.reddit.com/r/lakers/comments/1onzouk/wow_we_really_have_a_team_this_year/,lakers,,False,self.lakers,self
1onzonh,2025-11-04T05:52:46,Samurai Japan,RUI HACHIMURA TONIGHT 28 POINTS 4 REBOUNDS 10 15 FGM 2 4 3PM 6 6 FTM I'm starting to enjoy cheering for the Lakers. Thank you to all the players who have raised their game.,Ampika_24,17,1.0,0,False,False,https://reddit.com/r/lakers/comments/1onzonh/samurai_japan/,https://i.redd.it/353uzh63j6zf1.jpeg,lakers,,False,i.redd.it,https://b.thumbs.redditmedia.com/QV-M94_x_AaZaqaY2lWu4jSc6X9X9CCBHEp50nvx1PU.jpg
1onzojs,2025-11-04T05:52:36,JJ been very since game 2 of this season,"It has been pretty impressive. Even though I was pretty disappointed in his playoff rotation last season, but it seems like he grown from that, obviously we have a better roster this season He has been able to get Marcus Smart to play with all his energy and be a real problem on the defensive side without any of the shenanigans. This is crazy, I never seen Smart played with such consistency in his career, he always came with positive and negative, but JJ somehow has gotten him to play with only positive after game 1. We are quickly finding roles for each players, it seems like everyone is trusting the system. Role players like Jake, Rui are having career games. We are winning games being super shorted handed, it takes leadership to get your players to believe. The only thing I am not sure yet is whether or not he would bench Gabe when he is back, and limit his minutes. Gabe injury was a blessing for us. If Gabe was our primary ball handler and play maker today, we probably wouldn t have won this game. It would show really maturity if he can pivot from playing Gabe, I know coach love good veteran locker players. But Gabe shouldn t get more than 10min a game.",Nonameheroz,5,1.0,3,False,False,https://reddit.com/r/lakers/comments/1onzojs/jj_been_very_since_game_2_of_this_season/,https://www.reddit.com/r/lakers/comments/1onzojs/jj_been_very_since_game_2_of_this_season/,lakers,POST GAME,False,self.lakers,self
1onzo9h,2025-11-04T05:52:08,From the 2024 draft. The 55th pick outplayed the 7th pick today!,,AdorableBackground83,22,0.96,2,False,False,https://reddit.com/r/lakers/comments/1onzo9h/from_the_2024_draft_the_55th_pick_outplayed_the/,https://i.redd.it/gtiozzhzi6zf1.jpeg,lakers,,False,i.redd.it,https://b.thumbs.redditmedia.com/h4DlPYKDpZjIf1up45gGFP9Vb_5FklNLE9HmVVqPN9w.jpg
1onzo90,2025-11-04T05:52:06,He doesnt even have a lakers portrait,,LunarZenith_,15,1.0,2,False,False,https://reddit.com/r/lakers/comments/1onzo90/he_doesnt_even_have_a_lakers_portrait/,https://i.redd.it/el0eie2zi6zf1.jpeg,lakers,APPRECIATION,False,i.redd.it,https://b.thumbs.redditmedia.com/mxeh5NH7PJO18VT8aOuMSEqipSFmr6xqaF25ksM9B0s.jpg
1onznhb,2025-11-04T05:50:47,Nick smith legacy game,,nick170100,15,1.0,2,False,False,https://reddit.com/r/lakers/comments/1onznhb/nick_smith_legacy_game/,https://i.redd.it/hwlx23nqi6zf1.jpeg,lakers,APPRECIATION,False,i.redd.it,https://b.thumbs.redditmedia.com/HnjZxvd-DBMefXIQY6PrNtb6a5M0ykZe58uxYJtL23M.jpg
1onzllu,2025-11-04T05:47:40,Nick Smith had his flu game tonight,Apparently he also threw up in the hallway at halftime per Dan Woike via X.,malxkry,36,1.0,8,False,False,https://reddit.com/r/lakers/comments/1onzllu/nick_smith_had_his_flu_game_tonight/,https://i.redd.it/j075asv1i6zf1.png,lakers,PLAYER TALK,False,i.redd.it,https://b.thumbs.redditmedia.com/M9sJzepuky0MSuvlefp2ZgV8a60MskFqOvZdK9kV57g.jpg
1onzkao,2025-11-04T05:45:34,Nick Smith Jr can ball 25PTS 6REB 1 STL in 27mins,,MamiTarantina,31,1.0,9,False,False,https://reddit.com/r/lakers/comments/1onzkao/nick_smith_jr_can_ball_25pts_6reb_1_stl_in_27mins/,https://i.redd.it/9tj2rz8th6zf1.jpeg,lakers,PLAYER TALK,False,i.redd.it,https://b.thumbs.redditmedia.com/Axb_kQYg6BlLnYA9FcHZ1C3tuE086vqlDpofVXtN8bQ.jpg
1onzizi,2025-11-04T05:43:27,Bronny leads in assists 6 with 12? and Nick smith,I want all the trash talker to be investigated by the FBI! Starting by Stephen A. More seriously. He definitely needs to grow his confidence to shoot. But Bronny is now close to be a regular 20 minutes per game type of player.,indoor_fish,17,1.0,2,False,False,https://reddit.com/r/lakers/comments/1onzizi/bronny_leads_in_assists_6_with_12_and_nick_smith/,https://i.redd.it/4x77rknfh6zf1.jpeg,lakers,POST GAME,False,i.redd.it,https://a.thumbs.redditmedia.com/I15hQhSwDwe5kXkcgRIxRF1FfjG_AmV1vJCyxIlCwg0.jpg
1onzikr,2025-11-04T05:42:46,Shoutout Black Samurai for stepping up with 28 big points! LFG RUI!!!,,Classic_Carlos,58,1.0,12,False,False,https://reddit.com/r/lakers/comments/1onzikr/shoutout_black_samurai_for_stepping_up_with_28/,https://i.redd.it/5ktem59bh6zf1.jpeg,lakers,THROWBACK,False,i.redd.it,https://b.thumbs.redditmedia.com/d0A9zXnBRycA10dFOi1RF-EMv1h4feSOhbpdIplTjMc.jpg
1onzi3m,2025-11-04T05:41:59,That Ayton Nick Smith Jr. Smart Bronny connection I just saw that game,,kurruchi,23,1.0,1,False,False,https://reddit.com/r/lakers/comments/1onzi3m/that_aytonnick_smith_jrsmartbronny_connection_i/,https://i.redd.it/u2hdh4a6h6zf1.jpeg,lakers,,False,i.redd.it,default
1onzfq0,2025-11-04T05:38:12,How did we win without Luka Austin and Lebron against trailblazers,"Kind of stopped following the score after we were trailing early on! Ayton, Hachimura, Nick Smith Jr. This is our ring to lose this year now!!",Particular-Cloud-599,46,0.98,25,False,False,https://reddit.com/r/lakers/comments/1onzfq0/how_did_we_win_without_luka_austin_and_lebron/,https://www.reddit.com/r/lakers/comments/1onzfq0/how_did_we_win_without_luka_austin_and_lebron/,lakers,POST GAME,False,self.lakers,self
1onzfmj,2025-11-04T05:38:01,I don t give a fuck. We contending!,"LFG!!!!!!!!!!!!!!!! No bron, no luka, no reaves, just a team of heroes today. Laker nation lets gooooooooo!!!!!!!!!!!!!!!! Lets get it !!!!!!!!!!!!!!!!!!!!!!!!!!!!!!!!!!!!!!",iamtoolazytosleep,73,1.0,4,False,False,https://reddit.com/r/lakers/comments/1onzfmj/i_dont_give_a_fuck_we_contending/,https://i.redd.it/d5hizwogg6zf1.jpeg,lakers,APPRECIATION,False,i.redd.it,https://b.thumbs.redditmedia.com/U6NJ8jUSk-QPbJmby5WJuZPjy-Og4DMtHQQ0bF1KDmo.jpg
1onzfli,2025-11-04T05:37:58,Luka showing some love to Nick,,antonymatic,86,1.0,10,False,False,https://reddit.com/r/lakers/comments/1onzfli/luka_showing_some_love_to_nick/,https://i.redd.it/tx2shkyfg6zf1.jpeg,lakers,,False,i.redd.it,https://a.thumbs.redditmedia.com/zExnCGhYmUNTbZ3VZu1hfpND9wufFUGDJo1CtIc0rz4.jpg
1onzerh,2025-11-04T05:36:33,Video Hustle Plays LaRavia to Bronny to Vando,"This stretch without Luka, Bron and AR will help our roster gain some confidence if any of our big 4 come down, is the next man up type mentality.",MamiTarantina,40,1.0,4,False,False,https://reddit.com/r/lakers/comments/1onzerh/video_hustle_plays_laravia_to_bronny_to_vando/,https://v.redd.it/gzvw8q87g6zf1,lakers,HIGHLIGHTS,True,v.redd.it,https://external-preview.redd.it/cG9nMGxjNDdnNnpmMQ2gFAGyuPj0FKQL1ji-kji8q5Ou1q2PS0hgcnrCbDPk.png?width=140&amp;height=140&amp;format=jpg&amp;auto=webp&amp;s=2e3545c9af60adaeab2acc4cfc83191f33c0279d
1onzea8,2025-11-04T05:35:42,Revenge Game against his former team. 25 pts 10 rebs game. Now that's DominAYTON,,chrisbrits24,79,0.99,11,False,False,https://reddit.com/r/lakers/comments/1onzea8/revenge_game_against_his_former_team_25_pts_10/,https://i.redd.it/rjoxuru1g6zf1.jpeg,lakers,,False,i.redd.it,https://b.thumbs.redditmedia.com/X_d8LDd9ShtTCMmGJeDNshuZrQxGIHfRvlGGg_CKkGQ.jpg
1onze5x,2025-11-04T05:35:31,Shout out Bronny!!,5 PTS 6 ASTS 1 REB 1 STL Made a lot of winning plays. Played arguably the best game of his career tonight.,PurplePoisonPower,135,0.99,19,False,False,https://reddit.com/r/lakers/comments/1onze5x/shout_out_bronny/,https://i.redd.it/servm5q0g6zf1.jpeg,lakers,APPRECIATION,False,i.redd.it,https://b.thumbs.redditmedia.com/bx4Owh4zBO7djIx0hQYY4qSIkokSlec5JAA8v2ktB2Q.jpg
1onze30,2025-11-04T05:35:23,JJ After Every One Said He Didn't Have This Team Prepared for Game 1,,noneedforeathrowaway,33,1.0,0,False,False,https://reddit.com/r/lakers/comments/1onze30/jj_after_every_one_said_he_didnt_have_this_team/,https://i.redd.it/e8n0gvwzf6zf1.jpeg,lakers,,False,i.redd.it,https://b.thumbs.redditmedia.com/J5o8aE9OPjGBpST2ijeUl4bbANPKtJHJX2CBj1Qvffs.jpg
1onze2q,2025-11-04T05:35:23,"The Lakers just beat a playoff contender without Luka, Austin, and Lebron this team is serious.",,The_Chozen_1_,90,0.96,16,False,False,https://reddit.com/r/lakers/comments/1onze2q/the_lakers_just_beat_a_playoff_contender_without/,https://i.redd.it/ryhmlq5zf6zf1.jpeg,lakers,,False,i.redd.it,https://b.thumbs.redditmedia.com/0-PEIlRdg5TNMYokqW1JslMV1rFhmX8-jwlykKpXOhk.jpg
1onzdx5,2025-11-04T05:35:07,Nick Smith Jr. with 25 points tonight!!!,,robertslamp,40,1.0,0,False,False,https://reddit.com/r/lakers/comments/1onzdx5/nick_smith_jr_with_25_points_tonight/,https://i.redd.it/llefw85yf6zf1.jpeg,lakers,PLAYER TALK,False,i.redd.it,https://b.thumbs.redditmedia.com/lMmHzx1ZY3XmKjpyzeEfXK5fCG-xoGbToWwnEBPt1GA.jpg
1onzdpk,2025-11-04T05:34:44,"Ant goin, Who s number 20?!?","Man it feels good to be an LA sports fan right now. With all the vibes spilling over from our Dodgers and with the way the Lakers are connecting with each other this early in the season, it s been real nice.",Decent_Cheetah2867,34,0.97,0,False,False,https://reddit.com/r/lakers/comments/1onzdpk/ant_goin_whos_number_20/,https://i.redd.it/eci0p1nvf6zf1.jpeg,lakers,,False,i.redd.it,https://b.thumbs.redditmedia.com/ohQueyvNsxfbhG82Gx2bSs7DwSwh8-p3_pHU8yLn0sg.jpg
1onzdic,2025-11-04T05:34:23,Who is number 20?,That s what I m saying! We got a mini AI on our bench. Boy is quick AF. What a night by him. We wouldn t win tonight without him. Rob give him that guaranteed contract,LakerDoc,19,1.0,0,False,False,https://reddit.com/r/lakers/comments/1onzdic/who_is_number_20/,https://www.reddit.com/r/lakers/comments/1onzdic/who_is_number_20/,lakers,,False,self.lakers,self
1onzcx0,2025-11-04T05:33:28,"Shout out to JJ and the coaching staff. Lakers are now 6 2, .833 PCT, 4 0 on the road. Third in the west despite all the injuries",,denobino,195,1.0,26,False,False,https://reddit.com/r/lakers/comments/1onzcx0/shout_out_to_jj_and_the_coaching_staff_lakers_are/,https://i.redd.it/qa85iqqcf6zf1.jpeg,lakers,APPRECIATION,False,i.redd.it,https://b.thumbs.redditmedia.com/4SJeGK71LLSwInz1DN1PLtlm5GvMqrSmk41PmclhMBA.jpg
1onzcp5,2025-11-04T05:33:07,LAKERS PLAYERS TONIGHT,,Kang_Burger,38,1.0,2,False,False,https://reddit.com/r/lakers/comments/1onzcp5/lakers_players_tonight/,https://i.redd.it/t83k9n5lf6zf1.jpeg,lakers,STATS / ANALYTICS,False,i.redd.it,https://b.thumbs.redditmedia.com/BY4aGDHK66ruKqY1b8Zv8S2HOD4KUeL4nb4ZoB9tlTg.jpg
1onzby7,2025-11-04T05:31:55,Legacy game,,Ok-Impression-6101,115,1.0,13,False,False,https://reddit.com/r/lakers/comments/1onzby7/legacy_game/,https://i.redd.it/4gq491kdf6zf1.jpeg,lakers,,False,i.redd.it,https://b.thumbs.redditmedia.com/V-X-XpPkgmkzBdh2Bv82O8KFdc-r0PNX7Ch3vIHyzCA.jpg
1onzbup,2025-11-04T05:31:45,I m so proud man,,Ejdusnebe,66,0.97,13,False,False,https://reddit.com/r/lakers/comments/1onzbup/im_so_proud_man/,https://i.redd.it/uk5h8qgcf6zf1.jpeg,lakers,,False,i.redd.it,https://b.thumbs.redditmedia.com/Ty74v5FSJYBeTAYBNOztHybtfykjNE9uPsMFTBD515A.jpg
1onzbpv,2025-11-04T05:31:32,The reserve has gone crazy!!!,"Today I'm almost cheering for just having fun. Little Nick played really well. Make a reservation for this year. I'm not going to help the team. But this year, I'm asking for permission to compete for the championship.",Ampika_24,13,0.88,4,False,False,https://reddit.com/r/lakers/comments/1onzbpv/the_reserve_has_gone_crazy/,https://www.reddit.com/r/lakers/comments/1onzbpv/the_reserve_has_gone_crazy/,lakers,,False,self.lakers,self
1onzbln,2025-11-04T05:31:20,no scheduled loss tonight. LFG!,,iamdare,43,1.0,2,False,False,https://reddit.com/r/lakers/comments/1onzbln/no_scheduled_loss_tonight_lfg/,https://i.redd.it/n3t8xh43f6zf1.png,lakers,MEME,False,i.redd.it,https://b.thumbs.redditmedia.com/vXfbKA_JWPdxO1RYjmPUmBmgHyHA_or50T_8bi0nByU.jpg
1onzbbl,2025-11-04T05:30:54,"No Luka, No AR, No Bron No problem. A very good night everyone!",,Top-Entertainment945,66,1.0,4,False,False,https://reddit.com/r/lakers/comments/1onzbbl/no_luka_no_ar_no_bron_no_problem_a_very_good/,https://i.redd.it/qn9euqw6f6zf1.png,lakers,,False,i.redd.it,https://b.thumbs.redditmedia.com/71ReVpj5ttgs7NqWzmDyF7qzrHTdpojhBT9q8U1bnfM.jpg
1onzba3,2025-11-04T05:30:50,Deandre Ayton s Double Double in the Win 29 pts 10 rebounds 3 blks,,incredibleamadeuscho,91,1.0,7,False,False,https://reddit.com/r/lakers/comments/1onzba3/deandre_aytons_double_double_in_the_win_29_pts_10/,https://i.redd.it/1ov1vkl6f6zf1.jpeg,lakers,,False,i.redd.it,https://b.thumbs.redditmedia.com/R0sa2CDbDRLKXL5B1GoLBnvX0YgClzOrCtl6cpS6eHw.jpg
1onzb3j,2025-11-04T05:30:35,Next man up! Nick Smith JR,"Austin Reaves out? Luka out? Lebron out? B2B? Nicholas Smith Jr says he got this. 25 pt, 5 ast, 1 Reb. We got depth!! LFG!!!!!!!!!!!!!!!!!!!!!!!!!!!!!!",Rtwtnp,100,1.0,15,False,False,https://reddit.com/r/lakers/comments/1onzb3j/next_man_up_nick_smith_jr/,https://i.redd.it/d9rld615f6zf1.jpeg,lakers,,False,i.redd.it,https://a.thumbs.redditmedia.com/aPv1ciUTT_DU_poohT8pheuLR05BIJo6HR3OWS377Q8.jpg
1onzan2,2025-11-04T05:29:52,You can t even click on Nick Smith bio on the app,,trojandude22,41,1.0,1,False,False,https://reddit.com/r/lakers/comments/1onzan2/you_cant_even_click_on_nick_smith_bio_on_the_app/,https://i.redd.it/i96w21h0f6zf1.jpeg,lakers,,False,i.redd.it,https://a.thumbs.redditmedia.com/eGFyP_YYUoxMIn8Dr0X3WJsdzDkFvSVKpV9gJKIInn0.jpg
1onza95,2025-11-04T05:29:13,Who is Number 20!? Nick Smith Jr. That s Who! 25 Points for Allen Iverson Jr!,,TangoThisMango,132,0.99,20,False,False,https://reddit.com/r/lakers/comments/1onza95/who_is_number_20_nick_smith_jr_thats_who_25/,https://i.redd.it/uibyg07se6zf1.jpeg,lakers,APPRECIATION,False,i.redd.it,https://a.thumbs.redditmedia.com/KeS0GfO0UU0hnvUN8e-kfzgoVhOyOA4pvE-KMHieF28.jpg
1onza8u,2025-11-04T05:29:11,WE HAVE DEPTH LETS FUCKING GOOOO WHAT A GAME,,KarrotMovies,92,1.0,5,False,False,https://reddit.com/r/lakers/comments/1onza8u/we_have_depth_lets_fucking_goooo_what_a_game/,https://i.redd.it/j518h6jue6zf1.gif,lakers,POST GAME,False,i.redd.it,https://a.thumbs.redditmedia.com/xCrf4nIUIPUb5IkkP58QWFRAYvA7pMgHKH5rv6QGkQ8.jpg
1onza4a,2025-11-04T05:29:00,WHO'S NUMBER 20!?!,"Nick checks notes Smith Jr with an EPIC game tonight, 25 points!!",Jason-Smith168498,58,1.0,6,False,False,https://reddit.com/r/lakers/comments/1onza4a/whos_number_20/,https://i.redd.it/9dsdmv05e6zf1.jpeg,lakers,,False,i.redd.it,https://b.thumbs.redditmedia.com/FTY5TIyERQp6JsP2p4pXd4GZyL7_XQRKtYcSZtGDfqQ.jpg
1onz9sa,2025-11-04T05:28:26,Big props to bronny tn as well. Did great playmaking for us off the bench and leading the second unit.,,Winter-Gur-9762,261,0.98,43,False,False,https://reddit.com/r/lakers/comments/1onz9sa/big_props_to_bronny_tn_as_well_did_great/,https://i.redd.it/2v4wxq9re6zf1.jpeg,lakers,APPRECIATION,False,i.redd.it,https://b.thumbs.redditmedia.com/QZR6f3w6Vqw_ETQQjiPN_ANO0uNMBBoRds-q9Df1i_M.jpg
1onz9s0,2025-11-04T05:28:25,Ayton Tonight 29PTS 10REB 3BLK 2 AST,,MamiTarantina,476,1.0,31,False,False,https://reddit.com/r/lakers/comments/1onz9s0/ayton_tonight_29pts_10reb_3blk_2_ast/,https://i.redd.it/1gotds3re6zf1.jpeg,lakers,PLAYER TALK,False,i.redd.it,https://b.thumbs.redditmedia.com/jqEBDy-c6nCL9RvklGdpSjDvQ2RP8mRjif4cQ2Mtdhs.jpg
1onz9nb,2025-11-04T05:28:12,WHO S NUMBER 20?!,,Nice-N-Eazy,51,0.98,1,False,False,https://reddit.com/r/lakers/comments/1onz9nb/whos_number_20/,https://i.redd.it/qp3vs7rpe6zf1.jpeg,lakers,PLAYER TALK,False,i.redd.it,https://b.thumbs.redditmedia.com/8k3mFNkyHyykfwutFwuhlZ9mB3Yu55gGnulqk2BYqew.jpg
1onz9mu,2025-11-04T05:28:11,"Nick Smith Jr, welcome to the Lakeshow! 25 PTS, 6 AST",,_MambaForever,51,0.98,0,False,False,https://reddit.com/r/lakers/comments/1onz9mu/nick_smith_jr_welcome_to_the_lakeshow_25_pts_6_ast/,https://i.redd.it/myj2bulpe6zf1.jpeg,lakers,APPRECIATION,False,i.redd.it,https://b.thumbs.redditmedia.com/CYmCtRJyVn_kQxsNxM1LW8kfv4UvET93GrWwY049G7g.jpg
1onz9jj,2025-11-04T05:28:02,"Post Game Thread NBA The Lakers defeat the Trail Blazers on Nov 3, 2025, the final score is 115 123.",This post contains content not supported on old Reddit. Click here to view the full post,basketball-app,445,1.0,544,False,True,https://reddit.com/r/lakers/comments/1onz9jj/post_game_thread_nba_the_lakers_defeat_the_trail/,https://www.reddit.com/r/lakers/comments/1onz9jj/post_game_thread_nba_the_lakers_defeat_the_trail/,lakers,,False,self.lakers,self
1onz9fu,2025-11-04T05:27:52,"Hey Lebron, Luka, and Austin. We're good",,VGstuffed,117,1.0,11,False,False,https://reddit.com/r/lakers/comments/1onz9fu/hey_lebron_luka_and_austin_were_good/,https://i.redd.it/vo81765j96zf1.png,lakers,MEME,False,i.redd.it,https://b.thumbs.redditmedia.com/qg3o8uAAumWVYGYOFx0140jl2mnxWI-6Yz7tNBSento.jpg
1onz9ex,2025-11-04T05:27:49,WHO'S NUMBER 20???,,SlatheredButtCheeks,28,0.97,3,False,False,https://reddit.com/r/lakers/comments/1onz9ex/whos_number_20/,https://i.redd.it/o7rp3mjhe6zf1.jpeg,lakers,PLAYER TALK,False,i.redd.it,https://b.thumbs.redditmedia.com/d_BY5LUHvcPjCax7euPwrd8X-7EqgDOc4xXTTMNpzsU.jpg
1onz9d5,2025-11-04T05:27:44,Who is 20?,"I don't know who he is, but he lookings like Allen Iversion's cousin or something? I think we should sign him to a max contract to pair up with Luka AR.",deathspanker,17,0.95,0,False,False,https://reddit.com/r/lakers/comments/1onz9d5/who_is_20/,https://www.reddit.com/r/lakers/comments/1onz9d5/who_is_20/,lakers,,False,self.lakers,self
1onz9cl,2025-11-04T05:27:42,Quiet night for Rui haters 28 PTS 4 REB 10 15 FG 2 4 3PT,,denobino,84,0.99,8,False,False,https://reddit.com/r/lakers/comments/1onz9cl/quiet_night_for_rui_haters_28_pts_4_reb_1015_fg/,https://i.redd.it/yw2wsx5oy5zf1.jpeg,lakers,APPRECIATION,False,i.redd.it,https://b.thumbs.redditmedia.com/KaT3ZoPhLMM9T5x5x30hEM3COap6RtulVtNJGw_jQBM.jpg
1onz932,2025-11-04T05:27:16,WHO IS NUMBER 20?,Kuddos to our guys stepping up when needed the most! We moght not need to trade! Letss fcckinnn gooo!! I don't have any plans to watch this game. I'm so mad Portland benefits twice from 2nd day of a back to back but look at it!! WE WINNING!,promjsp,25,1.0,0,False,False,https://reddit.com/r/lakers/comments/1onz932/who_is_number_20/,https://i.redd.it/bz7s4toje6zf1.jpeg,lakers,,False,i.redd.it,https://b.thumbs.redditmedia.com/9zuntvAgFORY8Fou39soYmluf-yhaJxwJlgkPLgfifM.jpg
1onz7x8,2025-11-04T05:25:27,AYO WHO THE F IS 20???,"Nick fucking Smith Jr. That s what I m fucking saying baby. What a fucking game the lad is having. Stunt on em hoes. No Luka, No Bron, No AR, NO FUCKING PROBLEM. Rest up kings. Salute.",kitchen003,24,0.96,4,False,False,https://reddit.com/r/lakers/comments/1onz7x8/ayo_who_the_f_is_20/,https://www.reddit.com/r/lakers/comments/1onz7x8/ayo_who_the_f_is_20/,lakers,APPRECIATION,False,self.lakers,self
1onz7is,2025-11-04T05:24:49,NICK SMITH JR TONIGHT,,denobino,53,1.0,2,False,False,https://reddit.com/r/lakers/comments/1onz7is/nick_smith_jr_tonight/,https://i.redd.it/o0fhxfo3e6zf1.jpeg,lakers,APPRECIATION,False,i.redd.it,https://b.thumbs.redditmedia.com/lmsTnZ2Kwc7vRWLoLHWlmv2MHOXvuHWLPh6iKlffqkA.jpg
1onz6xv,2025-11-04T05:23:47,NICK SMITH JR LEGACY GAME HOLY SMOKES,,Basedisidro,564,0.99,54,False,False,https://reddit.com/r/lakers/comments/1onz6xv/nick_smith_jr_legacy_game_holy_smokes/,https://i.redd.it/a2gugkdxd6zf1.jpeg,lakers,GAME,False,i.redd.it,https://b.thumbs.redditmedia.com/yF_CTUXlNhd1dGpusUokCcLjeXi8ekOdUXMJU473Mbw.jpg
1onz0zx,2025-11-04T05:14:33,"So is Rui the 4th option or NSJ, This team is OP",,thehashishcinema,28,0.97,2,False,False,https://reddit.com/r/lakers/comments/1onz0zx/so_is_rui_the_4th_option_or_nsj_this_team_is_op/,https://i.redd.it/86f1jsz9c6zf1.jpeg,lakers,,False,i.redd.it,https://a.thumbs.redditmedia.com/3EZdm5Fs91DzXQDrX3zCVbsSFuvt4aWufEOuapQF0r8.jpg
1onz0sc,2025-11-04T05:14:14,Stu Lantz and Vando,I almost admire Stu s commitment to never learning Jarred Vanderbilt s nickname. Almost. Is Vandy nails on a chalkboard for anyone else??,Top-Entertainer9188,2,0.56,20,False,False,https://reddit.com/r/lakers/comments/1onz0sc/stu_lantz_and_vando/,https://www.reddit.com/r/lakers/comments/1onz0sc/stu_lantz_and_vando/,lakers,,False,self.lakers,self
1oo0sjl,2025-11-04T07:00:34,DeAndre Ayton lived up to his nickname tonight!,"It seems like DeAndre Ayton may be the big we've been waiting for! He's been good all year, but I feel like he really made an effort to show out tonight against his former team. I can't wait to see how the presence of LeBron improves his defensive awareness and timing, too!",YoungBasedHooper,1,1.0,0,False,False,https://reddit.com/r/lakers/comments/1oo0sjl/deandre_ayton_lived_up_to_his_nickname_tonight/,https://i.redd.it/yxj3s7f6v6zf1.png,lakers,,False,i.redd.it,default
1oo0n0r,2025-11-04T06:50:49,The Lakers post LeBron Luka Austin is in good hands with 21 year olds Nick and Bronny,Build Rob Pelinka a statue. One of the best GM's. Where would the Lakers be without him? He set up the Lakers nicely with a future of The Nick and Bronny Show.,WishOk462,1,0.57,0,False,False,https://reddit.com/r/lakers/comments/1oo0n0r/the_lakers_post_lebronlukaaustin_is_in_good_hands/,https://www.reddit.com/r/lakers/comments/1oo0n0r/the_lakers_post_lebronlukaaustin_is_in_good_hands/,lakers,,False,self.lakers,self
1oo0mvu,2025-11-04T06:50:36,Amazing game that shows us that our team has fucking ra a!,"In Brazil we call football teams in which the players give their heart and leave everything on the field a team with ra a. Some players have it in the NBA and those are my favorites to watch, guys like PJ Washington and Smart for example. And guys we got a lot of players with ra a on our roster. This game vs the blazers was my favorite so far this season because all of our starters and bench showed fucking ra a. Vanderbilt, Smart, Laravia always shows this, but Ayton, Rui, Nick, Bronny all showed it as well. Fucking great game. Its 3 30am here right now and im fucking pumped about this years with the lakers",EconomistRJ,2,1.0,0,False,False,https://reddit.com/r/lakers/comments/1oo0mvu/amazing_game_that_shows_us_that_our_team_has/,https://www.reddit.com/r/lakers/comments/1oo0mvu/amazing_game_that_shows_us_that_our_team_has/,lakers,TEAM TALK,False,self.lakers,self
1oo0k4t,2025-11-04T06:45:55,"Relax, it was against the trailblazers.",Won against one of the best defense in the league right now who came off a win against the nuggets who had two days of rest vs a lakers team who came off a back to back with 3 of their star players out and managed to still win. The blazers are 3rd in Defensive Efficiency in some sources. I do NOT want to hear that sh t.,Few_Prune_1436,21,0.96,9,False,False,https://reddit.com/r/lakers/comments/1oo0k4t/relax_it_was_against_the_trailblazers/,https://i.redd.it/zbahfhc9r6zf1.jpeg,lakers,POST GAME,False,i.redd.it,https://b.thumbs.redditmedia.com/mwdN6_UTVwLUlC5yTYj5bPgQO7fcqXYs8J3TwqMxfWg.jpg
1oo0h4b,2025-11-04T06:40:46,Snowtime Lakers!,"Forget about the Showtime Lakers cause we have a new crew in the city. Welcome to the Snowtime Lakers that is featuring our Tres Leches coldest white boys in town! Season averages for the Snowtime Lakers Luka Doncic 41.3 points, 11.5 rebounds, 8.3 assists in 54.5 FG Austin Reaves 31.1 points, 5.1 rebounds, 9.3 assists in 44.8 FG Jake Who is 12 Laravia 12.9 points, 5.1 rebounds, 2.1 assists in 60 FG I'll add Knecht once he gets back to his groove and start draining his three pointers! Exciting times ahead!",cnrgmbl,8,0.75,0,False,False,https://reddit.com/r/lakers/comments/1oo0h4b/snowtime_lakers/,https://i.redd.it/osn4he1mr6zf1.png,lakers,PICTURE,False,i.redd.it,https://b.thumbs.redditmedia.com/gunJE3o-O1iTJHYI9xk3ekbDrm2_1wDeFDEx-jCejtY.jpg
1oo0c45,2025-11-04T06:31:52,Marcus Smart On Off Stats,Through the first 8 games the Lakers are 66 when Smart is on the court and 41 when he is off the court,ay_pf,38,1.0,7,False,False,https://reddit.com/r/lakers/comments/1oo0c45/marcus_smart_onoff_stats/,https://i.redd.it/9ou0tyyrp6zf1.jpeg,lakers,STATS / ANALYTICS,False,i.redd.it,https://b.thumbs.redditmedia.com/xZckgllyIM4A06_4qS29rGrjBWcKCmwWBckU8X90yAM.jpg
1oo0c18,2025-11-04T06:31:44,"The lakers are undefeated when LeBron, Luka, and Reaves don t play! Should we consider packing them?","I m worried they might mess up the team chemistry when they return, we can t have Luka and LeBron taking shots away from nick smith jr. and Bronny I mean the team is clearly winning without them right? What could we realistically get for a Luka, LeBron, and Reaves trade package? Ja morant maybe?",Front-Function7789,31,1.0,4,False,False,https://reddit.com/r/lakers/comments/1oo0c18/the_lakers_are_undefeated_when_lebron_luka_and/,https://i.redd.it/4ibk3vr1q6zf1.jpeg,lakers,MEME,False,i.redd.it,https://b.thumbs.redditmedia.com/PDlEomgNiInh5tCWWXAnhOHhG5DqQJxiTuTq2RC4tPM.jpg
1oo0bmr,2025-11-04T06:31:04,Role Players,"Shout out to the team's new found role players who exceed in their roles. Guys like Ayton, Rui, Smart, Vando, and LaRavia are showing that while the stars are healthy they can slot in to the right spots, but when they're out it doesn't mean an excuse to be lazy and unorganized. Instead they all shift into the roles needed to get a win that night. It speaks to a level of professionalism and buy in from the team that we havent seen in a long time. Specifically I wanted to shout out LaRavia. After a couple tough games, he has really found his groove as a glue guy here. You know who leads the team in steals? It's not Smart or Vando, it's Jake. Tonight when the team needed someone to facilitate, he lead the team in assists tied with Nick . Our offense is built around two hyper efficient attackers who can spray the ball around and get defenses scrambling but theyre all hurt. Cue LaRavia, Bronny, and Nick freaking Smith Jr all stepping up big time against a great perimeter defense team. Games like these are building blocks for sure. There'll rough patches during the year, but the fight we're showing early is a great indicator for where this team is headed. Exciting times and an exciting season ahead.",nottherealstanlee,26,1.0,9,False,False,https://reddit.com/r/lakers/comments/1oo0bmr/role_players/,https://www.reddit.com/r/lakers/comments/1oo0bmr/role_players/,lakers,,False,self.lakers,self
1oo05uk,2025-11-04T06:21:13,Young Man Got Game,,MamiTarantina,94,1.0,24,False,False,https://reddit.com/r/lakers/comments/1oo05uk/young_man_got_game/,https://i.redd.it/1761wp86o6zf1.jpeg,lakers,PLAYER TALK,False,i.redd.it,https://a.thumbs.redditmedia.com/C6jnqIecttUXhFVbMj0rFrylfihRlglPUB6WKRUfy88.jpg
1oo0200,2025-11-04T06:14:40,The last two times a Lakers player had 6 assists and 0 turnovers were LeBron James and LeBron James,,kurruchi,88,1.0,15,False,False,https://reddit.com/r/lakers/comments/1oo0200/the_last_two_times_a_lakers_player_had_6_assists/,https://i.redd.it/kmxn8g3mm6zf1.jpeg,lakers,,False,i.redd.it,https://a.thumbs.redditmedia.com/za45apWosN9dsEHwFAKvkdNML6YTXwYktHfT9EpKA24.jpg
1oo00d8,2025-11-04T06:11:53,"Highlights Rui Hachimura flukes in the lefty alley oop layup, and Nick Smith Jr. finds Smart with a full court pass for the easy layup, and the Lakers take the lead with replays",,chroma_pack,25,1.0,2,False,False,https://reddit.com/r/lakers/comments/1oo00d8/highlights_rui_hachimura_flukes_in_the_lefty/,https://streamable.com/waj7cb,lakers,Highlights,False,streamable.com,https://external-preview.redd.it/j7sY4NH4U5ExcyLA5xLCSP12f5a1ukxMVmJwKRfc6lc.jpeg?width=140&amp;height=77&amp;auto=webp&amp;s=8b5f317e04e1429be4afed1d3df998ba7e9175c3
1onzzaj,2025-11-04T06:09:59,I seen enough... Trade Luka amp Reaves and build around Nick Smith Jr,All seriousness we got like 7 guys capable of scoring 30 Luka Lebron Austin DeAndre Jake Rui Nick,Few_Prune_1436,37,0.96,2,False,False,https://reddit.com/r/lakers/comments/1onzzaj/i_seen_enough_trade_luka_reaves_and_build_around/,https://i.redd.it/854ftsntl6zf1.jpeg,lakers,POST GAME,False,i.redd.it,https://b.thumbs.redditmedia.com/G_BUhJfEZICWwlrFbGVp5R0JMZpGaU7sRNjZEOBYZ-s.jpg
1onzy3l,2025-11-04T06:08:02,"Lakers sources confirm that with the recent success of Laravia, Rui, Nick Smith Jr, and Ayton dominating teams, the Lakers are now more interested in potentially making big moves to secure players like Luka Doncic, Austin Reaves, and even Lebron James.",Reminds me of when they saw Luka do so well in Eurobasket they were more apt to spend picks and for difference makers. Can t believe this team is doing it with the 3rd string.,Jason-Smith168498,34,0.95,5,False,False,https://reddit.com/r/lakers/comments/1onzy3l/lakers_sources_confirm_that_with_the_recent/,https://www.reddit.com/r/lakers/comments/1onzy3l/lakers_sources_confirm_that_with_the_recent/,lakers,MEME,False,self.lakers,self
1onzwrd,2025-11-04T06:05:49,These new additions to the Lakers have been we might finally have legit depth when healthy,,imin2099,67,0.97,8,False,False,https://reddit.com/r/lakers/comments/1onzwrd/these_new_additions_to_the_lakers_have_been_we/,https://i.redd.it/tignvcbfl6zf1.jpeg,lakers,,False,i.redd.it,https://b.thumbs.redditmedia.com/pISH-tWf7Ar7dWAbS0CEXtIToLqswqA7fmGUUYadReQ.jpg
1onzv3p,2025-11-04T06:03:06,Funniest comment ive seen about this Portland game,,eloKraken,70,1.0,4,False,False,https://reddit.com/r/lakers/comments/1onzv3p/funniest_comment_ive_seen_about_this_portland_game/,https://i.redd.it/6xujd06xk6zf1.jpeg,lakers,MEME,False,i.redd.it,https://b.thumbs.redditmedia.com/fNknp-q7L5toBdLwPQXO5zPBNKkrFclqKUKvDmy7Juo.jpg
1oo1f00,2025-11-04T07:41:03,This to me is the most impressive win by the Lakers so far.,"You could argue the wolves game, but to me this is the most impressive since I think that this was the first game in a while where everybody that played tonight actually looked good. The worst minutes in my opinion from this game came from Vando, Hayes, and DK and they're actually weren't bad at all, it's just that everyone played very good minutes. No one in this game in my opinion had a negative impact. Negative impact in the sense of WHAT THE FUCK IS HE DOING, BENCH HIM ALREADY . The Lakers worst plays came from the Blazers full court press and at the end of the day, they were able to adjust and grind it out to take the W. Ggs",LJ_Three,6,1.0,4,False,False,https://reddit.com/r/lakers/comments/1oo1f00/this_to_me_is_the_most_impressive_win_by_the/,https://www.reddit.com/r/lakers/comments/1oo1f00/this_to_me_is_the_most_impressive_win_by_the/,lakers,TEAM TALK,False,self.lakers,self
1oo1e0p,2025-11-04T07:39:15,"If Bronny studies Marcus Smart, he could really level up his game","I feel like Bronny could develop into a Marcus Smart type player. The difference between his defense and offense is like day and night. On defense, he s locked in, you can see that he's confident, like he knows he can stop his man. But on offense, it s like he doubts himself more than anyone else. In today s game, once he started making a few solid defensive plays, he actually drove and dished nice passes to Ayton for easy buckets. He needs to build on that, learn as much as he can from Smart and stay aggressive.",dumb_n_broke_0,10,1.0,1,False,False,https://reddit.com/r/lakers/comments/1oo1e0p/if_bronny_studies_marcus_smart_he_could_really/,https://www.reddit.com/r/lakers/comments/1oo1e0p/if_bronny_studies_marcus_smart_he_could_really/,lakers,,False,self.lakers,self
1oo1e0o,2025-11-04T07:39:15,I LOVE THIS TEAM,,Financial-Monk9400,6,1.0,2,False,False,https://reddit.com/r/lakers/comments/1oo1e0o/i_love_this_team/,/r/lakers/comments/1on6k86/i_love_this_team/,lakers,POST GAME,False,,default
1oo1926,2025-11-04T07:30:00,What's your 9 man playoff rotation?,"LeBron, Luka, Reaves, Ayton, Rui, Smart, Smith, LaRavia. Missing one more 3 amp D player. Try to package Gabe, Vando, Kleber, Knecht, picks for it.",capmar,0,0.33,7,False,False,https://reddit.com/r/lakers/comments/1oo1926/whats_your_9_man_playoff_rotation/,https://www.reddit.com/r/lakers/comments/1oo1926/whats_your_9_man_playoff_rotation/,lakers,,False,self.lakers,self
1oo0z2b,2025-11-04T07:11:43,It s not crazy to say that Ayton as of right now is a top 5 center in the west,"Wemby, Jokic, sengun, and sabonis are all better, but then you can argue he s in the same category or better as Hartenstein, Lively, and Zubac. I think right now he s playing up to those three guys level or higher. Will it remain like this for the rest of the season? Maybe, maybe not, but it s not crazy to say he s top 5 right now",Past-Feeling-204,17,0.95,18,False,False,https://reddit.com/r/lakers/comments/1oo0z2b/its_not_crazy_to_say_that_ayton_as_of_right_now/,https://www.reddit.com/r/lakers/comments/1oo0z2b/its_not_crazy_to_say_that_ayton_as_of_right_now/,lakers,PLAYER TALK,False,self.lakers,self
1oo27ws,2025-11-04T08:34:22,Coaching staff appreciation post,Our players are playing great so far. But the kind of games we won. With this manu injuries don't happen without good coaching. This game kinda was proof for that as the game completely changed in the second half. We got a great coaching staff,Financial-Monk9400,21,1.0,1,False,False,https://reddit.com/r/lakers/comments/1oo27ws/coaching_staff_appreciation_post/,https://i.redd.it/aggei5fxb7zf1.jpeg,lakers,,False,i.redd.it,https://b.thumbs.redditmedia.com/qjrWVVHivyGkPntMGsy1b4nW0USQ8v0r4AhFDIWs3eY.jpg
1oo26jl,2025-11-04T08:31:43,Who the hell is number 20?!,,SCSA4life24,7,1.0,2,False,False,https://reddit.com/r/lakers/comments/1oo26jl/who_the_hell_is_number_20/,https://i.redd.it/06gw0kbgb7zf1.jpeg,lakers,MEME,False,i.redd.it,https://b.thumbs.redditmedia.com/hrQ70_nIidljDoDC3CTBIa1o36ixosROp1ZvlHaAo9k.jpg
1oo2265,2025-11-04T08:23:31,Again? Again? YES! YES! Nick Smith Jr hits his 5th 3 pointer of the night,,Virtual_Success5530,11,1.0,0,False,False,https://reddit.com/r/lakers/comments/1oo2265/again_again_yes_yes_nick_smith_jr_hits_his_5th/,https://v.redd.it/05rs9lit97zf1,lakers,HIGHLIGHTS,True,v.redd.it,https://external-preview.redd.it/YzJ5bmxtaXQ5N3pmMYWIUuOKUhQwRr1cFo6o3YT-JTHbRELQa9bZx5hkILAO.png?width=140&amp;height=78&amp;format=jpg&amp;auto=webp&amp;s=93fd4b61afdf7bfc387c0842ea1d36884278b2e9
1oo1x5w,2025-11-04T08:14:07,Austin Reaves Collage Art,"Art By ayo.talktomenice Austin Reaves scored a career high 51 points in a game on October 26, 2025, leading the Lakers to a 127 120 win over the Sacramento Kings. While the user asked about a 52 point game, his highest point total in a single game is 51, achieved with 11 rebounds and 9 assists. Career high scoring Reaves' 51 points is his current career high. Opponent The game was against the Sacramento Kings. Date The game took place on October 26, 2025. Statistics He also recorded 11 rebounds and 9 assists. Context The win was notable as it came without star players like LeBron James and Luka Doncic. Notable performance Reaves' performance included clutch free throws that secured the lead in the final seconds of the game.",SOFTESTOOTAH,8,1.0,1,False,False,https://reddit.com/r/lakers/comments/1oo1x5w/austin_reaves_collage_art/,https://i.redd.it/qsigx5bb87zf1.jpeg,lakers,FAN ART,False,i.redd.it,https://b.thumbs.redditmedia.com/f-1oyBAHEjw1BWozk6F4vBWDpHfFyHZBueQq4eWcmAo.jpg
1oo1qf1,2025-11-04T08:02:00,"Luka,Reeves,Rui,LeBron,Ayton is gonna be insane",,thehashishcinema,28,1.0,2,False,False,https://reddit.com/r/lakers/comments/1oo1qf1/lukareevesruilebronayton_is_gonna_be_insane/,https://i.redd.it/nizp5fj567zf1.png,lakers,,False,i.redd.it,https://b.thumbs.redditmedia.com/cduphfAYL6OJFtd42tN8uj-sBNGrV2V-LGvoHAvc6Xo.jpg
1oo4t0s,2025-11-04T11:19:07,Happy tears in my eyes,,porcelain-vanilla,17,1.0,1,False,False,https://reddit.com/r/lakers/comments/1oo4t0s/happy_tears_in_my_eyes/,https://i.redd.it/rq4547h658zf1.jpeg,lakers,,False,i.redd.it,https://a.thumbs.redditmedia.com/UHqVU0vNOwBK2xzVugnl_aLiKNb2RrIYHCt0g-2Uo18.jpg
1oo4hrd,2025-11-04T11:01:10,Nick Smith Jr. against the Blazers last night,,porcelain-vanilla,21,1.0,1,False,False,https://reddit.com/r/lakers/comments/1oo4hrd/nick_smith_jr_against_the_blazers_last_night/,https://i.redd.it/55um4fni18zf1.jpeg,lakers,,False,i.redd.it,https://b.thumbs.redditmedia.com/F9qX6jDfkM800yFIOgx5kRm-KM2VKU0mFgt3HChZ28g.jpg
1oo6a2n,2025-11-04T12:53:45,Austin Reaves for Bam Adebayo,This is monta ellis for andrew bogut part 2. Reaves is insane but he's gonna cost too much now that he's playing so well. I love our big 3 but their skills are redundant. Would you guys do this trade?,Tall-Key-9415,0,0.33,1,False,False,https://reddit.com/r/lakers/comments/1oo6a2n/austin_reaves_for_bam_adebayo/,https://www.reddit.com/r/lakers/comments/1oo6a2n/austin_reaves_for_bam_adebayo/,lakers,,False,self.lakers,self
1oo7cw4,2025-11-04T13:38:57,"Price Deandre Ayton says Lakers ability to win despite who's available starts with JJ JJ s not giving a crap who s out there, you know, he wants to play Laker basketball. JJ has been in this game for a while, so I think anything he says, we can trust it. And he s proven that point a few times.",,Puzzled_Plate294,23,1.0,5,False,False,https://reddit.com/r/lakers/comments/1oo7cw4/price_deandre_ayton_says_lakers_ability_to_win/,https://streamable.com/e76t4w,lakers,,False,streamable.com,https://external-preview.redd.it/VOZ9lYdwWGxMS1vnlXhDnCzEXoKh-DjFw8k15gGeULs.jpeg?width=140&amp;height=78&amp;auto=webp&amp;s=78bbdd13f4a1ece9a8313888d739a6a00ee5dd95
1oo6vde,2025-11-04T13:18:47,Hayes News,Anyone knows what happened to Hayes? I saw that he was injured but didn't see any updates. Is he out for a while or just last night? Can't imagine losing him too with Ayton potentially having back spasms.,anliony,5,1.0,2,False,False,https://reddit.com/r/lakers/comments/1oo6vde/hayes_news/,https://www.reddit.com/r/lakers/comments/1oo6vde/hayes_news/,lakers,NEWS,False,self.lakers,self
1oo6s0i,2025-11-04T13:14:56,Basketball in Japan is the fastest growing sport in terms of of domestic league popularity 8.9 in 2023 and in 2024 15.2 Japanese people have B league as their favourite sports league is Rui the reason for this or one of the reasons?,,Actual_Box7731,7,0.89,2,False,False,https://reddit.com/r/lakers/comments/1oo6s0i/basketball_in_japan_is_the_fastest_growing_sport/,https://i.redd.it/b864x2cqp8zf1.png,lakers,QUESTION,False,i.redd.it,https://b.thumbs.redditmedia.com/K9AaIsiiC-aYPmheLcQ6m9jAec5MX9WPtWNSSoRYmFk.jpg
1oo946w,2025-11-04T14:49:26,Lakers is leading the league in FG at 52.9,"Ayton is 6th at 65.1 Rui is 16th at 59.3 Jake is 19th at 58.5 Luka is 36th at 54.5 Reaves is 82th at 48.9 Honorable mention Hayes has 76.5 but didnt qualify, probably due to not having enough FGM",anyrotmg,7,1.0,1,False,False,https://reddit.com/r/lakers/comments/1oo946w/lakers_is_leading_the_league_in_fg_at_529/,https://i.redd.it/u6o9znjs39zf1.jpeg,lakers,STATS / ANALYTICS,False,i.redd.it,https://b.thumbs.redditmedia.com/0l-ATSRy0YY1cIzBT1TPWj-U_PHXW41I1kU5nGIs9yk.jpg
1oo8qhs,2025-11-04T14:34:24,Luka pre game hype,,WhenMachinesCry,11,0.92,1,False,False,https://reddit.com/r/lakers/comments/1oo8qhs/luka_pregame_hype/,https://v.redd.it/nrhe5ud049zf1,lakers,VIDEO,True,v.redd.it,https://external-preview.redd.it/bXpwNXA5cjU0OXpmMXOYlukNt0jTB2OO63rO2NiWEkrdljt6gBRXrhFgj-1y.png?width=140&amp;height=140&amp;format=jpg&amp;auto=webp&amp;s=b69dd74edd9470a79152417897e843bb63afcaf5
1oo8mon,2025-11-04T14:30:15,I'm a casual and new to all these. Was Darvin Ham that bad?,Background I don't really have ball knowledge although I played basketball in high school. I grew up watching the NBA but at one point of my life I stopped school demands etc . Now I'm back. I have seen a lot of hate on JJ. Now I see a lot of praises for him. I like him a lot but I want to know how is he better than Ham? I think JJ knows a lot about basketball theory and analytics but I would expect every coach to have such knowledge as well?,creamyglazed,15,1.0,22,False,False,https://reddit.com/r/lakers/comments/1oo8mon/im_a_casual_and_new_to_all_these_was_darvin_ham/,https://i.redd.it/buy39b2f39zf1.png,lakers,COACH,False,i.redd.it,https://b.thumbs.redditmedia.com/AJmy23zhmd9UxU_vwyO2pIZgiKGACARxeC6DPwgwrVA.jpg
1ooat8g,2025-11-04T15:53:54,"The Daily Trade Lebron Thread Let's be real, it's near impossible and not our best move","He's is entering the final year of his 52.6M deal, putting the Lakers at a crossroads between legacy and liquidity. Trading him could bring assets to build around Luka Doncic and Austin Reaves, but CBA hard cap rules and LeBron s no trade clause make it nearly impossible to execute cleanly. I would strongly argue that letting his deal expire is the move. This would free up cap space while allowing us to re sign Reaves to a market deal. The challenge is that we would only have the flexibility for this offseason, and the major free agents won t hit the market until 2027 when we'll be capped out again. That is why I think the actual move is to keep Lebron and hope he decides to play another season on an undermarket deal as a way to have one final hurrah next year with a more loaded roster.",kbucsb,0,0.2,5,False,False,https://reddit.com/r/lakers/comments/1ooat8g/the_daily_trade_lebron_thread_lets_be_real_its/,https://www.reddit.com/r/lakers/comments/1ooat8g/the_daily_trade_lebron_thread_lets_be_real_its/,lakers,,False,self.lakers,self
1ooar3z,2025-11-04T15:51:38,Salary cap question Is it possible to keep this team together next year?,"Yeah I know it's early but I've been wondering with all the Cap shenanigans, is it possible to keep this team next year? By that I mean all the starters free agents LBJ, AR, Dayton, Smart and Rui . I'm not an expert at cap, but unless Dayton and smart pick up their player options, or they take a discount equivalent to their cap hold, is it really gonna be Lebron or them? Rui is also a mystery but that depends more on if they do extend Dayton and Smart and give up on salary cap in 28 when Giannis, Jokic, KAT, etc are FA. What are your thoughts?",MartinZ99999,1,1.0,2,False,False,https://reddit.com/r/lakers/comments/1ooar3z/salary_cap_question_is_it_possible_to_keep_this/,https://www.reddit.com/r/lakers/comments/1ooar3z/salary_cap_question_is_it_possible_to_keep_this/,lakers,TEAM TALK,False,self.lakers,self
1ooabxy,2025-11-04T15:35:38,The Kings are expected to cut Isaac Jones. He would be a great depth addition on a two way contract,,Efficient-Split527,1,0.67,3,False,False,https://reddit.com/r/lakers/comments/1ooabxy/the_kings_are_expected_to_cut_isaac_jones_he/,/r/nba/comments/1oo9r55/charania_free_agent_precious_achiuwa_has_agreed/,lakers,,False,,default
1ooa7a8,2025-11-04T15:30:49,OC Advanced Analytics Is Ayton's Free Throw Production the Single Biggest Predictor for Lakers' Wins 2025 26 ?,"Hey r lakers , We've been running advanced correlation metrics on the early season performance of Deandre Ayton with the Lakers, and the results are surprisingly stark. Our analysis, visualized in the attached chart, points to a massive statistical link. The Core Finding The metric Points from Free Throws game for Deandre Ayton shows an extremely high correlation coefficient of r 0.85 with the team's Win Loss outcome. The 95 Confidence Interval is 0.26, 0.98 , confirming this is a robust finding even with a small sample size n 7 . Why this is significant 1. High Correlation An r 0.85 suggests that Ayton's aggressiveness leading to FTs is more critical to winning than many other conventional stats e.g., raw points or rebounds . 2. Visual Evidence In all games where Ayton's FT production exceeded his 0.86 Pts G average , the Lakers won. Both losses occurred when this number was severely depressed. Discussion Point Correlation vs. Causation This finding challenges the narrative that the 3 point shot is everything. While r 0.85 is powerful, we must ask Is the FT volume a cause Ayton drives aggressive play or a symptom The Lakers only play well enough to allow Ayton to be aggressive ? Could this simply be a small sample size anomaly, and the correlation will drop as n increases? What are your thoughts on this key performance indicator KPI becoming the single biggest analytical predictor for a Big Man? Data Source This analysis was run using the Data4Basket predictive modeling application. CTA for those interested in data driven debates You can review the underlying stats and run custom correlations on any player here Data4Basket AdvancedStats NBADebate DataAnalytics Lakers DeandreAyton",data4basket,0,0.5,1,False,False,https://reddit.com/r/lakers/comments/1ooa7a8/oc_advanced_analytics_is_aytons_free_throw/,https://i.redd.it/vzr9r7b5e9zf1.png,lakers,PLAYER TALK,False,i.redd.it,https://b.thumbs.redditmedia.com/-TdOea_hnH8chc8INaRyazUSsRN_aK8JNvj2tbFuMTI.jpg
1oo9fe5,2025-11-04T15:01:33,Daily Lakers Discussion Thread,Lakers season is back! Talk about whatever you want.,AutoModerator,2,1.0,22,False,True,https://reddit.com/r/lakers/comments/1oo9fe5/daily_lakers_discussion_thread/,https://www.reddit.com/r/lakers/comments/1oo9fe5/daily_lakers_discussion_thread/,lakers,,False,self.lakers,self
1oobuuq,2025-11-04T16:31:53,Tough Schedule,Does it feel like the lakers have one of the toughest schedules in the league so far? They ve already played 8 games where everybody else is at 6 or 7 and they ve already had multiple back to backs.. We got a big test coming up against the spurs on Wednesday and it feels pretty favored for Spurs with them having 2 days of rest. Maybe having momentum will work in our favor tho ?,Akricter73,2,1.0,8,False,False,https://reddit.com/r/lakers/comments/1oobuuq/tough_schedule/,https://www.reddit.com/r/lakers/comments/1oobuuq/tough_schedule/,lakers,TEAM TALK,False,self.lakers,self
1oobk59,2025-11-04T16:20:58,How many of these players end up playing tmrw?,"I know there s that joke that everyone is injured but when it s time to play the Lakers they lace up, I m curious who you guys think ends up playing. I m leaning towards Kornet at least, but would like to see Fox even if its just on a minute restriction",TheForexHokage,3,0.8,14,False,False,https://reddit.com/r/lakers/comments/1oobk59/how_many_of_these_players_end_up_playing_tmrw/,https://i.redd.it/6obk2586n9zf1.jpeg,lakers,,False,i.redd.it,https://b.thumbs.redditmedia.com/Xr4XqtAgzudPTfnq8M8dHRZIQALnlNDEm-jxbnobP3Y.jpg
1oobcff,2025-11-04T16:13:10,WHO IS NUMBER TWELVE,,epicdadvibes,21,0.92,4,False,False,https://reddit.com/r/lakers/comments/1oobcff/who_is_number_twelve/,https://i.redd.it/n207ll8sl9zf1.jpeg,lakers,PLAYER TALK,False,i.redd.it,https://b.thumbs.redditmedia.com/53HZayl4ZJzA86AY0RoM0N52ueJ-hGyYDVzcLaGTczc.jpg
1oob0zi,2025-11-04T16:01:41,"Mavericks owner Patrick Dumont Trading Luka Doncic was a decision about the future. We got to the 'championship games', and we didn't win. So, we had to decide how to get better.",,Pristine_Hurry_4693,9,0.77,42,False,False,https://reddit.com/r/lakers/comments/1oob0zi/mavericks_owner_patrick_dumont_trading_luka/,https://streamable.com/1jx7od,lakers,,False,streamable.com,https://external-preview.redd.it/m5YxZzp0zWGPrYcuExtkzTXKBwkZHqcbS-r1y8c5Oe4.jpeg?width=140&amp;height=83&amp;auto=webp&amp;s=818509a275bbf6c4cef0c44c31af3cd3f808819f
1oodf13,2025-11-04T17:28:23,Luka Doncic Is Making Foul Drawing An Art!,Most Fouls Drawn Per Game In The 2025 26 NBA Regular Season Min. 4 Games Played 1. Luka Doncic 9.8 2. Giannis Antetokounmpo 8.8 3. Victor Wembanyama 8.5 4. Shai Gilgeous Alexander 7.4 4. Zion Williamson 7.4 6. Trae Young 7.2 7. Austin Reaves 7.0 7. Devin Booker 7.0 9. Keyonte George 6.9 10. Paolo Banchero 6.7,Stat-Defender,0,0.25,1,False,False,https://reddit.com/r/lakers/comments/1oodf13/luka_doncic_is_making_fouldrawing_an_art/,https://i.redd.it/z2kd2p67z9zf1.jpeg,lakers,,False,i.redd.it,https://b.thumbs.redditmedia.com/kw5Z_XY_0ELy8Un-CTtxECEr_USO7YZHJM62FYqb7io.jpg
1oocrht,2025-11-04T17:04:57,"Lakers social media motion is insane, Jake Laravia before joining Lakers had less than 25k followers, hes at 117k now and will be 200k very soon lol instagram .",,Actual_Box7731,122,0.99,10,False,False,https://reddit.com/r/lakers/comments/1oocrht/lakers_social_media_motion_is_insane_jake_laravia/,https://i.redd.it/pf6dxfstu9zf1.png,lakers,SOCIAL MEDIA,False,i.redd.it,https://b.thumbs.redditmedia.com/Fp6xP4sgtM0eB3WfOJTjwZcbqBrVKY6xDYP6ATZgWcA.jpg
1oohkra,2025-11-04T19:59:38,when should we trade lediddy?,"im thinking in a few days would be good, but at the same time we might need a good player like draymond green. we could also get kyrie which is an option.",Generalcmd,0,0.5,0,False,False,https://reddit.com/r/lakers/comments/1oohkra/when_should_we_trade_lediddy/,https://www.reddit.com/r/lakers/comments/1oohkra/when_should_we_trade_lediddy/,lakers,,False,self.lakers,self
1ooh4wd,2025-11-04T19:43:15,Aged like fine wine. Coach JJ on AR and Rui s expectations during his introductory press conference 2024 . Lakers made the WCF and are currently 3 in the West 6 2,,MamiTarantina,4,1.0,1,False,False,https://reddit.com/r/lakers/comments/1ooh4wd/aged_like_fine_wine_coach_jj_on_ar_and_ruis/,https://v.redd.it/he09u0l5nazf1,lakers,VIDEO,True,v.redd.it,https://external-preview.redd.it/Y3kxZjB4ZzVuYXpmMRf6bR3rHFhLU7sg_mUV04E51Cq0tRpfdodVuwTRPZwM.png?width=140&amp;height=77&amp;format=jpg&amp;auto=webp&amp;s=2b51a718fd0b18211ec45bb7bf86c6ec4593304d
1oogxey,2025-11-04T19:35:19,Rui and Jaxson messing with AD during his stretches before their Pre season game,Was scrolling on tik tok and came across this video that was posted on the official NBA account. I love that AD still has a good relationship with the guys despite how he may feel towards the front office. I hope he's available when we play them at home later this month. Should be a fun game,CtrlAltDelightfull,17,1.0,2,False,False,https://reddit.com/r/lakers/comments/1oogxey/rui_and_jaxson_messing_with_ad_during_his/,https://v.redd.it/kz9xbcc8lazf1,lakers,,True,v.redd.it,https://external-preview.redd.it/ODN1ejk1aHZrYXpmMTLcX68DUhYMLqm3az41ImezWHeg-c8OQPFoUSZzprFp.png?width=140&amp;height=140&amp;format=jpg&amp;auto=webp&amp;s=c2b04bbc6ce4d6cc7cc28ce0946f936aeddc8274
1oogcq1,2025-11-04T19:14:09,I m sorry but .,We need to trade Lebron. I feel it s so obvious how well the squad plays without him at this point. If we throw him back into the mix I feel it will throw off our team chemistry. Anyone else been feeling the same?,DCLXXII,0,0.19,42,False,False,https://reddit.com/r/lakers/comments/1oogcq1/im_sorry_but/,https://i.redd.it/um0pvjg2iazf1.jpeg,lakers,PLAYER TALK,False,i.redd.it,https://b.thumbs.redditmedia.com/070H2sskwTf3mbZhH8o4U-48docDNI2OAWLA3igAh9M.jpg
1ookgs4,2025-11-04T21:50:56,Rui Hachimura is Top 5 in True Shooting among all players with 100 points this season. He s a PROBLEM.,,denobino,10,1.0,2,False,False,https://reddit.com/r/lakers/comments/1ookgs4/rui_hachimura_is_top_5_in_true_shooting_among_all/,https://i.redd.it/kwe0fuhh9bzf1.png,lakers,STATS / ANALYTICS,False,i.redd.it,https://b.thumbs.redditmedia.com/h5yy6Bv9jBS5OWuXtq2SLKwDsPnbV9F6YoH5ViygMzA.jpg
1ook5qg,2025-11-04T21:39:08,What is not Knecht ing?,This is not a shit on Knect post. I was just wondering what seems to be the problem with his game mins. I know he needs to be better on the defensive side of the court. I feel like he looks for his own shot a bit too much but he is solid. What are yah thoughts?,More_Ad_9154,0,0.5,11,False,False,https://reddit.com/r/lakers/comments/1ook5qg/what_is_not_knechting/,https://www.reddit.com/r/lakers/comments/1ook5qg/what_is_not_knechting/,lakers,PLAYER TALK,False,self.lakers,self
1oojyts,2025-11-04T21:32:07,Is it crazy that I can genuinely see ALL of these happening?,,denobino,29,1.0,20,False,False,https://reddit.com/r/lakers/comments/1oojyts/is_it_crazy_that_i_can_genuinely_see_all_of_these/,https://i.redd.it/6hkw9ken6bzf1.png,lakers,TEAM TALK,False,i.redd.it,https://b.thumbs.redditmedia.com/VIB-MnigTxW6UNdrRjduzvbygAocPOVYoIepmf5nVPo.jpg
1oojtdr,2025-11-04T21:26:45,Trying to pick the better seats,"Hey! I'm taking my son to his first NBA game when we visit LA in February. I can get seats either center court in the 300s section 301 row 5 , or on the corner in the 200s 206 row 2 for similar cost. I'm wondering which to get, and open to opinions. I've never been to Crypto Arena before. Thanks!",IndependentMood150,2,1.0,0,False,False,https://reddit.com/r/lakers/comments/1oojtdr/trying_to_pick_the_better_seats/,https://www.reddit.com/r/lakers/comments/1oojtdr/trying_to_pick_the_better_seats/,lakers,,False,self.lakers,self
1oom03o,2025-11-04T22:49:41,"Weiss Spurs' De'Aaron Fox and Luke Kornet remain out tomorrow against the Lakers. Dylan Harper will be out with a calf strain. Kelly Olynyk, Lindy Waters, and Jeremy Sochan will be evaluated after practice or shoot around tomorrow",,WayAdministrative679,4,1.0,3,False,False,https://reddit.com/r/lakers/comments/1oom03o/weiss_spurs_deaaron_fox_and_luke_kornet_remain/,https://i.redd.it/lj9wqf5wrazf1.jpeg,lakers,GAME,False,i.redd.it,https://b.thumbs.redditmedia.com/zitMTwSeI1EslCuY8FhisuKh_L8a4Wx7dxuYRgIT9YU.jpg
1ooltql,2025-11-04T22:42:44,I made a JJ jersey amp wore it to the last home game where he went clipboard ballistic and got us back on track. This huge road win reminded me I should post it. JJ is getting COTY.,"I felt a calling to coach. Part of that is that I m just a sicko and I m a masochist and I want to sign up for high stakes, high pressure. Ayton saying JJ doesnt give a shit who's out there, we can win playing Laker basketball is a championship attitude that has trickled down to everyone and it is showing. Had to graphic design J's that look like the numbers to make this one work. Got another custom one coming soon.",Jason-Smith168498,5,0.86,1,False,False,https://reddit.com/r/lakers/comments/1ooltql/i_made_a_jj_jersey_wore_it_to_the_last_home_game/,https://i.redd.it/vkdd3fu9jbzf1.jpeg,lakers,,False,i.redd.it,https://b.thumbs.redditmedia.com/PN3esDE-H09E3wKjb4AovbYi2m-NGOKnpK2f91r0CeQ.jpg
1oolmcj,2025-11-04T22:34:57,"Trade Dalton, Gabe, and a pick for Ja, make Ja Play the 3 ,Yolo",,thehashishcinema,0,0.19,9,False,False,https://reddit.com/r/lakers/comments/1oolmcj/trade_dalton_gabe_and_a_pick_for_ja_make_ja_play/,https://i.redd.it/kjye8d9whbzf1.png,lakers,MEME,False,i.redd.it,https://b.thumbs.redditmedia.com/Akv0bE0zXSYc8VPe8HcPz5gBmx0tnpzxIUNeg6tEvNg.jpg
1op4o73,2025-11-05T14:41:40,"Klay Thompson The first thing I told Luka when we met, I was like 'I knew you were gonna be special.' Because he brought Kobe out of the house to go watch him play. That was a cool moment.",,WhenMachinesCry,29,1.0,5,False,False,https://reddit.com/r/lakers/comments/1op4o73/klay_thompson_the_first_thing_i_told_luka_when_we/,https://i.redd.it/96hgxibbagzf1.png,lakers,,False,i.redd.it,https://b.thumbs.redditmedia.com/xRJDcSIOtrPMNh-dxxsQRS4gO4vAcYo66JSv72NW7yE.jpg
1op3s7o,2025-11-05T14:06:25,Luka magic against Wemby,"This was on opening night last year. Mavs won 120 109, Luka had 28 10 8, Wemby 17 9 1.",ph4NC,113,1.0,21,False,False,https://reddit.com/r/lakers/comments/1op3s7o/luka_magic_against_wemby/,https://v.redd.it/dkc9e6lekezf1,lakers,LUKA MAGIC,True,v.redd.it,https://external-preview.redd.it/dnIzNzU2bGVrZXpmMchN2iz0MGZhpzqyv0S4q08JcBBEKLptiaaXmyK1oZHr.png?width=140&amp;height=140&amp;format=jpg&amp;auto=webp&amp;s=827ca83f0450f35c18b08037fed6af322ba1e676
1ooz9lf,2025-11-05T10:24:16,Who could they get in 2026 FA?,"Any good choices? Or is it 2027 or bust? Also can they pay Ayton, Nick and Reaves at the same time? If Ayton works out long term, of course.",friskyel,0,0.43,7,False,False,https://reddit.com/r/lakers/comments/1ooz9lf/who_could_they_get_in_2026_fa/,https://www.reddit.com/r/lakers/comments/1ooz9lf/who_could_they_get_in_2026_fa/,lakers,TEAM TALK,False,self.lakers,self
1oowz44,2025-11-05T07:55:05,Time flies man,,imin2099,119,0.95,20,False,False,https://reddit.com/r/lakers/comments/1oowz44/time_flies_man/,https://i.redd.it/fdtzb2wt9ezf1.jpeg,lakers,,False,i.redd.it,https://b.thumbs.redditmedia.com/aj1mWSjtw8VOPT4Rzf5jnHCzxLU6m05jbetBt1ts4_E.jpg
1oowoy8,2025-11-05T07:36:29,It all makes sense,,Goddddammnnn,94,0.93,17,False,False,https://reddit.com/r/lakers/comments/1oowoy8/it_all_makes_sense/,https://i.redd.it/3xtevd9i6ezf1.jpeg,lakers,,False,i.redd.it,https://a.thumbs.redditmedia.com/yeLsItSiMmFTvINg61FJAj_Ij8AcchSm40K2rRi8D20.jpg
1oov5eu,2025-11-05T06:00:27,"Wembanyama on Luka Luka is one of the hardest players to scout, because he understands and masters the game more than anyone else. I don t think I ve ever won against him.",,Kang_Burger,610,0.99,61,False,False,https://reddit.com/r/lakers/comments/1oov5eu/wembanyama_on_luka_luka_is_one_of_the_hardest/,https://v.redd.it/50f4fh5dpdzf1,lakers,VIDEO,True,v.redd.it,https://external-preview.redd.it/OGZxMTIzY2RwZHpmMV29gOqURShsl_rAiKstBc5v0Y1YNuDyfPI8a5Z4Sau4.png?width=140&amp;height=140&amp;format=jpg&amp;auto=webp&amp;s=65b76241742a97f86e9caf708e0badd0b4592591
1oouuba,2025-11-05T05:42:14,The team is off to an awesome start and we're still trying to trade away 1 4 of the team,"Never change, Lakers Nation, never change.",DelaRoad,44,0.84,22,False,False,https://reddit.com/r/lakers/comments/1oouuba/the_team_is_off_to_an_awesome_start_and_were/,https://i.redd.it/zj9o0b6pldzf1.png,lakers,,False,i.redd.it,https://b.thumbs.redditmedia.com/0NF2VG7sM7QlHseRdsITsCtwOcEa8PorRCUAp8MfF3I.jpg
1oourwm,2025-11-05T05:38:18,I think Austin Reaves agent wasn t capping about this Austin on a tear to start the year,,ktran2804,137,1.0,25,False,False,https://reddit.com/r/lakers/comments/1oourwm/i_think_austin_reaves_agent_wasnt_capping_about/,https://i.redd.it/it8mvocfldzf1.jpeg,lakers,,False,i.redd.it,https://b.thumbs.redditmedia.com/-n2bTP5eji_roNh5g-OVSEYA-MNEgRZiczebNFEYIgY.jpg
1ooud0g,2025-11-05T05:15:06,"going to my first game tomorrow, anyone have any tips?","I got tickets for my dad s birthday and we re both going tomorrow. Does anyone have any quick tips or hacks to do, like regarding parking or good eats inside crypto arena. Or good drinks you guys know inside, thank you guys it really appreciated",TheForexHokage,23,0.91,9,False,False,https://reddit.com/r/lakers/comments/1ooud0g/going_to_my_first_game_tomorrow_anyone_have_any/,https://www.reddit.com/r/lakers/comments/1ooud0g/going_to_my_first_game_tomorrow_anyone_have_any/,lakers,,False,self.lakers,self
1oot7yt,2025-11-05T04:14:35,Wemby with high praise for Luka!,Luka is 4 0 against Wemby and hopefully he keeps building on it and this could be the rivalry that defines the next decade of the NBA! via Sports Condensed,boomer9745,254,0.98,30,False,False,https://reddit.com/r/lakers/comments/1oot7yt/wemby_with_high_praise_for_luka/,https://i.redd.it/8yshe1mh6dzf1.jpeg,lakers,,False,i.redd.it,https://b.thumbs.redditmedia.com/Zpgu-O2YoM_xFUxFkC5AdVKFeZLDVO7C2FObMF9tfAk.jpg
1oorstc,2025-11-05T03:04:55,San Miguel Yaamava Club,"Hello! So a quick question for anyone who has sat in the TB section at Crypto.com Arena. I have tickets that are listed as GA tickets to a table lighted up seats for tomorrows game. These seats are accessed through the San Miguel Yaamava Club, I know if you pay to get in you get access to the all you can eat buffet and bar. I was wondering if you need to purchase at the door to access these perks or if it s included with these tickets. Can t find any info anywhere and worried I d have to pay extra to get to my seats.",ElderberryUnique7429,1,0.57,0,False,False,https://reddit.com/r/lakers/comments/1oorstc/san_miguel_yaamava_club/,https://www.reddit.com/r/lakers/comments/1oorstc/san_miguel_yaamava_club/,lakers,,False,self.lakers,self
1oorg5j,2025-11-05T02:48:18,Who's is your favorite Lakers role player as to right now?,No Reaves or Ayton. I would have to go with Vanderbilt or Smart,Few_Prune_1436,93,0.98,76,False,False,https://reddit.com/r/lakers/comments/1oorg5j/whos_is_your_favorite_lakers_role_player_as_to/,https://i.redd.it/m9vny3osqczf1.jpeg,lakers,QUESTION,False,i.redd.it,https://b.thumbs.redditmedia.com/a5cDSrA7U4DSn3L49EKeH_Z43Dg_GcU5AtJptboxtwU.jpg
1oor2zk,2025-11-05T02:31:01,Many people don't know Luka's reaction on the splitscreen during this game was not broadcast to the stadium crowd. When the Mavs fans saw his face the whole attitude in the arena changed. So did I.,Link to the tribute Luka like Dirk was loyal. That's the reason I'm a Laker fan now. This entire tribute was a slap to the face to the fans that supported the franchise. I still don't understand how present day fans got over it.,slazzeredbbqsauce,741,0.98,91,False,False,https://reddit.com/r/lakers/comments/1oor2zk/many_people_dont_know_lukas_reaction_on_the/,https://i.redd.it/vhw34xi0oczf1.jpeg,lakers,PLAYER TALK,False,i.redd.it,https://b.thumbs.redditmedia.com/SCYJOCJyf5vPTMtKbsRBvmoMNK3Es-EuNpU7VwH0uws.jpg
1ooqb7a,2025-11-05T01:55:33,The Lakers Are On A Whole Another Level Offensively This Season!,Teams With The Best True Shooting Percentage TS In The 2025 26 NBA Regular Season 1. Los Angeles Lakers 63.2 2. Milwaukee Bucks 62.9 3. Denver Nuggets 62.6 4. Houston Rockets 61.6 5. Miami Heat 61.5 6. Chicago Bulls 61.4 7. Minnesota Timberwolves 61.0 8. Charlotte Hornets 60.9 9. Los Angeles Clippers 60.8 10. Philadelphia 76ers 60.7 10. Golden State Warriors 60.7,Stat-Defender,137,0.98,17,False,False,https://reddit.com/r/lakers/comments/1ooqb7a/the_lakers_are_on_a_whole_another_level/,https://i.redd.it/wsbts4mohczf1.jpeg,lakers,,False,i.redd.it,https://b.thumbs.redditmedia.com/bqhmk5tBeqMP5c5U14pDz36ND-BU8vl4qlvYB6tDNYs.jpg
1ooq6qs,2025-11-05T01:50:05,"The Lakers are scoring 1.19 PPP on PNR handler plays to start the season. In the last decade, the best team PPP on PNR handler plays was the 2022 23 Mavs at 1.03",,WayAdministrative679,97,1.0,14,False,False,https://reddit.com/r/lakers/comments/1ooq6qs/the_lakers_are_scoring_119_ppp_on_pnr_handler/,https://i.redd.it/vpobymengczf1.png,lakers,STATS / ANALYTICS,False,i.redd.it,https://b.thumbs.redditmedia.com/V9hJOonMOSTIeNk0Y2OxUDnRMj4Q-HItGwromRotzLA.jpg
1ooq46w,2025-11-05T01:46:56,Reaves MIP,,Comprehensive-Ad6687,110,0.97,25,False,False,https://reddit.com/r/lakers/comments/1ooq46w/reaves_mip/,https://i.redd.it/j7d6mp75gczf1.jpeg,lakers,,False,i.redd.it,https://b.thumbs.redditmedia.com/4IwO7moJhyRvW8tXTsOgu7J09mzMTz7UQtppp6JtKgI.jpg
1oopuum,2025-11-05T01:35:19,Most points scored,,Maleficent-Slip8354,12,0.88,3,False,False,https://reddit.com/r/lakers/comments/1oopuum/most_points_scored/,https://youtube.com/shorts/cWNVNv23O3M?si=ZEmCUypKADptizF2,lakers,,False,youtube.com,https://external-preview.redd.it/Z7MA_FCWZhrRPciQzZa-rHq6eJd2iFkVeB62sS6QBto.jpeg?width=140&amp;height=105&amp;auto=webp&amp;s=a71e279a4cf2ea9cbf9f1f932c909d31f45d2b9a
1ooptqb,2025-11-05T01:33:47,Remember the doom when we missed out on Beal and Chris Paul?,"Still remember how Clippers were said to have won the offseason and that they were ranked considerably higher than us on the preseason power ranking. Now Chris Paul is wasting his final year, and Beal is just a peripheral player. This is just a reminder that roster construction isn't just about getting the bigger names, but also requires a balance of hunger, youth and athleticism. Nick and Bronny demonstrate that.",xuedad,23,0.72,33,False,False,https://reddit.com/r/lakers/comments/1ooptqb/remember_the_doom_when_we_missed_out_on_beal_and/,https://www.reddit.com/r/lakers/comments/1ooptqb/remember_the_doom_when_we_missed_out_on_beal_and/,lakers,TEAM TALK,False,self.lakers,self
1oopsfm,2025-11-05T01:32:02,Michael Ade Ojo on Instagram What s my name. Ft. jakelaravia,,Turbulent_Emu_7285,12,1.0,0,False,False,https://reddit.com/r/lakers/comments/1oopsfm/michael_ade_ojo_on_instagram_whats_my_name_ft/,https://www.instagram.com/reel/DQmtc0xks9n/?igsh=NTc4MTIwNjQ2YQ==,lakers,SOCIAL MEDIA,False,instagram.com,default
1oop4yu,2025-11-05T01:02:21,"Reaves questionable for the Lakers tomorrow, Hayes probable. Luka is back",,Turbostrider27,462,0.99,95,False,False,https://reddit.com/r/lakers/comments/1oop4yu/reaves_questionable_for_the_lakers_tomorrow_hayes/,https://i.redd.it/x9zy8cu68czf1.jpeg,lakers,,False,i.redd.it,https://b.thumbs.redditmedia.com/-_DTee9rJGAQWc9Ic8VrXGviuo1xxy5u815R9NYlObs.jpg
1ooohyl,2025-11-05T00:34:13,How to scare a Lakers fan,,VGstuffed,330,0.97,30,True,False,https://reddit.com/r/lakers/comments/1ooohyl/how_to_scare_a_lakers_fan/,https://i.redd.it/nol13bd63czf1.jpeg,lakers,MEME,False,i.redd.it,nsfw
1oooeil,2025-11-05T00:29:58,Luka pranking Maxi and Jaxson,,rosiros,761,1.0,31,False,False,https://reddit.com/r/lakers/comments/1oooeil/luka_pranking_maxi_and_jaxson/,https://v.redd.it/r1wlr9oe2czf1,lakers,,True,v.redd.it,https://external-preview.redd.it/ZW9zdW85MWYyY3pmMSVqYKOzJsA4b-RJOiFVL9k4W3ozNqNgypwlucouLp9o.png?width=140&amp;height=140&amp;format=jpg&amp;auto=webp&amp;s=7f775ccf1885ec4a594787cc9de8ed2b4b6ae41d
1ooobpi,2025-11-05T00:26:32,Holy Shit it's LeBron!,,DeKal760,120,0.96,10,False,False,https://reddit.com/r/lakers/comments/1ooobpi/holy_shit_its_lebron/,https://v.redd.it/jid4oyr49bzf1,lakers,,False,v.redd.it,https://external-preview.redd.it/LIxsCsfIJDtbHu-VCOkaoM6YiCYW0Dy0Znx0jGLNgic.png?width=140&amp;height=73&amp;auto=webp&amp;s=d2ae226227eab85cf90044e1f79ef685e85b238d
1oonp05,2025-11-04T23:59:38,Ayton on instagram,,Beautiful-Cress5695,3263,0.98,197,False,False,https://reddit.com/r/lakers/comments/1oonp05/ayton_on_instagram/,https://i.redd.it/2ucygn70xbzf1.jpeg,lakers,,False,i.redd.it,https://b.thumbs.redditmedia.com/poxGv0jMXQs6qHbAuAgaCR2IwsWNxSY9wCxz-mtJgjI.jpg
1oomsuy,2025-11-04T23:21:15,Should the LAL extend a full contract to Smith Jr?,"like the title says, should they extend smith jr just based on last night's performance or wait for outings or hold off to see if they can use the roster spot closer towards the trade deadline?",Serious-Wish4868,0,0.44,29,False,False,https://reddit.com/r/lakers/comments/1oomsuy/should_the_lal_extend_a_full_contract_to_smith_jr/,https://www.reddit.com/r/lakers/comments/1oomsuy/should_the_lal_extend_a_full_contract_to_smith_jr/,lakers,,False,self.lakers,self
1oomrwq,2025-11-04T23:20:13,lakers got DAWGS,,newgodpho,165,1.0,9,False,False,https://reddit.com/r/lakers/comments/1oomrwq/lakers_got_dawgs/,https://v.redd.it/dymap4ospbzf1,lakers,HIGHLIGHTS,True,v.redd.it,https://external-preview.redd.it/ZDI3d2lwYnNwYnpmMZtbgGCx9prqTeuEP3qZrjoEJ16t-quUoGCvndMjWyUe.png?width=140&amp;height=77&amp;format=jpg&amp;auto=webp&amp;s=f3d166287c46d99bf49f497ef45eec2736ec8fdc
1op56yi,2025-11-05T15:02:03,Daily Lakers Discussion Thread,Lakers season is back! Talk about whatever you want.,AutoModerator,3,1.0,10,False,True,https://reddit.com/r/lakers/comments/1op56yi/daily_lakers_discussion_thread/,https://www.reddit.com/r/lakers/comments/1op56yi/daily_lakers_discussion_thread/,lakers,,False,self.lakers,self
1op81nb,2025-11-05T16:48:08,What gold and purple threads do to you,,MamiTarantina,24,0.96,3,False,False,https://reddit.com/r/lakers/comments/1op81nb/what_gold_and_purple_threads_do_to_you/,https://i.redd.it/x1i98mixwgzf1.jpeg,lakers,PLAYER TALK,False,i.redd.it,https://a.thumbs.redditmedia.com/7FktPBhJaECGjCdiHvh84GdHGgbNM7oGoHXajWjI9c8.jpg
1opbkte,2025-11-05T18:52:42,Luka Doncic amp Austin Reaves TROLLING Each Other and the Lakers for 5 MINUTES and 43s STRAIGHT!,"they re besties, your honor the vibes have never been more immaculate video credit JSM Clips on youtube",notebookhoarder,3,1.0,0,False,False,https://reddit.com/r/lakers/comments/1opbkte/luka_doncic_austin_reaves_trolling_each_other_and/,https://youtu.be/sT1s8C3mmkw?si=rj1uZq9dfvg27fQ-,lakers,,False,youtu.be,https://external-preview.redd.it/EEm7Tn2siC3AAFo-8gD7LV6WomcADoqYYq5RUNxRKcE.jpeg?width=140&amp;height=105&amp;auto=webp&amp;s=2a2e5a00c97d008cab09a5bd1f87df65d29e0f5c
1opd01z,2025-11-05T19:44:19,Austin QUESTIONABLE was a full participant in today's shoot around while Luka trash talked him in the background,,CtrlAltDelightfull,25,1.0,1,False,False,https://reddit.com/r/lakers/comments/1opd01z/austin_questionable_was_a_full_participant_in/,https://streamable.com/j521ir,lakers,,False,streamable.com,https://external-preview.redd.it/kzGi9wCJm4mgWEBFwgSXdSh8P2HY4TDFlvIU6Fs1_ik.jpeg?width=140&amp;height=78&amp;auto=webp&amp;s=36f743dde3e4ae12a4ac5ad74b1947b368723052
1opct2g,2025-11-05T19:37:11,How y'all feeling about tonight's game?,"I'm using the Real App and as of right now, AR is looking questionable by groin injury, Hayes probable with his ankle, and of course bron still being out. Then Spurs got a few more injuries but still got wemby and castle.",badlymage,2,1.0,9,False,False,https://reddit.com/r/lakers/comments/1opct2g/how_yall_feeling_about_tonights_game/,https://www.reddit.com/r/lakers/comments/1opct2g/how_yall_feeling_about_tonights_game/,lakers,,False,self.lakers,self
1opcdk7,2025-11-05T19:21:36,Possible to trade for herb jones?,"He s having a down year right now and if we can trade low for him, I think a lineup of Luka, reaves, herb, bron and ayton with rui, smart, Laravia and hayes and Vando can actually compete for it all",ProfessionalCat2770,1,0.67,20,False,False,https://reddit.com/r/lakers/comments/1opcdk7/possible_to_trade_for_herb_jones/,https://www.reddit.com/r/lakers/comments/1opcdk7/possible_to_trade_for_herb_jones/,lakers,,False,self.lakers,self
1opbss0,2025-11-05T19:00:49,Making NBA History,"The Los Angeles Lakers became the first NBA team with six different 25 point scorers over a two game span, achieving this feat in November 2025. The six players were Austin Reaves, Luka Doncic, Jake LaRavia, Deandre Ayton, Rui Hachimura, and Nick Smith Jr. Players and points Austin Reaves 28 Luka Doncic 29 Jake LaRavia 25 Deandre Ayton 29 Rui Hachimura 28 Nick Smith Jr. 25",Turbulent_Emu_7285,190,1.0,20,False,False,https://reddit.com/r/lakers/comments/1opbss0/making_nba_history/,https://i.redd.it/iup2ib75khzf1.jpeg,lakers,STATS / ANALYTICS,False,i.redd.it,https://b.thumbs.redditmedia.com/U0gD0_DK64mAlpBrconQSH7Z7Qp3TlyqLcBPJznDyIw.jpg
1opezxi,2025-11-05T20:58:06,Kessler out for season,Gotta hand it to Rob Pelinka man must have a crystal ball. He saw it coming before the MRI did. Wishing Kessler a smooth and speedy recovery though never fun seeing anyone go down like that.,Ok_Dealer_8484,0,0.5,1,False,False,https://reddit.com/r/lakers/comments/1opezxi/kessler_out_for_season/,https://www.reddit.com/r/lakers/comments/1opezxi/kessler_out_for_season/,lakers,,False,self.lakers,self
1opefep,2025-11-05T20:36:57,When your coach is handsome,,Turbulent_Emu_7285,21,1.0,4,False,False,https://reddit.com/r/lakers/comments/1opefep/when_your_coach_is_handsome/,https://i.redd.it/6ancf00i1izf1.jpeg,lakers,,False,i.redd.it,https://b.thumbs.redditmedia.com/K9xlvqqb4VBY888pQPp6WtcSXVmaGqrz9UBDt3w8LrA.jpg
1opdzyw,2025-11-05T20:21:14,"Austin Reaves has been downgraded to OUT, Jaxson Hayes upgraded to AVAILABLE",,CtrlAltDelightfull,182,0.99,41,False,False,https://reddit.com/r/lakers/comments/1opdzyw/austin_reaves_has_been_downgraded_to_out_jaxson/,https://i.redd.it/s6f0h18yyhzf1.jpeg,lakers,,False,i.redd.it,https://b.thumbs.redditmedia.com/VOh36XcN5HrNRxz0z_GEeqoBtQcw6pjLINxP1wZbxvo.jpg
1opg6ds,2025-11-05T21:41:10,This was posted on Mavs Page,"For some reason, I think that Nico still doesn t see it. These numbers are pretty staggering when you see them side by side. Wasn t he afraid that Luka would only just be injured all the time?",YogurtclosetDizzy693,13,0.93,8,False,False,https://reddit.com/r/lakers/comments/1opg6ds/this_was_posted_on_mavs_page/,https://i.redd.it/tnno5cp7dizf1.jpeg,lakers,PLAYER TALK,False,i.redd.it,https://b.thumbs.redditmedia.com/7uWj4e9P0MFA2N-xXv7GouHuhhelSFHETwaz_d7eeMI.jpg
1opfln9,2025-11-05T21:19:53,U know what Kobe gonna do to him if cameras weren't there,,SentenceSingle7069,7,0.73,0,False,False,https://reddit.com/r/lakers/comments/1opfln9/u_know_what_kobe_gonna_do_to_him_if_cameras/,https://v.redd.it/17gc9duezbzf1,lakers,THROWBACK,False,v.redd.it,https://external-preview.redd.it/ew74uZfdJX2nRXqR45C_SDSYBNXyNA4_SbYkcz6ola0.png?width=140&amp;height=73&amp;auto=webp&amp;s=cc4795d58bd7856ecb7da98a55a9470fc975ecd2
1opfgae,2025-11-05T21:14:31,And they wanted to trade Austin for him,,SentenceSingle7069,89,0.84,25,False,False,https://reddit.com/r/lakers/comments/1opfgae/and_they_wanted_to_trade_austin_for_him/,/r/nba/comments/1opbk50/charania_utahs_walker_kessler_is_undergoing/,lakers,PLAYER TALK,False,,default
1opgxim,2025-11-05T22:10:15,Help! Extra Tickets for Sale for Spurs Game,"I swear this is not a spam I will give you guys full receipts with photos. This sub only allows me to post 1 pic so DM me for full proof. Long story short Ticket master was giving me an error message when purchasing through their app. Finally I gave up and went to login through my browser, in which I was successful. Then I go look at my Ticketmaster app and there are 4 tickets. I m just looking to get rid of the other two tickets at the value I bought them at. Venue has a no return policy so I will be screwed if I don t sell them. Section 118 pretty decent seats.",Striking-Amount-7549,4,1.0,5,False,False,https://reddit.com/r/lakers/comments/1opgxim/help_extra_tickets_for_sale_for_spurs_game/,https://i.redd.it/3l51y1heiizf1.jpeg,lakers,,False,i.redd.it,https://b.thumbs.redditmedia.com/UkO8Qo-bUPVemgfwUs2q9K8A-vcZRm9XnSe0IatDA7w.jpg
1opjdio,2025-11-05T23:48:00,"When LeBron returns, do you think Luka and or LeBron will be able to sit 4th quarters?",OKC seem to be dominating the same way they did last season. Shai carries for 3 quarters and then sits the 4th. Luka and or Bron have the potential to do this as well as long as our team is strong enough to basically win games in 3 quarters. Is it possible we are a good enough team to do this as well once we get past injuries?,jonbemerkin,1,1.0,9,False,False,https://reddit.com/r/lakers/comments/1opjdio/when_lebron_returns_do_you_think_luka_andor/,https://www.reddit.com/r/lakers/comments/1opjdio/when_lebron_returns_do_you_think_luka_andor/,lakers,,False,self.lakers,self
1opjcvq,2025-11-05T23:47:14,Jazz C Kessler set for season ending surgery,"Utah Jazz center Walker Kessler will undergo season ending surgery to repair a torn labrum in his left shoulder, the team announced Wednesday. Seems like we won t be hearing about Trade for Kessler any time soon, or at least for the season.",Long_Introduction364,4,0.75,4,False,False,https://reddit.com/r/lakers/comments/1opjcvq/jazz_c_kessler_set_for_seasonending_surgery/,https://www.espn.com/nba/story/_/id/46860336/sources-jazz-c-walker-kessler-season-ending-surgery,lakers,PLAYER TALK,False,espn.com,https://external-preview.redd.it/ugcHf8rO40pJT9TlqfwFIyfbunEqXi9HDgYxbPKxnuY.jpeg?width=140&amp;height=78&amp;auto=webp&amp;s=5c670c93552c69bcadce3fe1397f1c0f82b1454d
1opkv30,2025-11-06T00:52:01,Headed into Hostile Territory My Kids Don t Know We re Going to Lakers Thunder next week!!!,"Next week I m surprising my kids with tickets to the Lakers Thunder game!! They have no idea. I m planning to just pull up to the arena and tell them when we get there. It s out of town for us, so I am not sure they ll put it together. It s a home game for OKC and they re undefeated as of right now, so we ll definitely be behind enemy lines. Still should be a great matchup. From what I ve seen, Don i , Ayton, and Reaves are all likely to play. LeBron s return seems highly unlikely, but we can dream right?! Curious what lineup people think we ll see, and how you think we ll hold up against this Thunder team. Any particular matchups you re watching? Also anyone ever brought their kids into hostile territory for a game like this? I m trying to decide how bold I can let them be in Lakers gear. I am so excited for this, and have never taken them to a major game like this before!",3facesofBre,13,0.93,4,False,False,https://reddit.com/r/lakers/comments/1opkv30/headed_into_hostile_territory_my_kids_dont_know/,https://i.redd.it/xpvkk9g9bjzf1.jpeg,lakers,,False,i.redd.it,https://a.thumbs.redditmedia.com/vKyVTqxn8o2eRoTdOaCCqHyyaXfwd48aAF_90WH4KO4.jpg
1opkl3i,2025-11-06T00:39:45,"For any Seahawks fans here, Sam Darnold is a Kobe and Lakers fan.",,RealPunyParker,4,0.67,8,False,False,https://reddit.com/r/lakers/comments/1opkl3i/for_any_seahawks_fans_here_sam_darnold_is_a_kobe/,https://youtu.be/3_P4Dq2p9Ao?si=H-D9sW70y1l9c5WX&amp;t=200,lakers,VIDEO,False,youtu.be,https://external-preview.redd.it/fsqy_Z74eJkSWQzpTY3W19OUzXZAYwBG2LF0WosqQHw.jpeg?width=140&amp;height=105&amp;auto=webp&amp;s=19e48186fbbd86ac10b426a00a506d60d4eac891
1opjqqm,2025-11-06T00:03:28,"Los Angeles Lakers on In The House Kobe Bryant, LL Cool J, Derek Fisher amp Eddie Jones",,WhatShouldTheHeartDo,10,1.0,3,False,False,https://reddit.com/r/lakers/comments/1opjqqm/los_angeles_lakers_on_in_the_house_kobe_bryant_ll/,https://www.youtube.com/watch?v=j4XQl-kFYoA&amp;list=PLoa-ZcoZDi5lN_cXrKkGXMAe9G-ZVZLlU&amp;index=3,lakers,THROWBACK,False,youtube.com,https://external-preview.redd.it/m_UZH1xtjZA13u_oerkAOos9-U1WlOOVGFl1Oy0dNCE.jpeg?width=140&amp;height=105&amp;auto=webp&amp;s=d18fe9463166f5d3293903d5f2f34b20b9cd1785
1opl2iv,2025-11-06T01:01:03,"May 12, 2002 The last five minutes in Game 4 of the 2002 Western Conference Semifinals against the Spurs. The Lakers' defense stifles San Antonio, while Kobe makes 3 enormous shots to cap a game ending 13 1 run and give L.A. a commanding 3 1 series lead. He had 28 points, while Shaq had 22.","Often an overlooked comeback in this era of the Lakers, this game and series ran in stark contrast to the 2001 Western Conference Finals. That time, L.A. destroyed San Antonio in a sweep, outscoring them by over 22 points per game. In '02, the Spurs led in the fourth quarter every game but only won Game 2, with Game 4 the most crushing loss they missed 16 of their last 19 shots and failed to stop Kobe in the final seconds. When asked afterwards if anything scared him in the fourth quarter, Kobe responded, No.",jeremy_thegent,36,1.0,3,False,False,https://reddit.com/r/lakers/comments/1opl2iv/may_12_2002_the_last_five_minutes_in_game_4_of/,https://v.redd.it/o23kfij3bjzf1,lakers,THROWBACK,True,v.redd.it,https://external-preview.redd.it/am53YnRoajNianpmMWKxWS7EJc6OqsJH6pyX62RImOAmCrUKQxd3goiRt00G.png?width=140&amp;height=105&amp;format=jpg&amp;auto=webp&amp;s=7408a09cbc904598892b6622b72b25d1e7b2a29c
1opnl63,2025-11-06T02:56:51,Klay is clearly pissed about the trade. Could he come to LA?,,EconomistRJ,2,0.75,3,False,False,https://reddit.com/r/lakers/comments/1opnl63/klay_is_clearly_pissed_about_the_trade_could_he/,https://i.redd.it/78nf7pl7gjzf1.jpeg,lakers,,False,i.redd.it,https://b.thumbs.redditmedia.com/akg2NRdCVIOTwxGts7mdM_JamtL8qURhqdSJDIgrXfM.jpg
1opnc8r,2025-11-06T02:45:22,Alien at Crypto,Wemby getting in some early full court chucks real early before the game.,Jason-Smith168498,20,1.0,1,False,False,https://reddit.com/r/lakers/comments/1opnc8r/alien_at_crypto/,https://i.redd.it/in0na7ihvjzf1.jpeg,lakers,,False,i.redd.it,https://b.thumbs.redditmedia.com/8xA21BNRqxUgerKiCaNvK4q4zMoFaixLRzaRDjcK5fM.jpg
1opnbdl,2025-11-06T02:44:15,Free Laker swag tonight,"Nice hat from the Lakers for people in the building, interesting cobranded lakers Dodgers die.",Jason-Smith168498,10,1.0,0,False,False,https://reddit.com/r/lakers/comments/1opnbdl/free_laker_swag_tonight/,https://i.redd.it/kpzwi9aavjzf1.jpeg,lakers,GAME,False,i.redd.it,https://b.thumbs.redditmedia.com/XaTnPxY-M2mZPwKVjEMiduefNf4VG-0ggUezzTw79cU.jpg
1opn3i8,2025-11-06T02:34:10,"I'm over seas, how can I watch the Lakers game?","I live in Los Angeles but for the next 3 weeks, I am in South East Asia. My spectrum app where I usually watch my Lakers game says it's only available in the u.s. Do you guys have any suggestions on how to watch stream the Lakers game BY ANY MEANS? LOL TIA",pingkawulit,1,0.67,8,False,False,https://reddit.com/r/lakers/comments/1opn3i8/im_over_seas_how_can_i_watch_the_lakers_game/,https://www.reddit.com/r/lakers/comments/1opn3i8/im_over_seas_how_can_i_watch_the_lakers_game/,lakers,GAME,False,self.lakers,self
1opn0zp,2025-11-06T02:30:52,Lakers vs Spurs giveaway,Did anyone else notice the shirts on the seats at crypto Arena? It looks like they are giving out we love LA shirts with the dodger logo white and gold. Looks Ike a surprise giveaway,Caliganja420,1,0.67,3,False,False,https://reddit.com/r/lakers/comments/1opn0zp/lakers_vs_spurs_giveaway/,https://www.reddit.com/r/lakers/comments/1opn0zp/lakers_vs_spurs_giveaway/,lakers,,False,self.lakers,self
1opmxab,2025-11-06T02:26:03,Hope we can see the alien going 2 back to back games under 10 points,,Particular-Cloud-599,1,0.56,6,False,False,https://reddit.com/r/lakers/comments/1opmxab/hope_we_can_see_the_alien_going_2_back_to_back/,https://i.redd.it/cgrgv291sjzf1.jpeg,lakers,PLAYER TALK,False,i.redd.it,https://a.thumbs.redditmedia.com/SlUGWkJae-s9wMEGj2I09aP-zFQSOE_JiGxqiOQ8_N8.jpg
1opmd79,2025-11-06T02:00:45,"Game Thread Los Angeles Lakers vs San Antonio Spurs Live Score NBA Nov 5, 2025",This post contains content not supported on old Reddit. Click here to view the full post,basketball-app,33,0.98,60,False,True,https://reddit.com/r/lakers/comments/1opmd79/game_thread_los_angeles_lakers_vs_san_antonio/,https://www.reddit.com/r/lakers/comments/1opmd79/game_thread_los_angeles_lakers_vs_san_antonio/,lakers,,False,self.lakers,self
1opoq69,2025-11-06T03:51:13,The officiating of Luka tonight,,allanjameson,10,1.0,0,False,False,https://reddit.com/r/lakers/comments/1opoq69/the_officiating_of_luka_tonight/,https://i.redd.it/gd8slog87kzf1.jpeg,lakers,,False,i.redd.it,https://b.thumbs.redditmedia.com/pwXpQErXa5nE0Y20HR0_Mi-68n7JtIS2WmvGiWP4Hak.jpg
1opokej,2025-11-06T03:43:14,LeGal ways to stream. Spectrum Sports Net.,"So I have struggled for years to try to stream the games legally in LA. I had spectrum internet but didn t have their cable package and it seemed impossible to get just the lakers game. Cut to now, I signed up for their mobile service to go with my home connection free for one year and I amazingly get spectrum sportsnent included. I am sure they are charging me for it somewhere in that chain, but to me this has been the best way to stream games in 15 years living in LA. Not a shill but will take money from spectrum if they want. TLDR spectrum combo packages other then just tv include SportsNet for free",Nicktoonkid,1,0.67,0,False,False,https://reddit.com/r/lakers/comments/1opokej/legal_ways_to_stream_spectrum_sports_net/,https://www.reddit.com/r/lakers/comments/1opokej/legal_ways_to_stream_spectrum_sports_net/,lakers,,False,self.lakers,self
1opnx2y,2025-11-06T03:11:46,Crazy I can t watch the Lakers on my 82 YouTube TV subscription,"No Disney owned channels available on YouTube TV going on 1 week now which means no abc, no Disney channel, and most importantly, no ESPN. The streaming experience has been especially bad lately, and I miss the old days when the Lakers were on Kcal9 and KTLA5. To watch wemby, I might as well just go to the game for 82",Ottersauce18,90,0.95,82,False,False,https://reddit.com/r/lakers/comments/1opnx2y/crazy_i_cant_watch_the_lakers_on_my_82_youtube_tv/,https://www.reddit.com/r/lakers/comments/1opnx2y/crazy_i_cant_watch_the_lakers_on_my_82_youtube_tv/,lakers,,False,self.lakers,self
1opnrbj,2025-11-06T03:04:30,Luka has a waist back belt on for warmups.,,Jason-Smith168498,8,0.9,4,False,False,https://reddit.com/r/lakers/comments/1opnrbj/luka_has_a_waistback_belt_on_for_warmups/,https://i.redd.it/j6kr1j4wyjzf1.jpeg,lakers,,False,i.redd.it,https://b.thumbs.redditmedia.com/LXp6MrkATloJo5i6uxlTntrQneNTqRmBIiDy7Dx6VJQ.jpg
1oppgdc,2025-11-06T04:28:00,Luka with 22 pts 7 ast 6 reb 3 stls 2 blks in the first half,"Luka doing it all in the first half against the spurs tonight, thank you Nico Harrison for your service Rui Hachimura having an amazing night too",Fri814,115,0.99,28,False,False,https://reddit.com/r/lakers/comments/1oppgdc/luka_with_22_pts_7_ast_6_reb_3_stls_2_blks_in_the/,https://i.redd.it/vv8mc8osdkzf1.jpeg,lakers,,False,i.redd.it,https://a.thumbs.redditmedia.com/VXfGJTBh6k9jktqEWAdFHBMGzbwvrrh6PUUbvM-pU78.jpg
1oppf73,2025-11-06T04:26:18,Incomprehensible pass by Luka,,Subtly_Emerald,53,0.95,7,False,False,https://reddit.com/r/lakers/comments/1oppf73/incomprehensible_pass_by_luka/,https://streamable.com/3t6neo,lakers,,False,streamable.com,https://external-preview.redd.it/BfH1TIWtfOt2rDhDv9qRrNdFwRjPNKnnU6cW8GjvZFM.jpeg?width=140&amp;height=78&amp;auto=webp&amp;s=41ed1a5a3d3b0fb66c90beb2f8bc40f96c91d0dd
1opp8pn,2025-11-06T04:16:50,Video Bron n AR witnessing Luka Magic,,MamiTarantina,439,0.99,33,False,False,https://reddit.com/r/lakers/comments/1opp8pn/video_bron_n_ar_witnessing_luka_magic/,https://v.redd.it/yhd0umssbkzf1,lakers,LUKA MAGIC,True,v.redd.it,https://external-preview.redd.it/bnZ2Ymh3bnNia3pmMXWsagTrj7PdH-d-WEE_6NIm71DLLTDNnlbDeA-5djzN.png?width=140&amp;height=140&amp;format=jpg&amp;auto=webp&amp;s=5f2962a9dac583c6242f83d609909863485403f6
1opqzmn,2025-11-06T05:51:15,GOOD SHIT RUI LMAO,,denobino,28,1.0,3,False,False,https://reddit.com/r/lakers/comments/1opqzmn/good_shit_rui_lmao/,https://i.redd.it/9rtp6blkskzf1.jpeg,lakers,APPRECIATION,False,i.redd.it,https://a.thumbs.redditmedia.com/oNHn69Lbu7e3D-2VpzpUlOktTSTaxWe84D7CV65FoU8.jpg
1opqe76,2025-11-06T05:17:59,That was quite a pass.,,icouldbesurfing,19,1.0,1,False,False,https://reddit.com/r/lakers/comments/1opqe76/that_was_quite_a_pass/,https://i.redd.it/a7ap9w4imkzf1.jpeg,lakers,LUKA MAGIC,False,i.redd.it,https://b.thumbs.redditmedia.com/F74iNou0dCfd-vE1V0g0QeGErGtqpVzMSzOziCgyJMA.jpg
1opq4o1,2025-11-06T05:04:11,"Take a bow, Luka Doncic. What a sequence.",,Subtly_Emerald,65,0.98,3,False,False,https://reddit.com/r/lakers/comments/1opq4o1/take_a_bow_luka_doncic_what_a_sequence/,https://v.redd.it/co4k6tt8kkzf1,lakers,LUKA MAGIC,True,v.redd.it,https://external-preview.redd.it/M2cxa2FhdDhra3pmMV4339rH6otOvVcdN2tpIcegBZxlq-IUv2sTnWv_CkCQ.png?width=140&amp;height=78&amp;format=jpg&amp;auto=webp&amp;s=f704673503d94b916d060b1e294a91a0d99a7a14
1ops3rk,2025-11-06T06:57:26,JJ Redick says Deandre Ayton has been phenomenal all season. He has embraced his teammates. He has embraced his role. He's sacrificed... He's just in a really comfortable rhythm right now... He's showing that he's a winning basketball player. LakersNation,,denobino,8,1.0,2,False,False,https://reddit.com/r/lakers/comments/1ops3rk/jj_redick_says_deandre_ayton_has_been_phenomenal/,https://i.redd.it/0fwnquyf4lzf1.png,lakers,POST GAME,False,i.redd.it,https://b.thumbs.redditmedia.com/hiVL3twDL6zSiNttulfxZP3awRf-B8uvmmh9qaPa-eU.jpg
1ops33u,2025-11-06T06:56:19,Is Lebron even training?,"Lebron should be back in mid November, in few days, but anyone seen him training? No videos from shooting or anything? I miss him soooo much",AnyButterscotch9305,2,1.0,2,False,False,https://reddit.com/r/lakers/comments/1ops33u/is_lebron_even_training/,https://www.reddit.com/r/lakers/comments/1ops33u/is_lebron_even_training/,lakers,,False,self.lakers,self
1ops272,2025-11-06T06:54:46,Does anyone else get hyped whenever JJ is visibly angry?,"After years of torment of seeing an emotionally numb Darvin Ham attempt to lead our team, seeing our coach actually get mad and use his vocal cords gets me excited. Just me?",Past-Feeling-204,3,1.0,3,False,False,https://reddit.com/r/lakers/comments/1ops272/does_anyone_else_get_hyped_whenever_jj_is_visibly/,https://www.reddit.com/r/lakers/comments/1ops272/does_anyone_else_get_hyped_whenever_jj_is_visibly/,lakers,COACH,False,self.lakers,self
1ops0s5,2025-11-06T06:52:18,Brother Luka beats brother Wemby again.,,Ampika_24,12,1.0,0,False,False,https://reddit.com/r/lakers/comments/1ops0s5/brother_luka_beats_brother_wemby_again/,https://i.redd.it/s40gpkdj3lzf1.jpeg,lakers,,False,i.redd.it,https://b.thumbs.redditmedia.com/7b9TkrajbVDPa95aU7y0hZt1RIhNMuF9FjQ5zfRR5jk.jpg
1oprzyt,2025-11-06T06:50:56,Dodgers amp Lakers Crypto,,Turbulent_Emu_7285,5,1.0,2,False,False,https://reddit.com/r/lakers/comments/1oprzyt/dodgers_lakers_crypto/,https://youtube.com/shorts/f8wT2ZV53RE?si=a3tHrLSpjg0gbd7G,lakers,,False,youtube.com,https://external-preview.redd.it/U8uVDsDfnX-spjMcNU_wlo5D2qh1jGiIHo1mk9P0qd8.jpeg?width=140&amp;height=105&amp;auto=webp&amp;s=7097c6ffccac5d51762ce45e7ab49d92f13e6f2b
1oprypm,2025-11-06T06:48:49,"Don t look now, but the Lakers currently hold the same record through 9 games that they did during the 2019 20 season","And we all know how that season ended. This is easily the best team we ve ever had since probably that year, or maybe 20 21. Regardless, it feels good to be back on top.",Past-Feeling-204,15,1.0,5,False,False,https://reddit.com/r/lakers/comments/1oprypm/dont_look_now_but_the_lakers_currently_hold_the/,https://www.reddit.com/r/lakers/comments/1oprypm/dont_look_now_but_the_lakers_currently_hold_the/,lakers,TEAM TALK,False,self.lakers,self
1oprvze,2025-11-06T06:44:12,Luka amp Rui,,Turbulent_Emu_7285,15,1.0,2,False,False,https://reddit.com/r/lakers/comments/1oprvze/luka_rui/,https://youtube.com/shorts/GtoFBUxWLAg?si=v74unlyEsGLqt19-,lakers,,False,youtube.com,https://external-preview.redd.it/0oKuonrbrzmz1YKQAPECnRuhP6KETc_zqxkSOKyvPrg.jpeg?width=140&amp;height=105&amp;auto=webp&amp;s=4c7e70b05751526222ee7391f476f731bc2e80de
1oprsvv,2025-11-06T06:38:58,After starting the season 2 2 we are now 7 2 with 5 straight wins,"2nd seed in the western conference without LeBron touching the court yet this season and Luka out for 4 games, what s our ceiling right now? We used to pray for times like this fr",Fri814,24,1.0,14,False,False,https://reddit.com/r/lakers/comments/1oprsvv/after_starting_the_season_22_we_are_now_72_with_5/,https://www.reddit.com/r/lakers/comments/1oprsvv/after_starting_the_season_22_we_are_now_72_with_5/,lakers,,False,self.lakers,self
1oprsjg,2025-11-06T06:38:26,THATS WHAT WE DO,,burnedchickennugget6,26,1.0,4,False,False,https://reddit.com/r/lakers/comments/1oprsjg/thats_what_we_do/,https://i.redd.it/psb75cf21lzf1.jpeg,lakers,,False,i.redd.it,https://a.thumbs.redditmedia.com/yVurQUW3a0qgiSfry84QXslGXlnW8rvstyXRGzMgGJ8.jpg
1oprqky,2025-11-06T06:35:09,What are our thoughts on Dalton Knecht?,"Tonight s game was obviously the one that JJ decided to run with him over Nick Smith and Bronny 3pts 1reb 1assist 1 4 FG 1 3 from 3 His defense was pretty horrific, they were attacking him nearly every time. Surprisingly he did alright on a possession against Wemby, but he was getting cooked by everyone else. Pretty bad turnover with a backcourt violation as well What do we think of Daltons opportunity for a big game?",Mood_Academic,4,1.0,37,False,False,https://reddit.com/r/lakers/comments/1oprqky/what_are_our_thoughts_on_dalton_knecht/,https://www.reddit.com/r/lakers/comments/1oprqky/what_are_our_thoughts_on_dalton_knecht/,lakers,,False,self.lakers,self
1oprpjc,2025-11-06T06:33:23,DeDomin Ayton,"DeAndre Ayton has been maligned his entire career mainly because people, especially former NBA players, keep wanting him to be something he s not. Can he improve in certain aspects of his game? Yes, but so can 90 of the players in the league. What he doesn t need to do is change his game just to satisfy people who no longer play. What he does need is a real point guard or forward who recognizes the weapon he is and knows how to exploit that to their advantage. CP3 did it, and to their credit, both Austin and Luka have recognized it and are taking advantage of it as well. The result is that we re seeing the best version of DeAndre Ayton since his time with CP3. The difference now is that he s playing for a fanbase that truly appreciates him and isn t listening to the outside noise.",Bluedogsu,31,1.0,4,False,False,https://reddit.com/r/lakers/comments/1oprpjc/dedomin_ayton/,https://i.redd.it/5urvtm160lzf1.jpeg,lakers,,False,i.redd.it,https://a.thumbs.redditmedia.com/UDFgDEOoWhxXmH71mtKfb7ffmVE9aXaED3BxBbnKuT4.jpg
1oprp5o,2025-11-06T06:32:44,"22 PTS, 10 REB, 2 BLK ROB PELINKA I OWE YOU AN APOLOGY",,BaggySphere,56,1.0,4,False,False,https://reddit.com/r/lakers/comments/1oprp5o/22_pts_10_reb_2_blk_rob_pelinka_i_owe_you_an/,https://i.redd.it/9vfov8t9zkzf1.jpeg,lakers,,False,i.redd.it,https://b.thumbs.redditmedia.com/8y_3NL5eXSeftzYEZPDI9k9JM_Q5OsGgr6AO8VRdDfM.jpg
1oproze,2025-11-06T06:32:25,Dalton has been playing like dogish im not saying trade him but there was atleast 10 point swing he gave up today,"Like the title says what i watched today from him was horrible. I cant help but think Smith or Bronny could have dont better. Smith for drive and score bronny defense. DK was bad on offense and horrible on defense even his positioning. He has all the physicals its def mental, he needs a defensive coach and a shooting coach. He gotta go 300 shots a day or something",Gagabubu777,7,0.71,15,False,False,https://reddit.com/r/lakers/comments/1oproze/dalton_has_been_playing_like_dogish_im_not_saying/,https://www.reddit.com/r/lakers/comments/1oproze/dalton_has_been_playing_like_dogish_im_not_saying/,lakers,,False,self.lakers,self
1opronq,2025-11-06T06:31:52,DominAyton adds another center to his collection,,MullingHollysDrive,42,1.0,6,False,False,https://reddit.com/r/lakers/comments/1opronq/dominayton_adds_another_center_to_his_collection/,https://i.redd.it/r1yehk0wzkzf1.jpeg,lakers,PLAYER TALK,False,i.redd.it,https://a.thumbs.redditmedia.com/YxUzaKuZfSJyRa37BsShU56FXQJZ_ZN9wm3ctisvlh0.jpg
1oprom9,2025-11-06T06:31:47,REFS AGAINST US ALL NIGHT AND WE STILL DID IT,,jorgiaw,22,0.96,3,False,False,https://reddit.com/r/lakers/comments/1oprom9/refs_against_us_all_night_and_we_still_did_it/,https://i.redd.it/blill2kvzkzf1.jpeg,lakers,,False,i.redd.it,https://b.thumbs.redditmedia.com/GqZQS4yWFEUTut00IvMm3Plfq943QUcWzJA5U_ip4eA.jpg
1oprol8,2025-11-06T06:31:43,I F CKING LOVE THIS TEAM,,Financial_Draw9493,8,1.0,0,False,False,https://reddit.com/r/lakers/comments/1oprol8/i_fcking_love_this_team/,https://i.redd.it/5e8aegcvzkzf1.jpeg,lakers,,False,i.redd.it,https://a.thumbs.redditmedia.com/-gAUkokb1-SC0uhIzm0o9RC9AQjs0kzThqwdGx0vLH0.jpg
1oprojg,2025-11-06T06:31:38,Best moment of the game,,Nykeeo,27,1.0,1,False,False,https://reddit.com/r/lakers/comments/1oprojg/best_moment_of_the_game/,https://i.redd.it/kheczbpuzkzf1.jpeg,lakers,,False,i.redd.it,https://b.thumbs.redditmedia.com/NRkjHAJkSiYMFjT9gC8MIMbzI9IA3DXic1wkGuG45Jg.jpg
1oprofq,2025-11-06T06:31:30,7 2 THANK YOU NICO!!!!,,lolBaldy,26,0.96,6,False,False,https://reddit.com/r/lakers/comments/1oprofq/72_thank_you_nico/,https://i.redd.it/l0e301nszkzf1.png,lakers,APPRECIATION,False,i.redd.it,https://b.thumbs.redditmedia.com/3IeSJkUNA8uUbZsH6SM1mRzq3bckGNRNcYrdEMg_2No.jpg
1oprn0d,2025-11-06T06:29:10,Luka Magic with another mastsrclass!,"No AR? No problem! Seriously our team is deep. Idk how Rob found all of these diamonds in the rough, but he did it again! Can't wait to see us at full strength!",YoungBasedHooper,27,0.97,2,False,False,https://reddit.com/r/lakers/comments/1oprn0d/luka_magic_with_another_mastsrclass/,https://i.redd.it/newgoqyezkzf1.jpeg,lakers,,False,i.redd.it,https://a.thumbs.redditmedia.com/5I-8z_Mns3HtJqHp9ISnlFM6sSiq4ozsTMnG39UoOB4.jpg
1oprmjf,2025-11-06T06:28:26,"RIGHT BEHIND OKC. BRON, AR, GABE NOT EVEN BACK YET",,denobino,68,1.0,40,False,False,https://reddit.com/r/lakers/comments/1oprmjf/right_behind_okc_bron_ar_gabe_not_even_back_yet/,https://i.redd.it/wjzhz3n5zkzf1.png,lakers,STATS / ANALYTICS,False,i.redd.it,https://b.thumbs.redditmedia.com/M66Pukk04CV3OroJ1ayVJFXsqqSIHqposR-KIdK335Y.jpg
1oprlsa,2025-11-06T06:27:11,What is it with this team?,"I m very shocked how good we have been playing. I thought with all the injuries we would have a much more rough start to the season. What is it that is making us win? Is it defensive effort plus role players , new additions stepping up? And Luka reaves? It s feels so good to see everything clicking, regardless of win or lose.",ProfessionalLanky768,21,1.0,22,False,False,https://reddit.com/r/lakers/comments/1oprlsa/what_is_it_with_this_team/,https://www.reddit.com/r/lakers/comments/1oprlsa/what_is_it_with_this_team/,lakers,,False,self.lakers,self
1oprkmp,2025-11-06T06:25:13,Give that Big man some love! DominAyton!,,abomination_23,39,1.0,7,False,False,https://reddit.com/r/lakers/comments/1oprkmp/give_that_big_man_some_love_dominayton/,https://i.redd.it/h0y5zvphykzf1.png,lakers,MEME,False,i.redd.it,https://b.thumbs.redditmedia.com/lmWk8XN4Fp8MaoxZJM4G2qBjo_TjEhwzGSsEgz9-lGE.jpg
1oprk2j,2025-11-06T06:24:20,Warriors L Thunder L LAKERS W!,,T34R-H3R3,34,0.98,2,False,False,https://reddit.com/r/lakers/comments/1oprk2j/warriors_l_thunder_l_lakers_w/,https://i.redd.it/nyyj8jwjykzf1.jpeg,lakers,,False,i.redd.it,https://a.thumbs.redditmedia.com/BX9T-v7o5858hbgHhcr1HibtXC70rnGf-mJwcXhh814.jpg
1oprk1s,2025-11-06T06:24:18,Two seconds into his post game interview and JJ could barely hold in his reaction to the game...,,ArrowNiko,48,1.0,4,False,False,https://reddit.com/r/lakers/comments/1oprk1s/two_seconds_into_his_postgame_interview_and_jj/,https://i.redd.it/driff8dfykzf1.png,lakers,PICTURE,False,i.redd.it,https://b.thumbs.redditmedia.com/UPJRanpkH99h-auXAEgmubiz0psV9O-B4P3qV5yA33E.jpg
1oprjnf,2025-11-06T06:23:35,HOLY FUCK HE S STILL GETTING BETTER,"Great team effort from the team so far! Luka, AR, JJ, plus DA s amazing leap in confidence has kept us aFlOaT '7 2'. Fuck Nico I can t believe we finally have a good coach again, plus players buying into the FINALLY WOW WE HAVE A CULTURE.",Profound_Panda,49,0.99,6,False,False,https://reddit.com/r/lakers/comments/1oprjnf/holy_fuck_hes_still_getting_better/,https://i.redd.it/loil5s1fykzf1.jpeg,lakers,TEAM TALK,False,i.redd.it,https://b.thumbs.redditmedia.com/rXUTi1QuyuUYFBVTQLRJW5-MdbF14hQkbpddIL-E-dI.jpg
1opri3k,2025-11-06T06:21:04,Lakers Take Top 2 in Western Conference!,,oscarsocal,38,0.98,10,False,False,https://reddit.com/r/lakers/comments/1opri3k/lakers_take_top_2_in_western_conference/,https://i.redd.it/cgch0znxxkzf1.png,lakers,,False,i.redd.it,https://b.thumbs.redditmedia.com/nQyCA9nptncZP6vw3c90brLzYiuE7AJ2fq1Anu7gdjk.jpg
1opri0q,2025-11-06T06:20:56,All Time Record For Total Combined Fouls,"It appears that tonight s matchup has set the all time record in the regular season for combined fouls in a match up with 66 total fouls. Previous record was 65 in a three overtime game. If this is accurate, that s a problem. Refs are holding up the pace of play and it seems to be a running theme so far this year across the league.",OCGib,11,0.87,7,False,False,https://reddit.com/r/lakers/comments/1opri0q/all_time_record_for_total_combined_fouls/,https://i.redd.it/gz21in1yxkzf1.jpeg,lakers,,False,i.redd.it,https://b.thumbs.redditmedia.com/oI_UhZezGZH-Y-asBZYUz5tKOdm1Tm5MXpBuijU8W8Q.jpg
1oprhjv,2025-11-06T06:20:12,Wild Final Seconds to Lakers vs Spurs,,ChazNBA,15,1.0,2,False,False,https://reddit.com/r/lakers/comments/1oprhjv/wild_final_seconds_to_lakers_vs_spurs/,https://youtu.be/qosZNzDtCGQ,lakers,HIGHLIGHTS,False,youtu.be,https://external-preview.redd.it/8vjoFhBEs2aO1U7uX2oUj4pJj_2GhH6Jef83fQeXhCI.jpeg?width=140&amp;height=105&amp;auto=webp&amp;s=35c8fc7611fb8d833f1e140743e8fa17b0c2630b
1oprgq8,2025-11-06T06:18:48,"Besides that play at the end, we need to give this guy credit for how good he has been. What a signing.",,oat38,203,1.0,43,False,False,https://reddit.com/r/lakers/comments/1oprgq8/besides_that_play_at_the_end_we_need_to_give_this/,https://i.redd.it/0vpkp94kxkzf1.jpeg,lakers,PLAYER TALK,False,i.redd.it,https://b.thumbs.redditmedia.com/P7HNYJ0Wx0vIb4HpAuv9xhiL0mN-KFsP2iO13Mtd2PQ.jpg
1oprgkp,2025-11-06T06:18:32,most points through the first 5 games of nba season . LUKA,,Parking-Number1795,30,0.97,6,False,False,https://reddit.com/r/lakers/comments/1oprgkp/most_points_through_the_first_5_games_of_nba/,https://i.redd.it/nuo7t4nixkzf1.jpeg,lakers,,False,i.redd.it,https://b.thumbs.redditmedia.com/uxoG4YxByH05H4EQ5qc8ZQijGuw0I14Q31mi-DxcrXs.jpg
1oprgg4,2025-11-06T06:18:20,This team is fucking great! Each game another players shows up,"Rui boxing out Wemby. Smart being a general at defense. Luka being Luka, and being good as fuck on defense. Ayton with games showing he is a FUCKING STEAL for 8mil. AR with the three 51 point game. Laravia already with 2 20 games. JJ hiting the right lineups. Even the third team showing up with Bronny and Smith Jr! All of this while we are a dream destiny for every good FA player once we get the salary cap. Im so fucking happy right now, specially with the last two wins",EconomistRJ,26,1.0,0,False,False,https://reddit.com/r/lakers/comments/1oprgg4/this_team_is_fucking_great_each_game_another/,https://www.reddit.com/r/lakers/comments/1oprgg4/this_team_is_fucking_great_each_game_another/,lakers,,False,self.lakers,self
1oprg75,2025-11-06T06:17:55,Luka just barely continues his 40 ppg avg,Thought we would see Lukas ppg drop below 40 tonight but after 35 points in a nail biter thanks refs it continues. Even on an off night we get 35 points 13 assists 9 rebounds 5 steals,Fri814,42,1.0,18,False,False,https://reddit.com/r/lakers/comments/1oprg75/luka_just_barely_continues_his_40_ppg_avg/,https://i.redd.it/9vhjdvoexkzf1.jpeg,lakers,,False,i.redd.it,https://b.thumbs.redditmedia.com/vQxy0YkN8TzgtWyY-kpRhAR4Jr5qCxftWMFsjFvjUxs.jpg
1oprfer,2025-11-06T06:16:36,"Every Laker scored tonight and every point counted! Luka 35 pts, Ayton 22 pts, Smart 17 pts, Rui 15 pts, Jake 8 pts, Vando 5 pts, Jaxson 9 pts, Dalton 3 pts, Bronny 2 pts, Smith Jr 2 pts",,incredibleamadeuscho,47,1.0,6,False,False,https://reddit.com/r/lakers/comments/1oprfer/every_laker_scored_tonight_and_every_point/,https://i.redd.it/2y05ip76xkzf1.jpeg,lakers,,False,i.redd.it,https://a.thumbs.redditmedia.com/ojbQkTTIa6y4Kccm0v0LK_4foBLhQzLvzTT4BCGTsI8.jpg
1opredq,2025-11-06T06:14:55,"In case you missed it, The Don remains undefeated against Wemby.",,chrisbrits24,90,1.0,17,False,False,https://reddit.com/r/lakers/comments/1opredq/in_case_you_missed_it_the_don_remains_undefeated/,https://i.redd.it/xl0nmlcvwkzf1.jpeg,lakers,,False,i.redd.it,https://b.thumbs.redditmedia.com/ZO8okTkmTW5y2L7SNt7rC4sFNkCxPeuRPqJASTnkBVY.jpg
1opre1z,2025-11-06T06:14:24,2 STATEMENT WINS WITH OUR STATEMENT JERSEYS TO BECOME THE 2 SEED,,gelbasaur,66,0.99,7,False,False,https://reddit.com/r/lakers/comments/1opre1z/2_statement_wins_with_our_statement_jerseys_to/,https://i.redd.it/7aiw7dmpwkzf1.png,lakers,,False,i.redd.it,https://b.thumbs.redditmedia.com/jpmhhHKcT5qdJ5FKjHrvXWtO3JVcZm60Vfjs0-oqF9o.jpg
1oprdzf,2025-11-06T06:14:18,Another impressive win,Yeah end got ugly tried to give it away but finding a way to win another game with 2 of your 3 best players out again and with luka having a off shooting 9 27 night is impressive,Zeldabotw2017,11,1.0,1,False,False,https://reddit.com/r/lakers/comments/1oprdzf/another_impressive_win/,https://www.reddit.com/r/lakers/comments/1oprdzf/another_impressive_win/,lakers,,False,self.lakers,self
1oprdds,2025-11-06T06:13:17,Our boys came back the way Dodgers did on the night they honored the Dodgers,,grxccccandice,46,1.0,8,False,False,https://reddit.com/r/lakers/comments/1oprdds/our_boys_came_back_the_way_dodgers_did_on_the/,https://i.redd.it/uj061yxkwkzf1.jpeg,lakers,,False,i.redd.it,https://b.thumbs.redditmedia.com/qazHDQL95gJnBM-GypHNmsI59IE9iBQ2mP15IdkKvmo.jpg
1oprd0a,2025-11-06T06:12:41,Thanks to this guy for fouling smart and giving us a free throw and missing both!,,CJ2324,42,0.99,13,False,False,https://reddit.com/r/lakers/comments/1oprd0a/thanks_to_this_guy_for_fouling_smart_and_giving/,https://i.redd.it/ttid6f1hwkzf1.jpeg,lakers,GAME,False,i.redd.it,https://b.thumbs.redditmedia.com/PfWXAj6qDQkdLWLwS4ZEALkxgeQBON7V-zMMBrtMpJM.jpg
1oprcz0,2025-11-06T06:12:38,How the last 5sec of the game felt like,"Almost all Lakers fans got 3 heart attacks during the last 5 seconds man. Close game, great way for us to bring it back.",suop4747,25,1.0,4,False,False,https://reddit.com/r/lakers/comments/1oprcz0/how_the_last_5sec_of_the_game_felt_like/,https://www.reddit.com/r/lakers/comments/1oprcz0/how_the_last_5sec_of_the_game_felt_like/,lakers,MEME,False,self.lakers,https://b.thumbs.redditmedia.com/tjyxZm_sDhiykdbW4x-vum29zx-Y7j5hUYefkQpx8Ks.jpg
1oprcwc,2025-11-06T06:12:30,DOMINAYTON,"TOP 10 BIG IN THE LEAGUE. ELITE DEFENSE TONIGHT TOO. OUTCLASSED WEMBY. BEST FA SIGNING THIS OFFSEASON. I fucking love you Ayton, never doubted you. Ayton gt gt gt Kessler",daddybronny,173,1.0,23,False,False,https://reddit.com/r/lakers/comments/1oprcwc/dominayton/,https://i.redd.it/3stz4wrfwkzf1.jpeg,lakers,PLAYER TALK,False,i.redd.it,https://b.thumbs.redditmedia.com/MZD1CyviyBsP2BgZnJ1-I_4lM5hXz7wuzjEItpPAeYk.jpg
1oprcnt,2025-11-06T06:12:09,Shoutout to Nico again!!,,Particular-Cloud-599,35,0.96,2,False,False,https://reddit.com/r/lakers/comments/1oprcnt/shoutout_to_nico_again/,https://i.redd.it/yu0xieldwkzf1.jpeg,lakers,APPRECIATION,False,i.redd.it,https://b.thumbs.redditmedia.com/Cu1Uddrsnw8RVmKK7t7q8An3LTutmKDxX45m1ZtVOKI.jpg
1oprcjt,2025-11-06T06:12:00,How it feels watching us play recently. Lakers basketball not good for your heart,,nick170100,37,1.0,4,False,False,https://reddit.com/r/lakers/comments/1oprcjt/how_it_feels_watching_us_play_recently_lakers/,https://i.redd.it/ccqa81jcwkzf1.jpeg,lakers,,False,i.redd.it,https://b.thumbs.redditmedia.com/wAatdeXXnKqywySOcE12KbSHBP5qNJ5VylLjpx-2dNA.jpg
1oprchs,2025-11-06T06:11:53,"As a Luka fan, seeing Marcus Smart play gives me the chills.","I ve always dreamt of the Don having a dog teammate. PJ Washington was the dude that excited me the most during his stay in Dallas. Now, watching Smart play like what he did against Spurs gave me the chills. I have huge hopes that this season will really be something special for the Lakers.",Foreign-Wishbone6980,30,1.0,5,False,False,https://reddit.com/r/lakers/comments/1oprchs/as_a_luka_fan_seeing_marcus_smart_play_gives_me/,https://www.reddit.com/r/lakers/comments/1oprchs/as_a_luka_fan_seeing_marcus_smart_play_gives_me/,lakers,PLAYER TALK,False,self.lakers,self
1oprcgj,2025-11-06T06:11:50,JULIAN CHAMPAGNIE,,KarrotMovies,36,1.0,2,False,False,https://reddit.com/r/lakers/comments/1oprcgj/julian_champagnie/,https://i.redd.it/tj3hrlw9wkzf1.jpeg,lakers,MEME,False,i.redd.it,https://b.thumbs.redditmedia.com/ury369qSjPHhbhC87kmSZjj-wS9kQCfXdOhyt82GJOQ.jpg
1oprbqh,2025-11-06T06:10:42,"Today, Luka's FG was terrible, but he scored 35 points",,Ampika_24,50,0.98,15,False,False,https://reddit.com/r/lakers/comments/1oprbqh/today_lukas_fg_was_terrible_but_he_scored_35/,https://i.redd.it/zs1sth64wkzf1.jpeg,lakers,,False,i.redd.it,https://b.thumbs.redditmedia.com/iOschoadoQWau8tPACgonAJNXPnKJEbPhNP-NJGDiYI.jpg
1oprbmo,2025-11-06T06:10:33,WHO IS 5????,,iamdare,70,0.99,7,False,False,https://reddit.com/r/lakers/comments/1oprbmo/who_is_5/,https://i.redd.it/pdho79a2wkzf1.png,lakers,APPRECIATION,False,i.redd.it,https://b.thumbs.redditmedia.com/NRYY_Q2GCgyYqCD9Er7mcoXylWL3auXnLdi4Rt_g59o.jpg
1oprbjh,2025-11-06T06:10:26,Gotta give ayton some flowers this season insane pick up,,nick170100,110,0.99,4,False,False,https://reddit.com/r/lakers/comments/1oprbjh/gotta_give_ayton_some_flowers_this_season_insane/,https://i.redd.it/qxls1sh2wkzf1.jpeg,lakers,APPRECIATION,False,i.redd.it,https://b.thumbs.redditmedia.com/8hA9dzTkvUDXTjTJnihyDYj5yi4BCT4LCqad9OdoKLw.jpg
1oprbgx,2025-11-06T06:10:19,"Another game, another double double. 22 pts and 10 rebs game from DominAYTON.",,chrisbrits24,74,0.99,2,False,False,https://reddit.com/r/lakers/comments/1oprbgx/another_game_another_double_double_22_pts_and_10/,https://i.redd.it/zuelfzt1wkzf1.jpeg,lakers,,False,i.redd.it,https://b.thumbs.redditmedia.com/hnDTiDbKdUVIlCtELQG48GiPSwl5i06UiqfnCLS53OQ.jpg
1oprbgj,2025-11-06T06:10:19,"Won us the game, period",,Beautiful-Cress5695,296,1.0,48,False,False,https://reddit.com/r/lakers/comments/1oprbgj/won_us_the_game_period/,https://i.redd.it/2qraoio1wkzf1.png,lakers,,False,i.redd.it,https://b.thumbs.redditmedia.com/LonoS5W3ymiNoZMVXbCGs31ioT5QbKwfJ8K_--0QxJY.jpg
1oprbav,2025-11-06T06:10:01,"Post Game Thread NBA The Lakers defeat the Spurs on Nov 5, 2025, the final score is 118 116.",This post contains content not supported on old Reddit. Click here to view the full post,basketball-app,355,1.0,422,False,True,https://reddit.com/r/lakers/comments/1oprbav/post_game_thread_nba_the_lakers_defeat_the_spurs/,https://www.reddit.com/r/lakers/comments/1oprbav/post_game_thread_nba_the_lakers_defeat_the_spurs/,lakers,,False,self.lakers,self
1oprb9m,2025-11-06T06:09:58,Team effort,,MamiTarantina,56,1.0,5,False,False,https://reddit.com/r/lakers/comments/1oprb9m/team_effort/,https://i.redd.it/8hel1omzvkzf1.jpeg,lakers,APPRECIATION,False,i.redd.it,https://b.thumbs.redditmedia.com/hlJtZKB3026_BT3e7kTwAR2j9gMOu5xciMicSvMLg3w.jpg
1oprb04,2025-11-06T06:09:31,HANG IT IN THE LOUVRE,,VGstuffed,36,1.0,1,False,False,https://reddit.com/r/lakers/comments/1oprb04/hang_it_in_the_louvre/,https://i.redd.it/ysvmyuwvvkzf1.jpeg,lakers,MEME,False,i.redd.it,https://b.thumbs.redditmedia.com/0yWpDVVcEdvOM5J1smDoOkH9M-wGxy0nwrnKg781PYc.jpg
1oprasy,2025-11-06T06:09:12,That ending was so long... Thanks marcus,,Few_Prune_1436,72,0.97,16,False,False,https://reddit.com/r/lakers/comments/1oprasy/that_ending_was_so_long_thanks_marcus/,https://i.redd.it/ftj1epopvkzf1.jpeg,lakers,POST GAME,False,i.redd.it,https://b.thumbs.redditmedia.com/PUdk6keixz_CeMrXRLIR7ahCEorIypPh_hGJkyQwdOo.jpg
1oprasq,2025-11-06T06:09:11,"Luka Doncic 35 PTS, 13 AST, 9 REB, 5 STL",,_MambaForever,145,1.0,18,False,False,https://reddit.com/r/lakers/comments/1oprasq/luka_doncic_35_pts_13_ast_9_reb_5_stl/,https://i.redd.it/tn2h2bluvkzf1.jpeg,lakers,APPRECIATION,False,i.redd.it,https://a.thumbs.redditmedia.com/PNC7qNLbqYtHShfBDWe482EMCPb_UbOPYoBvsNzAcf8.jpg
1opraoe,2025-11-06T06:08:59,Every damn game,,Beautiful-Cress5695,153,0.99,12,False,False,https://reddit.com/r/lakers/comments/1opraoe/every_damn_game/,https://i.redd.it/7ato9m0tvkzf1.png,lakers,,False,i.redd.it,https://b.thumbs.redditmedia.com/ytUv4VwY3xEH1uTqgavRrCc5GdDE8yCUAc6UQrRPB8Y.jpg
1opramq,2025-11-06T06:08:55,Never in doubt!,,tcgjjake,60,1.0,9,False,False,https://reddit.com/r/lakers/comments/1opramq/never_in_doubt/,https://i.redd.it/iy042srsvkzf1.jpeg,lakers,,False,i.redd.it,https://b.thumbs.redditmedia.com/IIDgOI_DMU-8cqM3Hx4TH5CcGAnF6jfhGHTVCrC4C_k.jpg
1opra6v,2025-11-06T06:08:10,JJ Redick is HIM. Now 7 2 amp SECOND SEED in the WEST DESPITE ALL THE INJURIES.,,denobino,595,0.99,33,False,False,https://reddit.com/r/lakers/comments/1opra6v/jj_redick_is_him_now_72_second_seed_in_the_west/,https://v.redd.it/64aqbsg8ckzf1,lakers,APPRECIATION,True,v.redd.it,https://external-preview.redd.it/NHBza3JxZzhja3pmMdo7AElCxNFAPcWn7XAZCVuG4JmCPzMomUMR6kNuEcU-.png?width=140&amp;height=140&amp;format=jpg&amp;auto=webp&amp;s=ecef7dd3be0f7ed26a30ec29a26772256b6194e3
1opr9zu,2025-11-06T06:07:51,DOUBLED DOUBLE FOR AYTON. GREAT EFFORT ALL NIGHT LONG 20 PTS 10 REB 2 BLK 9 13 FG,,denobino,415,1.0,41,False,False,https://reddit.com/r/lakers/comments/1opr9zu/doubleddouble_for_ayton_great_effort_all_night/,https://i.redd.it/hgcx8v30rkzf1.jpeg,lakers,APPRECIATION,False,i.redd.it,https://b.thumbs.redditmedia.com/nCRlZ5Pog0SYaGtvNUNv5LWAY7fsfJIWmm9NAGfZcxs.jpg
1opr9zt,2025-11-06T06:07:51,Rui Hachimura,Rui Hachimura,macklawbltn,138,0.99,31,False,False,https://reddit.com/r/lakers/comments/1opr9zt/rui_hachimura/,https://i.redd.it/qotkdjirukzf1.jpeg,lakers,APPRECIATION,False,i.redd.it,https://a.thumbs.redditmedia.com/KUsO9PQgpLz8_VFZBYWgE2_Q9ZZemhEOEQ-QarSWDG8.jpg
1opr9nc,2025-11-06T06:07:15,WHO SAYS LUKA DOESN'T PLAY DEFENSE? LAKERS NOW THE 2ND SEED IN THE WEST!! 35 PTS 9 REB 13 AST 5 STEAL 2 BLOCK,,denobino,253,1.0,30,False,False,https://reddit.com/r/lakers/comments/1opr9nc/who_says_luka_doesnt_play_defense_lakers_now_the/,https://i.redd.it/vftxszut5kzf1.png,lakers,APPRECIATION,False,i.redd.it,https://b.thumbs.redditmedia.com/aBWNTTBU_bEBd5u2hEu-8tPCCFKeHD3fR5Iq3Z2Qc8I.jpg
1opsyw4,2025-11-06T07:51:53,"Reactions to Wemby Fouling Out LBJ, AR amp Mookie",,Turbulent_Emu_7285,4,0.83,0,False,False,https://reddit.com/r/lakers/comments/1opsyw4/reactions_to_wemby_fouling_out_lbj_ar_mookie/,https://youtube.com/shorts/9oLSQtjY6I4?si=rXBx2rZRVmoKT2ZY,lakers,GAME,False,youtube.com,https://external-preview.redd.it/psuP-qrOYMqwirNL5hjbTuEakUdOY8qCSZyw1t6diX0.jpeg?width=140&amp;height=105&amp;auto=webp&amp;s=b100a10ecea7c81ba6aa4f5e2f731c826d41d04c
1opsrns,2025-11-06T07:38:41,Our COY!,,iamdare,25,0.96,0,False,False,https://reddit.com/r/lakers/comments/1opsrns/our_coy/,https://i.redd.it/55r5vuimblzf1.png,lakers,MEME,False,i.redd.it,https://b.thumbs.redditmedia.com/iIARy0oTTOTSZVSVX-bdLlgLaF-L3obi6LvdtKqh1fo.jpg
1opsrad,2025-11-06T07:38:00,Can t forget the impact this guy has had,"Only his second season as an NBA head coach and it s hard not to say he s made a big impact on the lakers. The trust he has in every player on the roster is truly commendable, this guy was made to be a coach. Several players have talked about how much they love playing under JJ already",Fri814,15,0.89,0,False,False,https://reddit.com/r/lakers/comments/1opsrad/cant_forget_the_impact_this_guy_has_had/,https://i.redd.it/rfehkg2pblzf1.jpeg,lakers,,False,i.redd.it,https://b.thumbs.redditmedia.com/e04sDIUXrllY63kZK9norx_gfsy8qBysdw4oeezO51U.jpg
1opspdu,2025-11-06T07:34:30,New Luka IG post Another one! W,,Kang_Burger,31,0.97,4,False,False,https://reddit.com/r/lakers/comments/1opspdu/new_luka_ig_post_another_one_w/,https://i.redd.it/zlirlxb2blzf1.jpeg,lakers,SOCIAL MEDIA,False,i.redd.it,https://b.thumbs.redditmedia.com/znGW3xKFWSD9G5K0fcE78VhmX6f5fX9uKIu5PdS3qYM.jpg
1opsl4p,2025-11-06T07:27:00,Lakers 5 game road trip,"Hawks, Hornets, Pelicans are pretty much locks assuming we re pretty much healthy. OKC and Bucks are tough. If we have a healthy AR amp Luka against those big teams I think we can split. 4 1 or even 3 2 wouldn t be a bad outcome. It s the first test of the season",allanjameson,8,0.9,11,False,False,https://reddit.com/r/lakers/comments/1opsl4p/lakers_5_game_road_trip/,https://i.redd.it/dsgdssbq9lzf1.jpeg,lakers,,False,i.redd.it,https://b.thumbs.redditmedia.com/90CM1IOgON1xRmH9rP5eJoeBzZNEJOPd1YOH3S8DEGc.jpg
1opsirj,2025-11-06T07:22:51,ARE YOU NOT ENTERTAINED!?,,ShowTimesFinest,38,0.97,1,False,False,https://reddit.com/r/lakers/comments/1opsirj/are_you_not_entertained/,https://i.redd.it/v33stvoz8lzf1.jpeg,lakers,PICTURE,False,i.redd.it,https://a.thumbs.redditmedia.com/6Cl3oLc9NqNBfwjzi0LAf6JOkfbrCtbWr8y5AMkW9G4.jpg
1opsh8x,2025-11-06T07:20:08,"35 pts, 13 ast, 9 reb , 7 stocks for the Don",,Fancy-Cream-3972,32,0.88,0,False,False,https://reddit.com/r/lakers/comments/1opsh8x/35_pts_13_ast_9_reb_7_stocks_for_the_don/,https://i.redd.it/5qda5dai8lzf1.jpeg,lakers,PLAYER TALK,False,i.redd.it,https://b.thumbs.redditmedia.com/QuJ5pPO8LK6ZmBcse2AR4ceMX0wb_6dMtkjDBgpyxKU.jpg
1opset9,2025-11-06T07:15:55,Luka's reaction after Rui couldn't score off his wild pass,,catmeow808,62,1.0,7,False,False,https://reddit.com/r/lakers/comments/1opset9/lukas_reaction_after_rui_couldnt_score_off_his/,https://v.redd.it/d785riyq7lzf1,lakers,HIGHLIGHTS,True,v.redd.it,https://external-preview.redd.it/ZXZ0dGY3cXE3bHpmMYiQVwp87OmZac0HiBGp3lmBy3vcaMMHUuN5HP3c9aUr.png?width=140&amp;height=140&amp;format=jpg&amp;auto=webp&amp;s=75c0bcc4efca2c2d1ec7d1a6df56e91746586367
1opsbd5,2025-11-06T07:09:54,Rui this game Player of the game?,,Memelord1117,21,1.0,6,False,False,https://reddit.com/r/lakers/comments/1opsbd5/rui_this_game_player_of_the_game/,https://i.redd.it/rjoik0eo6lzf1.jpeg,lakers,HIGHLIGHTS,False,i.redd.it,https://b.thumbs.redditmedia.com/MizuBlMeq1-drwQzaOCEpo878Rek-wON2wVaDkaAKyg.jpg
1ops8en,2025-11-06T07:04:52,Shaq sends a message to the officiating tonight,,DudeWTH,14,1.0,1,False,False,https://reddit.com/r/lakers/comments/1ops8en/shaq_sends_a_message_to_the_officiating_tonight/,https://youtu.be/k-BoeBedZ3k,lakers,VIDEO,False,youtu.be,https://external-preview.redd.it/HRGokfWqbi-Ex1dGysdGQZ0RyYvTdehaWLp_bgpdgRo.jpeg?width=140&amp;height=105&amp;auto=webp&amp;s=04d419090b7d4eabcb7175e5690b9a6f679553c1
1ops6iv,2025-11-06T07:01:41,If Luka doesn t get traded,,Posture_Chk,0,0.07,6,False,False,https://reddit.com/r/lakers/comments/1ops6iv/if_luka_doesnt_get_traded/,/r/nba/comments/1oprvvr/if_luka_doesnt_get_traded/,lakers,,False,,default
1ops5vu,2025-11-06T07:00:45,How the Lakers SHUT DOWN Wemby breakdown analysis of how LA slowed down they Spurs and Wemby,,_Jetto_,12,0.88,6,False,False,https://reddit.com/r/lakers/comments/1ops5vu/how_the_lakers_shut_down_wemby_breakdown_analysis/,https://www.youtube.com/watch?v=5g3pQELh9Ig,lakers,STATS / ANALYTICS,False,youtube.com,https://external-preview.redd.it/-2g_9O-FP65NLLZ22IzEpLPNc1gQKdLfJOL_CoYCw1c.jpeg?width=140&amp;height=105&amp;auto=webp&amp;s=0e8d535421d9a8d07946e1586bdba4c9a886947e
1optccj,2025-11-06T08:15:56,"Marcus Smart's response to the lane violation with 1.2 seconds left As a 12 year vet, I can t make that mistake. I take full ownership of it. It will never happen again.",,denobino,86,1.0,8,False,False,https://reddit.com/r/lakers/comments/1optccj/marcus_smarts_response_to_the_lane_violation_with/,https://v.redd.it/ekao4419ilzf1,lakers,VIDEO,True,v.redd.it,https://external-preview.redd.it/dWt0dW41MTlpbHpmMeaXo-QvY5EIZYCkWSjgmpilMaq1zlbZbps6mJsG8Uqh.png?width=140&amp;height=78&amp;format=jpg&amp;auto=webp&amp;s=11a579f127ba260a7002b868dc9154a7c4e3cc9a
1optbw4,2025-11-06T08:15:07,Team chemistry has officially peaked,Yeah 5! Yeah 5! LeBron interrupting Ayton 's interview with Scott Van Pelt. 8 million for a certified big man assassin. Rob Pelinka might ve just committed legal robbery.,f1reflyyy,31,1.0,8,False,False,https://reddit.com/r/lakers/comments/1optbw4/team_chemistry_has_officially_peaked/,https://www.reddit.com/r/lakers/comments/1optbw4/team_chemistry_has_officially_peaked/,lakers,POST GAME,False,self.lakers,self
1optadu,2025-11-06T08:12:24,Luka reluctantly explains what he included in the slideshow about himself he had to give to the team,,Open_Excuse5176,31,1.0,4,False,False,https://reddit.com/r/lakers/comments/1optadu/luka_reluctantly_explains_what_he_included_in_the/,https://v.redd.it/rbva65sqhlzf1,lakers,,True,v.redd.it,https://external-preview.redd.it/NnQ5MnRlcHFobHpmMcNNpg2D2ivNzAzlnxcm_PE6j290puJn-55uy1Ue5Jtx.png?width=140&amp;height=79&amp;format=jpg&amp;auto=webp&amp;s=99b1e9f34bac34419280680b852384441e533ba8
1opt7px,2025-11-06T08:07:29,,fuuuuuuuuuuuuuuuuuuuuuuuuuuuuuuuuuuuuuuuuuuuuuuuuuuuuuuuuuuuuuuuuuuuuuuuuuuuuuuuuuuuuuuuuuuuuuuuuuuuuuuuuuuuuuuuuuuuuuuuuuuuuuuuuuuuuuuuuuuuuuuuuuuuuuuuuuuuuuuuuuuuuuuuuuuuuuck,iamtoolazytosleep,44,1.0,7,False,False,https://reddit.com/r/lakers/comments/1opt7px/_/,https://i.redd.it/n9vs109yglzf1.jpeg,lakers,APPRECIATION,False,i.redd.it,https://b.thumbs.redditmedia.com/bfKQ5DGp7h6vLiEptJpLGqjbdHzLT-oIUovtTNP3EAw.jpg
1opt414,2025-11-06T08:01:00,Interested to see how LeBron fits in this offense,"When everyone is healthy I m curious how LeBron will be used. With AR and Luka progressing and new players, this team looks very different. I thought LeBron was still a top 10 player last year, but I think it would hurt the team if he was bringing the ball up the court. Lmk what you guys think",riczizagorac,1,0.53,20,False,False,https://reddit.com/r/lakers/comments/1opt414/interested_to_see_how_lebron_fits_in_this_offense/,https://www.reddit.com/r/lakers/comments/1opt414/interested_to_see_how_lebron_fits_in_this_offense/,lakers,TEAM TALK,False,self.lakers,self
1opt40w,2025-11-06T08:01:00,Marcus Smart's reaction to Luka Doncic dropping 5 STEALS and 2 BLOCKS,,denobino,53,1.0,3,False,False,https://reddit.com/r/lakers/comments/1opt40w/marcus_smarts_reaction_to_luka_doncic_dropping_5/,https://v.redd.it/y8u2bixnflzf1,lakers,VIDEO,True,v.redd.it,https://external-preview.redd.it/MGZ2dGNpeG5mbHpmMbpJssFXOzJdP3fVlKLQJSJ2jG33VciOsmQ3pE8LjMSC.png?width=140&amp;height=78&amp;format=jpg&amp;auto=webp&amp;s=758f450fb8faa0e7d8151af4c57cafbcb2499590
1opus1b,2025-11-06T09:49:08,JJ Redick Loses It Over Jaxson Hayes Dumb Mistakes,,Nykeeo,7,1.0,0,False,False,https://reddit.com/r/lakers/comments/1opus1b/jj_redick_loses_it_over_jaxson_hayes_dumb_mistakes/,https://youtu.be/7RDS7RfVK_0?si=CLhfkxZl7ZF5h4Rc,lakers,,False,youtu.be,https://external-preview.redd.it/WJN41QJDGGWPXvop_zQRPTXj-tY1fcEWc_wolSQKI8o.jpeg?width=140&amp;height=105&amp;auto=webp&amp;s=3cb0d9f69851ecc95161b3f27553e59b35bf2ad2
1opujsc,2025-11-06T09:34:46,If Ayton continues to put out his production he should be All Star.,If Ayton continues with his production and we stay a top seed. He should be All Star. He s been amazing defensively and offensively the biggest game changer on this team. Marcus smart aswell has been huge. However Aytons middies and defence and presence has been massive for the team.,OrganicHunt952,1,0.57,6,False,False,https://reddit.com/r/lakers/comments/1opujsc/if_ayton_continues_to_put_out_his_production_he/,https://www.reddit.com/r/lakers/comments/1opujsc/if_ayton_continues_to_put_out_his_production_he/,lakers,,False,self.lakers,self
1opue6k,2025-11-06T09:24:51,The World Series champs at the Lakers game tonight!,,disneylegend,7,1.0,0,False,False,https://reddit.com/r/lakers/comments/1opue6k/the_world_series_champs_at_the_lakers_game_tonight/,https://streamable.com/midnmw,lakers,VIDEO,False,streamable.com,https://external-preview.redd.it/eb4cBx8fWSAXSxXs-3BSb0IRyl49nh9mMfuV8JGjfLs.jpeg?width=140&amp;height=140&amp;auto=webp&amp;s=86d01711e2c778143180265069832820f87ac7b7
1opvt1r,2025-11-06T10:52:16,How will Lebron James impact the team on his return?,"Well currently we are really great and I cant wait for the to be back. For the casuals I know the hate is comming when there will be an adjustment phase especially when Lebron returns to the floor. With the team chemistry in and off the court is right now, I dont think there will be really a problem when he is back. Questions still lingers in my mind, is he gonna get less minutes on the floor to prepare and locked in for the post season? Will he change his role from a ball dominant to a slasher and semi facilitator on the offense? What do you guys think?",One-Bar-3855,2,1.0,3,False,False,https://reddit.com/r/lakers/comments/1opvt1r/how_will_lebron_james_impact_the_team_on_his/,https://i.redd.it/ywvzmfpcamzf1.jpeg,lakers,PLAYER TALK,False,i.redd.it,https://b.thumbs.redditmedia.com/cWAn6XS6pn0tjjLTtmbOagoImV-8kFVDdRd5hVWfgDI.jpg
1opvc14,2025-11-06T10:23:32,Trade idea,,Agreeable-Cash7503,0,0.2,3,False,False,https://reddit.com/r/lakers/comments/1opvc14/trade_idea/,https://i.redd.it/nrtay1n75mzf1.jpeg,lakers,TRADE DISCUSSION,False,i.redd.it,https://b.thumbs.redditmedia.com/0f0cO_8HFoopeQ1Xa7Y3mscibFZEYTb4pbvuZazAoJo.jpg
1opv6uz,2025-11-06T10:14:43,The secret to Lakers recent wins,"Hahahaha Luka surrounding the team with his energy wizardry? every pregame. Someone said the because of his off season diet, he has so much energy so he needs to release it this way Anyhow, we love whatever is wrong with him",Nearby_Tomorrow_7816,27,1.0,4,False,False,https://reddit.com/r/lakers/comments/1opv6uz/the_secret_to_lakers_recent_wins/,https://v.redd.it/dk05xobn3mzf1,lakers,,True,v.redd.it,https://external-preview.redd.it/eGZ0NWx6ZG4zbXpmMZvM0r728E49Q7Xsh3Rt6ywysXXJr8146AqdjsVcJI_f.png?width=140&amp;height=140&amp;format=jpg&amp;auto=webp&amp;s=1b5802beb3a0221b51b6028ab45c9e67dd8a1fbf
1opv56m,2025-11-06T10:11:54,"Imagine if we didnt have JJ, we'd still have this legendary coach",,forgedcarbon21,4,0.7,1,False,False,https://reddit.com/r/lakers/comments/1opv56m/imagine_if_we_didnt_have_jj_wed_still_have_this/,https://i.redd.it/6v0c3x653mzf1.jpeg,lakers,COACH,False,i.redd.it,https://a.thumbs.redditmedia.com/iFLJ72tch2jlFPB3EvSlblyacg9nf8xCaK_j8lWWlv4.jpg
1opy1fc,2025-11-06T12:49:57,"Jarred if you re on Reddit, read this","Jarred Vanderbilt you just hit your first official three pointer, and I don t care what anyone says this is the most important moment of my life. People can talk all they want about your offensive struggles, but to me, you ve never missed a shot that truly mattered the shot of effort, grit, and soul you take every single night on defense. Every time I see you dive for a loose ball or lock up someone twice your size, I feel something inside me heal. You make me believe again not in basketball, but in tolerance. Because of you, I ve learned to coexist with the woman I don t love. Without you, Jarred, I d probably still be fighting with her over laundry detergent. Jarred Vanderbilt, without you, my Reddit account wouldn t exist. You are my reason to post, my reason to refresh the box score, my reason to wake up in the morning and say, maybe today he gets 6 points. I know a lot of people will say things like, I ve always been a fan of Vanderbilt, but lately he s disappointing. Please, if you ever stumble onto r lakers, do not read them. Those are false prophets. Focus only on my comments. I ll be there every game thread, every postgame discussion, whispering digital love into the void. I promise to bring you joy, to defend you like you defend everyone else, and to make sure you smile every time you scroll past my name. You are the only player I ve ever truly loved. Jarred Vanderbilt, I m loyal. I m yours. Always.",Nykeeo,1,0.6,1,False,False,https://reddit.com/r/lakers/comments/1opy1fc/jarred_if_you_re_on_reddit_read_this/,https://i.redd.it/69to78mcvmzf1.jpeg,lakers,APPRECIATION,False,i.redd.it,https://b.thumbs.redditmedia.com/UadM_57cyCQCDiFqs4rfvS6fPL4viPKFuLQkQxSLsSM.jpg
1opxfxn,2025-11-06T12:21:04,"LeBron is the godfather, Luka is the spark. The Lakers are about to explode.","I know, LeBron is the godfather of basketball. Now you ve got Luka too. And it s Luka who will lift the entire team. With him, everyone will play well and contribute points. He s the kind of person you don t see often. With him, you ll start to notice the other teammates too, as the rest of the team will with Luka s help show why they are the LAKERS. Congratulations to everyone, and let this be the beginning of a new era of basketball.",Norchek,3,0.71,1,False,False,https://reddit.com/r/lakers/comments/1opxfxn/lebron_is_the_godfather_luka_is_the_spark_the/,https://www.reddit.com/r/lakers/comments/1opxfxn/lebron_is_the_godfather_luka_is_the_spark_the/,lakers,,False,self.lakers,self
1opx8ec,2025-11-06T12:10:37,"The words were understood! Thank you, DA and Smart",,FishsSad,12,0.94,2,False,False,https://reddit.com/r/lakers/comments/1opx8ec/the_words_were_understood_thank_you_da_and_smart/,https://i.redd.it/qj3tfvoaomzf1.jpeg,lakers,APPRECIATION,False,i.redd.it,https://b.thumbs.redditmedia.com/HSj_9Q-zIEH-belqNJZEWbrGIeWFxduUd8CsQFF4zos.jpg
1opzk0q,2025-11-06T13:55:16,Taking the Charge No Rui Slander Will Be Tolerated!,"Leave him out of your silly trade talks. Thank you, Rui, for taking one for the team!",Turbulent_Emu_7285,4,1.0,0,False,False,https://reddit.com/r/lakers/comments/1opzk0q/taking_the_charge_no_rui_slander_will_be_tolerated/,https://i.redd.it/jj5io1zb6nzf1.jpeg,lakers,,False,i.redd.it,https://b.thumbs.redditmedia.com/dRo88Zdv-l_au86lgB5j08b8usBXOnIfev1vtp7Ya3w.jpg
1opyq60,2025-11-06T13:20:25,"Honestly, the feeling is that I m enjoying it very much playing with these guys, Doncic said following the win. You know AR Austin Reaves can play. We re still missing Bron. This team has big potential. Everybody steps on the court and gives maximum effort, so it s very enjoyable to play.","Such a phenomenal start, and not even at full strength yet.",LumenYeah,58,1.0,3,False,False,https://reddit.com/r/lakers/comments/1opyq60/honestly_the_feeling_is_that_im_enjoying_it_very/,https://i.redd.it/k5jbzbas0nzf1.jpeg,lakers,,False,i.redd.it,https://b.thumbs.redditmedia.com/3OwB41B-54MO4Qjnpt89MhtNnSdPVIH78rWK5Dya4uc.jpg
1opyd41,2025-11-06T13:04:31,Former Laker Christian Wood fires gun during Sherman Oaks home invasion,"The NBA free agent fired multiple rounds into the ground to ward off the would be burglars. Robert Kovacik reports for the NBC4 News at 11 p.m. on Nov. 5, 2025.",Turbulent_Emu_7285,13,1.0,1,False,False,https://reddit.com/r/lakers/comments/1opyd41/former_laker_christian_wood_fires_gun_during/,https://youtu.be/xnr6ReTpOMk?si=VXD-yChAXRGduhh8,lakers,NEWS,False,youtu.be,https://external-preview.redd.it/vIdAs8B4534aA2eOC4AEENpRekeVarOEs61s_J136is.jpeg?width=140&amp;height=105&amp;auto=webp&amp;s=5f817350f820141b491f74278bb8d8d075d0abe4
1oq0vm6,2025-11-06T14:48:36,How good is it be an LA sports fan right now?,Lakers are 7 2 and Lebron isn t even back yet. Dodgers are back to back World Champions. Rams are 6 2 could be 8 0 and elite. In a dark world these three teams give me joy. Cue the Randy Newman!,hplalakrs20012010,7,1.0,2,False,False,https://reddit.com/r/lakers/comments/1oq0vm6/how_good_is_it_be_an_la_sports_fan_right_now/,https://www.reddit.com/r/lakers/comments/1oq0vm6/how_good_is_it_be_an_la_sports_fan_right_now/,lakers,,False,self.lakers,self
1oq0jdn,2025-11-06T14:35:01,Lakers players Effective Defensive Field Goal Percentage,,J3kStEr,6,1.0,1,False,False,https://reddit.com/r/lakers/comments/1oq0jdn/lakers_players_effective_defensive_field_goal/,https://i.redd.it/mhxzvs02enzf1.jpeg,lakers,,False,i.redd.it,https://b.thumbs.redditmedia.com/eFayNEMVmjNkeTdFE0sZVEbgus0tNKM2wuBAHV5vj5c.jpg
1oq0a42,2025-11-06T14:24:41,Incredible stuff so far from this team,,oat38,44,1.0,6,False,False,https://reddit.com/r/lakers/comments/1oq0a42/incredible_stuff_so_far_from_this_team/,https://i.redd.it/npr848w8cnzf1.jpeg,lakers,LAKERS,False,i.redd.it,https://b.thumbs.redditmedia.com/sH4c8EQxvrwzkPBvWIEH8uEzmgNhWXc64arf3lXfiNk.jpg
1oq05sy,2025-11-06T14:19:46,Let's bench Lebron,"Okay, hear me out. I've been a fan of Lebron since he entered the league. I watched him play his second year in Cleveland, and heck I could see his yellow Hummer at Saint Vincent Saint Mary from my office when I worked in Akron. Clearly on the Mount Rushmore of basketball players. But time has caught up with him. Still explosive. Still dominant. But in more limited quantity. I'd love to see him lead the second squad. Imagine facing the first squad as it is constituted today and having one heck of a battle. Then the first squad sits, and you are having to face a rested Lebron. That would just be brutal. The other team would have to decide if they were leaving their starters out there to combat Lebron or if they were going to rest their starters and know they are going to be falling behind. What do you think? Does this make sense to you?",EricTheNerd2,0,0.22,14,False,False,https://reddit.com/r/lakers/comments/1oq05sy/lets_bench_lebron/,https://www.reddit.com/r/lakers/comments/1oq05sy/lets_bench_lebron/,lakers,,False,self.lakers,self
1opztbu,2025-11-06T14:05:38,How to watch Lakers Spurs replay?,I have league pass on Prime and YouTube TV which currently has no espn lol. How can I watch a full replay of last nights game? I can t find a replay of the whole game anywhere.,Embarrassed_Paint592,3,1.0,4,False,False,https://reddit.com/r/lakers/comments/1opztbu/how_to_watch_lakersspurs_replay/,https://www.reddit.com/r/lakers/comments/1opztbu/how_to_watch_lakersspurs_replay/,lakers,,False,self.lakers,self
1opzppz,2025-11-06T14:01:38,Comment on Lakers vs Twolves,"I'm a Lakers that live in Minnesota now. While watching the game with my friends that are Wolves fans, they all said these Lakers group is what they're hoping how the Wolves will play without Edwards. Credit to the Lakers team, coaches and FO! These guys are hustling!",virtualmethodman,1,0.57,0,False,False,https://reddit.com/r/lakers/comments/1opzppz/comment_on_lakers_vs_twolves/,https://www.reddit.com/r/lakers/comments/1opzppz/comment_on_lakers_vs_twolves/,lakers,TEAM TALK,False,self.lakers,self
1oq27jb,2025-11-06T15:39:52,How can I watch the Lakers in the UK?,"Can any other UK based Lakers fans share how they watch the games? NBA Pass is all I can find but it s expensive. Are there any streamers showing NBA this season? I remember the BBC showed a couple of live games two seasons back, including Suns Lakers, but nothing since. Looks like there s only one Lakers game scheduled for early evening GMT this season too which is a shame.",Spurtboy,2,1.0,1,False,False,https://reddit.com/r/lakers/comments/1oq27jb/how_can_i_watch_the_lakers_in_the_uk/,https://www.reddit.com/r/lakers/comments/1oq27jb/how_can_i_watch_the_lakers_in_the_uk/,lakers,,False,self.lakers,self
1oq24h5,2025-11-06T15:36:39,People forget this dude was DPOY just 3 years ago and he s only 31,"Marcus smart has been a revelation playing like a real DPOY All Defensive 1st team player. The only issue with him was injuries, he was always solid when he was playing. Luka has never played with a player who had an all defensive team selection at all s Let alone a DPOY calibre defensive 1st team player like him.",OrganicHunt952,23,1.0,2,False,False,https://reddit.com/r/lakers/comments/1oq24h5/people_forget_this_dude_was_dpoy_just_3_years_ago/,https://i.redd.it/vze8sgc3pnzf1.jpeg,lakers,,False,i.redd.it,https://b.thumbs.redditmedia.com/NgkeYrfQipk-kwq-0-tc0lgVlr02S9D8wuxEm8ayewo.jpg
1oq1xrv,2025-11-06T15:29:30,Any update on Adou thiero?,"He s been injured, he potentially could be helpful. He s an athletic two way. Exactly what we need his offense was suspect but if he can develop somewhat of a three ball or be a great cutter like Braun he d be perfect depth.",OrganicHunt952,1,1.0,2,False,False,https://reddit.com/r/lakers/comments/1oq1xrv/any_update_on_adou_thiero/,https://www.reddit.com/r/lakers/comments/1oq1xrv/any_update_on_adou_thiero/,lakers,,False,self.lakers,self
1oq1tpj,2025-11-06T15:25:11,Bronny is mesmerized by Luka,,Kang_Burger,32,0.94,6,False,False,https://reddit.com/r/lakers/comments/1oq1tpj/bronny_is_mesmerized_by_luka/,https://v.redd.it/esirre91nnzf1,lakers,VIDEO,True,v.redd.it,https://external-preview.redd.it/OTBkM2lkZTFubnpmMfSR2o8HxFZ3o5rojsscuA_NVWTdZr8K1pehKlP7XsIM.png?width=140&amp;height=78&amp;format=jpg&amp;auto=webp&amp;s=11ebcaba7bde546a250c989d2fda045229caf43c
1oq1mjg,2025-11-06T15:17:37,3 underrated things about Luka,"Culture Setter Every team he goes to he seems to as a leader of the team create a tight knit, positive environment and seems to be able to connect with all different types of personalities from superstars to benchwarmers. He will give others credit, take accountability and he seems to make all levels of players feel important. Only exception perhaps was KP but seems more of an exception than the rule Ability to track the ball The ability he has to read the flight of the ball and get to balls before other NBA players is insane. He gets a lot of rebounds that way Mid game adjustments He either starts a game super hot or if he's struggling in the first quarter, after a certain point he just seems to figure out how he's going to play the defense that day. He doesn't have just one way of beating a defense Just some observations that's been on my mind recently P.S. I genuinely think he's the best all rounded single offensive weapon in NBA history but there is not enough stats or accolades yet to prove this point yet",Dangerous-Heart641,19,1.0,4,False,False,https://reddit.com/r/lakers/comments/1oq1mjg/3_underrated_things_about_luka/,https://www.reddit.com/r/lakers/comments/1oq1mjg/3_underrated_things_about_luka/,lakers,,False,self.lakers,self
1oq17ji,2025-11-06T15:01:28,Daily Lakers Discussion Thread,Lakers season is back! Talk about whatever you want.,AutoModerator,2,1.0,10,False,True,https://reddit.com/r/lakers/comments/1oq17ji/daily_lakers_discussion_thread/,https://www.reddit.com/r/lakers/comments/1oq17ji/daily_lakers_discussion_thread/,lakers,,False,self.lakers,self
1oq4akx,2025-11-06T16:56:54,Not championship ready,"Hopefully this doesn't come off as toxic, but while I'm reveling in our win from last night, I'm concerned that many of our guys succumb too easily to in game jitters and thus mistakes that we just can't have come playoff time and in the finals. Even Marcus Smart with legit championship experience made a silly error with only a second remaining in the game. I want to be wrong about this, and it is a long time from the playoffs, so I acknowledge that as well.",schnibitz,0,0.33,2,False,False,https://reddit.com/r/lakers/comments/1oq4akx/not_championshipready/,https://www.reddit.com/r/lakers/comments/1oq4akx/not_championshipready/,lakers,,False,self.lakers,self
1oq43rj,2025-11-06T16:49:39,Lakers are now the only undefeated team on the road at 4 0,"With the Thunder's loss to the Trailblazers yesterday, the Lakers are now the only team that's still undefeated on the road. Haven't seen many mentions of this. LFG!",hausitron,7,1.0,1,False,False,https://reddit.com/r/lakers/comments/1oq43rj/lakers_are_now_the_only_undefeated_team_on_the/,https://www.reddit.com/r/lakers/comments/1oq43rj/lakers_are_now_the_only_undefeated_team_on_the/,lakers,TEAM TALK,False,self.lakers,self
1oq3zo1,2025-11-06T16:45:27,What would be a reasonable lakers trade where we don't give up our 1st?,"I want watch more see roster when all of our stars are healthy and against some of the bigger name contender teams, but I'm starting think not much more needs be done outside of 1 more trade for some 2 way guy who can play prob 10 15 mins in playoffs max and capable guarding 1 3 spot. Ideally prob a sg sf. We currently prob have about 9 man rotation. Starters Luka, ar, rui, lebron, ayton. Bench smart, laravia, hayes, vando. Least 3 good defensive pieces bench insert based on match up starting line up or heavy usage and 2 are very capable 2 way guys. We got competent center and hayes looks like he could be serviceable in playoffs. Low end estimates of mins Luka and AR prob easily both get 38 mpg in playoffs and sf center expect 32 35 mpg. Obviously, some games will be less other, some people prob need be ou minor injuries, and winning lot rest your starters. General won't be many mins go around. We prob need just one more piece if current performance of team stays for 10 man rotation and very deep team.",MangoDouble3259,3,1.0,7,False,False,https://reddit.com/r/lakers/comments/1oq3zo1/what_would_be_a_reasonable_lakers_trade_where_we/,https://www.reddit.com/r/lakers/comments/1oq3zo1/what_would_be_a_reasonable_lakers_trade_where_we/,lakers,,False,self.lakers,self
1oq3nu5,2025-11-06T16:33:05,"Charania Lakers' LeBron James has officially been cleared for contact basketball activities and will be re evaluated in one to two weeks. Next step, ramping up to 5 on 5 action.",,daftmunt,176,1.0,36,False,False,https://reddit.com/r/lakers/comments/1oq3nu5/charania_lakers_lebron_james_has_officially_been/,https://i.redd.it/upfv5pn5znzf1.jpeg,lakers,,False,i.redd.it,https://b.thumbs.redditmedia.com/yoaODno1fqXCj_IbLtpJ0-i-MZbnn5bHhGiV9qookuk.jpg
1oq3nn1,2025-11-06T16:32:53,"LeBron James has progressed to contact basketball activity and will be reevaluated by team physicians in approximately 1 2 weeks, per the Lakers.",,Turbostrider27,8,0.9,2,False,False,https://reddit.com/r/lakers/comments/1oq3nn1/lebron_james_has_progressed_to_contact_basketball/,https://bsky.app/profile/khobiprice.bsky.social/post/3m4xyhoovds2h,lakers,,False,bsky.app,https://external-preview.redd.it/K9DmVZQjbItKyWSaKSLBAFSAJkcaQXSkCqm7f7psxNM.jpeg?width=140&amp;height=140&amp;auto=webp&amp;s=a06096ee3e0dd19cbcc38b7f36dde70e44649b02
1oq386e,2025-11-06T16:17:01,Luka Don i is the first player in franchise history to reach 200 points in their first 5 games of a season,,Basketball_Reference,43,1.0,12,False,False,https://reddit.com/r/lakers/comments/1oq386e/luka_dončić_is_the_first_player_in_franchise/,https://i.redd.it/hnq6i0o7wnzf1.png,lakers,STATS / ANALYTICS,False,i.redd.it,https://a.thumbs.redditmedia.com/KOUQGWNthXjwjuTU1hNS9XOqdzFfmqM4EgDvzGKcKs0.jpg
1oq2wh4,2025-11-06T16:05:12,The 5th starter convo revisited,"Now that we ve had a chance to see what this team can be, who do ya ll think deserves to be the 5th starter? I think 3 guys all have a case for the job based on their play. Rui he has the most experience playing with the other 4 starters and has been on an absolute tear this year. He s shooting 60 from the field and 48 from 3. Yes he has defensive limitations when asked to guard out of position but the offensive production speaks for itself. Has great chemistry with all 3 ball handlers as well. Smart fills the much needed defensive hole that was there last year in the starting line up. Gives the line up a playmaking bump over Rui and is also not a slouch offensively. Brings some much needed toughness that this team has previously lacked. Has also played well next to AR and Luka currently 5 0 when he starts LaRavia has shown to be a perfect glue guy that can do a little bit of everything. Has great size, has shot the ball decently well and has a great defensive motor. Has also played well next to both Reaves and Luka in the starting line up. The fact that the Lakers have 3 legit choices as the 5th starter speaks to their depth this season, and I m personally leaning towards Smart, but wanted to hear what ya ll thought.",EATMYBASS3,0,0.4,10,False,False,https://reddit.com/r/lakers/comments/1oq2wh4/the_5th_starter_convo_revisited/,https://www.reddit.com/r/lakers/comments/1oq2wh4/the_5th_starter_convo_revisited/,lakers,,False,self.lakers,self
1oq5cro,2025-11-06T17:36:26,Marcus was not out of bounds,"This is taken from my reply on another thread, but I believe it merits its own discussion . Watch the replay. Marcus has his foot on the line as he starts his heave, but that foot lifts inches above the ground right before the ball leaves his hand. So he has one foot totally out of bounds and one foot in the air as the pass actually happens and that is all you need to have you don t need two feet down . For real, should have been reviewed. Also Did anyone notice the feet of the SA indbounder during their last play? He absolutely shuffled his feet you have to have at least one pivot foot down I think or possibly you can t move either foot . It wasn t after a made basket so I believe that s a violation.",drewlius24,0,0.3,9,False,False,https://reddit.com/r/lakers/comments/1oq5cro/marcus_was_not_out_of_bounds/,https://www.reddit.com/r/lakers/comments/1oq5cro/marcus_was_not_out_of_bounds/,lakers,POST GAME,False,self.lakers,self
1oq56ac,2025-11-06T17:29:49,At table I painted for a client. What yall think?,,BigArtillery78,20,1.0,1,False,False,https://reddit.com/r/lakers/comments/1oq56ac/at_table_i_painted_for_a_client_what_yall_think/,https://i.redd.it/2xwjtg6a9ozf1.jpeg,lakers,FAN ART,False,i.redd.it,https://a.thumbs.redditmedia.com/QnAkvA4ZcKEPq-QZbBHwLwGuDpdvYEMpuHOEzH_UF10.jpg
1oq4lcz,2025-11-06T17:07:58,LeBron will be plug and play for the current system,"Obviously, a lot of folks here and in other subs are hating on LeBron like he isn t still one of the best all around players in the game. The man is 40 years old and still makes the All NBA Team something most players in their mid 20s can t even touch. Both Luka and LeBron have some of the highest basketball IQs you ll ever see, on and off the court. Do you really think they ll have chemistry issues? If you actually watched last season s games, you d know that with just a few more right pieces, we could ve made a serious run maybe even taken down Denver or OKC. Let s stop with the tired LeBron will mess up the chemistry takes. He might cut into LaRavia s or Vando Rui s minutes a bit, sure, but the team will be fine. The fit makes sense. And hey, they ve got a new coach now no more pocket pockies, hammy dumpy nonsense.",KampferAzkar,12,0.83,17,True,False,https://reddit.com/r/lakers/comments/1oq4lcz/lebron_will_be_plugandplay_for_the_current_system/,https://www.reddit.com/r/lakers/comments/1oq4lcz/lebron_will_be_plugandplay_for_the_current_system/,lakers,,False,self.lakers,nsfw
1oq4k9q,2025-11-06T17:06:54,Yeah 5!! LeBron LOVES what Ayton's bringing to this team. Ayton outperformed Wemby.,,MamiTarantina,59,1.0,3,False,False,https://reddit.com/r/lakers/comments/1oq4k9q/yeah_5_lebron_loves_what_aytons_bringing_to_this/,https://v.redd.it/il3lryz55ozf1,lakers,POST GAME,True,v.redd.it,https://external-preview.redd.it/ZWh1eDBzcTU1b3pmMRAZxWWAd3YHbFO9Y0dwC_aIDMdPf1AyixTU-eKx9pBR.png?width=140&amp;height=98&amp;format=jpg&amp;auto=webp&amp;s=7526c62a67f9fa5fa05a8440edb9fb04230c20a2
1oq4hur,2025-11-06T17:04:24,Saddest part of the season so far,"Before the season started I kept reading how Deandre Ayton would be a bust. He would start terrible. He wouldn't score more than ten. He couldn't get rebounds. He wouldn't listen to or help other players. He would be worthless after the all star break. Len is better Well guys, I did something terrible. I kept a bunch of screenshots of these comments on my desktop, not a folder. In a cleanup frenzy, I deleted desktop items and those screenshots are gone. How can I throw it back in anyone's face at the end of the year? How can I show everyone how wrong they were? Long story short keep the receipts guys. I can't wait for the end of the year for one large post to show everyone how wrong they were. Also, folder management is real guys. Keep up with it.",Altruistic-Sand-7421,8,0.9,6,False,False,https://reddit.com/r/lakers/comments/1oq4hur/saddest_part_of_the_season_so_far/,https://www.reddit.com/r/lakers/comments/1oq4hur/saddest_part_of_the_season_so_far/,lakers,PLAYER TALK,False,self.lakers,self
1oq73s7,2025-11-06T18:40:26,What was the difference with 2023 starter Vanderbilt and current Vanderbilt?,"Why is he no longer starting and getting as much minutes? Personally, I feel as though he's not showing as much hustle anymore. He's not the defensive menace and rebounder he once was which was a combination of defensive skill and a lot of hustle. I think a lot of his offensive skill set was getting those offensive rebounds and outworking everybody for it. Is this a fair assessment? I always felt he was the most impactful player from the russell westbrook trade. What changed?",MasterDevelopment,2,1.0,3,False,False,https://reddit.com/r/lakers/comments/1oq73s7/what_was_the_difference_with_2023_starter/,https://www.reddit.com/r/lakers/comments/1oq73s7/what_was_the_difference_with_2023_starter/,lakers,PLAYER TALK,False,self.lakers,self
1oq73g0,2025-11-06T18:40:04,"Even you knew whom Luka is gonna assist, it's still amazing!",,Fit_Engineer9548,8,1.0,0,False,False,https://reddit.com/r/lakers/comments/1oq73g0/even_you_knew_whom_luka_is_gonna_assist_its_still/,https://v.redd.it/tkl7h0mblozf1,lakers,,True,v.redd.it,https://external-preview.redd.it/MzBka2MwbWJsb3pmMfbzpNwsCQUuPbeL9wGkpPp9TfLQbqC2Z5EaQGCGxjJc.png?width=140&amp;height=78&amp;format=jpg&amp;auto=webp&amp;s=43db588702f18dadb76d4db9ec2ee033f0e3ab60
1oq6qgm,2025-11-06T18:26:32,"Prayers up, Dalton Knecht is shooting 21 6 28 from 3 so far this season.",,VGstuffed,13,0.88,15,False,False,https://reddit.com/r/lakers/comments/1oq6qgm/prayers_up_dalton_knecht_is_shooting_21_628_from/,https://i.redd.it/8zrqsw4vfozf1.png,lakers,PLAYER TALK,False,i.redd.it,https://b.thumbs.redditmedia.com/tMIS-pc_Z9qhw_p9uYKoNMflFH7jyx-PMBc2o61FABI.jpg
1oq6gt7,2025-11-06T18:16:53,Naji Marshall comments sad faces on Luka s newest ig post celebrating the win,,rosiros,94,0.99,34,False,False,https://reddit.com/r/lakers/comments/1oq6gt7/naji_marshall_comments_sad_faces_on_lukas_newest/,https://i.redd.it/4hs0eiyfhozf1.jpeg,lakers,,False,i.redd.it,https://b.thumbs.redditmedia.com/gMDd4YQH4Z7St3y5SQLF0lyzzsCl5vJjAPpAbrbpIPo.jpg
1oq8odi,2025-11-06T19:39:41,Something ain t adding up here,,Pointfit_,3,0.8,6,False,False,https://reddit.com/r/lakers/comments/1oq8odi/something_aint_adding_up_here/,https://i.redd.it/vzqtza8gwozf1.jpeg,lakers,,False,i.redd.it,https://b.thumbs.redditmedia.com/UwK3z8iL_BXhYLCNmf_jHTUCnZJY9dTA54UwwodjT-o.jpg
1oq8acc,2025-11-06T19:25:04,This is very simple the NBA needs to stand against genocide in Sudan,"The United Arab Emirates UAE is financially supporting the Rapid Support Forces RSF in Sudan who are committing war crimes against non Arab African indigenous groups in Darfur. The NBA Cup's title sponsor is Emirates Airlines. The NBA and the RSF both accept money from the UAE. The UAE needs to be pressured into stopping their support for genocide in Darfur. Tell the NBA that sportswashing UAE support for genocide is not why we are fans. Phoenix Suns rookie center Khaman Maluach was born in Sudan but grew up in a refugee camp in Uganda. NBA legend Luol Deng was also born in Sudan and moved to Egypt as a boy to escape the Second Sudanese Civil War. Deng's teammate at Duke University is LA Lakers coach JJ Redick. South Sudan's national basketball team competed at the 2024 Paris Olympics and nearly beat the USA in an exhibition game before the tournament. From the linked article When the militia seized El Fasher from the Sudanese Armed Forces last week, it immediately began committing mass executions massacring hundreds of people at the last functioning hospital, burning people alive, forcing men to dig pits in which they were buried alive, going house to house and shooting those they found, executing people with disabilities unable to flee. In a little more than a week, evidence suggests, the militia has killed and sexually assaulted civilians in numbers that defy comprehension. Its fighters continue to target African indigenous groups, as they have since the war began. Human Rights Watch, citing a U.N. panel, reported that in 2023, the militia targeted Masalit civilians in the West Darfur city of El Geneina and killed 10,000 to 15,000 people there in all. This slaughter could potentially be stopped if those with leverage would apply pressure on the United Arab Emirates, the primary backer of the Rapid Support Forces war machine. Those include American leaders like President Trump and Secretary of State Marco Rubio, and behemoth companies like the N.B.A. and Disney, both of which have business partnerships with the Emirates. Likely no organization holds more potential sway than the National Basketball Association. The league s partnership with the Emirates includes preseason games in Abu Dhabi and an in season basketball tournament, the Emirates N.B.A. Cup, which began last Friday. The league should make clear this will be the last Emirates N.B.A. Cup unless the country stops supporting the militants. The N.B.A. s global prestige gives it immense influence taking a stand could send a signal far beyond the basketball court, lighting the way for others to follow suit Make some more noise feel free to take the text and post it to your team page, or wherever. Together we can try to make the NBA do the right thing.",nordechai,17,0.95,1,False,False,https://reddit.com/r/lakers/comments/1oq8acc/this_is_very_simple_the_nba_needs_to_stand/,https://www.reddit.com/r/lakers/comments/1oq8acc/this_is_very_simple_the_nba_needs_to_stand/,lakers,,False,self.lakers,https://external-preview.redd.it/PDdtVeW2q84SL34HpmnQzMcFiIW5iHjyvGD6RzPDdLg.png?width=140&amp;height=140&amp;auto=webp&amp;s=e5c5c58128c6c8dc1b6f9dd75a9cad7b83aa4105
1oq8aag,2025-11-06T19:25:00,Coach of the year amp MVP?,,imin2099,8,1.0,1,False,False,https://reddit.com/r/lakers/comments/1oq8aag/coach_of_the_year_mvp/,https://i.redd.it/b32ys81utozf1.jpeg,lakers,,False,i.redd.it,https://b.thumbs.redditmedia.com/pYclGqRpL8QPQcqH_CvSpG52DKk8NjcRbNwk26wjn7g.jpg
1oq7z08,2025-11-06T19:13:10,AR15 is now an 88 overall on 2k,"Pretty fair imo. Don t know what s his ceiling really is. Also, Luka has been updated to 97.",macyavel974,75,0.97,18,False,False,https://reddit.com/r/lakers/comments/1oq7z08/ar15_is_now_an_88_overall_on_2k/,https://i.redd.it/ats58zuprozf1.jpeg,lakers,NEWS,False,i.redd.it,https://b.thumbs.redditmedia.com/VRhVG4njCGVUXPNyDzcbs-8bXUFLHXQPQoPdFx6EmDY.jpg
1oq7rde,2025-11-06T19:05:10,LeReturn,"So LeBron might come back in a week or two. Do you think the team will get better, worse? If he starts and they do get worse do you think he will agree to become a 6th man floor general? Because I honestly think Luka, Reaves and LeBron on the floor is not a good fit. Especially defensively. Stats from last year show they work best when one of them is on the bench.",friskyel,0,0.25,9,False,False,https://reddit.com/r/lakers/comments/1oq7rde/lereturn/,https://www.reddit.com/r/lakers/comments/1oq7rde/lereturn/,lakers,TEAM TALK,False,self.lakers,self
1oqapq9,2025-11-06T20:57:51,Finally a Luka stat that not even Wilt did it.,,Doten1,4,1.0,1,False,False,https://reddit.com/r/lakers/comments/1oqapq9/finally_a_luka_stat_that_not_even_wilt_did_it/,https://i.redd.it/h7jmgqceapzf1.jpeg,lakers,,False,i.redd.it,https://b.thumbs.redditmedia.com/AGGnciaUud2rwS9Ly947dqM2_9h_p5NNWZ8IYufVfvE.jpg
1oq9p9w,2025-11-06T20:18:20,Trade Idea,"If the Mavs decide to fully embrace the tank by trade deadline Lakers should try to acquire Naji fulfils our need for a 3 amp D wing amp Klay provides legitimate offense coming of bench , though I doubt nico would trade with lakers",S449,0,0.3,14,False,False,https://reddit.com/r/lakers/comments/1oq9p9w/trade_idea/,https://www.reddit.com/r/lakers/comments/1oq9p9w/trade_idea/,lakers,,False,self.lakers,https://a.thumbs.redditmedia.com/3hNcAH_e2Von_QJ2xteuHLke-emAfiQlv4Ib4C7ynS0.jpg
1oq9bpn,2025-11-06T20:04:00,"Chipalu Among centers that have played at least 5 games, Deandre Ayton is 2nd in FG defended on shots 6ft and in behind Day'Ron Sharpe. Players are shooting 20.3 worse than their normal FG .",,WayAdministrative679,23,1.0,6,False,False,https://reddit.com/r/lakers/comments/1oq9bpn/chipalu_among_centers_that_have_played_at_least_5/,https://streamable.com/fi3pt5,lakers,,False,streamable.com,https://external-preview.redd.it/Es69-XgrvhzUiL1FCHVcIsLabUQpV1OyaGHuFcnLiBM.jpeg?width=140&amp;height=78&amp;auto=webp&amp;s=9ce6e0141dda99d2e97cb8e7fe6f7dd2c49abd38
1oqc1hw,2025-11-06T21:48:02,This is insane,,Due-Breakfast713,19,1.0,0,False,False,https://reddit.com/r/lakers/comments/1oqc1hw/this_is_insane/,https://i.redd.it/n01wzgwajpzf1.png,lakers,,False,i.redd.it,https://b.thumbs.redditmedia.com/f4sFOakAyXh3K8BYUqTbIWOG1-mtWRpCOwjUL0L8OWQ.jpg
1oqbe6u,2025-11-06T21:23:05,Why isn t Luka on the list?,"I know he s missed a few games, bit when will he be reflected on the stats page at ESPN? It just seems weird that his stats aren t showing up.",brhadli,1,0.6,6,False,False,https://reddit.com/r/lakers/comments/1oqbe6u/why_isnt_luka_on_the_list/,https://i.redd.it/mxxn0jcwepzf1.jpeg,lakers,,False,i.redd.it,https://b.thumbs.redditmedia.com/xUvYV8lWmc_OXB1mUZ6jA1gKfGWRqEnt3rC5-7qAsHk.jpg
1oqddx4,2025-11-06T22:41:45,"Your Los Angeles Lakers have had the third hardest Schedule in the WCF so far, played the most games in the league, fced multiple injuries yet are 7 2.","Amazing resilience and tenacity to. beat so many playoff teams in not the most ideal circumstances. SAS, OKC, Houston and Denver are all in the top 5 softest schedules so far.",k-seph_from_deficit,19,1.0,2,False,False,https://reddit.com/r/lakers/comments/1oqddx4/your_los_angeles_lakers_have_had_the_third/,https://i.redd.it/jm0stkexspzf1.jpeg,lakers,APPRECIATION,False,i.redd.it,https://a.thumbs.redditmedia.com/jO_ZtFNAvY6THpzkI92sWeU-GaSmX3BMgXiPHHptx00.jpg
1oqclhp,2025-11-06T22:09:42,Somebody bench these refs,"Last nights game against the spurs was so drawn out for no reason.. what can be done about loosening the intensity and frequency of calls? And who do the refs answer to after games like this? It felt like the entire game was just a free throw chess game where every possession boiled down to how can we get the other team to foul us? I get why certain rules are in place, but the pace of last nights game was the worst! I think it lowers the entertainment value and ruins the rhythm for the players. Just let them play some basketball!!",Akricter73,0,0.5,4,False,False,https://reddit.com/r/lakers/comments/1oqclhp/somebody_bench_these_refs/,https://www.reddit.com/r/lakers/comments/1oqclhp/somebody_bench_these_refs/,lakers,POST GAME,False,self.lakers,self
1oqci4v,2025-11-06T22:06:01,"Wright Victor Wembanyama on the Lakers defense Mostly, it was the doubling. They were ready. They probably walked in shootaround through all our situations because it seemed like they were very ready. It felt like they let me catch the ball, but they were ready to double to rotate after that.",,Comprehensive-Ad6687,13,1.0,7,False,False,https://reddit.com/r/lakers/comments/1oqci4v/wright_victor_wembanyama_on_the_lakers_defense/,/r/nba/comments/1oq7v4k/wright_victor_wembanyama_on_the_lakers_defense/,lakers,,False,,default
1oqf2la,2025-11-06T23:51:42,Can someone help me find the Warriors?,The best team in the West before the season started according to ESPN. Where are they?,King_Vegito_52,4,1.0,6,False,False,https://reddit.com/r/lakers/comments/1oqf2la/can_someone_help_me_find_the_warriors/,https://i.redd.it/o43scxbe5qzf1.jpeg,lakers,MEME,False,i.redd.it,https://b.thumbs.redditmedia.com/rCLw_Em7HNaS3s-JHhdqSZ5I4Wx51wHkOySywiK56pM.jpg
1oqeout,2025-11-06T23:35:32,We Got Temu Jrue Holiday,,King_Vegito_52,20,0.95,4,False,False,https://reddit.com/r/lakers/comments/1oqeout/we_got_temu_jrue_holiday/,https://i.redd.it/nkfaxizg2qzf1.jpeg,lakers,PLAYER TALK,False,i.redd.it,https://a.thumbs.redditmedia.com/yrYReNzKmSEv0Sk5AkPvSABOYyg3_yIHTvYMdm5-Q24.jpg
1oqenih,2025-11-06T23:34:01,"I'm like, we see the play all the time when a guy gets the ball out quick and his leg is hovering past the line and he still inbounds it and he throws the ball in and there is no call. Smart","Cont... To have that call at the end of the game, 1.2 seconds , we got a guy wide open, all he's got to do is catch it and the ballgame is over, Smart said. It's kind of crazy, but as a 12 year vet, I can't make that mistake. I felt like from the jump last night, someone had some money on that game. That wreckless close out started the wtf is going on for me vibes. I mean, the definition is a rush at the defender in a reckless manner that invades the shooters space. Literally none of that happened. Smart gave him space to land, I think he slightly grazed his foot honestly can't remember now . As a sports fan, I'm just concerned about the ease of access to sports betting. People are human, and people love money. There's lots of scandals going on right now that we have no idea about. Edit Found the Smart close out",Flopdo,2,0.75,4,False,False,https://reddit.com/r/lakers/comments/1oqenih/im_like_we_see_the_play_all_the_time_when_a_guy/,https://www.reddit.com/r/lakers/comments/1oqenih/im_like_we_see_the_play_all_the_time_when_a_guy/,lakers,,False,self.lakers,self
1oqgmrl,2025-11-07T00:59:37,"Ayton has outplayed Wemby, Sabonis, and Gobert 2x this season. DominAyton indeed",,Top-Entertainment945,2,1.0,0,False,False,https://reddit.com/r/lakers/comments/1oqgmrl/ayton_has_outplayed_wemby_sabonis_and_gobert_2x/,https://i.redd.it/5xnoch0jhqzf1.jpeg,lakers,,False,i.redd.it,https://b.thumbs.redditmedia.com/hIUNEA_InLQhx0bNX21yA6AcrWKxw0c_yv42j1pjCfo.jpg
1oqfy2z,2025-11-07T00:28:48,"Marcus Smart Is 17 in DEF WS in the league 0.159, the next highest on the Lakers is Austin Reaves at 91.",,OrganicHunt952,3,1.0,6,False,False,https://reddit.com/r/lakers/comments/1oqfy2z/marcus_smart_is_17_in_def_ws_in_the_league_0159/,/r/nba/comments/1oqfxx0/marcus_smart_is_17_in_def_ws_in_the_league_0159/,lakers,,False,,default
1oqfs10,2025-11-07T00:21:34,Luka is in heaven,,Woflax,66,1.0,5,False,False,https://reddit.com/r/lakers/comments/1oqfs10/luka_is_in_heaven/,https://i.redd.it/edmtbcmqaqzf1.jpeg,lakers,APPRECIATION,False,i.redd.it,https://b.thumbs.redditmedia.com/W12KpaPdFWz4oYKkafFQgJx3aP85UIEUxQUUeEXQ8Vo.jpg
1oqhuuh,2025-11-07T01:55:55,"Woike The NBA says the ball was off San Antonio, not the Lakers, with 0.4 seconds left. Only call marked as incorrect in the L2M report",,WayAdministrative679,2,1.0,1,False,False,https://reddit.com/r/lakers/comments/1oqhuuh/woike_the_nba_says_the_ball_was_off_san_antonio/,https://i.redd.it/t1po7foirqzf1.png,lakers,GAME,False,i.redd.it,https://b.thumbs.redditmedia.com/xPPMJDSL_3MrkqN6vwgepEzU7juj1MpMnnWgBmvOi9Y.jpg
1oqj6hd,2025-11-07T02:58:41,"Wake up babe, new meme just dropped",Made this clip into a gif xx,joshcorbo82,2,1.0,0,False,False,https://reddit.com/r/lakers/comments/1oqj6hd/wake_up_babe_new_meme_just_dropped/,https://i.redd.it/khmw2idk2rzf1.gif,lakers,MEME,False,i.redd.it,https://b.thumbs.redditmedia.com/nQpHK7aIqWciA2pGb2g7c_N5BqxpgIXfF8WYKIRna-s.jpg
1oqivrs,2025-11-07T02:44:16,"Laker Fans Not From Southern California, What Made You Become A Laker Fan?","This great and storied franchise is truly an international team in the truest sense of the word, but I wonder how many of you who aren't local became fans of the team to begin with. Was it the allure of Kobe Bean Bryant? Having parents who supported the team before you? What's your Laker fandom story?",_MambaForever,2,1.0,9,False,False,https://reddit.com/r/lakers/comments/1oqivrs/laker_fans_not_from_southern_california_what_made/,https://www.reddit.com/r/lakers/comments/1oqivrs/laker_fans_not_from_southern_california_what_made/,lakers,,False,self.lakers,self
1oqke9t,2025-11-07T03:59:09,"Cristiano Ronaldo on which athletes inspire him with their commitment to staying in shape LeBron James. I think we are the same age, but I have more hair than him.",,nickleschow,1,1.0,0,False,False,https://reddit.com/r/lakers/comments/1oqke9t/cristiano_ronaldo_on_which_athletes_inspire_him/,https://streamable.com/uvqtwf,lakers,,False,streamable.com,https://external-preview.redd.it/BD0I5ib1tM-rHRmWT9plrWumwlwU-H49H4AwBVz7EWA.jpeg?width=140&amp;height=78&amp;auto=webp&amp;s=3d3ce07f9ae277d42a65acc1af5b6c02e15a52cc
1oqjtuz,2025-11-07T03:30:29,same Jaxson same,,LisannalGaib,11,1.0,1,False,False,https://reddit.com/r/lakers/comments/1oqjtuz/same_jaxson_same/,https://i.redd.it/ljtc4w4g8rzf1.jpeg,lakers,MEME,False,i.redd.it,https://b.thumbs.redditmedia.com/pnmq925LP8Y8BoZUqe0cRE1QSCDFvHvoj3a3eYPMn_g.jpg
1oqjp83,2025-11-07T03:23:59,Season ending surgery,Did our Lakers dodge a bullet? Do we need to thank Ainge for being stubborn? He was heavily linked to our team as a trade target to shore up our front court.,TumiTingin76,0,0.25,5,False,False,https://reddit.com/r/lakers/comments/1oqjp83/seasonending_surgery/,https://i.redd.it/ndj7lj6a7rzf1.jpeg,lakers,NEWS,False,i.redd.it,https://b.thumbs.redditmedia.com/_kXzH1EsUNlYIfy6NCiIyrDqinl-p7jGjzuwkhMGdKU.jpg
1oqmuug,2025-11-07T06:12:35,Thank you Nico,"Our first Thanksgiving with Luka is right around the corner. As Lakers fans, I believe we should all agree to dedicate this Thanksgiving to Nico Harrison. Thank you Nico!",Jascix90,8,0.9,0,False,False,https://reddit.com/r/lakers/comments/1oqmuug/thank_you_nico/,https://i.redd.it/6s6ez2ad1szf1.jpeg,lakers,APPRECIATION,False,i.redd.it,https://b.thumbs.redditmedia.com/NJ0U2M64cyNLz_pVmHnC6ovwSc5wftoIsH1o7bQGINE.jpg
1oqmtz3,2025-11-07T06:11:18,Clippers sub,Clippers sub is imploding. Comments are hilarious about the current state of their franchise. Lakers are back at the top and clippers right where they belong. Aaah all is right in the world again.,Every-Cucumber5758,6,0.8,9,False,False,https://reddit.com/r/lakers/comments/1oqmtz3/clippers_sub/,https://www.reddit.com/r/lakers/comments/1oqmtz3/clippers_sub/,lakers,,False,self.lakers,self
1oql2vj,2025-11-07T04:34:24,Just realized the alternate universe we would be down bron and AD right now,"Title sums it up, Just realized the alternate universe we would be down bron and AD right now Just realized the alternate universe we would be down bron and AD right now",newbmycologist01,70,0.92,41,False,False,https://reddit.com/r/lakers/comments/1oql2vj/just_realized_the_alternate_universe_we_would_be/,https://www.reddit.com/r/lakers/comments/1oql2vj/just_realized_the_alternate_universe_we_would_be/,lakers,LAKERS,False,self.lakers,self
1oqoa6h,2025-11-07T07:41:43,"Just reminding everyone that we re about to add a 6 9 , athletic All NBA 2nd team forward to our 7 2 team in a few weeks","I ve been seeing posts wondering if Bron will mess up chemistry, asking if he should be a 6th man, or even asking to trade him. It s absolutely ridiculous this guy is a swiss army knife and one of the highest BBIQ guys to ever play the game. Do you think he s not watching the games and figuring out how exactly he s going to fit in? This is probably his best chance to win another title before he retires. Trust the King.",DelaRoad,8,1.0,7,False,False,https://reddit.com/r/lakers/comments/1oqoa6h/just_reminding_everyone_that_were_about_to_add_a/,https://www.nba.com/lakers/news/lebron-james-named-to-2024-25-all-nba-second-team-052325,lakers,,False,nba.com,https://external-preview.redd.it/KM842KzUAQy4k48DoY2VbC51C4Vll4DQdfBgXZ0yp3U.jpeg?width=140&amp;height=78&amp;auto=webp&amp;s=354e3eaa3daefc312e7643dd593801e5f5bc1276
1oqptat,2025-11-07T09:20:19,We dodged a huge grenade by not signing any of these washed Clippers,"All 3 players look absolutely cooked, and how badly would we look if any of the 3 signed here? Rob should get exec of the year for signing Ayton, LaRavia, and Smart over the retirement squad the Clippers brought in",BKNas,8,0.9,5,False,False,https://reddit.com/r/lakers/comments/1oqptat/we_dodged_a_huge_grenade_by_not_signing_any_of/,https://i.redd.it/9vapyd2vyszf1.jpeg,lakers,TEAM TALK,False,i.redd.it,https://a.thumbs.redditmedia.com/qCwyRrO1EIycyvS4jAUjEOvBqrpL4IUU8EB1uSC2xu0.jpg
1oqtkz8,2025-11-07T12:51:50,Who tf is that?,,SentenceSingle7069,4,1.0,0,False,False,https://reddit.com/r/lakers/comments/1oqtkz8/who_tf_is_that/,https://i.redd.it/ik4k31hl0uzf1.jpeg,lakers,MEME,False,i.redd.it,https://b.thumbs.redditmedia.com/Q3M3wEf-yZhxerjGG7RVvv2OTsvtDzHTEijv-oZEDtk.jpg
1oqszdb,2025-11-07T12:23:33,I m from Houston and my neighbors hate what I did to my garage floor using epoxy . Lakers4Life,,boyettec316,27,0.97,1,False,False,https://reddit.com/r/lakers/comments/1oqszdb/im_from_houston_and_my_neighbors_hate_what_i_did/,https://i.redd.it/hbum01ujvtzf1.jpeg,lakers,,False,i.redd.it,https://b.thumbs.redditmedia.com/khG5KOKCKZfMWGryWVF59mPhjQW3p7VzdnzvgDifuZE.jpg
1oqvy8f,2025-11-07T14:32:11,"Luka wearing Mambacita hoodie, shortly after the tragedy",,WhenMachinesCry,21,1.0,1,False,False,https://reddit.com/r/lakers/comments/1oqvy8f/luka_wearing_mambacita_hoodie_shortly_after_the/,https://i.redd.it/nhqxftb9huzf1.png,lakers,,False,i.redd.it,https://b.thumbs.redditmedia.com/vhF9JcWrYWbp1vKQDBlE5gPN_rIh_7j3DRD50h3e5Ik.jpg
1oqy2wb,2025-11-07T15:54:59,Draymond Green vs Metta World Peace Ron Artest,nan,ONIROTCIV,1,1.0,0,False,False,https://reddit.com/r/lakers/comments/1oqy2wb/draymond_green_vs_metta_world_peace_ron_artest/,https://youtu.be/ZnEbHyYIwlE?si=HRrXiHFiuheA-jqm,lakers,THROWBACK,False,youtu.be,https://external-preview.redd.it/Nznpb2mznoy-2mj67Lmn5hLtIr7vN-mw08XhPXcW-1k.jpeg?width=140&amp;height=105&amp;auto=webp&amp;s=7a782d680f3772cdce9a4297c10e074246148477
1oqxfsd,2025-11-07T15:30:09,"When we were teammates, he couldn't move at all. But it was a great relationship, I really respect him. Seeing what he's done as a head coach is unbelievable.",nan,WhenMachinesCry,67,1.0,4,False,False,https://reddit.com/r/lakers/comments/1oqxfsd/when_we_were_teammates_he_couldnt_move_at_all_but/,https://i.redd.it/bnkfx878quzf1.png,lakers,,False,i.redd.it,https://b.thumbs.redditmedia.com/rfIt2HIOVzcNCguLtMh1TevDMr1EPemuyL3jPOHiVss.jpg
1oqxawu,2025-11-07T15:25:05,Luka Authentic Statement Jersey,Going to be in Anahiem on the 17th and want to pick up a Luka Authentic Statement Jersey. Where could i get one in person? Willing to drive but just need store names. Thanks everyone!,ThatGuy1166,0,0.5,0,False,False,https://reddit.com/r/lakers/comments/1oqxawu/luka_authentic_statement_jersey/,https://www.reddit.com/r/lakers/comments/1oqxawu/luka_authentic_statement_jersey/,lakers,QUESTION,False,self.lakers,self
1oqwopl,2025-11-07T15:01:46,Daily Lakers Discussion Thread,Lakers season is back! Talk about whatever you want.,AutoModerator,2,1.0,11,False,True,https://reddit.com/r/lakers/comments/1oqwopl/daily_lakers_discussion_thread/,https://www.reddit.com/r/lakers/comments/1oqwopl/daily_lakers_discussion_thread/,lakers,,False,self.lakers,self
