image_id,true_label,m1_prob_benign,m1_prob_malignant,m2_prob_akiec,m2_prob_bcc,m2_prob_bkl,m2_prob_df,m2_prob_mel,m2_prob_nv,m2_prob_vasc,m2_prob_benign_sum,m2_prob_malignant_sum
ISIC_0024511,akiec,0.8007155656814575,0.19928443431854248,0.02125067077577114,0.2312130331993103,0.16999006271362305,0.002533269114792347,0.08632466197013855,0.4864736795425415,0.0022147090639919043,0.6612117204349488,0.33878836594522
ISIC_0024539,akiec,0.5638830661773682,0.43611693382263184,0.095303975045681,0.4006442725658417,0.45912352204322815,0.00040887307841330767,0.01142287626862526,0.015243005007505417,0.017853526398539543,0.4926289265276864,0.5073711238801479
ISIC_0024562,akiec,0.35845768451690674,0.6415423154830933,0.008081833831965923,0.1422160267829895,0.8048955798149109,0.0011609363136813045,0.0017908959416672587,0.041791610419750214,6.312084587989375e-05,0.8479112473942223,0.15208875655662268
ISIC_0024579,akiec,0.6716822981834412,0.32831770181655884,0.9790549278259277,0.002281922847032547,0.012312928214669228,0.0010631446493789554,0.002003541449084878,0.0030912968795746565,0.00019231621990911663,0.016659685963531956,0.9833403921220452
ISIC_0024654,akiec,0.6697481870651245,0.3302518129348755,0.0009988142410293221,0.003639994189143181,0.8953604698181152,0.003454294754192233,0.0872407928109169,0.009207922033965588,9.779497486306354e-05,0.9081204815811361,0.0918796012410894
ISIC_0024771,akiec,0.5435299277305603,0.4564700722694397,0.5987910628318787,0.39717045426368713,0.003347081830725074,0.00013186907744966447,5.7094875955954194e-05,0.00043724660645239055,6.509069498861209e-05,0.003981288209615741,0.9960186119715218
ISIC_0024800,akiec,0.31421005725860596,0.685789942741394,0.000741373747587204,1.4734727301402017e-05,0.5486836433410645,2.4587045118096285e-05,0.23277723789215088,0.2177533358335495,5.121987669554073e-06,0.7664666882074016,0.23353334636703948
ISIC_0024913,akiec,0.27739107608795166,0.7226089239120483,0.7831590175628662,0.1614266037940979,0.05314849689602852,3.323933560750447e-05,0.0008813021122477949,0.0009758708765730262,0.0003754247445613146,0.054533031852770364,0.9454669234692119
ISIC_0025029,akiec,0.7779780477285385,0.2220219522714615,0.051136430352926254,0.6633397936820984,0.13133269548416138,0.0034091307315975428,0.05246461555361748,0.02596334181725979,0.07235391438007355,0.23305908241309226,0.7669408395886421
ISIC_0025780,akiec,0.5646395683288574,0.4353604316711426,0.7974053025245667,0.04190730303525925,0.11822710931301117,0.0006722536054439843,0.019882813096046448,0.021805541589856148,9.958168811863288e-05,0.14080448619642993,0.8591954186558723
ISIC_0025811,akiec,0.2734225392341614,0.7265774607658386,0.992260754108429,0.004154026508331299,0.002431390341371298,0.00021670979913324118,7.473764708265662e-05,0.0008310865960083902,3.132567508146167e-05,0.003510512411594391,0.9964895182638429
ISIC_0026083,akiec,0.5951165854930878,0.40488341450691223,0.6495301723480225,0.2620600461959839,0.009561488404870033,8.056419028434902e-05,0.0003894804685842246,0.07837222516536713,6.039502750354586e-06,0.08802031726327186,0.9119796990125906
ISIC_0026132,akiec,0.6363125443458557,0.3636874556541443,0.10539018362760544,0.5390058755874634,0.31018051505088806,0.003428427269682288,0.020986298099160194,0.012717743404209614,0.008290957659482956,0.3346176433842629,0.665382357314229
ISIC_0026171,akiec,0.06976878643035889,0.9302312135696411,0.0017836348852142692,0.00019487051758915186,0.9372230172157288,4.616971182258567e-06,0.05976329371333122,0.0010283704614266753,2.2239510144572705e-06,0.9382582285993522,0.061741799116134644
ISIC_0026212,akiec,0.005500674247741699,0.9944993257522583,0.9362493753433228,0.01505408063530922,0.039886657148599625,0.00022016478760633618,0.006141044199466705,0.0013491014251485467,0.0010995239717885852,0.04255544733314309,0.9574445001780987
ISIC_0026388,akiec,0.5641894042491913,0.4358105957508087,0.6339790225028992,0.021288279443979263,0.28434401750564575,0.0008017268846742809,0.026333976536989212,0.01904677413403988,0.014206157997250557,0.31839867652161047,0.6816012784838676
ISIC_0026411,akiec,0.006246507167816162,0.9937534928321838,0.595718502998352,0.01887379214167595,0.21484674513339996,0.001217779004946351,0.011519713327288628,0.15745891630649567,0.0003644960524979979,0.37388793649734,0.6261120084673166
ISIC_0026522,akiec,0.5309229791164398,0.4690770208835602,0.09901554137468338,0.8672462105751038,0.028736665844917297,2.2340112991514616e-05,0.004344126675277948,0.000629951769951731,5.189882358536124e-06,0.02939414761021908,0.9706058786250651
ISIC_0026625,akiec,0.22777998447418213,0.7722200155258179,0.8366597890853882,0.0012811372289434075,0.06753364950418472,0.001529195811599493,0.08193562179803848,0.009282279759645462,0.0017783349612727761,0.08012346003670245,0.9198765481123701
ISIC_0026650,akiec,0.7974720448255539,0.2025279551744461,0.31896087527275085,0.02313981205224991,0.36025410890579224,0.060294635593891144,0.12296588718891144,0.10797667503356934,0.006408005021512508,0.5349334245547652,0.4650665745139122
ISIC_0027334,akiec,0.8967714458703995,0.10322855412960052,0.024001136422157288,0.7550064325332642,0.04839940741658211,0.11047877371311188,0.0034185927361249924,0.057783495634794235,0.0009121070033870637,0.21757378376787528,0.7824261616915464
ISIC_0027447,akiec,0.211009681224823,0.788990318775177,0.04043493792414665,0.9546298980712891,0.00020900164963677526,0.0012608238030225039,0.00023061198589857668,0.003226772416383028,7.857061063987203e-06,0.004704454930106294,0.9952954479813343
ISIC_0027452,akiec,0.7060533761978149,0.29394662380218506,0.544930100440979,0.24954086542129517,0.030134188011288643,0.00397265562787652,0.09453430771827698,0.07655537873506546,0.00033262098440900445,0.11099484335863963,0.8890052735805511
ISIC_0027577,akiec,0.34065020084381104,0.659349799156189,0.02120964229106903,0.0004449626139830798,0.9512069821357727,0.00018365828145761043,0.008723730221390724,0.018180644139647484,5.037225128035061e-05,0.9696216568081581,0.030378335126442835
ISIC_0027588,akiec,0.06607329845428467,0.9339267015457153,0.04502112418413162,0.0355585552752018,0.5378898978233337,0.011270732618868351,0.0027039041742682457,0.32538551092147827,0.04217023402452469,0.916716375388205,0.08328358363360167
ISIC_0027668,akiec,0.9479356296360493,0.05206437036395073,0.05139219015836716,0.14774779975414276,0.45567557215690613,0.0006305394344963133,0.03965458273887634,0.30463695526123047,0.00026235971017740667,0.7612054265628103,0.23879457265138626
ISIC_0027708,akiec,0.3465481996536255,0.6534518003463745,0.6512517929077148,0.0666876956820488,0.24372617900371552,0.0008260000613518059,0.032468829303979874,0.0035150782205164433,0.0015243745874613523,0.24959163187304512,0.7504083178937435
ISIC_0027753,akiec,0.5010386407375336,0.49896135926246643,0.06407956033945084,0.002639622427523136,0.10109666734933853,0.003746738424524665,0.7664532661437988,0.06092104688286781,0.001063079689629376,0.16682753234636039,0.8331724489107728
ISIC_0027767,akiec,0.8953502029180527,0.10464979708194733,0.016476480290293694,0.08287449926137924,0.13750338554382324,0.011232509277760983,0.41312289237976074,0.3304370939731598,0.008353142999112606,0.4875261317938566,0.5124738719314337
ISIC_0027802,akiec,0.6792513728141785,0.32074862718582153,0.9948697090148926,9.945788406184874e-06,0.0023827417753636837,2.240760477434378e-05,0.0017009810544550419,0.0010068098781630397,7.503330834879307e-06,0.0034194625891359465,0.9965806358577538
ISIC_0027930,akiec,0.6239525079727173,0.3760474920272827,0.010632370598614216,0.8827040791511536,0.05348171666264534,5.681181573891081e-05,0.0016479409532621503,0.05131486430764198,0.00016214291099458933,0.10501553569702082,0.8949843907030299
ISIC_0028381,akiec,0.05477261543273926,0.9452273845672607,0.32510438561439514,0.008500740863382816,0.11080628633499146,0.058610428124666214,0.37131547927856445,0.12445235997438431,0.0012102242326363921,0.29507929866667837,0.7049206057563424
ISIC_0028393,akiec,0.21546489000320435,0.7845351099967957,0.9355588555335999,0.0010777002898976207,0.05965111777186394,5.15465160333406e-07,0.0013569975271821022,0.002353973686695099,9.76036858446605e-07,0.062006582960577816,0.9379935533506796
ISIC_0028517,akiec,0.35135161876678467,0.6486483812332153,0.2545030117034912,0.4173634350299835,0.02111440896987915,0.30121102929115295,0.0010176567593589425,0.0010780519805848598,0.0037123332731425762,0.32711582351475954,0.6728841034928337
ISIC_0028820,akiec,0.5657142996788025,0.4342857003211975,0.44252097606658936,0.01101765502244234,0.1796119511127472,0.03457293286919594,0.2491961121559143,0.08080092072486877,0.002279458800330758,0.29726526350714266,0.702734743244946
ISIC_0029002,akiec,0.696173757314682,0.303826242685318,0.004825302865356207,0.9850181937217712,0.007274297997355461,0.00011136496323160827,0.002519169356673956,0.0002277863386552781,2.3879258151282556e-05,0.00763732855739363,0.9923626659438014
ISIC_0029043,akiec,0.8253579586744308,0.17464204132556915,0.7902795672416687,0.04956808313727379,0.016049453988671303,0.12182891368865967,0.014108683913946152,0.007309994660317898,0.0008553221123293042,0.14604368444997817,0.8539563342928886
ISIC_0029362,akiec,0.5571069121360779,0.4428930878639221,0.8025214076042175,0.18308809399604797,0.006349913775920868,0.00012970982061233371,0.004673757124692202,0.0029502478428184986,0.0002868595765903592,0.00971673101594206,0.9902832587249577
ISIC_0029462,akiec,0.7676211595535278,0.23237884044647217,0.609033465385437,0.2340388000011444,0.12463396787643433,0.004634912591427565,0.004877355881035328,0.020864905789494514,0.0019164927070960402,0.15205027896445245,0.8479496212676167
ISIC_0029549,akiec,0.4304049611091614,0.5695950388908386,0.021707218140363693,0.8047689199447632,0.14405623078346252,0.00021560197637882084,0.008070196025073528,0.020836802199482918,0.00034503504866734147,0.1654536700079916,0.8345463341102004
ISIC_0029598,akiec,0.6157151162624359,0.3842848837375641,0.0007935674511827528,0.9972513318061829,0.000722661439795047,0.0005303631769493222,0.0005713244318030775,0.0001012095162877813,2.9667622584383935e-05,0.0013839017556165345,0.9986162236891687
ISIC_0029781,akiec,0.24117302894592285,0.7588269710540771,0.9156501293182373,5.494646757142618e-05,0.07522841542959213,5.8492492826189846e-05,0.00753233814612031,0.0013907053507864475,8.485736179864034e-05,0.07676247063500341,0.923237413931929
ISIC_0029840,akiec,0.5462068617343903,0.45379313826560974,0.7160475254058838,0.06482873857021332,0.011099989525973797,0.20111246407032013,0.002245714422315359,0.004247076343744993,0.0004184511781204492,0.21687798111815937,0.7831219783984125
ISIC_0029930,akiec,0.36553704738616943,0.6344629526138306,0.9741971492767334,1.29429463413544e-05,0.024688001722097397,4.951810410602775e-07,0.0010759560391306877,2.1421383280539885e-05,4.096170869161142e-06,0.024714014457288158,0.9752860482622054
ISIC_0030036,akiec,0.739043653011322,0.260956346988678,0.4042336046695709,0.2457059621810913,0.013213470578193665,0.2043423354625702,0.0069435350596904755,0.12184315174818039,0.0037179396022111177,0.34311689739115536,0.6568831019103527
ISIC_0030076,akiec,0.39741796255111694,0.6025820374488831,0.03149236738681793,0.0012366240844130516,0.8774411082267761,0.00028422477771528065,0.045543741434812546,0.043923210352659225,7.873173308325931e-05,0.9217272750902339,0.07827273290604353
ISIC_0030408,akiec,0.1785563826560974,0.8214436173439026,0.9414119124412537,0.04949285835027695,0.002502616262063384,0.003325966652482748,0.0008737808675505221,0.0010419489117339253,0.0013509857235476375,0.008221517549827695,0.9917785516590811
ISIC_0030491,akiec,0.5171314477920532,0.4828685522079468,0.5801653861999512,0.005641130264848471,0.29422417283058167,0.00013932635192759335,0.05610644072294235,0.06272335350513458,0.0010001634946092963,0.35808701618225314,0.641912957187742
ISIC_0030785,akiec,0.6479929685592651,0.35200703144073486,0.006094587035477161,0.9932109713554382,4.280326538719237e-05,5.410633093561046e-05,0.00018998408631887287,0.00011417982022976503,0.00029348128009587526,0.0005045706966484431,0.9994955424772343
ISIC_0030827,akiec,0.1406044363975525,0.8593955636024475,0.006396138109266758,0.6261443495750427,0.17913708090782166,0.08844363689422607,0.003059366950765252,0.09648336470127106,0.0003360346599947661,0.36440011716331355,0.6355998546350747
ISIC_0031044,akiec,0.11863994598388672,0.8813600540161133,0.5835733413696289,0.003173514036461711,0.3060068190097809,0.0006678138743154705,0.10518109053373337,0.0007740172441117465,0.0006232494488358498,0.30807189957704395,0.691927945939824
ISIC_0031108,akiec,0.5549632608890533,0.44503673911094666,0.9864957928657532,0.0013663090066984296,0.006140351761132479,0.0004903615335933864,0.0010355337290093303,0.004346759524196386,0.00012490255176089704,0.011102375370683149,0.9888976356014609
ISIC_0031191,akiec,0.6730718612670898,0.32692813873291016,0.0028453911654651165,0.007624234538525343,0.20851100981235504,0.005181540735065937,0.594558596611023,0.15216921269893646,0.02910989709198475,0.3949716603383422,0.6050282223150134
ISIC_0031228,akiec,0.6539463996887207,0.3460536003112793,0.9818331599235535,0.0003579478361643851,0.014830773696303368,9.709608275443316e-05,0.001142750377766788,0.0016477425815537572,9.056118869921193e-05,0.01666617354931077,0.9833338581374846
ISIC_0031286,akiec,0.26691675186157227,0.7330832481384277,0.35435178875923157,0.22500132024288177,0.1496017575263977,0.012757495045661926,0.006617233157157898,0.25140348076820374,0.0002669460081961006,0.41402967934845947,0.5859703421592712
ISIC_0031738,akiec,0.04010498523712158,0.9598950147628784,0.09953461587429047,0.8910797834396362,0.0007038903422653675,6.529568781843409e-05,0.0061858114786446095,0.002406038111075759,2.4564800696680322e-05,0.003199788941856241,0.9968002107925713
ISIC_0031852,akiec,0.4259799122810364,0.5740200877189636,0.04117632657289505,0.0018382268026471138,0.13041934370994568,0.002898798556998372,0.040944043546915054,0.7821324467658997,0.000590888608712703,0.9160414776415564,0.08395859692245722
ISIC_0031922,akiec,0.668741762638092,0.33125823736190796,0.718579113483429,0.16804705560207367,0.04811595380306244,0.024936413392424583,2.1086128981551155e-05,0.04005277529358864,0.0002475795627105981,0.11335272205178626,0.8866472552144842
ISIC_0031940,akiec,0.5409421324729919,0.45905786752700806,0.5333134531974792,0.40975114703178406,0.006940232589840889,0.0001172465636045672,0.04378781095147133,0.0060499282553792,4.027423346997239e-05,0.013147681642294629,0.9868524111807346
ISIC_0031993,akiec,0.05356860160827637,0.9464313983917236,0.862522542476654,0.06659272313117981,0.05462007597088814,0.0013359951553866267,0.008186280727386475,0.0046943663619458675,0.0020479809027165174,0.06269841839093715,0.9373015463352203
ISIC_0032135,akiec,0.5434287786483765,0.45657122135162354,0.20899078249931335,1.1591691873036325e-05,0.7828524112701416,3.159457992296666e-05,0.0075606429018080235,0.0005411714664660394,1.1765119779738598e-05,0.7834369424363103,0.21656301709299441
ISIC_0032277,akiec,0.654501736164093,0.345498263835907,0.024569088593125343,0.0001822761696530506,0.06888357549905777,1.2985430657863617e-05,0.8715484142303467,0.034755781292915344,4.794473716174252e-05,0.10370028695979272,0.8962997789931251
ISIC_0032404,akiec,0.10774892568588257,0.8922510743141174,0.9372930526733398,4.041366628371179e-05,0.06213023513555527,3.391071004443802e-05,0.00026013105525635183,0.00016063606017269194,8.156446710927412e-05,0.06240634637288167,0.9375935973948799
ISIC_0033084,akiec,0.34977900981903076,0.6502209901809692,0.4801793694496155,0.10013467073440552,0.04010046273469925,0.012615597806870937,0.04956640303134918,0.3157467842102051,0.0016567157581448555,0.3701195605099201,0.6298804432153702
ISIC_0033295,akiec,0.5381644070148468,0.4618355929851532,0.4248485863208771,0.15482935309410095,0.3770700693130493,0.005994679406285286,0.022156041115522385,0.014091214165091515,0.0010100655490532517,0.39816602843347937,0.6018339805305004
ISIC_0024436,bcc,0.8719938695430756,0.12800613045692444,5.3854491852689534e-05,0.9929041266441345,0.0002566404000390321,8.398234786000103e-05,0.00020601031428668648,0.005512021016329527,0.000983264297246933,0.006835908061475493,0.9931639914502739
ISIC_0024634,bcc,0.7269538938999176,0.2730461061000824,0.00029073015321046114,0.9974741339683533,0.0017529987962916493,7.465493399649858e-05,7.733409438515082e-05,0.000289769668597728,4.0322396671399474e-05,0.0021577457955572754,0.9978421982159489
ISIC_0024673,bcc,0.6156755983829498,0.38432440161705017,0.006086382549256086,0.6776192784309387,0.03488125652074814,0.015322921797633171,0.2227536290884018,0.0404568612575531,0.0028796701226383448,0.09354070969857275,0.9064592900685966
ISIC_0024829,bcc,0.6401267349720001,0.3598732650279999,0.010555104352533817,0.9831901788711548,0.0027585981879383326,0.000399544631363824,0.00030388307641260326,0.002663746941834688,0.00012895496911369264,0.005950844730250537,0.9940491663001012
ISIC_0024885,bcc,0.6716947555541992,0.3283052444458008,0.05422273278236389,0.7827216386795044,0.14807294309139252,0.00015601201448589563,0.006413714960217476,0.007821086794137955,0.0005919586401432753,0.15664200054015964,0.8433580864220858
ISIC_0024897,bcc,0.700869232416153,0.29913076758384705,1.796036485757213e-05,0.9999010562896729,3.268577302151243e-06,2.057914343822631e-06,4.848265689361142e-06,6.855643732706085e-05,2.2905862806510413e-06,7.617351525368576e-05,0.9999238649202198
ISIC_0025031,bcc,0.6410430073738098,0.3589569926261902,0.02733476087450981,0.9634896516799927,0.006227697711437941,0.00024121915339492261,4.313584940973669e-05,0.0024273996241390705,0.00023622150183655322,0.009132537990808487,0.9908675484039122
ISIC_0025301,bcc,0.45754164457321167,0.5424583554267883,0.0005762222572229803,0.9993366599082947,2.38994925894076e-06,1.6139982108143158e-05,1.718691123642202e-06,9.978809430322144e-06,5.688528108294122e-05,8.539402188034728e-05,0.9999146008566413
ISIC_0025513,bcc,0.9215729460120201,0.07842705398797989,0.004621983505785465,0.3502987325191498,0.05232851579785347,0.02689892053604126,0.3505970537662506,0.09946305304765701,0.11579171568155289,0.29448220506310463,0.7055177697911859
ISIC_0025530,bcc,0.6495733857154846,0.3504266142845154,0.0759035274386406,0.9134264588356018,0.004408551380038261,0.0015146974474191666,0.002111302688717842,0.0022129069548100233,0.00042254457366652787,0.00855870035593398,0.9914412889629602
ISIC_0025793,bcc,0.6846697628498077,0.31533023715019226,0.002176436595618725,0.093717060983181,0.2653031647205353,0.0029366337694227695,0.1094127669930458,0.5122801065444946,0.014173871837556362,0.794693776872009,0.20530626457184553
ISIC_0025824,bcc,0.6413213610649109,0.3586786389350891,0.00022065694793127477,0.9853588342666626,0.000326379929902032,0.0004250220663379878,0.006955801974982023,0.000785591546446085,0.005927794612944126,0.007464788155630231,0.9925352931895759
ISIC_0025826,bcc,0.7322543859481812,0.26774561405181885,0.00028981996001675725,0.994306743144989,5.626169513561763e-05,7.269689376698807e-05,0.00023626867914572358,0.004937711637467146,0.00010056069731945172,0.005167230923689203,0.9948328317841515
ISIC_0026090,bcc,0.798332616686821,0.20166738331317902,0.023101896047592163,0.2294403314590454,0.5737776160240173,0.0874040499329567,0.005436309147626162,0.07076112180948257,0.010078664869070053,0.7420214526355267,0.25797853665426373
ISIC_0026091,bcc,0.7281166613101959,0.2718833386898041,0.10983893275260925,0.85711669921875,0.014858963899314404,0.012105739675462246,0.0008588574128225446,0.0007293422240763903,0.004491447936743498,0.03218549373559654,0.9678144893841818
ISIC_0026154,bcc,0.032579660415649414,0.9674203395843506,0.0540945790708065,0.013623414561152458,0.012196743860840797,0.0008015963830985129,0.8581305742263794,0.060322728008031845,0.0008303769282065332,0.07415144518017769,0.9258485678583384
ISIC_0026282,bcc,0.2554936408996582,0.7445063591003418,0.0016878002788871527,0.6081307530403137,0.18899314105510712,0.0018059400608763099,0.15643954277038574,0.040446843951940536,0.00249603227712214,0.2337419573450461,0.7662580960895866
ISIC_0026337,bcc,0.398213267326355,0.601786732673645,0.10442018508911133,0.012218929827213287,0.23409639298915863,0.022193774580955505,0.6080123782157898,0.01867782697081566,0.0003805159649346024,0.2753485105058644,0.7246514931321144
ISIC_0026395,bcc,0.9137274473905563,0.08627255260944366,0.00023540941765531898,0.0005772376898676157,0.0074446601793169975,0.00017775516607798636,0.13880814611911774,0.8525510430335999,0.00020568347827065736,0.8603791418572655,0.13962079322664067
ISIC_0026442,bcc,0.6985464692115784,0.30145353078842163,4.18429635828943e-06,0.9999890327453613,1.575829514877114e-06,2.2318172909763234e-07,7.337994816225546e-07,3.3920382520591374e-06,8.596708198638225e-07,6.050720315897706e-06,0.9999939508412012
ISIC_0026656,bcc,0.22814929485321045,0.7718507051467896,0.006789968349039555,0.7855048179626465,0.04891826584935188,0.10319410264492035,0.002023457083851099,0.04971420019865036,0.0038551692850887775,0.20568173797801137,0.7943182433955371
ISIC_0026668,bcc,0.09593945741653442,0.9040605425834656,0.04506031796336174,0.866709291934967,0.08060025423765182,0.0037682773545384407,0.0016565605765208602,0.0019590335432440042,0.00024625318474136293,0.08657381832017563,0.9134261704748496
ISIC_0026829,bcc,0.8352187871932983,0.16478121280670166,0.0006004463066346943,0.26570188999176025,0.5486422777175903,0.00015676488692406565,0.00037351989885792136,0.18342067301273346,0.0011043117847293615,0.7333240274019772,0.26667585619725287
ISIC_0026865,bcc,0.4033929109573364,0.5966070890426636,1.860755958205118e-07,0.9999879598617554,1.4598076631955337e-06,5.095501819596393e-06,8.838433318558714e-10,5.242055522103328e-06,2.4149548139007493e-08,1.1821514553034262e-05,0.9999881468211945
ISIC_0026952,bcc,0.892305001616478,0.10769499838352203,0.0008406815468333662,0.9969878792762756,0.0013785085175186396,5.370907842916495e-07,1.2271727428014856e-05,0.0007792522665113211,7.846422249713214e-07,0.0021590825170392236,0.997840832550537
ISIC_0026978,bcc,0.06635969877243042,0.9336403012275696,0.006645528133958578,0.7692248821258545,0.21295888721942902,9.89278414635919e-05,0.008839285001158714,0.002116596093401313,0.00011596066178753972,0.21529037181608146,0.7847096952609718
ISIC_0026988,bcc,0.0414656400680542,0.9585343599319458,0.8789190053939819,0.11526000499725342,0.004133622627705336,0.00012995688302908093,0.001316094072535634,0.00018320599338039756,5.816039629280567e-05,0.00450494590040762,0.995495104463771
ISIC_0026995,bcc,0.5267435014247894,0.47325649857521057,0.008677460253238678,0.9676249623298645,0.0050633749924600124,0.0020696772262454033,0.0019508801633492112,0.014491303823888302,0.00012232437438797206,0.02174668041698169,0.9782533027464524
ISIC_0027038,bcc,0.1321091651916504,0.8678908348083496,6.192406658556138e-07,0.9999992847442627,2.5796589309123874e-09,1.5060567237767941e-09,5.661653437738501e-12,1.4763597278033558e-07,2.479487448692197e-11,1.5174648330951168e-07,0.9999999039905902
ISIC_0027291,bcc,0.5280435085296631,0.4719564914703369,7.531683650086052e-07,0.999428927898407,8.591852383688092e-05,2.124859520336031e-06,1.6429276001872495e-06,0.0004460885829757899,3.4505781513871625e-05,0.0005686377478468785,0.9994313239943722
ISIC_0027371,bcc,0.9855209086090326,0.014479091390967369,0.008713776245713234,0.505007803440094,0.005902194883674383,9.69847387750633e-05,0.0006563722272403538,0.47600820660591125,0.003614649176597595,0.4856220354049583,0.5143779519130476
ISIC_0027525,bcc,0.4507488012313843,0.5492511987686157,0.00039717962499707937,0.9321838617324829,0.04197672754526138,7.817918958608061e-05,0.014302183873951435,0.011037884280085564,2.385355946898926e-05,0.05311664457440202,0.9468832252314314
ISIC_0027609,bcc,0.24182969331741333,0.7581703066825867,0.0006941395113244653,0.18522457778453827,0.03399737551808357,5.235036587691866e-05,0.010769745334982872,0.7691448926925659,0.00011691339750541374,0.8033115319740318,0.1966884626308456
ISIC_0027774,bcc,0.738804280757904,0.26119571924209595,0.0006225777906365693,0.03874148800969124,0.05739029124379158,0.015998907387256622,0.7083312273025513,0.12110976874828339,0.057805709540843964,0.25230467692017555,0.7476952931028791
ISIC_0027786,bcc,0.12761211395263672,0.8723878860473633,0.002285242546349764,0.9916011691093445,0.0011743820505216718,0.0004060847859364003,0.001431940821930766,0.0029274073895066977,0.0001737748389132321,0.004681649064878002,0.995318352477625
ISIC_0027851,bcc,0.6610561311244965,0.33894386887550354,0.0009972240077331662,0.9527143836021423,0.00391440698876977,0.006573179736733437,0.008187954314053059,0.027523333206772804,8.947899914346635e-05,0.03810039893141948,0.9618995619239286
ISIC_0027865,bcc,0.28839629888534546,0.7116037011146545,0.005032919812947512,0.960314154624939,0.00023362631327472627,5.962259092484601e-05,0.006957702804356813,0.0004269480996299535,0.026974953711032867,0.027695150714862393,0.9723047772422433
ISIC_0027915,bcc,0.3312850594520569,0.6687149405479431,0.05121275410056114,0.7189492583274841,0.015015417709946632,0.09142441302537918,0.02149885892868042,0.08224491775035858,0.019654424861073494,0.2083391733467579,0.7916608713567257
ISIC_0027998,bcc,0.40416765213012695,0.595832347869873,0.000561244145501405,0.9844597578048706,0.00024380626564379781,1.500187863712199e-05,0.010285072959959507,0.0002591853553894907,0.004175907000899315,0.004693900500569725,0.9953060749103315
ISIC_0028084,bcc,0.6993243992328644,0.3006756007671356,0.04140195623040199,0.8922044634819031,0.0024728632997721434,0.0007122352253645658,0.00930793210864067,0.0533427894115448,0.0005576841649599373,0.057085572101641446,0.9429143518209457
ISIC_0028106,bcc,0.7968418747186661,0.20315812528133392,5.7988167100120336e-05,0.9960541725158691,0.0018853771034628153,1.527064341644291e-05,4.4777618313673884e-05,0.0018291180022060871,0.00011319605255266652,0.003842961801638012,0.9961569383012829
ISIC_0028147,bcc,0.01053398847579956,0.9894660115242004,0.0035611477214843035,0.5602643489837646,0.29833537340164185,0.01207794714719057,0.028968850150704384,0.0964897871017456,0.0003026322810910642,0.4072057399316691,0.5927943468559533
ISIC_0028168,bcc,0.7034469842910767,0.29655301570892334,0.004035168793052435,0.14642925560474396,0.025122875347733498,0.03158794343471527,0.15508536994457245,0.635413646697998,0.002325748559087515,0.6944502140395343,0.30554979434236884
ISIC_0028283,bcc,0.7877543717622757,0.2122456282377243,0.033468928188085556,0.7471725940704346,0.10758630186319351,0.055863965302705765,0.000853631878271699,0.05223177373409271,0.002822868525981903,0.2185049094259739,0.7814951541367918
ISIC_0028419,bcc,0.8708867281675339,0.12911327183246613,0.13154082000255585,0.2147691398859024,0.06999045610427856,0.04862786456942558,0.008484797552227974,0.5178154706954956,0.008771411143243313,0.6452052025124431,0.3547947574406862
ISIC_0028486,bcc,0.7519666701555252,0.2480333298444748,0.0006681116647087038,0.8392022848129272,0.014144145883619785,3.9907121390569955e-05,0.001978844404220581,0.1433488130569458,0.0006178775802254677,0.15815074364218162,0.8418492408818565
ISIC_0028577,bcc,0.8200299292802811,0.17997007071971893,0.0011966523015871644,0.9951506853103638,0.0006137198652140796,0.000743840413633734,0.00021553569240495563,0.0018114857375621796,0.0002680912148207426,0.0034371372312307358,0.9965628733043559
ISIC_0028677,bcc,0.5275380611419678,0.4724619388580322,0.0007863736827857792,0.0012990788090974092,0.03545195236802101,0.0009604560327716172,7.441620255121961e-05,0.961050271987915,0.00037746099405921996,0.9978401413827669,0.002159868694434408
ISIC_0028688,bcc,0.16127705574035645,0.8387229442596436,0.006197967100888491,0.014088989235460758,0.025315072387456894,0.00046329430188052356,0.07237691432237625,0.8813797831535339,0.00017804797971621156,0.9073361978225876,0.0926638706587255
ISIC_0028814,bcc,0.471981406211853,0.528018593788147,8.723416158318287e-07,0.9999988079071045,1.4201464892948934e-08,3.7125533758342044e-09,1.1310588909907437e-08,2.2486636908070068e-07,1.6901495314414205e-08,2.59681882663898e-07,0.9999996915593092
ISIC_0028877,bcc,0.6687856912612915,0.3312143087387085,0.18498556315898895,0.8075281381607056,0.0008702227496542037,0.00010628998279571533,0.001181662897579372,0.004255019593983889,0.0010731571819633245,0.006304689508397132,0.9936953642172739
ISIC_0028890,bcc,0.4531838893890381,0.5468161106109619,0.0004741645825561136,0.0034071432892233133,0.0116248968988657,0.00012638403859455138,0.9505195617675781,0.033809784799814224,3.805983214988373e-05,0.04559912556942436,0.9544008696393576
ISIC_0029053,bcc,0.7107072472572327,0.28929275274276733,0.02012641169130802,0.8990360498428345,0.0425708070397377,0.006885533221065998,0.01645353063941002,0.00830354169011116,0.006624045316129923,0.06438392726704478,0.9356159921735525
ISIC_0029391,bcc,0.7683272957801819,0.23167270421981812,4.0318805986316875e-05,0.9999520778656006,5.84454801355605e-06,6.749620240498189e-08,2.5886711441103216e-08,1.4794999287914834e-06,2.0344879203548771e-07,7.594992936788003e-06,0.9999924225582983
ISIC_0029412,bcc,0.42081546783447266,0.5791845321655273,0.22455650568008423,0.6334676742553711,0.11010903865098953,0.005199742037802935,0.01846783421933651,0.0044828150421381,0.0037163118831813335,0.1235079076141119,0.8764920141547918
ISIC_0029466,bcc,0.11404764652252197,0.885952353477478,0.0016044573858380318,0.9012865424156189,0.009605319239199162,0.011751689948141575,0.058503832668066025,0.013444134965538979,0.0038040378130972385,0.038605181965976954,0.961394832469523
ISIC_0029545,bcc,0.6964418292045593,0.3035581707954407,0.675569474697113,0.051036860793828964,0.21134375035762787,0.013114874251186848,0.01999000273644924,0.012613488361239433,0.016331415623426437,0.2534035285934806,0.7465963382273912
ISIC_0029546,bcc,0.5834092795848846,0.41659072041511536,0.026335299015045166,0.8478537201881409,0.019494500011205673,0.0007552470779046416,0.0890224426984787,0.016346130520105362,0.00019265311129856855,0.036788530720514245,0.9632114619016647
ISIC_0029644,bcc,0.7676941007375717,0.23230589926242828,0.20327503979206085,0.7202113270759583,0.06378287822008133,0.005019055213779211,0.0006811806815676391,0.0060964953154325485,0.0009340421529486775,0.07583247090224177,0.9241675475495867
ISIC_0029747,bcc,0.10114264488220215,0.8988573551177979,2.8769650270987768e-06,0.9995775818824768,0.00023188535124063492,4.545158390101278e-06,1.2581748705997597e-05,2.2503443688037805e-05,0.00014808046398684382,0.0004070144173056178,0.9995930405962099
ISIC_0029847,bcc,0.5567790865898132,0.44322091341018677,0.001410505617968738,0.6137756705284119,0.003069564700126648,0.0032760498579591513,0.057842813432216644,0.02064807526767254,0.2999773323535919,0.32697102217935026,0.6730289895785972
ISIC_0030114,bcc,0.6768377721309662,0.3231622278690338,7.248313340824097e-05,0.9959573149681091,0.0004237155371811241,0.0002614640397951007,0.0013442141935229301,0.0006705558043904603,0.001270198030397296,0.002625933411763981,0.9973740122950403
ISIC_0030197,bcc,0.6832660734653473,0.3167339265346527,0.00010209617903456092,0.9821286201477051,0.0020628462079912424,0.0004952757153660059,0.008154654875397682,0.007009865250438452,4.6728422603337094e-05,0.009614715596399037,0.9903853712021373
ISIC_0030230,bcc,0.7197718620300293,0.2802281379699707,0.0005171918892301619,0.48908478021621704,0.00014921357796993107,0.0017442728858441114,0.00783396977931261,0.49295175075531006,0.007718798704445362,0.5025640359235695,0.4974359418847598
ISIC_0030233,bcc,0.047776997089385986,0.952223002910614,0.010015713050961494,0.7219423651695251,0.003082073526456952,0.0007786565693095326,0.15997973084449768,0.10376878827810287,0.00043268685112707317,0.10806220522499643,0.8919378090649843
ISIC_0030403,bcc,0.664993166923523,0.33500683307647705,0.002885496011003852,0.9907174706459045,4.363334664958529e-05,8.91308591235429e-05,5.4197025747271255e-05,0.00607635360211134,0.00013368314830586314,0.006342800956190331,0.9936571636826557
ISIC_0030446,bcc,0.9396759159862995,0.060324084013700485,8.007378346519545e-05,0.9959006905555725,0.000144930585520342,8.198795512726065e-06,0.0007280782447196543,0.003099334891885519,3.8713285903213546e-05,0.0032911775588218006,0.9967088425837574
ISIC_0030690,bcc,0.6523585021495819,0.3476414978504181,0.0017050906317308545,0.975867509841919,0.018327897414565086,0.0007030603010207415,0.00021515702246688306,0.002715893555432558,0.0004653445794247091,0.022212195850443095,0.9777877574961167
ISIC_0030755,bcc,0.25678372383117676,0.7432162761688232,0.09141980111598969,0.9025874733924866,0.0003635970351751894,0.0030524733010679483,0.0011475681094452739,0.0013317153789103031,9.738265362102538e-05,0.004845168368774466,0.9951548426179215
ISIC_0030782,bcc,0.9743309505283833,0.025669049471616745,2.4783105345704826e-06,0.9999939203262329,1.4443717191170435e-06,1.2153823547578213e-07,6.471785241046746e-08,1.875616135293967e-06,7.418693570571122e-08,3.515713025592504e-06,0.9999964633546199
ISIC_0031122,bcc,0.7699462026357651,0.23005379736423492,0.0002970732457470149,0.9819625020027161,0.0002289604744873941,0.0003863779711537063,6.952207331778482e-05,0.016957229003310204,9.835603123065084e-05,0.017670923480181955,0.9823290973217809
ISIC_0031272,bcc,0.2635071873664856,0.7364928126335144,0.0037968349643051624,0.9639636278152466,0.015429096296429634,0.0001790816313587129,0.014222742058336735,0.0014779026387259364,0.0009308329899795353,0.01801691355649382,0.9819832048378885
ISIC_0031294,bcc,0.8543639481067657,0.14563605189323425,0.13549882173538208,0.8391733169555664,0.008244488388299942,0.00014855273184366524,0.0031611996237188578,0.012549488805234432,0.0012242028024047613,0.0221667327277828,0.9778333383146673
ISIC_0031407,bcc,0.1706380844116211,0.8293619155883789,0.14913293719291687,0.8221659660339355,0.027944715693593025,4.063026153744431e-06,0.000587692076805979,8.060684194788337e-05,8.408509893342853e-05,0.02811347066062808,0.9718865953036584
ISIC_0031450,bcc,0.38279974460601807,0.6172002553939819,0.0011543608270585537,0.7161611914634705,0.18603481352329254,0.02157929353415966,0.05047673359513283,0.023486141115427017,0.0011074526701122522,0.23220770084299147,0.7677922858856618
ISIC_0031585,bcc,0.2584027051925659,0.7415972948074341,0.8313536047935486,0.11040481925010681,0.046365197747945786,1.6461281120427884e-05,0.004613365512341261,0.007165116257965565,8.14688391983509e-05,0.05362824412623013,0.9463717895559967
ISIC_0031640,bcc,0.7677641063928604,0.2322358936071396,0.0013317846460267901,0.7715869545936584,0.11105692386627197,0.002251468366011977,0.021189535036683083,0.09001915901899338,0.002564120339229703,0.20589167159050703,0.7941082742763683
ISIC_0031836,bcc,0.3489340543746948,0.6510659456253052,0.0003775672521442175,0.04228782281279564,0.12058645486831665,5.150350625626743e-05,0.04119968041777611,0.7953593134880066,0.0001376692089252174,0.9161349410715047,0.08386507048271596
ISIC_0031943,bcc,0.5672248303890228,0.4327751696109772,0.0003772917843889445,0.9520164132118225,0.0006988411769270897,4.065982284373604e-05,0.005144461523741484,0.0016903207870200276,0.040032073855400085,0.04246189564219094,0.9575381665199529
ISIC_0031971,bcc,0.6818761229515076,0.31812387704849243,0.00022451291442848742,0.9968194961547852,0.00023306165530811995,0.0005571400979533792,0.0001870912528829649,0.000880820385646075,0.001097803469747305,0.002768825608654879,0.9972311003220966
ISIC_0031976,bcc,0.9229793697595596,0.07702063024044037,0.001842350815422833,0.9839106798171997,0.004275724291801453,3.7849713407922536e-06,0.0031670250464230776,0.006694091949611902,0.00010635566286509857,0.011079956875619246,0.9889200556790456
ISIC_0032132,bcc,0.5874656438827515,0.41253435611724854,0.0008325814851559699,0.0062989057041704655,0.8262910842895508,0.0004426405648700893,0.02998555637896061,0.13565155863761902,0.0004977567587047815,0.9628830402507447,0.037117043568287045
ISIC_0032146,bcc,0.48141610622406006,0.5185838937759399,0.6310914158821106,0.1943623572587967,0.13563987612724304,0.011200333945453167,0.009167039766907692,0.017852483317255974,0.0006865464383736253,0.1653792398283258,0.834620812907815
ISIC_0032164,bcc,0.3519749641418457,0.6480250358581543,0.005513312295079231,0.8639567494392395,0.12974683940410614,1.6830736058182083e-05,0.00027663755463436246,0.0003954916028305888,9.41342004807666e-05,0.13025329594347568,0.8697466992889531
ISIC_0032185,bcc,0.9063039943575859,0.09369600564241409,0.0004523229436017573,0.9974616765975952,5.367585617932491e-05,1.9320454157423228e-05,2.462691736582201e-05,0.0015775527572259307,0.0004108976572751999,0.0020614467248378787,0.9979386264585628
ISIC_0032415,bcc,0.8023257553577423,0.1976742446422577,6.051189484423958e-05,0.9644410610198975,0.0048782359808683395,0.0010026012314483523,0.0006749607855454087,0.02843308076262474,0.0005095119122415781,0.03482342988718301,0.9651765337002871
ISIC_0032429,bcc,0.7963810563087463,0.20361894369125366,2.0691901227110066e-05,0.9911447167396545,0.00017738422320690006,4.823653580388054e-05,1.0022443348134402e-05,0.008596050553023815,2.8926249342475785e-06,0.008824563936968843,0.9911754310842298
ISIC_0032461,bcc,0.8308574110269547,0.16914258897304535,0.01454647071659565,0.9437910318374634,0.0018857205286622047,0.0001500624348409474,0.00726485438644886,0.03064093552529812,0.0017209179932251573,0.03439763648202643,0.9656023569405079
ISIC_0032482,bcc,0.963149469345808,0.03685053065419197,0.0008322338107973337,0.2020481377840042,0.007797453086823225,0.1393764615058899,0.002653914038091898,0.5631393194198608,0.08415238559246063,0.7944656196050346,0.20553428563289344
ISIC_0032497,bcc,0.13023656606674194,0.8697634339332581,0.07243760675191879,0.387879878282547,0.15833716094493866,0.005406750366091728,0.3535960912704468,0.01883767731487751,0.003504882100969553,0.18608647072687745,0.8139135763049126
ISIC_0032834,bcc,0.8526339530944824,0.14736604690551758,0.11740215122699738,0.4900418519973755,0.02886110357940197,0.0217523705214262,0.14726506173610687,0.18087054789066315,0.01380698848515749,0.2452910104766488,0.7547090649604797
ISIC_0033001,bcc,0.4193105697631836,0.5806894302368164,0.5869070291519165,0.399312824010849,0.0021411150228232145,0.0030298768542706966,0.007646508514881134,0.0004545495321508497,0.0005080266273580492,0.00613356803660281,0.9938663616776466
ISIC_0033012,bcc,0.7956117689609528,0.20438823103904724,0.002115925308316946,0.9831610321998596,0.0011798138730227947,0.0006130064721219242,0.00295107695274055,0.0033628540113568306,0.006616370286792517,0.011772044643294066,0.9882280344609171
ISIC_0033020,bcc,0.8414208143949509,0.15857918560504913,0.004165357910096645,0.5909653306007385,0.021129988133907318,0.008303042501211166,0.017500320449471474,0.35680103302001953,0.0011349563719704747,0.3873690200271085,0.6126310089603066
ISIC_0033248,bcc,0.14327871799468994,0.8567212820053101,8.427689863310661e-06,0.9999282360076904,3.821866357611725e-06,2.535588237151387e-07,4.405467552714981e-05,4.534826985036489e-06,1.0717737495724577e-05,1.932798966208793e-05,0.9999807183730809
ISIC_0033499,bcc,0.15601444244384766,0.8439855575561523,0.01444695983082056,0.6513909697532654,0.3031258285045624,8.230865933001041e-05,0.026972049847245216,0.0033027371391654015,0.000679129094351083,0.3071900033974089,0.6928099794313312
ISIC_0033571,bcc,0.7446523308753967,0.25534766912460327,0.0009532496333122253,0.7465086579322815,0.09415914863348007,0.009238948114216328,0.020619001239538193,0.12506788969039917,0.0034530931152403355,0.2319190795533359,0.7680809088051319
ISIC_0033579,bcc,0.5780308246612549,0.4219691753387451,0.002360130427405238,0.8581216931343079,0.00458829989656806,0.003958447836339474,0.049227405339479446,0.07995632290840149,0.0017876510974019766,0.090290721738711,0.9097092289011925
ISIC_0033979,bcc,0.7372371852397919,0.26276281476020813,0.061541665345430374,0.030571363866329193,0.8918203115463257,0.007724639493972063,0.0030998731963336468,0.002321369480341673,0.00292076263576746,0.9047870831564069,0.09521290240809321
ISIC_0034047,bcc,0.776594951748848,0.22340504825115204,3.2307474612025544e-05,0.30373868346214294,0.00023102734121493995,9.260038495995104e-05,0.6733880639076233,0.022229043766856194,0.0002883265551645309,0.022840998048195615,0.9771590548443783
ISIC_0034155,bcc,0.27721595764160156,0.7227840423583984,0.004523180890828371,0.007541766855865717,0.9811004400253296,0.000895520206540823,0.00013871045666746795,0.005662426818162203,0.0001379538734909147,0.9877963409235235,0.012203658203361556
ISIC_0034255,bcc,0.8853396251797676,0.11466037482023239,0.030621344223618507,0.25356802344322205,0.07763120532035828,0.01903131604194641,0.24443192780017853,0.36723852157592773,0.007477643433958292,0.4713786863721907,0.5286212954670191
ISIC_0024382,bkl,0.8634879142045975,0.13651208579540253,0.47966402769088745,0.015086332336068153,0.18519100546836853,0.006686358246952295,0.27896958589553833,0.033530570566654205,0.0008721620542928576,0.2262800963362679,0.7737199459224939
ISIC_0024383,bkl,0.8819780051708221,0.11802199482917786,0.0001463480293750763,0.0011763377115130424,0.9942736029624939,1.715896178211551e-05,0.0018721369560807943,0.002314565470442176,0.00019986509869340807,0.9968051924934116,0.003194822696968913
ISIC_0024408,bkl,0.6348705887794495,0.36512941122055054,1.755708012751711e-06,2.3026484541333048e-06,0.9999070167541504,8.231443189288257e-07,4.383497798698954e-05,4.3971347622573376e-05,3.272434980772232e-07,0.99995213848959,4.789333445387456e-05
ISIC_0024420,bkl,0.8906226456165314,0.10937735438346863,0.0009041765006259084,0.05948161706328392,0.9028496146202087,0.000508336175698787,0.003375042462721467,0.03258514404296875,0.00029603694565594196,0.9362391317845322,0.0637608360266313
ISIC_0024471,bkl,0.33654314279556274,0.6634568572044373,0.00010416370787424967,3.418493361095898e-05,0.9669909477233887,1.4217051102605183e-05,0.0012149083195254207,0.031633250415325165,8.349072231794707e-06,0.9986467642620482,0.0013532569610106293
ISIC_0024489,bkl,0.6526565849781036,0.34734341502189636,1.0388356713519897e-05,2.7532454623724334e-05,0.9993029832839966,1.6993259123410098e-05,0.0006084458436816931,2.9750723115284927e-05,3.7656654967577197e-06,0.999353492931732,0.0006463666550189373
ISIC_0024505,bkl,0.6583553850650787,0.34164461493492126,0.004284457769244909,0.0004353583790361881,0.7947130799293518,0.0001102721580537036,0.026853647083044052,0.17342862486839294,0.00017463696713093668,0.9684266139229294,0.03157346323132515
ISIC_0024623,bkl,0.05606168508529663,0.9439383149147034,0.00041794960270635784,0.0005127215408720076,0.9940523505210876,1.1925583748961799e-05,0.004330766852945089,0.0005389271536841989,0.00013543962268158793,0.9947386428812024,0.005261437996523455
ISIC_0024672,bkl,0.5390110611915588,0.46098893880844116,0.0001902608055388555,2.3862652597017586e-05,0.6096279621124268,7.170373282860965e-05,0.183894544839859,0.2061236947774887,6.799872062401846e-05,0.8158913593433681,0.18410866829799488
ISIC_0024708,bkl,0.47790294885635376,0.5220970511436462,3.995016231783666e-05,6.484974619525019e-06,0.3355805575847626,6.6512134253571276e-06,0.13427196443080902,0.5300710201263428,2.3305790818994865e-05,0.8656815347153497,0.13431839956774638
ISIC_0024740,bkl,0.7602295875549316,0.23977041244506836,0.0015042639570310712,0.0002818380016833544,0.5918360352516174,0.0004127990687265992,0.007489696145057678,0.39823079109191895,0.00024458966800011694,0.9907242150802631,0.009275798103772104
ISIC_0024758,bkl,0.5443117618560791,0.4556882381439209,0.033275626599788666,0.17008481919765472,0.46465736627578735,0.0009188653784804046,0.023734625428915024,0.30381345748901367,0.0035152167547494173,0.7729049058980308,0.2270950712263584
ISIC_0024839,bkl,0.6516077518463135,0.3483922481536865,0.0026524956338107586,0.005803747568279505,0.9451354146003723,0.00011287789675407112,0.005943798925727606,0.040341537445783615,1.0124008440470789e-05,0.9855999539513505,0.01440004212781787
ISIC_0024851,bkl,0.019810259342193604,0.9801897406578064,0.0004318404244259,0.00010057067993329838,0.7131020426750183,0.00015873815573286265,0.2310722917318344,0.055024027824401855,0.00011049354361603037,0.7683953021987691,0.2316047028361936
ISIC_0024880,bkl,0.6881599426269531,0.3118400573730469,0.0023790120612829924,0.0034436441492289305,0.010370318777859211,0.0002442721161060035,0.23292765021324158,0.75050950050354,0.00012573800631798804,0.7612498294038232,0.2387503064237535
ISIC_0024970,bkl,0.6704072058200836,0.3295927941799164,0.0007702849106863141,0.025030791759490967,0.7045549750328064,0.0005646679783239961,0.18804515898227692,0.08067197352647781,0.00036205313517712057,0.7861536696727853,0.2138462356524542
ISIC_0024971,bkl,0.3926190137863159,0.6073809862136841,0.039148394018411636,0.0009201522334478796,0.9452725648880005,7.227879541460425e-05,0.0128909507766366,0.001632385072298348,6.334401405183598e-05,0.9470405727697653,0.052959497028496116
ISIC_0025016,bkl,0.7231695055961609,0.2768304944038391,0.0014717304147779942,0.6032394170761108,0.3362911641597748,0.012398267164826393,0.0004889746196568012,0.04370148107409477,0.0024089314974844456,0.3947998438961804,0.6052001221105456
ISIC_0025038,bkl,0.5238774418830872,0.47612255811691284,0.0020004576072096825,0.013908347114920616,0.9021629691123962,0.055192362517118454,0.020350176841020584,0.005123315844684839,0.0012623642105609179,0.9637410116847605,0.03625898156315088
ISIC_0025064,bkl,0.9479776881635189,0.052022311836481094,0.00035814871080219746,0.00055511953542009,0.4547269940376282,0.00025617415667511523,0.0018515237607061863,0.5420076847076416,0.0002442939439788461,0.9972351468459237,0.0027647920069284737
ISIC_0025131,bkl,0.7617163509130478,0.2382836490869522,0.0003558254102244973,0.009083162061870098,0.956571638584137,0.00019750070350710303,0.010272894985973835,0.01302644144743681,0.010492515750229359,0.9802880964853102,0.01971188245806843
ISIC_0025157,bkl,0.32019317150115967,0.6798068284988403,0.008462799713015556,2.99807334158686e-06,0.9905851483345032,3.290465429017786e-07,0.00017786919488571584,0.0007702608709223568,5.334156298886228e-07,0.9913562716675983,0.008643666981242859
ISIC_0025275,bkl,0.6270216107368469,0.3729783892631531,0.0066032856702804565,0.16845013201236725,0.17580480873584747,0.0021689811255782843,0.06159817799925804,0.4451712667942047,0.14020328223705292,0.7633483388926834,0.23665159568190575
ISIC_0025286,bkl,0.9173232987523079,0.08267670124769211,0.00036209551035426557,0.001473747193813324,0.006905268412083387,0.0014570783823728561,0.25969788432121277,0.7299948930740356,0.00010902750364039093,0.7384662673721323,0.26153372702538036
ISIC_0025392,bkl,0.7567000240087509,0.24329997599124908,4.4473734305938706e-05,0.0075142462737858295,0.8562577962875366,0.00017238467989955097,0.0009388437611050904,0.13082773983478546,0.004244549665600061,0.9915024704678217,0.008497563769196859
ISIC_0025431,bkl,0.9540869370102882,0.04591306298971176,2.911322098952951e-06,0.0006834215018898249,0.9932698607444763,2.6487985451240093e-05,0.00011458082735771313,0.0057083312422037125,0.00019443067139945924,0.9991991106435307,0.000800913651346491
ISIC_0025529,bkl,0.5060887634754181,0.4939112365245819,0.0004258510598447174,0.001723928959108889,0.9577831625938416,4.151357643422671e-05,0.0282797422260046,0.011692671105265617,5.30575962329749e-05,0.9695704048717744,0.030429522244958207
ISIC_0025575,bkl,0.5702692568302155,0.42973074316978455,0.013452666811645031,0.2885335087776184,0.6808499097824097,0.0019960999488830566,0.0067403982393443584,0.0049793231301009655,0.0034480520989745855,0.6912733849603683,0.3087265738286078
ISIC_0025627,bkl,0.5456959009170532,0.4543040990829468,0.0023468369618058205,0.0010565827833488584,0.9440600275993347,0.0011392028536647558,0.016543008387088776,0.03473103418946266,0.00012325315037742257,0.9800535177928396,0.019946428132243454
ISIC_0025661,bkl,0.6701187491416931,0.3298812508583069,0.15499655902385712,0.3633209466934204,0.1969383805990219,0.005863923113793135,0.15751683712005615,0.11802484095096588,0.0033385332208126783,0.3241656778845936,0.6758343428373337
ISIC_0025693,bkl,0.5896729528903961,0.4103270471096039,0.2812913656234741,0.0016864280914887786,0.3969949781894684,0.007833470590412617,0.2888736426830292,0.02240080013871193,0.0009193256264552474,0.4281485745450482,0.5718514363979921
ISIC_0025699,bkl,0.7304072678089142,0.2695927321910858,0.0004274959792383015,0.0003065267810598016,0.028547855094075203,0.002289428608492017,0.07625310122966766,0.8918840289115906,0.0002915414224844426,0.9230128540366422,0.07698712398996577
ISIC_0025703,bkl,0.5684838891029358,0.4315161108970642,0.044861890375614166,0.000615216966252774,0.09432390332221985,0.0002954155206680298,0.8421630859375,0.017555125057697296,0.0001853496505646035,0.11235979355114978,0.8876401932793669
ISIC_0025743,bkl,0.4436979293823242,0.5563020706176758,0.013167398050427437,0.022880535572767258,0.9588805437088013,5.116084594192216e-06,0.004307616502046585,0.0007292259833775461,2.958785080409143e-05,0.9596444736275771,0.04035555012524128
ISIC_0025767,bkl,0.9238080158829689,0.0761919841170311,8.337256440427154e-05,3.718771768035367e-05,0.9880486130714417,3.979806569986977e-05,0.0006592103163711727,0.010778854601085186,0.00035288213985040784,0.9992201478780771,0.0007797705984557979
ISIC_0025781,bkl,0.5017297565937042,0.4982702434062958,0.007938499562442303,0.001165924477390945,0.8555505275726318,0.010771753266453743,0.04849673807621002,0.07565580308437347,0.00042068317998200655,0.9423987671034411,0.05760116211604327
ISIC_0025799,bkl,0.6675145626068115,0.3324854373931885,9.390846571477596e-06,2.5771073524083477e-06,0.9976481795310974,5.4601919146080036e-06,0.00013710650091525167,0.0021964546758681536,7.949294058562373e-07,0.999850889328286,0.00014907445483913762
ISIC_0025838,bkl,0.10163211822509766,0.8983678817749023,0.020584871992468834,0.0003539338940754533,0.0681130513548851,0.0005605461192317307,0.8872511386871338,0.023054037243127823,8.23818554636091e-05,0.09181001657270826,0.9081899445736781
ISIC_0025874,bkl,0.34842026233673096,0.651579737663269,0.00035361305344849825,5.612392851617187e-05,0.7041183114051819,0.0002573252422735095,0.2842569351196289,0.010822143405675888,0.00013555263285525143,0.7153333326859865,0.2846666721015936
ISIC_0025879,bkl,0.9147369936108589,0.08526300638914108,0.0003781768027693033,0.00022318818082567304,0.8379349112510681,0.00047040361096151173,0.00939809251576662,0.14974090456962585,0.001854329602792859,0.9900005490344483,0.009999457499361597
ISIC_0026015,bkl,0.4246736168861389,0.5753263831138611,8.503617573296651e-05,2.2007304778526304e-06,0.9734544157981873,2.409010994597338e-05,0.011290201917290688,0.015137769281864166,6.312649929895997e-06,0.9886225878399273,0.011377438823501507
ISIC_0026069,bkl,0.949674803763628,0.050325196236371994,0.0006227415869943798,0.0026016857009381056,0.930973470211029,0.005538060329854488,0.006723245605826378,0.05230700969696045,0.001233721268363297,0.9900522615062073,0.009947672893758863
ISIC_0026104,bkl,0.9808042049407959,0.0191957950592041,0.002176140435039997,0.0014571831561625004,0.2761543095111847,0.000725181307643652,0.06041451543569565,0.6580482125282288,0.0010244676377624273,0.9359521709848195,0.06404783902689815
ISIC_0026107,bkl,0.831483781337738,0.16851621866226196,4.908109190182586e-07,1.614924713067012e-06,3.889030631398782e-05,1.7329018646705663e-06,0.004907810129225254,0.9950242638587952,2.510757440177258e-05,0.9950899946413756,0.004909915864857339
ISIC_0026135,bkl,0.9487245790660381,0.05127542093396187,2.5652556360000744e-05,0.00012508216605056077,0.9843304753303528,4.442669523996301e-05,6.865647446829826e-05,0.015197978354990482,0.00020765227964147925,0.9997805326602247,0.00021939119687885977
ISIC_0026174,bkl,0.5236400961875916,0.47635990381240845,7.579675002489239e-05,2.500879782019183e-05,0.9924641847610474,1.7373582522850484e-05,0.00598963862285018,0.0014213796239346266,6.630401458096458e-06,0.9939095683689629,0.006090444170695264
ISIC_0026277,bkl,0.6135221421718597,0.38647785782814026,0.00893873255699873,0.630199670791626,0.2013693004846573,0.019936326891183853,0.09159210324287415,0.01685909740626812,0.03110481984913349,0.26926954463124275,0.7307305065914989
ISIC_0026316,bkl,0.6040407419204712,0.3959592580795288,0.0058555505238473415,0.0012561093317344785,0.026933586224913597,0.0013340655714273453,0.14353224635124207,0.820753276348114,0.0003351846826262772,0.8493561128270812,0.15064390620682389
ISIC_0026409,bkl,0.03354364633560181,0.9664563536643982,0.10984762758016586,0.0201482605189085,0.7746591567993164,0.0002162856253562495,0.08398986607789993,0.01111594121903181,2.292450881213881e-05,0.7860143081525166,0.2139857541769743
ISIC_0026443,bkl,0.6166760623455048,0.38332393765449524,0.00011978527618339285,7.76815868448466e-05,0.966647744178772,3.7317342503229156e-05,0.0014513017376884818,0.031607735902071,5.842044993187301e-05,0.9983512178732781,0.0016487686007167213
ISIC_0026511,bkl,0.7483456134796143,0.25165438652038574,0.0003159821790177375,0.015391250140964985,0.7857112884521484,0.00025456317234784365,0.017747899517416954,0.17767822742462158,0.002900758059695363,0.9665448371088132,0.033455131837399676
ISIC_0026532,bkl,0.4291697144508362,0.5708302855491638,2.566858529462479e-05,0.00020488283189479262,0.9972165822982788,2.9799861295032315e-05,0.0019636452198028564,0.0005514181102626026,8.008600161701906e-06,0.9978058088699981,0.002194196636992274
ISIC_0026556,bkl,0.26104414463043213,0.7389558553695679,0.00042300604400224984,0.0004478256159927696,0.9956413507461548,0.001245556864887476,0.00020824353850912303,0.001889084349386394,0.00014499844110105187,0.9989209904015297,0.0010790751985041425
ISIC_0026576,bkl,0.06933790445327759,0.9306620955467224,0.00033818595693446696,7.69742182455957e-05,0.9888466000556946,7.019648819550639e-06,0.009895291179418564,0.0008309592376463115,4.947586603520904e-06,0.989689526528764,0.010310451354598626
ISIC_0026637,bkl,0.9488364942371845,0.051163505762815475,0.0006006950279697776,0.000492216378916055,0.018803445622324944,0.0006844724994152784,0.4482020437717438,0.5275347828865051,0.003682367969304323,0.5507050689775497,0.4492949551786296
ISIC_0026663,bkl,0.4795365333557129,0.5204634666442871,0.0003659658250398934,0.004178615752607584,0.9482601284980774,0.0002799582143779844,0.025411318987607956,0.021369902417063713,0.00013402906188275665,0.9700440181914018,0.029955900565255433
ISIC_0026679,bkl,0.18461668491363525,0.8153833150863647,0.0009339310345239937,0.0001921120856422931,0.9650998115539551,0.0003866910992655903,0.017606422305107117,0.015636250376701355,0.00014473967894446105,0.9812674927088665,0.018732465425273404
ISIC_0026704,bkl,0.1728283166885376,0.8271716833114624,5.728795440518297e-05,4.0793281641526846e-07,0.009181843139231205,4.325944246375002e-06,0.9894677996635437,0.001287046354264021,1.261090801563114e-06,0.010474476528543164,0.9895254955507653
ISIC_0026714,bkl,0.7965963780879974,0.20340362191200256,0.00010665463196346536,6.265551201067865e-05,0.42242270708084106,0.000438620918430388,0.04583920165896416,0.531043529510498,8.653010445414111e-05,0.9539913876142236,0.0460085118029383
ISIC_0026867,bkl,0.7194628417491913,0.2805371582508087,0.0007569310837425292,0.002036181977018714,0.6059544682502747,0.01663685217499733,0.004300525411963463,0.35971930623054504,0.010595743544399738,0.9929063702002168,0.007093638472724706
ISIC_0026907,bkl,0.8546520322561264,0.1453479677438736,0.007500073406845331,0.1557890623807907,0.10652109235525131,0.05436687916517258,0.003575567388907075,0.6334001421928406,0.038847215473651886,0.8331353291869164,0.16686470317654312
ISIC_0026912,bkl,0.48219001293182373,0.5178099870681763,2.460763880662853e-06,2.0040183699165937e-06,0.9987707734107971,7.181146770562918e-07,0.0010657988023012877,0.00015747686848044395,7.611714067934372e-07,0.9989297295653614,0.001070263584551867
ISIC_0026947,bkl,0.6231782138347626,0.3768217861652374,0.003975842148065567,0.02743145450949669,0.32903504371643066,0.001777098048478365,0.17318789660930634,0.46440571546554565,0.00018695282051339746,0.7954048100509681,0.2045951932668686
ISIC_0027006,bkl,0.5431490242481232,0.45685097575187683,0.00028695008950307965,0.08042091876268387,0.8345156311988831,0.0005237584700807929,0.057295821607112885,0.026801960542798042,0.00015487306518480182,0.8619962232769467,0.13800369045929983
ISIC_0027041,bkl,0.7545547485351562,0.24544525146484375,0.013969683088362217,0.00041459090425632894,0.24522174894809723,0.00559145538136363,0.15995629131793976,0.5724741220474243,0.0023720392491668463,0.825659365626052,0.1743405653105583
ISIC_0027142,bkl,0.8564730137586594,0.14352698624134064,0.0008923161658458412,0.004237187560647726,0.008946213871240616,0.020572654902935028,0.00273432326503098,0.9531746506690979,0.00944267213344574,0.9921361915767193,0.007863826991524547
ISIC_0027151,bkl,0.8248962759971619,0.17510372400283813,0.00013959695934318006,0.0014776773750782013,0.19906248152256012,0.0010369553929194808,0.012036390602588654,0.7850292325019836,0.0012176395393908024,0.986346308956854,0.013653664937010035
ISIC_0027167,bkl,0.9411977827548981,0.05880221724510193,0.0009165125084109604,0.0005334261804819107,0.8735517859458923,0.0007906884420663118,0.005094857420772314,0.11855052411556244,0.0005622097523882985,0.9934552082559094,0.006544796109665185
ISIC_0027287,bkl,0.2371377944946289,0.7628622055053711,0.0014807670377194881,0.014456688426434994,0.08581653237342834,0.000499343266710639,0.012745389714837074,0.8690611124038696,0.01594020240008831,0.9713171904440969,0.028682845178991556
ISIC_0027326,bkl,0.847124382853508,0.152875617146492,0.00036629854002967477,8.278185123344883e-05,0.14966215193271637,0.002094663679599762,0.006216659210622311,0.8406664729118347,0.0009109369711950421,0.9933342254953459,0.006665739601885434
ISIC_0027335,bkl,0.41705381870269775,0.5829461812973022,0.00034390389919281006,2.274121652590111e-05,0.8656989336013794,2.634743941598572e-05,0.13184107840061188,0.0020639607682824135,3.049570977964322e-06,0.8677922913800558,0.1322077235163306
ISIC_0027355,bkl,0.17292320728302002,0.82707679271698,0.00749184750020504,0.00022313273802865297,0.9513432383537292,4.637765414372552e-06,0.02696283347904682,0.01393954735249281,3.4826487535610795e-05,0.965322249959172,0.034677813717280515
ISIC_0027374,bkl,0.897553488612175,0.10244651138782501,9.449008939554915e-05,0.00022982685186434537,0.9040029644966125,6.436764579120791e-06,0.017986759543418884,0.0776357501745224,4.379525489639491e-05,0.9816889466906105,0.01831107648467878
ISIC_0027392,bkl,0.6327373385429382,0.36726266145706177,0.022602897137403488,0.025968851521611214,0.9037090539932251,9.370587213197723e-05,0.043231189250946045,0.0043255360797047615,6.876628322061151e-05,0.9081970622282824,0.09180293790996075
ISIC_0027419,bkl,0.2655743360519409,0.7344256639480591,0.00019698603136930615,2.8943326469743624e-05,0.9992274045944214,6.5288231780868955e-06,0.00038042981759645045,0.00015585777873639017,3.875847596646054e-06,0.9993936670439325,0.0006063591754355002
ISIC_0027435,bkl,0.8879212513566017,0.11207874864339828,0.0018007581820711493,0.03583530709147453,0.7159038782119751,0.0897132158279419,0.03201194107532501,0.1047503799200058,0.019984493032097816,0.9303519669920206,0.0696480063488707
ISIC_0027454,bkl,0.2651040554046631,0.7348959445953369,0.0002594001416582614,5.740371489082463e-05,0.5602036118507385,1.55062552948948e-05,0.1658158302307129,0.2736208438873291,2.741812204476446e-05,0.8338673801154073,0.16613263408726198
ISIC_0027681,bkl,0.13974803686141968,0.8602519631385803,0.12460897117853165,0.029044559225440025,0.15252000093460083,0.0032024714164435863,0.6117157936096191,0.07461797446012497,0.004290233366191387,0.23463068017736077,0.7653693240135908
ISIC_0027710,bkl,0.9973732787184417,0.0026267212815582752,0.0005546569009311497,0.00035621359711512923,0.2081516534090042,0.030560476705431938,0.0008238645968958735,0.7559872269630432,0.003565930761396885,0.9982652878388762,0.0017347350949421525
ISIC_0027747,bkl,0.968005008995533,0.03199499100446701,0.010454836301505566,0.007427763193845749,0.016515476629137993,0.008442619815468788,0.003209676593542099,0.9157162308692932,0.03823341429233551,0.9789077416062355,0.021092276088893414
ISIC_0027820,bkl,0.7837714850902557,0.21622851490974426,6.414882591343485e-06,0.00010475344606675208,0.9983698725700378,1.571891516505275e-05,0.00016796018462628126,0.0013328924542292953,2.4339096853509545e-06,0.9997209178491175,0.0002791285132843768
ISIC_0027826,bkl,0.3749734163284302,0.6250265836715698,0.0012620944762602448,0.0012573886197060347,0.8249865174293518,0.01637171022593975,0.09422476589679718,0.061421919614076614,0.00047557661309838295,0.9032557238824666,0.09674424899276346
ISIC_0027954,bkl,0.9651391692459583,0.03486083075404167,0.0006178278708830476,0.0003128957760054618,0.0022354815155267715,0.0008257237495854497,0.020037192851305008,0.9752894639968872,0.0006814408698119223,0.9790321101318114,0.020967916498193517
ISIC_0027969,bkl,0.786044105887413,0.21395589411258698,0.00012599100591614842,3.3252792945859255e-06,0.9362965226173401,1.9761994280997897e-06,0.0022300719283521175,0.061338357627391815,3.741072987395455e-06,0.9976405975171474,0.002359388213562852
ISIC_0028121,bkl,0.34622180461883545,0.6537781953811646,0.0005121931317262352,6.611335265915841e-06,0.9966891407966614,1.4208310858521145e-05,0.0024763767141848803,0.000290694268187508,1.0753476999525446e-05,0.9970047968527069,0.0029951811811770312
ISIC_0028123,bkl,0.8229818195104599,0.1770181804895401,0.00012625721865333617,0.0008551537757739425,0.96014803647995,0.000519324850756675,0.0037703888956457376,0.03447212278842926,0.00010878708417294547,0.9952482712033088,0.004751799890073016
ISIC_0028165,bkl,0.3765079975128174,0.6234920024871826,0.003270865185186267,0.0037220590747892857,0.9478777050971985,0.0037576479371637106,0.03147345781326294,0.0095454016700387,0.00035284741898067296,0.9615336021233816,0.03846638207323849
ISIC_0028201,bkl,0.2820814847946167,0.7179185152053833,0.0007225046865642071,4.080246071680449e-05,0.18947568535804749,0.00015107823128346354,0.7948549389839172,0.014696070924401283,5.8977744629373774e-05,0.2043818122583616,0.7956182461311982
ISIC_0028223,bkl,0.6576143801212311,0.3423856198787689,0.007751537952572107,0.08000952750444412,0.9039226174354553,0.00040130698471330106,0.001626156154088676,0.00530791562050581,0.000980863580480218,0.9106127036211547,0.0893872216111049
ISIC_0028229,bkl,0.4861067533493042,0.5138932466506958,0.001018337206915021,1.9647334283945384e-06,0.9873688817024231,4.846532419833238e-07,0.011468315497040749,0.00013766609481535852,4.394039933686145e-06,0.9875114264904141,0.012488617437384164
ISIC_0028236,bkl,0.8643222600221634,0.1356777399778366,0.038135603070259094,0.02432745136320591,0.4451667368412018,0.04585753008723259,0.025932757183909416,0.407067209482193,0.013512677513062954,0.9116041539236903,0.08839581161737442
ISIC_0028254,bkl,0.36853623390197754,0.6314637660980225,0.0010186913423240185,0.00010075537284137681,0.9208839535713196,0.0023102816194295883,0.029932178556919098,0.0454690046608448,0.00028511564596556127,0.9689483554975595,0.031051625272084493
ISIC_0028336,bkl,0.8919184505939484,0.10808154940605164,0.0006559895700775087,0.8282555937767029,0.05562881380319595,0.010806496255099773,0.0019946324173361063,0.10249298810958862,0.00016548096027690917,0.16909377912816126,0.8309062157641165
ISIC_0028347,bkl,0.5846242010593414,0.41537579894065857,0.0033017252571880817,0.0016154719050973654,0.41169124841690063,0.0025452838744968176,0.32971471548080444,0.2466898113489151,0.004441652446985245,0.6653679960872978,0.3346319126430899
ISIC_0028386,bkl,0.7857597321271896,0.21424026787281036,6.436544026655611e-06,8.843562682159245e-07,0.9984544515609741,8.202362369047478e-05,1.6336793123628013e-05,0.0014388394774869084,1.0828148333530407e-06,0.9999763974769849,2.3657693418499548e-05
ISIC_0028503,bkl,0.9829864129424095,0.017013587057590485,0.0001346341596217826,0.0005237232544459403,0.9781991243362427,0.0001566721621202305,0.0006836860557086766,0.018972167745232582,0.0013299111742526293,0.9986578754178481,0.0013420434697763994
ISIC_0028550,bkl,0.2960761785507202,0.7039238214492798,0.007109776139259338,0.019455309957265854,0.9403992891311646,0.0008280340116471052,0.0203725416213274,0.011747952550649643,8.709140092832968e-05,0.9530623670943896,0.04693762771785259
ISIC_0028615,bkl,0.6209713220596313,0.37902867794036865,0.01706385612487793,0.10555754601955414,0.4566786587238312,0.08727005869150162,0.018350651487708092,0.30040526390075684,0.014673913829028606,0.8590278951451182,0.14097205363214016
ISIC_0028622,bkl,0.8426424562931061,0.15735754370689392,0.00871835183352232,0.09387264400720596,0.8768849968910217,0.00021982048929203302,0.002027517184615135,0.017849719151854515,0.00042688118992373347,0.895381417722092,0.10461851302534342
ISIC_0028656,bkl,0.6204589009284973,0.3795410990715027,0.0013938900083303452,0.0007900765631347895,0.019898083060979843,0.003400223096832633,0.002789796097204089,0.9704239964485168,0.00130390131380409,0.9950262039201334,0.004973762668669224
ISIC_0028662,bkl,0.4499959945678711,0.5500040054321289,0.0010373127879574895,6.511071842396632e-05,0.955652117729187,9.694372238300275e-06,0.043092284351587296,0.00013579573715105653,7.645561709068716e-06,0.9558052534002854,0.04419470785796875
ISIC_0028750,bkl,0.055936336517333984,0.944063663482666,0.018674906343221664,3.0789142329012975e-05,0.7226240038871765,6.051053787814453e-05,0.2453646957874298,0.013165663927793503,7.948969141580164e-05,0.735929668044264,0.2640703912729805
ISIC_0028840,bkl,0.49036258459091187,0.5096374154090881,0.01015648152679205,0.00812552124261856,0.36665797233581543,0.004533941857516766,0.2328364998102188,0.37719666957855225,0.0004929351853206754,0.7488815189572051,0.2511185025796294
ISIC_0028913,bkl,0.8241719156503677,0.17582808434963226,0.001448285998776555,0.034701019525527954,0.9048147201538086,0.0004404401988722384,0.0014542685821652412,0.057043951004743576,9.725664131110534e-05,0.9623963679987355,0.03760357410646975
ISIC_0028943,bkl,0.30451929569244385,0.6954807043075562,0.0059519982896745205,0.0013922890648245811,0.8959498405456543,9.134412539424375e-05,0.08295490592718124,0.013115869835019112,0.0005439057713374496,0.9097009602774051,0.09029919328168035
ISIC_0028977,bkl,0.39782488346099854,0.6021751165390015,5.210567906033248e-05,6.174922600621358e-05,0.9958481788635254,0.0006083176704123616,0.0013684184523299336,0.0020450963638722897,1.6180318198166788e-05,0.9985177732160082,0.0014822733573964797
ISIC_0029010,bkl,0.3166171908378601,0.6833828091621399,0.009110109880566597,0.35047850012779236,0.6169675588607788,5.7711800764082e-05,0.020194388926029205,0.0031816125847399235,1.0151718015549704e-05,0.6202170349642984,0.37978299893438816
ISIC_0029048,bkl,0.45665645599365234,0.5433435440063477,2.4759980078670196e-05,0.06212187930941582,0.1647193282842636,0.0006678032805211842,0.01287756860256195,0.7549269795417786,0.00466159638017416,0.9249757074867375,0.07502420789205644
ISIC_0029060,bkl,0.7194562554359436,0.2805437445640564,0.00024785613641142845,6.514137930935249e-05,0.9424189925193787,0.00028757384279742837,0.0393754243850708,0.017502086237072945,0.00010289485362591222,0.960311547452875,0.03968842190079158
ISIC_0029100,bkl,0.1226242184638977,0.8773757815361023,0.0022108040284365416,0.033281173557043076,0.008642813190817833,0.0007147171418182552,0.666748046875,0.28305768966674805,0.005344653967767954,0.2977598739671521,0.7022400244604796
ISIC_0029113,bkl,0.9093902632594109,0.09060973674058914,0.0007267185137607157,0.0030577690340578556,0.1246677041053772,0.0008919235551729798,0.003155693644657731,0.8641704320907593,0.0033297869376838207,0.9930598466889933,0.006940181192476302
ISIC_0029135,bkl,0.7777159959077835,0.2222840040922165,0.0002252556150779128,0.0003221625811420381,0.0015440124552696943,0.00010237636888632551,0.21314890682697296,0.7844426035881042,0.00021464175370056182,0.7863036341659608,0.2136963250231929
ISIC_0029195,bkl,0.890355572104454,0.10964442789554596,0.0001633086212677881,0.0009049215004779398,0.051128748804330826,0.00032793046557344496,0.001423194189555943,0.9450380802154541,0.0010136703494936228,0.997508429834852,0.002491424311301671
ISIC_0029227,bkl,0.9960114574059844,0.003988542594015598,0.0008439722005277872,0.001084797433577478,0.017501909285783768,0.016171228140592575,0.0011800918728113174,0.9596655964851379,0.0035523376427590847,0.9968910715542734,0.0031088615069165826
ISIC_0029251,bkl,0.24951410293579102,0.750485897064209,0.00015951179375406355,9.517741091258358e-06,0.8944455981254578,2.4681867216713727e-05,0.009878134354948997,0.09526963531970978,0.0002129060885636136,0.9899528214009479,0.01004716388979432
ISIC_0029320,bkl,0.8924548625946045,0.10754513740539551,8.005123527254909e-05,2.7548594516701996e-05,0.9886460304260254,8.105991582851857e-05,0.0056024049408733845,0.005537369288504124,2.5575613108230755e-05,0.9942900352434663,0.0057100047706626356
ISIC_0029396,bkl,0.9452242366969585,0.05477576330304146,0.00035843346267938614,0.003233585972338915,0.22679848968982697,0.0006254574400372803,0.014344748109579086,0.7533285021781921,0.0013108199927955866,0.982063269300852,0.017936767544597387
ISIC_0029418,bkl,0.8025637418031693,0.19743625819683075,0.0036406582221388817,0.014787743799388409,0.038001712411642075,0.0026526397559791803,0.014253107830882072,0.9202911257743835,0.0063730282709002495,0.967318506212905,0.03268150985240936
ISIC_0029427,bkl,0.8218255490064621,0.1781744509935379,2.448040686431341e-05,1.3746336662734393e-05,0.9962953925132751,3.0931620131013915e-05,0.0004541102680377662,0.0031234584748744965,5.7894223573384807e-05,0.999507676831854,0.000492337011564814
ISIC_0029443,bkl,0.09682226181030273,0.9031777381896973,0.037692248821258545,0.3215426504611969,0.2039203941822052,0.01233624666929245,0.01720830798149109,0.38990044593811035,0.017399754375219345,0.6235568411648273,0.37644320726394653
ISIC_0029472,bkl,0.48580098152160645,0.5141990184783936,0.000427099468652159,3.841461875708774e-05,0.027471384033560753,7.615755748702213e-05,0.7533932328224182,0.21813015639781952,0.00046351534547284245,0.24614121333434014,0.7538587469098275
ISIC_0029525,bkl,0.7352156043052673,0.26478439569473267,0.9871958494186401,0.0016089420532807708,0.009509027935564518,2.3271149984793738e-06,0.0004675339150708169,0.0011805342510342598,3.576575909391977e-05,0.010727655060691177,0.9892723253869917
ISIC_0029557,bkl,0.8282526731491089,0.1717473268508911,0.00032080651726573706,0.00017740637122187763,0.18405869603157043,0.00031552338623441756,0.0569918192923069,0.7580593824386597,7.630960317328572e-05,0.9425099114596378,0.057490032180794515
ISIC_0029603,bkl,0.12054222822189331,0.8794577717781067,0.11728529632091522,0.17093265056610107,0.36154940724372864,0.02771443873643875,0.27469584345817566,0.04751728102564812,0.00030504417372867465,0.4370861711795442,0.562913790345192
ISIC_0029676,bkl,0.5426181554794312,0.45738184452056885,0.00024451332865282893,1.7191272490890697e-05,0.006518885493278503,2.7357818908058107e-05,0.07201319187879562,0.9211181402206421,6.073627446312457e-05,0.9277251198072918,0.07227489647993934
ISIC_0029791,bkl,0.08799391984939575,0.9120060801506042,0.0002504866279195994,0.00029622254078276455,0.998087465763092,1.463416174374288e-05,0.0009445610921829939,0.00040003753383643925,6.602111625397811e-06,0.9985087395702976,0.0014912702608853579
ISIC_0029849,bkl,0.8801838234066963,0.11981617659330368,0.008497850969433784,0.01547400001436472,0.4878067672252655,0.0006454545655287802,0.20226538181304932,0.2843996286392212,0.0009108972153626382,0.7737627476453781,0.22623723279684782
ISIC_0029878,bkl,0.5794399976730347,0.42056000232696533,0.0005033964989706874,0.0011740390909835696,0.32192525267601013,0.00025425312924198806,0.23005391657352448,0.4452933967113495,0.0007957646157592535,0.7682686671323609,0.23173135216347873
ISIC_0029880,bkl,0.6843689680099487,0.31563103199005127,0.018616273999214172,0.0008930665790103376,0.9417998194694519,0.003750417148694396,0.006623447872698307,0.02590300142765045,0.0024140961468219757,0.9738673341926187,0.026132788450922817
ISIC_0030026,bkl,0.6438968181610107,0.35610318183898926,0.0004594398778863251,4.313507361075608e-06,0.9529049396514893,0.00031330843921750784,0.036952871829271317,0.009349108673632145,1.604959470569156e-05,0.9625834063590446,0.03741662521451872
ISIC_0030067,bkl,0.9969113930128515,0.0030886069871485233,0.0017351569840684533,0.004462952259927988,0.00927205104380846,0.016471222043037415,0.0060873934999108315,0.9279671907424927,0.03400402516126633,0.9877144889906049,0.012285502743907273
ISIC_0030081,bkl,0.897073045372963,0.10292695462703705,2.825042247422971e-05,0.8651326894760132,0.08576947450637817,0.0001751665404299274,0.006521100178360939,0.042338404804468155,3.495398777886294e-05,0.12831799983905512,0.8716820400768484
ISIC_0030118,bkl,0.01473003625869751,0.9852699637413025,0.006811477709561586,0.0007613672059960663,0.6543606519699097,5.291831257636659e-05,0.2554042339324951,0.08257182687520981,3.748384915525094e-05,0.7370228810068511,0.26297707884805277
ISIC_0030173,bkl,0.747931957244873,0.25206804275512695,0.0001294756366405636,4.840777182835154e-05,0.5351204872131348,9.15212876861915e-05,0.34048813581466675,0.12386354058980942,0.00025842367904260755,0.659333972769673,0.34066601922313566
ISIC_0030365,bkl,0.21572571992874146,0.7842742800712585,0.004266092088073492,2.144910286006052e-05,0.0036022972781211138,0.00028517720056697726,0.9381090998649597,0.053485266864299774,0.000230646415730007,0.05760338775871787,0.9423966410558933
ISIC_0030383,bkl,0.634600967168808,0.365399032831192,1.5121198885026388e-05,9.949482773663476e-06,0.912204384803772,2.811640479194466e-05,0.00403100298717618,0.0837051123380661,6.253427727642702e-06,0.9959438669743577,0.00405607366883487
ISIC_0030565,bkl,0.18001854419708252,0.8199814558029175,0.06633063405752182,0.001381899113766849,0.7921939492225647,0.00025667401496320963,0.1193946897983551,0.01919618993997574,0.0012460136786103249,0.812892826856114,0.18710722296964377
ISIC_0030583,bkl,0.9400212652981281,0.05997873470187187,0.0005852669128216803,0.00269953696988523,0.07122219353914261,0.020891189575195312,0.005927053280174732,0.8957504630088806,0.0029242574237287045,0.9907881035469472,0.009211857162881643
ISIC_0030607,bkl,0.5462815463542938,0.4537184536457062,0.0028175953775644302,0.2677416503429413,0.6926926374435425,0.001090997364372015,0.009534543380141258,0.02306157909333706,0.003061111317947507,0.7199063252191991,0.280093789100647
ISIC_0030683,bkl,0.852241724729538,0.14775827527046204,0.006995429750531912,0.018071280792355537,0.15965422987937927,0.0017669530352577567,0.08332714438438416,0.7294040322303772,0.0007809482049196959,0.8916061633499339,0.1083938549272716
ISIC_0030744,bkl,0.7163383066654205,0.28366169333457947,0.003632382722571492,0.0027942426968365908,0.9082040190696716,0.0036190426908433437,0.034071873873472214,0.046470899134874344,0.0012074561091139913,0.9595014170045033,0.0404984992928803
ISIC_0030812,bkl,0.03069084882736206,0.9693091511726379,0.051123037934303284,0.9427513480186462,0.004634279292076826,1.8422957509756088e-05,0.00010923795343842357,0.0008751563145779073,0.0004885211819782853,0.006016379746142775,0.993983623906388
ISIC_0030926,bkl,0.6340669095516205,0.3659330904483795,3.5050987207796425e-05,8.509977305948269e-06,0.9643478989601135,7.668960279261228e-06,0.02814961038529873,0.007446425035595894,4.8415067794849165e-06,0.9718068344627682,0.028193171349812474
ISIC_0030998,bkl,0.9944925154559314,0.005507484544068575,2.4422584829153493e-05,3.60019039362669e-05,0.8711934089660645,3.308610394014977e-05,0.0121815400198102,0.11650808900594711,2.3321534172282554e-05,0.987757905610124,0.01224196450857562
ISIC_0031000,bkl,0.537722259759903,0.46227774024009705,0.04824819043278694,0.03132631629705429,0.8838112354278564,0.009800415486097336,0.015500640496611595,0.009940283372998238,0.0013728209305554628,0.9049247552175075,0.09507514722645283
ISIC_0031016,bkl,0.7772245407104492,0.22277545928955078,0.005925625097006559,7.584151899209246e-05,0.6985602974891663,0.00021615729201585054,0.1858249455690384,0.10935697704553604,4.021176937385462e-05,0.808173643596092,0.19182641218503704
ISIC_0031050,bkl,0.5269273519515991,0.4730726480484009,0.009202191606163979,8.777329639997333e-05,0.5933694839477539,0.000447909435024485,0.37103042006492615,0.025833258405327797,2.8919204851263203e-05,0.6196795709929575,0.3803203849674901
ISIC_0031078,bkl,0.6899672746658325,0.3100327253341675,2.4594046408310533e-06,4.79045047541149e-06,0.6829742789268494,1.165726462204475e-05,0.1078244224190712,0.20916317403316498,1.9254877770435996e-05,0.8921683651024068,0.10783167227418744
ISIC_0031150,bkl,0.2165236473083496,0.7834763526916504,1.0904439129433285e-08,8.152075459122443e-09,0.9998998641967773,4.145683796252797e-09,8.144337334670126e-05,1.8656879547052085e-05,3.9722639399997206e-08,0.9999185649446476,8.146242986128982e-05
ISIC_0031196,bkl,0.7828697562217712,0.21713024377822876,4.7537182581436355e-06,1.9704543774423655e-06,0.9998958110809326,1.8603999706101604e-05,1.3915115459894878e-06,7.581261888844892e-05,1.5115045925995219e-06,0.9999917392041198,8.115684181575489e-06
ISIC_0031218,bkl,0.8836847767233849,0.11631522327661514,0.01951228454709053,0.17842307686805725,0.2597733438014984,0.10404495149850845,0.19061842560768127,0.22925147414207458,0.01837649941444397,0.6114462688565254,0.38855378702282906
ISIC_0031261,bkl,0.8839266672730446,0.11607333272695541,0.046657610684633255,0.10994482040405273,0.3723970353603363,0.23499393463134766,0.013178800232708454,0.21900050342082977,0.0038272757083177567,0.8302187491208315,0.16978123132139444
ISIC_0031289,bkl,0.4852107763290405,0.5147892236709595,0.0071980650536715984,0.0015602908097207546,0.8045315742492676,7.348615326918662e-05,0.17502042651176453,0.011488898657262325,0.0001272933732252568,0.8162212524330243,0.18377878237515688
ISIC_0031362,bkl,0.926847293972969,0.07315270602703094,0.0001314930123044178,3.359420225024223e-05,0.9931674599647522,0.0002746415266301483,0.002863204339519143,0.0034583252854645252,7.126374111976475e-05,0.9969716905179666,0.003028291554073803
ISIC_0031376,bkl,0.5029948055744171,0.4970051944255829,1.2577668712765444e-05,6.646870315307751e-05,0.9991676807403564,8.991186405182816e-06,9.805260924622416e-05,0.0006389344925992191,7.311212812055601e-06,0.9998229176321729,0.00017709898111206712
ISIC_0031436,bkl,0.7743427157402039,0.22565728425979614,0.00044956107740290463,0.0002931746712420136,0.9745402932167053,0.007229140028357506,0.0002754328597802669,0.01644917018711567,0.0007631317712366581,0.9989817352034152,0.001018168608425185
ISIC_0031459,bkl,0.6408684253692627,0.3591315746307373,0.0025091676507145166,0.00032714326516725123,0.7935267090797424,0.0011589763453230262,0.05121530592441559,0.15099908411502838,0.0002636161807458848,0.9459483857208397,0.054051616840297356
ISIC_0031465,bkl,0.267511785030365,0.732488214969635,0.0005157259874977171,0.00024624308571219444,0.2187528759241104,0.0004779803566634655,0.7243425250053406,0.055522620677948,0.00014196983829606324,0.27489544679701794,0.7251044940785505
ISIC_0031537,bkl,0.34005701541900635,0.6599429845809937,0.025769298896193504,0.010343803092837334,0.21212823688983917,0.00652995053678751,0.7083573341369629,0.03664684295654297,0.0002245175273856148,0.25552954791055527,0.7444704361259937
ISIC_0031556,bkl,0.6357187330722809,0.3642812669277191,0.000262240442680195,0.005862540565431118,0.6635591983795166,0.000133554931380786,0.0005038715316914022,0.32965272665023804,2.581809530965984e-05,0.9933712980564451,0.006628652539802715
ISIC_0031577,bkl,0.8944904804229736,0.10550951957702637,0.005949382204562426,0.005628769285976887,0.7591548562049866,0.022741692140698433,0.012067915871739388,0.1924343854188919,0.0020230012014508247,0.9763539349660277,0.0236460673622787
ISIC_0031580,bkl,0.5939752161502838,0.4060247838497162,0.002272341400384903,0.0035019521601498127,0.7643327116966248,0.001665814663283527,0.02788717858493328,0.19942454993724823,0.0009154020808637142,0.9663384783780202,0.033661472145468
ISIC_0031591,bkl,0.11796396970748901,0.882036030292511,6.98553558322601e-05,2.158998540835455e-05,0.725909948348999,9.607044830772793e-07,0.2718387842178345,0.0021578255109488964,1.111847382162523e-06,0.7280698464118132,0.2719302295590751
ISIC_0031593,bkl,0.6997661888599396,0.3002338111400604,0.0028139862697571516,0.9473711848258972,0.004975304007530212,0.03649596497416496,0.0005707796663045883,0.007294005248695612,0.00047869342961348593,0.04924396766000427,0.950755950761959
ISIC_0031691,bkl,0.4617273807525635,0.5382726192474365,0.0019506100798025727,0.00613847840577364,0.01776757463812828,0.021322237327694893,0.015690553933382034,0.9363241791725159,0.0008063911809585989,0.9762203823192976,0.023779642418958247
ISIC_0031876,bkl,0.9343046694993973,0.06569533050060272,0.001777533907443285,0.030360888689756393,0.023928115144371986,0.0025641736574470997,0.009579576551914215,0.9251812100410461,0.006608475465327501,0.9582819743081927,0.041717999149113894
ISIC_0031951,bkl,0.5528499186038971,0.4471500813961029,0.00027931664953939617,0.0032755250576883554,0.9661040306091309,0.0026689856313169003,0.005093769170343876,0.022461971268057823,0.00011642307072179392,0.9913514105792274,0.008648610877571627
ISIC_0031967,bkl,0.8071872144937515,0.19281278550624847,0.011821011081337929,0.012994002550840378,0.6134236454963684,0.07168163359165192,0.15985359251499176,0.12814226746559143,0.00208376906812191,0.8153313156217337,0.18466860614717007
ISIC_0031987,bkl,0.5932902991771698,0.4067097008228302,2.1760699382866733e-05,1.8433427158015547e-06,0.9995088577270508,1.4872716747049708e-05,0.00018373668717686087,0.0002572819357737899,1.1548328075150494e-05,0.9997925607076468,0.00020734072927552916
ISIC_0032063,bkl,0.7702205628156662,0.2297794371843338,0.0036607736255973577,0.27447107434272766,0.3322257399559021,0.0005150222568772733,0.1702241450548172,0.015515091829001904,0.20338821411132812,0.5516440681531094,0.4483559930231422
ISIC_0032123,bkl,0.1357164978981018,0.8642835021018982,0.0004921118961647153,5.9540834627114236e-05,0.7187463641166687,6.30044742138125e-05,0.038279276341199875,0.24223743379116058,0.0001223100844072178,0.9611691124664503,0.038830929071991704
ISIC_0032129,bkl,0.4834751486778259,0.5165248513221741,0.004774091765284538,0.0679856464266777,0.7425854802131653,0.0005187749047763646,0.02383965253829956,0.15890754759311676,0.0013887188397347927,0.9034005215507932,0.0965993907302618
ISIC_0032156,bkl,0.18448632955551147,0.8155136704444885,5.021295874030329e-05,1.8147622540709563e-05,0.9871582388877869,1.7072175978682935e-05,0.009107431396842003,0.003648200072348118,7.283589980033867e-07,0.9908242394951117,0.009175791978123016
ISIC_0032235,bkl,0.23947197198867798,0.760528028011322,0.0015653774607926607,0.0017751263221725821,0.2543063759803772,9.539571328787133e-05,0.055635638535022736,0.6865646839141846,5.7308301620651037e-05,0.9410237639094703,0.05897614231798798
ISIC_0032315,bkl,0.9447397664189339,0.05526023358106613,0.00027753322501666844,0.0006785168661735952,0.24309146404266357,0.000662766513414681,0.5010979771614075,0.25378546118736267,0.00040628528222441673,0.49794597702566534,0.5020540272525977
ISIC_0032382,bkl,0.8322476446628571,0.16775235533714294,9.02485626284033e-05,0.0013254628283903003,0.9425283670425415,0.0001510366128059104,0.002833330538123846,0.05290064960718155,0.0001708597264951095,0.9957509129890241,0.00424904192914255
ISIC_0032445,bkl,0.28159594535827637,0.7184040546417236,0.0007052514120005071,0.2793252766132355,0.5097030997276306,4.051224095746875e-05,0.20180806517601013,0.00810166820883751,0.00031612603925168514,0.5181614062166773,0.4818385932012461
ISIC_0032481,bkl,0.5912693440914154,0.4087306559085846,0.008722983300685883,0.010220380499958992,0.9049264788627625,0.0006663250969722867,0.061913713812828064,0.012085099704563618,0.001465039444155991,0.9191429431084543,0.08085707761347294
ISIC_0032508,bkl,0.5804375112056732,0.4195624887943268,4.0379877646046225e-06,6.820492217229912e-06,0.9978160858154297,8.641896783956327e-06,6.909704825375229e-05,0.0020931921899318695,2.1473342712852173e-06,0.9999200672364168,7.995552823558683e-05
ISIC_0032514,bkl,0.5600559115409851,0.4399440884590149,0.04600100964307785,0.09966535866260529,0.2216634899377823,0.0017746892990544438,0.20709329843521118,0.422046422958374,0.0017557020764797926,0.6472403042716905,0.3527596667408943
ISIC_0032570,bkl,0.9865358751267195,0.013464124873280525,4.213894499116577e-06,9.932065040629823e-06,0.9873535633087158,1.3614397857963922e-06,0.0001550221786601469,0.012472410686314106,3.497578518363298e-06,0.9998308330133341,0.0001691681381998933
ISIC_0032675,bkl,0.7334350049495697,0.2665649950504303,0.00014671012468170375,4.493195592658594e-05,0.2545992434024811,2.0317398593761027e-05,0.05130631849169731,0.6938654184341431,1.702359804767184e-05,0.9485020028332656,0.0514979605723056
ISIC_0032725,bkl,0.3426295518875122,0.6573704481124878,0.007589311338961124,0.06823500245809555,0.652708888053894,0.0004329309449531138,0.12216410040855408,0.14819173514842987,0.000678119424264878,0.8020116735715419,0.19798841420561075
ISIC_0032756,bkl,0.8865930065512657,0.11340699344873428,4.7779580199858174e-05,0.00010120590013684705,0.5797379612922668,6.152883725007996e-05,0.33585262298583984,0.08411922305822372,7.965764962136745e-05,0.663998370837362,0.33600160846617655
ISIC_0032776,bkl,0.7719650864601135,0.22803491353988647,3.616729736677371e-05,0.0006090312381274998,0.5814635157585144,1.4336364984046668e-05,0.00265839253552258,0.4149843454360962,0.00023414859606418759,0.9966963461556588,0.0033035910710168537
ISIC_0032804,bkl,0.5105932056903839,0.4894067943096161,0.0004447600513231009,0.0002086543245241046,0.9416473507881165,0.00010208273306488991,0.006952959578484297,0.05058928206562996,5.4858111980138347e-05,0.9923935736987914,0.007606373954331502
ISIC_0032827,bkl,0.026725947856903076,0.9732740521430969,0.00019301594875287265,4.0701379475649446e-05,0.9960552453994751,5.99021659581922e-05,0.000765608565416187,0.0028634772170335054,2.2055110093788244e-05,0.9990006798925606,0.0009993258936447091
ISIC_0032835,bkl,0.3966141939163208,0.6033858060836792,0.002601545536890626,0.002797681139782071,0.030166734009981155,0.023892037570476532,0.922008752822876,0.0180648323148489,0.0004684981540776789,0.07259210204938427,0.9274079794995487
ISIC_0032843,bkl,0.6490078866481781,0.3509921133518219,0.003309690859168768,0.00038136201328597963,0.34074079990386963,0.0014584983000531793,0.08150283992290497,0.5692908763885498,0.0033160208258777857,0.9148061954183504,0.08519389279535972
ISIC_0033079,bkl,0.13122737407684326,0.8687726259231567,0.023353353142738342,0.06894700229167938,0.792720377445221,0.0017481708200648427,0.07341563701629639,0.0371447317302227,0.002670839661732316,0.8342841196572408,0.1657159924507141
ISIC_0033130,bkl,0.7401508688926697,0.2598491311073303,5.3956653573550284e-05,0.0030203142669051886,0.852233350276947,1.4228914551495109e-05,0.04012018442153931,0.10384777933359146,0.0007101872470229864,0.956805545772113,0.043194455342018045
ISIC_0033201,bkl,0.6014796495437622,0.3985203504562378,0.0003468789509497583,0.0006778727401979268,0.9820675849914551,7.081571675371379e-05,0.013514785096049309,0.003235438372939825,8.662352774990723e-05,0.9854604626088985,0.014539536787196994
ISIC_0033280,bkl,0.7626846730709076,0.2373153269290924,7.2967986852745526e-06,0.0002998778654728085,0.9845749139785767,1.677349064266309e-05,0.004428017884492874,0.010233347304165363,0.0004397610609885305,0.9952647958343732,0.004735192548650957
ISIC_0033322,bkl,0.368327260017395,0.631672739982605,8.410966984229162e-05,1.2136611076130066e-05,0.5477533340454102,3.604160519898869e-05,0.18207745254039764,0.2699934244155884,4.34697576565668e-05,0.8178262698238541,0.18217369882131607
ISIC_0033414,bkl,0.4648561477661133,0.5351438522338867,0.0013852930860593915,0.0018545468337833881,0.7130086421966553,0.0010403962805867195,0.037321656942367554,0.24399252235889435,0.0013969679130241275,0.9594385287491605,0.04056149686221033
ISIC_0033438,bkl,0.8753392398357391,0.12466076016426086,1.4687957445858046e-05,5.572365989792161e-05,0.852082371711731,3.373853542143479e-05,0.024787645787000656,0.12295655161142349,6.923291948623955e-05,0.9751418947780621,0.024858057404344436
ISIC_0033460,bkl,0.19081079959869385,0.8091892004013062,0.02249508537352085,9.535186836728826e-05,0.364223837852478,0.0005667234654538333,0.5876430869102478,0.024827081710100174,0.00014887437282595783,0.389766517400858,0.6102335241521359
ISIC_0033466,bkl,0.9468420557677746,0.05315794423222542,0.006980350241065025,0.0019323333399370313,0.06474586576223373,0.020857127383351326,0.5588553547859192,0.34638893604278564,0.00024003261933103204,0.43223196180770174,0.5677680383669212
ISIC_0033486,bkl,0.5278023779392242,0.47219762206077576,0.00022163460380397737,0.002954584313556552,0.005465889815241098,0.00025452906265854836,0.8164235949516296,0.17421025037765503,0.0004695319221355021,0.18040020117769018,0.8195998138689902
ISIC_0033509,bkl,0.06250077486038208,0.9374992251396179,0.000547750445548445,0.00019191659521311522,0.012739789672195911,0.0002638417936395854,0.944195032119751,0.04201546683907509,4.637278470909223e-05,0.05506547108961968,0.9449346991605125
ISIC_0033528,bkl,0.05604332685470581,0.9439566731452942,5.945290922682034e-06,1.6088102938738302e-07,0.9995348453521729,8.232888831116725e-06,9.001953731058165e-05,0.0003604578087106347,3.5170657497474167e-07,0.9999038877562896,9.612570926265107e-05
ISIC_0033531,bkl,0.7144227623939514,0.2855772376060486,0.027536824345588684,0.00431510666385293,0.9523608684539795,0.00015424942830577493,0.004382140003144741,0.01117226853966713,7.860323239583522e-05,0.9637659896543482,0.036234071012586355
ISIC_0033576,bkl,0.10137271881103516,0.8986272811889648,0.002276624320074916,0.00034109866828657687,0.09093046933412552,0.002359552076086402,0.23974420130252838,0.6641325354576111,0.0002156292466679588,0.757638186114491,0.24236192429088987
ISIC_0033646,bkl,0.02199685573577881,0.9780031442642212,0.0014767220709472895,0.003346896031871438,0.9872300028800964,5.82702284646075e-07,0.00699229771271348,0.0007955790497362614,0.00015797087689861655,0.988184135509016,0.011815915815532207
ISIC_0033761,bkl,0.8239440619945526,0.1760559380054474,2.3102047634893097e-06,1.401174131387961e-06,0.9978678226470947,5.509072025233763e-07,0.00011698141315719113,0.0020105212461203337,3.592481334635522e-07,0.999879254048551,0.0001206927920520684
ISIC_0033770,bkl,0.11223983764648438,0.8877601623535156,9.031527588376775e-05,0.0018447285983711481,0.9647075533866882,2.3141543351812288e-05,0.008392861112952232,0.022465752437710762,0.002475600689649582,0.9896720480574004,0.010327904987207148
ISIC_0033784,bkl,0.6708781123161316,0.3291218876838684,0.00021054473472759128,0.00043445092160254717,0.9965957999229431,0.000145878191688098,0.0020858547650277615,0.00043941009789705276,8.816870831651613e-05,0.9972692569208448,0.0027308504213579
ISIC_0033828,bkl,0.8910580351948738,0.10894196480512619,6.2520516621589195e-06,2.349874921492301e-05,0.1302359402179718,1.0601831490930635e-05,0.02024673856794834,0.8493531346321106,0.00012383400462567806,0.979723510686199,0.020276489368825423
ISIC_0033829,bkl,0.6282758414745331,0.3717241585254669,0.0009391050552949309,0.0019162190146744251,0.9255566596984863,3.8166376725712325e-06,0.060364481061697006,0.010570339858531952,0.0006494264234788716,0.9367802426181697,0.06321980513166636
ISIC_0033853,bkl,0.463193416595459,0.536806583404541,2.3987427084648516e-06,3.216388790860947e-07,0.998410701751709,3.8509446653733903e-07,0.000560864107683301,0.0010221994016319513,3.084649733864353e-06,0.9994363708975413,0.0005635844892708519
ISIC_0033900,bkl,0.918143056333065,0.08185694366693497,0.0006852566730231047,0.016611307859420776,0.1062101349234581,0.0020469792652875185,0.38256800174713135,0.49116379022598267,0.000714573310688138,0.6001354777254164,0.39986456627957523
ISIC_0033908,bkl,0.9032338634133339,0.09676613658666611,1.2557114814626402e-06,0.008053761906921864,0.9789391756057739,4.19187387024067e-07,0.008839963003993034,0.004127302672713995,3.8138161471579224e-05,0.9831050356273465,0.01689498062239636
ISIC_0033924,bkl,0.618335634469986,0.38166436553001404,0.00038038662751205266,0.00014454161282628775,0.92276930809021,4.29612809966784e-05,0.03224899619817734,0.044385891407728195,2.7791080356109887e-05,0.9672259518592909,0.03277392443851568
ISIC_0034070,bkl,0.8495945185422897,0.15040548145771027,0.0011276154546067119,0.054792243987321854,0.21925297379493713,0.00027136242715641856,0.05990657955408096,0.6640809178352356,0.0005683378549292684,0.8841735919122584,0.11582643899600953
ISIC_0034113,bkl,0.6987010538578033,0.30129894614219666,0.0003586962993722409,0.0001825717044994235,0.7314791083335876,0.00029329463723115623,0.11364855617284775,0.15330590307712555,0.0007318659918382764,0.8858101720397826,0.11418982417671941
ISIC_0034167,bkl,0.83172208070755,0.16827791929244995,0.0001988875010283664,0.0009913276880979538,0.33179938793182373,9.564329957356676e-05,0.2889678478240967,0.37519630789756775,0.002750652376562357,0.7098419915055274,0.290158063013223
ISIC_0034175,bkl,0.5534954965114594,0.44650450348854065,0.015106388367712498,0.019811982288956642,0.5622641444206238,0.003128909971565008,0.20934651792049408,0.18409039080142975,0.0062517086043953896,0.7557351537980139,0.24426488857716322
ISIC_0034280,bkl,0.33451080322265625,0.6654891967773438,2.9122400491132794e-08,2.4604001058747826e-09,0.9999110698699951,5.137145375755381e-09,2.351467810512986e-05,6.537164153996855e-05,1.721158682244095e-08,0.9999764638602673,2.3546260905726868e-05
ISIC_0034296,bkl,0.9350371956825256,0.06496280431747437,0.00013002318155486137,0.0050017377361655235,0.5886809229850769,0.00017416421906091273,0.2355577051639557,0.1699470430612564,0.0005083239520899951,0.7593104542174842,0.24068946608167607
ISIC_0024396,df,0.902998760342598,0.09700123965740204,0.0002010925963986665,0.0004910468123853207,0.0006801254930905998,0.28023746609687805,0.008190109394490719,0.07686547935009003,0.6333346366882324,0.9911177076282911,0.008882248803274706
ISIC_0024973,df,0.6535938084125519,0.3464061915874481,0.0050598084926605225,0.05880580469965935,0.02888696826994419,0.001927930861711502,0.6443468928337097,0.2609344720840454,3.8119495002320036e-05,0.2917874907107034,0.7082125060260296
ISIC_0025223,df,0.30489635467529297,0.695103645324707,0.038811828941106796,0.0006632304284721613,0.0062813363038003445,0.9480891823768616,0.004560096655040979,0.0014216339914128184,0.00017262340406887233,0.9559647760761436,0.04403515602461994
ISIC_0025622,df,0.04498624801635742,0.9550137519836426,0.0005638442235067487,0.3096209466457367,0.13850004971027374,0.007064648438245058,0.4968980550765991,0.04684196785092354,0.0005105183809064329,0.19291718438034877,0.8070828459458426
ISIC_0025668,df,0.8792797327041626,0.1207202672958374,0.003737250342965126,0.011636731214821339,0.012307262048125267,0.6424738168716431,0.007177319843322039,0.31930139660835266,0.0033661937341094017,0.9774486692622304,0.022551301401108503
ISIC_0025980,df,0.8915969431400299,0.10840305685997009,0.00016065218369476497,4.5052387577015907e-05,0.00023676328419242054,0.0007305035833269358,0.0026094173081219196,0.9960196614265442,0.00019804190378636122,0.9971849701978499,0.0028151218793937005
ISIC_0026313,df,0.4974806308746338,0.5025193691253662,0.007735550869256258,0.39998772740364075,0.011178258806467056,0.018109656870365143,0.18432721495628357,0.3663139343261719,0.012347607873380184,0.40794945787638426,0.5920504932291806
ISIC_0026471,df,0.850392684340477,0.149607315659523,0.01681489869952202,0.07569991797208786,0.04093765467405319,0.486788272857666,0.02851349115371704,0.33932262659072876,0.011923088692128658,0.8789716428145766,0.12102830782532692
ISIC_0027107,df,0.2118600606918335,0.7881399393081665,0.013048725202679634,0.004881242755800486,0.9647737145423889,0.0007064341334626079,0.007744304370135069,0.008828290738165379,1.7335898519377224e-05,0.9743257753125363,0.02567427232861519
ISIC_0027118,df,0.9810478966683149,0.018952103331685066,0.0010961280204355717,0.0042740218341350555,0.026898570358753204,0.05029120668768883,0.6621224880218506,0.2508819103240967,0.0044356537982821465,0.33250734116882086,0.6674926378764212
ISIC_0027613,df,0.6652384400367737,0.3347615599632263,0.00166386051569134,0.7458599209785461,0.0012756932992488146,0.14756600558757782,0.07852301001548767,0.014670327305793762,0.010441224090754986,0.17395325028337538,0.8260467915097252
ISIC_0028651,df,0.9904083572328091,0.009591642767190933,9.087849321076646e-05,0.00030683225486427546,0.0005517036188393831,0.046040162444114685,0.00013028521789237857,0.9513726830482483,0.0015075483825057745,0.9994720974937081,0.0005279959659674205
ISIC_0029824,df,0.15457308292388916,0.8454269170761108,0.006366927642375231,0.11496156454086304,0.06823582947254181,0.2627190053462982,0.30290356278419495,0.2427939474582672,0.0020192163065075874,0.5757679985836148,0.4242320549674332
ISIC_0029967,df,0.06959331035614014,0.9304066896438599,0.0023971321061253548,0.8890735507011414,0.000181237468495965,0.0803675726056099,0.012773559428751469,0.001574255176819861,0.013632720336318016,0.09575578558724374,0.9042442422360182
ISIC_0029973,df,0.9972221043426543,0.0027778956573456526,5.5439759307773784e-05,0.00015726001583971083,0.005286979489028454,0.969840943813324,0.0005926839075982571,0.02363569848239422,0.0004310582298785448,0.9991946800146252,0.0008053836827457417
ISIC_0030442,df,0.3243296146392822,0.6756703853607178,0.009813659824430943,0.1553512066602707,0.08890169113874435,0.08344632387161255,0.04280368983745575,0.6182699203491211,0.0014135658275336027,0.7920315011870116,0.20796855632215738
ISIC_0030555,df,0.9563504457473755,0.04364955425262451,0.004154667258262634,0.022365206852555275,0.013008898124098778,0.0018480977742001414,0.06502360850572586,0.8526498675346375,0.040949687361717224,0.9084565507946536,0.09154348261654377
ISIC_0031123,df,0.551701158285141,0.448298841714859,0.004229985177516937,0.09739556908607483,0.10445289313793182,0.1085350289940834,0.0380774661898613,0.6457860469818115,0.0015230975113809109,0.8602970666252077,0.13970302045345306
ISIC_0031257,df,0.871446892619133,0.128553107380867,0.000254805781878531,3.8502959796460345e-05,0.0006697808275930583,0.946690022945404,0.014037166722118855,0.038181837648153305,0.00012788805179297924,0.9856695294729434,0.014330475463793846
ISIC_0031309,df,0.9769102744758129,0.023089725524187088,0.003433877369388938,0.025764163583517075,0.5913188457489014,0.11112084239721298,0.16006812453269958,0.10586298257112503,0.002431059954687953,0.8107337306719273,0.1892661654856056
ISIC_0032410,df,0.9892117846757174,0.010788215324282646,0.00197415379807353,0.0015038484707474709,0.043858617544174194,0.00014413126336876303,0.9079034328460693,0.0445437990128994,7.201984408311546e-05,0.08861856766452547,0.9113814351148903
ISIC_0033675,df,0.7672872245311737,0.2327127754688263,0.010802540928125381,0.0010781416203826666,0.053786903619766235,0.6279770731925964,0.05048122629523277,0.25475406646728516,0.0011201173765584826,0.9376381606562063,0.06236190884374082
ISIC_0033695,df,0.7594138532876968,0.24058614671230316,0.00013709388440474868,0.0005781809450127184,0.0008007176802493632,0.9856561422348022,0.0018786897417157888,0.01075124740600586,0.0001979247317649424,0.9974060320528224,0.002593964571133256
ISIC_0024313,mel,0.9509617388248444,0.04903826117515564,0.004282018169760704,0.0006096133729442954,0.010069288313388824,0.008994588628411293,0.16430041193962097,0.8112782835960388,0.00046580651542171836,0.8308079670532607,0.16919204348232597
ISIC_0024545,mel,0.14288336038589478,0.8571166396141052,0.00012613726721610874,0.0028567505069077015,0.019274640828371048,0.00028902984922751784,0.7920584678649902,0.13795872032642365,0.04743620753288269,0.2049585985369049,0.795041355639114
ISIC_0024552,mel,0.7463570833206177,0.2536429166793823,0.0066267880611121655,4.058739432366565e-05,0.05673986300826073,0.003748189890757203,0.6777154803276062,0.2545556426048279,0.0005733677535317838,0.3156170632573776,0.684382855783042
ISIC_0024679,mel,0.09014147520065308,0.9098585247993469,0.0001602725824341178,8.530991379984698e-08,0.003932265564799309,2.0007537671062892e-07,0.9941353797912598,0.0017703355988487601,1.4972905546528636e-06,0.005704298529579432,0.9942957376836077
ISIC_0024702,mel,0.3354976177215576,0.6645023822784424,0.0009771675104275346,0.01991105079650879,0.001467629219405353,0.0017213367391377687,0.7152926921844482,0.24914506077766418,0.01148495078086853,0.26381897751707584,0.7361809104913846
ISIC_0024733,mel,0.3426492214202881,0.6573507785797119,0.877345860004425,0.0011755337473005056,0.01786649227142334,0.009996730834245682,0.08566589653491974,0.006432550493627787,0.001517014461569488,0.035812788060866296,0.9641872902866453
ISIC_0024865,mel,0.3472546339035034,0.6527453660964966,0.0011793519370257854,0.024235809221863747,0.13029873371124268,0.009535235352814198,0.6372787356376648,0.19700020551681519,0.0004719840071629733,0.33730615858803503,0.6626938967965543
ISIC_0024900,mel,0.6686314642429352,0.3313685357570648,0.009025700390338898,0.18991202116012573,0.06314491480588913,0.010952765122056007,0.6457831859588623,0.07978031784296036,0.0014010702725499868,0.15527906804345548,0.8447209075093269
ISIC_0024911,mel,0.8634170740842819,0.13658292591571808,0.0001529924920760095,0.0015105580678209662,0.089162677526474,0.0042643160559237,0.56614089012146,0.33353203535079956,0.005236566066741943,0.4321955949999392,0.5678044406813569
ISIC_0024930,mel,0.5610527396202087,0.43894726037979126,0.0002715105365496129,9.077766299014911e-05,0.0010039391927421093,0.0002392808673903346,0.5410598516464233,0.4570533037185669,0.00028129236306995153,0.4585778161417693,0.5414221398459631
ISIC_0024932,mel,0.6512442529201508,0.34875574707984924,0.0009192504221573472,0.0002523461007513106,0.09565910696983337,0.00023667162167839706,0.0604301355779171,0.8422876596450806,0.00021490645303856581,0.9383983446896309,0.06160173210082576
ISIC_0025018,mel,0.9197926223278046,0.08020737767219543,0.0017029223963618279,0.000383683480322361,0.002443070523440838,0.0005692200502380729,0.31979435682296753,0.6748844981193542,0.00022220812388695776,0.6781189968169201,0.3218809626996517
ISIC_0025153,mel,0.9090371429920197,0.09096285700798035,4.1178060200763866e-05,0.0001446056121494621,0.0015830367337912321,0.0001023385048029013,0.9554904699325562,0.042381204664707184,0.00025721616111695766,0.044323796064418275,0.9556762536049064
ISIC_0025248,mel,0.4797748327255249,0.5202251672744751,0.002230587648227811,2.3358161342912354e-06,0.0018768560839816928,0.00013835029676556587,0.9864141345024109,0.009295751340687275,4.198741225991398e-05,0.011352945133694448,0.988647057966773
ISIC_0025268,mel,0.135942280292511,0.864057719707489,0.00018799048848450184,3.8731245695089456e-06,0.30546334385871887,8.317476385855116e-06,0.6774057745933533,0.016906270757317543,2.440323805785738e-05,0.3224023353304801,0.6775976382064073
ISIC_0025316,mel,0.8711424916982651,0.12885750830173492,0.005247198045253754,0.004503093659877777,0.013136249966919422,0.004665070213377476,0.13763704895973206,0.8330262899398804,0.0017851783195510507,0.8526127884397283,0.1473873406648636
ISIC_0025317,mel,0.06074333190917969,0.9392566680908203,0.03636715188622475,0.039195068180561066,0.030934542417526245,0.009235179051756859,0.8250511884689331,0.04917289316654205,0.010044007562100887,0.09938662219792604,0.9006134085357189
ISIC_0025394,mel,0.7153663337230682,0.28463366627693176,4.613185069501924e-07,1.2289023061384796e-06,0.00017591164214536548,1.915075699798763e-06,0.01325390487909317,0.9865641593933105,2.5575495783414226e-06,0.986744543660734,0.013255595099906259
ISIC_0025472,mel,0.48068058490753174,0.5193194150924683,0.0017803010996431112,0.0003590076230466366,0.016992367804050446,0.0004254853702150285,0.42284446954727173,0.5571541786193848,0.00044424072257243097,0.5750162725162227,0.4249837782699615
ISIC_0025489,mel,0.7176454067230225,0.28235459327697754,0.0017294088611379266,0.0024769187439233065,0.007639782503247261,0.0013552322052419186,0.3085646629333496,0.675813615322113,0.0024203648790717125,0.6872289949096739,0.31277099053841084
ISIC_0025512,mel,0.1784977912902832,0.8215022087097168,0.00794063601642847,0.004788869526237249,0.04928049072623253,0.0009555293363519013,0.8501237630844116,0.08471864461898804,0.0021921948064118624,0.13714685948798433,0.8628532686270773
ISIC_0025524,mel,0.013417661190032959,0.986582338809967,1.5452968000317924e-05,0.06039072200655937,0.2929728031158447,8.049871098592121e-07,0.10646951198577881,0.04132269695401192,0.4988279938697815,0.833124298926748,0.1668756869603385
ISIC_0025543,mel,0.19037854671478271,0.8096214532852173,0.012498967349529266,0.0002867229050025344,0.9144065976142883,8.900249667931348e-06,0.07126210629940033,0.0014815956819802523,5.501221676240675e-05,0.9159521057626989,0.08404779655393213
ISIC_0025550,mel,0.8957616612315178,0.10423833876848221,6.135503554105526e-06,0.00010903272777795792,0.03438108041882515,4.236620225128718e-05,0.04612111300230026,0.9193340539932251,6.168299478304107e-06,0.9537636689137798,0.046236281233632326
ISIC_0025592,mel,0.9393920451402664,0.06060795485973358,0.0004923072992824018,0.0002603280881885439,0.02805349975824356,0.00011363298108335584,0.017748719081282616,0.9531551599502563,0.00017636752454563975,0.9814986602141289,0.01850135446875356
ISIC_0025708,mel,0.8910038620233536,0.10899613797664642,0.0011534662917256355,0.00029105483554303646,0.001787666231393814,0.00027638633036985993,0.03768483176827431,0.9582806825637817,0.0005259591853246093,0.96087069431087,0.03912935289554298
ISIC_0025732,mel,0.22826027870178223,0.7717397212982178,0.00010427032975712791,1.0086773727380205e-05,0.0010525945108383894,4.3255217860860284e-06,0.9951377511024475,0.0036758750211447477,1.5062364582263399e-05,0.0047478574183514866,0.995252108205932
ISIC_0025891,mel,0.8344782441854477,0.1655217558145523,0.00013374841364566237,0.00015624969091732055,0.00019119823991786689,0.0002946903696283698,0.8713025450706482,0.12786442041397095,5.718529428122565e-05,0.1284074943177984,0.8715925431752112
ISIC_0025927,mel,0.08503496646881104,0.914965033531189,0.006227704230695963,0.06500013172626495,0.0017522659618407488,0.07981449365615845,0.8217709064483643,0.02241397649049759,0.0030205813236534595,0.10700131743215024,0.8929987424053252
ISIC_0025996,mel,0.22104668617248535,0.7789533138275146,4.42730168970229e-07,1.8227186728836386e-06,4.114487182960147e-06,5.016496743337484e-06,0.9981533885002136,0.0018346246797591448,5.848733053426258e-07,0.001844340536990785,0.9981556539490555
ISIC_0026089,mel,0.587817370891571,0.41218262910842896,0.0005229918751865625,0.0010739031713455915,0.0012611810816451907,0.0007205478614196181,0.15763695538043976,0.8380832076072693,0.000701180484611541,0.8407661170349456,0.1592338504269719
ISIC_0026150,mel,0.7718673944473267,0.22813260555267334,7.286165055120364e-05,0.0004427913809195161,0.0013179588131606579,0.0005314071313478053,0.907875120639801,0.08937550336122513,0.00038447289261966944,0.09160934219835326,0.9083907736712717
ISIC_0026268,mel,0.3534097671508789,0.6465902328491211,0.03106679767370224,0.0005207762587815523,0.006229179445654154,3.5298213333589956e-05,0.9340407848358154,0.027635468170046806,0.0004717680858448148,0.034371713914879365,0.9656283587682992
ISIC_0026314,mel,0.9555329568684101,0.04446704313158989,2.741751268331427e-05,0.0002923837455455214,0.0016391436802223325,0.00012147834786446765,7.525783439632505e-05,0.9976673722267151,0.0001770662929629907,0.9996050605477649,0.0003950590926251607
ISIC_0026352,mel,0.8617688715457916,0.13823112845420837,0.005332074128091335,0.0034018789883702993,0.002598328050225973,0.005364999175071716,0.2691221535205841,0.7081184983253479,0.006062069907784462,0.72214389545843,0.27785610663704574
ISIC_0026430,mel,0.29061758518218994,0.7093824148178101,0.0008664691122248769,7.88310935604386e-05,0.004294445272535086,6.44647025183076e-06,0.9872295260429382,0.007430053781718016,9.421826689504087e-05,0.011825163791399973,0.9881748262487235
ISIC_0026438,mel,0.8775124773383141,0.12248752266168594,3.11098774545826e-05,3.8795558793935925e-05,9.446791955269873e-05,5.2642630180343986e-05,0.005847581662237644,0.993846595287323,8.883958798833191e-05,0.9940825454250444,0.005917487098486163
ISIC_0026489,mel,0.8241975456476212,0.17580245435237885,0.04546595737338066,0.4589059054851532,0.021318355575203896,0.023340459913015366,0.3760579824447632,0.03656146302819252,0.03834991902112961,0.11957019753754139,0.880429845303297
ISIC_0026516,mel,0.7517164647579193,0.2482835352420807,0.0007274269592016935,0.00019569527648855,0.059832025319337845,4.8730526032159105e-05,0.025977157056331635,0.9131121635437012,0.00010678599937818944,0.9730997053884494,0.026900279292021878
ISIC_0026545,mel,0.3715883493423462,0.6284116506576538,0.0012943386100232601,0.0014284620992839336,0.0014936013612896204,0.000686736311763525,0.9428776502609253,0.05164189264178276,0.0005773963639512658,0.05439962667878717,0.9456004509702325
ISIC_0026622,mel,0.13298219442367554,0.8670178055763245,0.007713482715189457,0.0018136524595320225,0.005029033403843641,0.0005002754624001682,0.9235854744911194,0.06082439795136452,0.0005336843896657228,0.06688739120727405,0.9331126096658409
ISIC_0026802,mel,0.9872017474845052,0.012798252515494823,0.011914616450667381,0.024276522919535637,0.034427594393491745,0.003921056166291237,0.09548898041248322,0.8255505561828613,0.004420680925250053,0.8683198876678944,0.13168011978268623
ISIC_0026853,mel,0.29618823528289795,0.703811764717102,0.0012600022600963712,9.010168287204579e-05,0.024621417745947838,0.00011222138709854335,0.9681639075279236,0.005518944468349218,0.0002333271550014615,0.03048591075639706,0.969514011470892
ISIC_0026877,mel,0.45516055822372437,0.5448394417762756,0.00012805766891688108,4.710274424724048e-06,0.000542697380296886,2.1765388737549074e-05,0.6802492737770081,0.31904542446136475,8.049324605963193e-06,0.31961793655500514,0.6803820417203497
ISIC_0026897,mel,0.8626593947410583,0.13734060525894165,0.004970045294612646,0.0014691473916172981,0.030816351994872093,0.007216935977339745,0.47250449657440186,0.4820007383823395,0.0010221393313258886,0.5210561656858772,0.4789436892606318
ISIC_0027033,mel,0.7034433484077454,0.29655665159225464,0.0033740061335265636,0.039803605526685715,0.3611196279525757,0.005171675700694323,0.3807680606842041,0.2078179568052292,0.0019451132975518703,0.5760543737560511,0.4239456723444164
ISIC_0027089,mel,0.4307178258895874,0.5692821741104126,0.0009647071128711104,0.00037652888568118215,0.0023645777255296707,0.003920325078070164,0.3778599798679352,0.613658607006073,0.0008552885847166181,0.6207987983943895,0.3792012158664875
ISIC_0027101,mel,0.3600749969482422,0.6399250030517578,0.06330253928899765,5.4279185860650614e-05,0.260666161775589,0.004714614246040583,0.5563393831253052,0.11469165980815887,0.00023133939248509705,0.38030377522227354,0.6196962016001635
ISIC_0027144,mel,0.9066143035888672,0.09338569641113281,6.15126991760917e-05,4.214537693769671e-05,0.004970855079591274,1.8024589735432528e-05,0.7604690790176392,0.23439939320087433,3.905653647962026e-05,0.23942732940668066,0.760572737093753
ISIC_0027171,mel,0.636500746011734,0.363499253988266,0.0004891193239018321,0.0016061789356172085,0.049830131232738495,0.0004494178283493966,0.42526987195014954,0.5214206576347351,0.0009346817969344556,0.5726348884927575,0.4273651702096686
ISIC_0027190,mel,0.3821359872817993,0.6178640127182007,0.00019121514924336225,5.594476533588022e-05,0.015941284596920013,0.00016982783563435078,0.5577185750007629,0.4254727363586426,0.00045042121200822294,0.44203427000320517,0.5579657349153422
ISIC_0027204,mel,0.1435416340827942,0.8564583659172058,0.0010350620141252875,1.6895697854124592e-06,0.012818437069654465,1.990390956052579e-05,0.9848795533180237,0.0012380513362586498,7.369807008217322e-06,0.014083762122481858,0.9859163049019344
ISIC_0027261,mel,0.18013983964920044,0.8198601603507996,0.008796745911240578,0.8275658488273621,0.014393985271453857,6.270561425480992e-05,0.11421482264995575,0.03443366289138794,0.0005321713979355991,0.049422525175032206,0.9505774173885584
ISIC_0027277,mel,0.08544415235519409,0.9145558476448059,0.0003690643352456391,0.034011952579021454,0.001854870468378067,0.0003272923349868506,0.8139830231666565,0.032549090683460236,0.11690481007099152,0.15163606355781667,0.8483640400809236
ISIC_0027352,mel,0.03738272190093994,0.9626172780990601,0.0001538172655273229,2.3199780116556212e-05,0.0006351713091135025,1.695576611382421e-05,0.9974101185798645,0.0017562370048835874,4.47310458184802e-06,0.002412837184692762,0.9975871356255084
ISIC_0027487,mel,0.677007257938385,0.322992742061615,0.0007514373282901943,0.00782171543687582,0.0022059702314436436,9.174805018119514e-05,0.8747568130493164,0.1091906949877739,0.005181702319532633,0.11667011558893137,0.8833299658144824
ISIC_0027507,mel,0.9336139485239983,0.06638605147600174,0.0017733507556840777,0.00036457899841479957,0.03778675198554993,0.002328118309378624,0.46681809425354004,0.4904744327068329,0.0004545884148683399,0.5310438914166298,0.4689560240076389
ISIC_0027517,mel,0.5401800274848938,0.4598199725151062,0.004458704497665167,0.00019706637249328196,0.6615903377532959,3.4610657166922465e-05,0.2908434569835663,0.042852383106946945,2.3445021724910475e-05,0.7045007765391347,0.29549922785372473
ISIC_0027590,mel,0.38080745935440063,0.6191925406455994,0.0008116716635413468,0.00020993965154048055,0.011551586911082268,0.0004341804888099432,0.920204758644104,0.06658157706260681,0.00020622705051209778,0.07877357151301112,0.9212263699591858
ISIC_0027669,mel,0.28052324056625366,0.7194767594337463,0.009688504971563816,0.0018454628298059106,0.10782615095376968,0.0001026954414555803,0.5272905826568604,0.35231301188468933,0.0009335446520708501,0.46117540293198545,0.5388245504582301
ISIC_0027822,mel,0.8581562787294388,0.14184372127056122,0.0007316294359043241,0.006382203660905361,0.3250121772289276,0.003296886570751667,0.10660091042518616,0.5572866201400757,0.0006894810940138996,0.8862851650337689,0.11371474352199584
ISIC_0027872,mel,0.838816374540329,0.16118362545967102,0.00040912695112638175,0.0011248115915805101,0.0055315373465418816,0.54114830493927,0.2981660068035126,0.14456477761268616,0.009055521339178085,0.7003001412376761,0.29969994534621947
ISIC_0027956,mel,0.6577643752098083,0.34223562479019165,0.0030011157505214214,7.69669350120239e-05,0.0031617109198123217,0.0006965282955206931,0.788446307182312,0.20427252352237701,0.0003448497736826539,0.20847561251139268,0.7915243898678455
ISIC_0028086,mel,0.003263115882873535,0.9967368841171265,2.874518213502597e-05,3.038063005078584e-05,0.00020924105774611235,3.243571427447023e-06,0.9741542935371399,0.025542927905917168,3.110817488050088e-05,0.025786520709971228,0.9742134193493257
ISIC_0028156,mel,0.08831143379211426,0.9116885662078857,8.307850407618389e-08,9.799007784749847e-06,0.00017709536768961698,2.7057783881900832e-05,0.9944804906845093,0.005305062048137188,3.6821543858422956e-07,0.00550958341514729,0.9944903727707981
ISIC_0028211,mel,0.36302971839904785,0.6369702816009521,0.0017902033869177103,0.00024045765167102218,0.7808900475502014,2.399540062469896e-05,0.19655580818653107,0.020361263304948807,0.00013824515917804092,0.801413551414953,0.1985864692251198
ISIC_0028218,mel,0.6074029505252838,0.3925970494747162,9.002628212329e-05,0.00032627148902975023,0.0017164323944598436,6.183751975186169e-05,0.9640272855758667,0.033764246851205826,1.3966066944703925e-05,0.035556482832362235,0.9644435833470197
ISIC_0028227,mel,0.7120022177696228,0.2879977822303772,0.00017669578664936125,0.00011214278492843732,0.03433734551072121,0.0002932977513410151,0.9304850101470947,0.034592222422361374,3.20668596032192e-06,0.06922607237038392,0.9307738487186725
ISIC_0028317,mel,0.6711827516555786,0.3288172483444214,9.004816820379347e-05,0.0006651469739153981,0.21426543593406677,0.0003618024929892272,0.6228954792022705,0.16166335344314575,5.871281973668374e-05,0.37634930468993844,0.6236506743443897
ISIC_0028519,mel,0.1396278738975525,0.8603721261024475,0.5805869698524475,0.22866599261760712,0.005613381043076515,0.002442610915750265,0.17616534233093262,0.002471563871949911,0.004054154735058546,0.014581710565835238,0.9854183048009872
ISIC_0028520,mel,0.7092656791210175,0.29073432087898254,4.653301402868237e-06,8.547914148948621e-06,0.00016976837650872767,9.004913408716675e-06,0.9936710596084595,0.0061218878254294395,1.516363408882171e-05,0.006315824749435706,0.9936842608240113
ISIC_0028567,mel,0.7820889800786972,0.2179110199213028,0.0022208578884601593,0.0007574316114187241,0.0020926534198224545,0.0024595835711807013,0.06387367099523544,0.9280335903167725,0.000562197295948863,0.9331480246037245,0.06685196049511433
ISIC_0028579,mel,0.9033335819840431,0.09666641801595688,0.0002575074613559991,0.0003074269334319979,0.05411919206380844,0.0008751416462473571,0.18282222747802734,0.7613024711608887,0.00031602237140759826,0.8166128272423521,0.18338716187281534
ISIC_0028655,mel,0.062398314476013184,0.9376016855239868,0.018428783863782883,3.677127097034827e-05,0.00954628735780716,7.908991392469034e-06,0.9680606722831726,0.0038669505156576633,5.262154445517808e-05,0.01347376840931247,0.9865262274179258
ISIC_0028764,mel,0.4219609498977661,0.5780390501022339,0.0005550899659283459,5.2867279009660706e-05,0.23575842380523682,0.00015184587391559035,0.2949865460395813,0.46839606761932373,9.923823381541297e-05,0.7044055755322916,0.2955945032845193
ISIC_0028899,mel,0.40693753957748413,0.5930624604225159,1.4112257531451178e-06,1.0144909765585908e-06,7.69960242905654e-05,6.04091667355533e-07,0.9986467957496643,0.0012729917652904987,1.7394157225680829e-07,0.0013507658228206765,0.998649221466394
ISIC_0028915,mel,0.5341220200061798,0.4658779799938202,0.0009649335406720638,0.8512099981307983,0.014589209109544754,0.00026101403636857867,0.1175529733300209,0.015309669077396393,0.00011219533917028457,0.03027208756248001,0.9697279050014913
ISIC_0028968,mel,0.2807643413543701,0.7192356586456299,0.00681485328823328,0.6926926970481873,0.07894501090049744,0.06229306384921074,0.11579413712024689,0.04237227514386177,0.0010880533372983336,0.18469840323086828,0.8153016874566674
ISIC_0028969,mel,0.3669012784957886,0.6330987215042114,0.002596895210444927,0.0003904618206433952,0.023117799311876297,9.587449312675744e-05,0.8680062890052795,0.105638287961483,0.00015447285841219127,0.12900643462489825,0.8709936460363679
ISIC_0029013,mel,0.9628296568989754,0.03717034310102463,0.00532636558637023,0.002231177408248186,0.006772204302251339,0.007996235974133015,0.026457948610186577,0.946966290473938,0.004249734804034233,0.9659844655543566,0.03401549160480499
ISIC_0029021,mel,0.32119011878967285,0.6788098812103271,0.00013767443306278437,3.738839222933166e-05,0.012751969508826733,6.810246122768149e-05,0.9671230912208557,0.01982278935611248,5.9044439694844186e-05,0.03270190576586174,0.9672981540461478
ISIC_0029146,mel,0.47738945484161377,0.5226105451583862,0.014353199861943722,0.00023758088354952633,0.002988560823723674,3.623091834015213e-05,0.9802820682525635,0.0020486884750425816,5.374304237193428e-05,0.005127223259478342,0.9948728489980567
ISIC_0029170,mel,0.8807139992713928,0.11928600072860718,0.0434318482875824,0.003451922908425331,0.029566755518317223,0.007099326234310865,0.07632548362016678,0.8382160663604736,0.0019085421226918697,0.8767906902357936,0.12320925481617451
ISIC_0029209,mel,0.7931920289993286,0.2068079710006714,0.0012809308245778084,0.7941972017288208,0.020385410636663437,0.0002476887602824718,0.0017486896831542253,0.18099527060985565,0.0011447821743786335,0.2027731521811802,0.7972268222365528
ISIC_0029216,mel,0.7875849008560181,0.21241509914398193,0.022937051951885223,0.17856299877166748,0.023282743990421295,0.07008027285337448,0.6181465983390808,0.035840120166540146,0.051150187849998474,0.1803533248603344,0.8196466490626335
ISIC_0029238,mel,0.0770837664604187,0.9229162335395813,0.4071396291255951,0.2502667009830475,0.004443293437361717,0.0022280788980424404,0.2611038088798523,0.07394754886627197,0.0008709561079740524,0.08148987730965018,0.9185101389884949
ISIC_0029265,mel,0.2464660406112671,0.7535339593887329,0.07467738538980484,0.27316737174987793,0.00845483411103487,1.8371234546066262e-05,0.6405126452445984,0.0031097535975277424,5.9701087593566626e-05,0.011642660030702245,0.9883574023842812
ISIC_0029363,mel,0.07389640808105469,0.9261035919189453,0.015259816311299801,0.7643020749092102,0.20999401807785034,3.858480340568349e-05,0.01000973954796791,0.0003869293723255396,8.84466317074839e-06,0.2104283769167523,0.7895716307684779
ISIC_0029453,mel,0.9773045834153891,0.02269541658461094,0.0013235992519184947,0.00623225886374712,0.06732504069805145,0.001191033166833222,0.16012290120124817,0.7574744820594788,0.006330680102109909,0.8323212360264733,0.16767875931691378
ISIC_0029480,mel,0.9044019505381584,0.09559804946184158,0.0011240823660045862,0.000129280801047571,0.763018012046814,0.0007735966937616467,0.008650663308799267,0.22628149390220642,2.2924552467884496e-05,0.9900960271952499,0.009904026475851424
ISIC_0029495,mel,0.8252946138381958,0.1747053861618042,0.00033655879087746143,0.00023773648717906326,0.0009430801146663725,0.00028367279446683824,0.015303329564630985,0.982803463935852,9.221988875651732e-05,0.9841224367337418,0.01587762484268751
ISIC_0029547,mel,0.3970450162887573,0.6029549837112427,5.4132229706738144e-05,0.010494441725313663,0.6929820775985718,0.0010167149594053626,0.04829949885606766,0.2466721534729004,0.00048087025061249733,0.94115181628149,0.05884807281108806
ISIC_0029571,mel,0.5238100588321686,0.4761899411678314,6.1369146351353265e-06,1.8376143998466432e-05,8.458792581222951e-05,2.4678707632119767e-05,0.9907427430152893,0.009114127606153488,9.25488620850956e-06,0.009232649125806347,0.9907672560739229
ISIC_0029574,mel,0.4659759998321533,0.5340240001678467,0.13815997540950775,0.0010751131922006607,0.007861328311264515,6.239685899345204e-05,0.6275217533111572,0.2252921760082245,2.7209143809159286e-05,0.2332431103222916,0.7667568419128656
ISIC_0029575,mel,0.010081648826599121,0.9899183511734009,0.0013249320909380913,0.0006686176056973636,0.0023489512968808413,8.693237759871408e-06,0.9927201271057129,0.002387718763202429,0.0005409375298768282,0.00528630082771997,0.9947136768023483
ISIC_0029698,mel,0.4894450306892395,0.5105549693107605,0.03430275246500969,0.42714062333106995,0.0301864892244339,0.0034623011015355587,0.38077616691589355,0.12349710613489151,0.0006345561123453081,0.15778045257320628,0.8422195427119732
ISIC_0029744,mel,0.2094479203224182,0.7905520796775818,0.00950696226209402,0.010736440308392048,0.0036861314438283443,0.0076995110139250755,0.9224033355712891,0.04451734945178032,0.00145027507096529,0.05735326698049903,0.9426467381417751
ISIC_0029933,mel,0.9254619479179382,0.07453805208206177,0.0014136057579889894,0.011017607524991035,0.11764779686927795,0.0020986762829124928,0.20484599471092224,0.6594675183296204,0.0035087994765490294,0.7827227909583598,0.21727720799390227
ISIC_0030034,mel,0.6889956891536713,0.31100431084632874,0.012690015137195587,0.02435995824635029,0.007510709576308727,0.017256097868084908,0.006834357511252165,0.9166813492774963,0.014667424373328686,0.9561155810952187,0.04388433089479804
ISIC_0030083,mel,0.4975869655609131,0.5024130344390869,0.0023859129287302494,0.00045775313628837466,0.01165299117565155,0.006873690523207188,0.47291821241378784,0.5034360885620117,0.0022753735538572073,0.5242381438147277,0.47576187847880647
ISIC_0030110,mel,0.15718436241149902,0.842815637588501,0.00010183641279581934,1.5480922229471616e-05,7.339865260291845e-05,8.732558853807859e-06,0.9850794076919556,0.014718716964125633,2.490643510100199e-06,0.01480333881909246,0.9851967250269809
ISIC_0030129,mel,0.9044313579797745,0.09556864202022552,0.006171150133013725,0.006987227592617273,0.24069157242774963,0.09192147105932236,0.32445213198661804,0.32889318466186523,0.0008832956664264202,0.6623895238153636,0.33761050971224904
ISIC_0030134,mel,0.3481219410896301,0.6518780589103699,0.0011085807345807552,0.0018829184118658304,0.10799374431371689,0.000650564965326339,0.7095387578010559,0.1668662130832672,0.011959251947700977,0.2874697743100114,0.7125302569475025
ISIC_0030165,mel,0.40264129638671875,0.5973587036132812,5.432947727967985e-05,0.0002759225608315319,0.011218287982046604,6.534450949402526e-05,0.9592875242233276,0.029074862599372864,2.3742170014884323e-05,0.04038223726092838,0.9596177762614388
ISIC_0030192,mel,0.7198704481124878,0.2801295518875122,0.007237947545945644,0.000550261524040252,0.004561171866953373,0.005619938485324383,0.03958465903997421,0.941412627696991,0.0010333956452086568,0.9526271336944774,0.04737286810996011
ISIC_0030238,mel,0.6068002879619598,0.39319971203804016,6.216721521923319e-05,5.261704245640431e-06,0.0001631314225960523,4.179397001280449e-05,0.9802659153938293,0.019453736022114754,7.987853678059764e-06,0.01966664926840167,0.9803333443132942
ISIC_0030366,mel,0.5710180103778839,0.4289819896221161,0.00027869350742548704,0.00015625508967787027,0.004514811094850302,0.000342555227689445,0.001000144169665873,0.9936271905899048,8.034093480091542e-05,0.9985648978472454,0.0014350927667692304
ISIC_0030486,mel,0.17903465032577515,0.8209653496742249,0.11045694351196289,0.020305033773183823,0.1351870596408844,2.0307084923842922e-05,0.6823381781578064,0.051330167800188065,0.0003623785451054573,0.18689991307110176,0.8131001554429531
ISIC_0030507,mel,0.5353856980800629,0.46461430191993713,0.0009760073735378683,0.00040569089469499886,0.03887113928794861,0.00018097978318110108,0.8796806335449219,0.07980623096227646,7.94123625382781e-05,0.11893776239594445,0.8810623318131547
ISIC_0030552,mel,0.7605043649673462,0.2394956350326538,0.0013692884240299463,0.011273059993982315,0.0059692757204174995,0.009863476268947124,0.47542035579681396,0.49344974756240845,0.0026548427995294333,0.5119373423513025,0.4880627042148262
ISIC_0030689,mel,0.41511625051498413,0.5848837494850159,0.00022002149489708245,4.8290498853020836e-06,0.06490180641412735,0.0002938734251074493,0.8513901233673096,0.08318416029214859,5.1538777370296884e-06,0.14838499400912042,0.851614973912092
ISIC_0030695,mel,0.2228686809539795,0.7771313190460205,0.0004489851708058268,0.019462641328573227,0.031981050968170166,7.07135332049802e-05,0.8962340354919434,0.05176500976085663,3.760538311325945e-05,0.08385437964534503,0.9161456619913224
ISIC_0030910,mel,0.1895548701286316,0.8104451298713684,0.020393814891576767,0.9527307152748108,0.004676383454352617,6.753681373083964e-05,0.013554960489273071,0.00856600608676672,1.0614404345687944e-05,0.013320540759195865,0.9866794906556606
ISIC_0030929,mel,0.21395599842071533,0.7860440015792847,8.118902769638225e-05,6.968516390770674e-05,0.1527000218629837,3.971964179072529e-05,0.7591389417648315,0.08791287988424301,5.761405191151425e-05,0.24071023544092895,0.7592898159564356
ISIC_0030970,mel,0.07692605257034302,0.923073947429657,0.01930265687406063,0.013076690956950188,0.30992457270622253,0.0010620718821883202,0.32071858644485474,0.28535833954811096,0.05055704340338707,0.6469020275399089,0.35309793427586555
ISIC_0030995,mel,0.5640614032745361,0.43593859672546387,4.0294362406712025e-06,0.00015008935588411987,0.0018901086878031492,7.096225454006344e-05,0.5020120143890381,0.4958495497703552,2.3176908143796027e-05,0.49783379762084223,0.5021661331811629
ISIC_0031189,mel,0.7169609069824219,0.2830390930175781,0.01306360587477684,0.01454650703817606,0.14235472679138184,0.027625467628240585,0.6607583165168762,0.11949219554662704,0.022159261628985405,0.31163165159523487,0.6883684294298291
ISIC_0031233,mel,0.5729386210441589,0.42706137895584106,0.00019591538875829428,6.706823114654981e-06,0.0007888044347055256,2.1899726561969146e-05,0.9695316553115845,0.02944844216108322,6.641290838160785e-06,0.030265787613188877,0.9697342775234574
ISIC_0031295,mel,0.5680052042007446,0.43199479579925537,0.009299994446337223,0.34092873334884644,0.07349441200494766,0.004265791270881891,0.4973560571670532,0.07385025918483734,0.0008048569434322417,0.15241531940409914,0.8475847849622369
ISIC_0031389,mel,0.4549800753593445,0.5450199246406555,2.625672823342029e-05,0.021088309586048126,0.01978806033730507,3.860114884446375e-05,0.612064778804779,0.34685268998146057,0.00014124212611932307,0.3668205935937294,0.6331793451190606
ISIC_0031517,mel,0.4578133821487427,0.5421866178512573,6.245956319617108e-05,1.9407618310651742e-05,0.003189818002283573,0.005294397938996553,0.9887115955352783,0.0025114978197962046,0.00021078351710457355,0.011206497278180905,0.9887934627167851
ISIC_0031565,mel,0.5518007576465607,0.44819924235343933,0.007836148142814636,9.19882149901241e-05,0.2693949043750763,4.6073986595729366e-05,0.5570339560508728,0.16539499163627625,0.00020199469872750342,0.43503796469667577,0.5649620924086776
ISIC_0031586,mel,0.5800966620445251,0.41990333795547485,1.1086171070928685e-05,4.163741778029362e-06,0.0004227641620673239,1.4390433534572367e-05,0.9434341788291931,0.056109003722667694,4.425834049470723e-06,0.05655058415231906,0.9434494287420421
ISIC_0031598,mel,0.9191310405731201,0.08086895942687988,9.242483429261483e-06,8.099601700450876e-07,0.0009618694894015789,4.660723789129406e-06,0.9781127572059631,0.0209042988717556,6.382505944202421e-06,0.02187721159089051,0.9781228096495624
ISIC_0031670,mel,0.29285693168640137,0.7071430683135986,0.0012608976103365421,8.137410623021424e-05,0.3833925426006317,9.056614362634718e-05,0.6103073954582214,0.0048033129423856735,6.393910007318482e-05,0.3883503607867169,0.6116496671747882
ISIC_0031718,mel,0.08556264638900757,0.9144373536109924,8.640917258162517e-06,4.282537418021093e-07,0.0013857062440365553,6.721813861076953e-07,0.9885961413383484,0.010007880628108978,5.892495096304629e-07,0.011394848303041272,0.9886052105093484
ISIC_0031908,mel,0.7018196880817413,0.29818031191825867,0.0025317862164229155,0.0009324151324108243,0.0025801595766097307,0.0011732110287994146,0.7837034463882446,0.20801201462745667,0.0010669628391042352,0.21283234807197005,0.7871676477370784
ISIC_0031953,mel,0.8086057901382446,0.19139420986175537,0.0005522201536223292,0.0008023859118111432,0.026794297620654106,0.0021292574238032103,0.2588900625705719,0.7101553678512573,0.0006763975252397358,0.7397553204209544,0.26024466863600537
ISIC_0031957,mel,0.5641413033008575,0.43585869669914246,8.018355583772063e-05,5.998953838570742e-06,0.003981984686106443,0.00010252757783746347,0.16823431849479675,0.8275932669639587,1.7186422383019817e-06,0.831679497870141,0.16832050100447304
ISIC_0032017,mel,0.6658884882926941,0.3341115117073059,0.02664492279291153,0.049990445375442505,0.46899348497390747,0.006598929408937693,0.43005913496017456,0.01760421134531498,0.00010891557030845433,0.4933055412984686,0.5066945031285286
ISIC_0032046,mel,0.5541621446609497,0.4458378553390503,0.000843216956127435,0.015790559351444244,0.10735736787319183,0.0012628264958038926,0.7471907138824463,0.12750568985939026,4.957238706992939e-05,0.23617545661545591,0.763824490190018
ISIC_0032079,mel,0.42747950553894043,0.5725204944610596,0.13508503139019012,0.053639039397239685,0.11887058615684509,0.08337771892547607,0.5385951995849609,0.06437976658344269,0.006052666809409857,0.2726807384751737,0.7273192703723907
ISIC_0032110,mel,0.4893295168876648,0.5106704831123352,0.00334304035641253,9.433282684767619e-05,5.5311429605353624e-05,0.00010432217095512897,0.13350732624530792,0.858959436416626,0.003936301916837692,0.8630553719340242,0.13694469942856813
ISIC_0032152,mel,0.6819842159748077,0.31801578402519226,0.16871900856494904,0.004883978515863419,0.05753093585371971,0.002437843708321452,0.5040899515151978,0.26218685507774353,0.00015144425560720265,0.3223070788953919,0.6776929385960102
ISIC_0032258,mel,0.8297400325536728,0.1702599674463272,5.6477692851331085e-05,0.2823899984359741,0.07116898149251938,0.00016405760834459215,0.17009778320789337,0.46182963252067566,0.014293016865849495,0.5474556884873891,0.4525442593367188
ISIC_0032287,mel,0.6837936341762543,0.3162063658237457,0.0009096238645724952,0.022033212706446648,0.5612358450889587,0.029368313029408455,0.006889408454298973,0.3617841303348541,0.01777947135269642,0.9701677598059177,0.029832245025318116
ISIC_0032389,mel,0.054046809673309326,0.9459531903266907,0.19253967702388763,0.003581278258934617,0.6645114421844482,0.00028981405193917453,0.12886406481266022,0.007773980963975191,0.002439771546050906,0.6750150087464135,0.32498502009548247
ISIC_0032476,mel,0.47030746936798096,0.529692530632019,0.0016400734893977642,2.6192458335572155e-06,0.9207993149757385,9.076719834411051e-06,0.07640329748392105,0.0011324950028210878,1.3104011486575473e-05,0.9219539907098806,0.07804599021915237
ISIC_0032511,mel,0.02794206142425537,0.9720579385757446,0.0005435465718619525,4.4402833736967295e-05,0.024667633697390556,4.5976856199558824e-05,0.9735055565834045,0.001176794758066535,1.60588479047874e-05,0.025906464159561438,0.9740935059890035
ISIC_0032564,mel,0.3341546654701233,0.6658453345298767,0.016392523422837257,0.018625125288963318,0.42614099383354187,0.0004666944150812924,0.5254643559455872,0.004397739190608263,0.00851245317608118,0.4395178806153126,0.5604820046573877
ISIC_0032597,mel,0.43113112449645996,0.56886887550354,3.109533963652211e-07,7.442105953714417e-08,1.1711884326359723e-05,1.3682853250429616e-07,0.9823333621025085,0.017654214054346085,2.2415486000681994e-07,0.017666286922064955,0.9823337474769644
ISIC_0032685,mel,0.8353068381547928,0.16469316184520721,0.022829266265034676,0.0077918516471982,0.10942203551530838,0.002831344725564122,0.2441195845603943,0.6111047267913818,0.0019012484699487686,0.7252593555022031,0.27474070247262716
ISIC_0032716,mel,0.8930972367525101,0.10690276324748993,8.111105853458866e-05,0.000985809601843357,6.584887159988284e-05,0.00017438706709071994,0.708014726638794,0.287588894367218,0.0030891483183950186,0.29091827862430364,0.7090816472991719
ISIC_0032730,mel,0.046497881412506104,0.9535021185874939,2.4547858629375696e-05,3.282927718828432e-05,7.200711843324825e-05,1.6359979781555012e-05,0.9976627826690674,0.0021512287203222513,4.0272483602166176e-05,0.0022798683021392208,0.997720159804885
ISIC_0032751,mel,0.5627321302890778,0.43726786971092224,4.854378403251758e-06,3.151937562506646e-06,0.0003725418937392533,4.292651738069253e-06,0.532305121421814,0.46730539202690125,4.61776289739646e-06,0.46768684433527596,0.5323131277377797
ISIC_0032774,mel,0.7436653673648834,0.2563346326351166,0.0005437950603663921,0.16120663285255432,0.002144879661500454,0.012602847069501877,0.5762742161750793,0.1946532279253006,0.05257439985871315,0.2619753545150161,0.7380246440880001
ISIC_0032833,mel,0.7492316961288452,0.2507683038711548,1.2018396773783024e-05,4.703654667537194e-06,6.919752195244655e-05,2.5516670575598255e-05,0.04958359897136688,0.9503044486045837,4.874484034189663e-07,0.9503996502455152,0.0496003210228082
ISIC_0032872,mel,0.5056358873844147,0.4943641126155853,0.024537548422813416,0.06267821788787842,0.011779185384511948,0.00013079358905088156,0.5111255645751953,0.3305637240409851,0.05918500944972038,0.4016587124642683,0.5983413308858871
ISIC_0032875,mel,0.5642087757587433,0.4357912242412567,0.0010433429852128029,0.00016876620065886527,0.003720455337315798,0.00045834906632080674,0.5425469875335693,0.4519907236099243,7.136638305382803e-05,0.45624089439661475,0.543759096719441
ISIC_0032887,mel,0.37752336263656616,0.6224766373634338,0.0033536034170538187,0.0010032713180407882,0.00017070866306312382,0.0024668460246175528,0.6129346489906311,0.37112662196159363,0.008944358676671982,0.3827085353259463,0.6172915237257257
ISIC_0032915,mel,0.03228640556335449,0.9677135944366455,0.007087224628776312,0.7928260564804077,0.0064009856432676315,0.0015998526941984892,0.18402184545993805,0.002849268727004528,0.005214814096689224,0.016064921161159873,0.9839351265691221
ISIC_0032918,mel,0.6657285094261169,0.33427149057388306,0.004945168737322092,0.006243384908884764,0.8033207654953003,0.0063586607575416565,0.1175500825047493,0.05979136377573013,0.0017906285356730223,0.8712614185642451,0.12873863615095615
ISIC_0032970,mel,0.22035729885101318,0.7796427011489868,8.281855116365477e-06,7.778369763400406e-06,2.745602796494495e-05,4.974688999936916e-05,0.9991450309753418,0.0007604636484757066,1.0902203939622268e-06,0.0008387567868339829,0.9991610912002216
ISIC_0032975,mel,0.23609811067581177,0.7639018893241882,2.2441136025008745e-06,1.0832519592440804e-06,0.0002202043979195878,2.65169228441664e-06,0.9979939460754395,0.0017796177417039871,2.3590857267663523e-07,0.002002709740480668,0.9979972734410012
ISIC_0032984,mel,0.4454164505004883,0.5545835494995117,0.002243036637082696,0.0032467267010360956,0.00462945643812418,0.0019490321865305305,0.9759252071380615,0.011835291050374508,0.00017129424668382853,0.018585073921713047,0.9814149704761803
ISIC_0032988,mel,0.22651773691177368,0.7734822630882263,0.003575605107471347,0.016590526327490807,0.006118501536548138,0.0028442793991416693,0.6309880018234253,0.3395114541053772,0.00037162008811719716,0.3488458551291842,0.6511541332583874
ISIC_0033004,mel,0.5169537365436554,0.4830462634563446,0.00017912976909428835,0.0048463973216712475,0.016669293865561485,0.008186867460608482,0.1381116360425949,0.8306320309638977,0.0013746379408985376,0.8568628302309662,0.14313716313336045
ISIC_0033024,mel,0.8239452093839645,0.17605479061603546,0.0035989833995699883,0.21763424575328827,0.03547775000333786,0.055469758808612823,0.5042328238487244,0.17587116360664368,0.007715283893048763,0.2745339563116431,0.7254660530015826
ISIC_0033042,mel,0.5423810482025146,0.45761895179748535,0.03869327902793884,0.0006783541175536811,0.5672433376312256,0.0008132630027830601,0.329402357339859,0.06308870017528534,8.071506454143673e-05,0.6312260158738354,0.36877399048535153
ISIC_0033047,mel,0.17026877403259277,0.8297312259674072,5.88876755500678e-05,2.004347334150225e-05,7.012478454271331e-05,1.8247354091727175e-05,0.9155072569847107,0.08431945741176605,5.889909516554326e-06,0.08441371945991705,0.9155861881336023
ISIC_0033120,mel,0.846647709608078,0.153352290391922,0.00044350026291795075,0.00013991455489303917,0.0024973908439278603,0.001185550936497748,0.5132033824920654,0.48238348960876465,0.00014682453183922917,0.4862132559210295,0.5137867973098764
ISIC_0033129,mel,0.23522168397903442,0.7647783160209656,0.048088423907756805,0.03578336909413338,0.01763013005256653,0.2226707637310028,0.49653223156929016,0.15024416148662567,0.02905094064772129,0.4195959959179163,0.5804040245711803
ISIC_0033141,mel,0.5630041658878326,0.43699583411216736,0.018685607239603996,0.03583809360861778,0.11677517741918564,0.002235596999526024,0.5242023468017578,0.29207977652549744,0.010183333419263363,0.42127388436347246,0.5787260476499796
ISIC_0033166,mel,0.9144423380494118,0.08555766195058823,0.0021613475400954485,0.000196735723875463,0.01648804172873497,0.0023502837866544724,0.3452780544757843,0.6332765817642212,0.0002489197941031307,0.6523638270737138,0.3476361377397552
ISIC_0033171,mel,0.3209136724472046,0.6790863275527954,1.6915671949391253e-05,3.066694625886157e-05,0.0002857526997104287,1.4929979442968033e-05,0.9177972078323364,0.08182815462350845,2.6246121706208214e-05,0.08215508342436806,0.9178447904505447
ISIC_0033186,mel,0.7655379325151443,0.23446206748485565,0.00023353744472842664,3.1608084100298584e-05,9.608067193767056e-05,0.0001094554245355539,0.7199921011924744,0.2794198989868164,0.0001172866250271909,0.2797427217083168,0.7202572467213031
ISIC_0033192,mel,0.2504296898841858,0.7495703101158142,1.5721667296020314e-05,2.8116382964071818e-06,5.41237932338845e-06,1.0482555126145598e-06,0.7679910063743591,0.2319825291633606,1.4294543007054017e-06,0.2319904192524973,0.7680095396799516
ISIC_0033196,mel,0.5860902965068817,0.4139097034931183,8.734887524042279e-05,0.0007013019057922065,0.0004954944597557187,0.00022037398593965918,0.01890997588634491,0.9792298674583435,0.0003555470902938396,0.9803012829943327,0.01969862666737754
ISIC_0033198,mel,0.3996441960334778,0.6003558039665222,0.0016187531873583794,0.00040362123399972916,0.006284224335104227,0.0024767990689724684,0.9668111205101013,0.022388920187950134,1.6650878023938276e-05,0.031166594470050768,0.9688334949314594
ISIC_0033209,mel,0.4316837191581726,0.5683162808418274,0.0022008500527590513,1.779360172804445e-05,0.00024944916367530823,9.704273907118477e-06,0.970283567905426,0.02723339945077896,5.239207894192077e-06,0.02749779209625558,0.9725022115599131
ISIC_0033232,mel,0.8991952314972878,0.10080476850271225,0.0007267732871696353,0.0012509508524090052,0.006168974097818136,0.002111084060743451,0.05812430381774902,0.9297820329666138,0.0018359232926741242,0.9398980144178495,0.060102027957327664
ISIC_0033245,mel,0.5256277322769165,0.4743722677230835,0.00010567068966338411,1.8865985111915506e-05,0.0015473233070224524,5.412816608441062e-05,0.9828096628189087,0.015462842769920826,1.4328830957310856e-06,0.01706572712612342,0.982934199493684
ISIC_0033258,mel,0.2466300129890442,0.7533699870109558,0.006037245970219374,0.011140190996229649,0.003372000530362129,9.289150330005214e-05,0.9597667455673218,0.019206948578357697,0.00038394212606363,0.023055782738083508,0.9769441825337708
ISIC_0033267,mel,0.543144941329956,0.45685505867004395,0.00014552638458553702,0.00013397919246926904,0.031509511172771454,0.00033458511461503804,0.7297839522361755,0.2380671501159668,2.535810199333355e-05,0.2699366045053466,0.7300634578132303
ISIC_0033274,mel,0.16952085494995117,0.8304791450500488,0.00020417108316905797,0.000295096862828359,2.4563780243624933e-05,3.3392978366464376e-05,0.9875481128692627,0.011680149473249912,0.00021457718685269356,0.011952683418712695,0.9880473808152601
ISIC_0033312,mel,0.43667638301849365,0.5633236169815063,0.00028927752282470465,0.00012722356768790632,0.0018331115134060383,0.0016427093651145697,0.2317463457584381,0.7642457485198975,0.00011565016757231206,0.7678372195659904,0.23216284684895072
ISIC_0033323,mel,0.8006333112716675,0.19936668872833252,0.056252267211675644,0.0037127451505512,0.06266330182552338,0.0017332255374640226,0.08570514619350433,0.7867434620857239,0.0031898636370897293,0.854329853085801,0.14567015855573118
ISIC_0033336,mel,0.5668067634105682,0.43319323658943176,8.891515790310223e-06,3.164412555634044e-05,0.00016019442409742624,2.1095156625960954e-05,0.03380404785275459,0.965930700302124,4.3430045479908586e-05,0.9661554199283273,0.033844583494101244
ISIC_0033369,mel,0.3574601411819458,0.6425398588180542,0.0008656784193590283,3.613826629589312e-05,0.0033257128670811653,0.0010329001815989614,0.8710655570030212,0.12364885956048965,2.5031813493114896e-05,0.1280325044226629,0.8719673736886762
ISIC_0033416,mel,0.7449130713939667,0.2550869286060333,7.517883932450786e-05,3.9210033719427884e-05,0.0006869112839922309,4.569429802359082e-05,0.16359779238700867,0.8354682326316833,8.691338734934106e-05,0.8362877516010485,0.1637121812600526
ISIC_0033426,mel,0.14043235778808594,0.8595676422119141,0.0010877534514293075,0.0009783720597624779,0.0034867417998611927,0.0030179782770574093,0.9838545918464661,0.006934729404747486,0.0006398758850991726,0.01407932536676526,0.9859207173576578
ISIC_0033473,mel,0.5233836770057678,0.4766163229942322,0.0006784885772503912,0.000157623304403387,0.08265923708677292,0.0005776502075605094,0.9006562829017639,0.01466432772576809,0.0006064148619771004,0.09850762988207862,0.9014923947834177
ISIC_0033476,mel,0.29501307010650635,0.7049869298934937,0.00010327468771720305,3.710221062647179e-05,0.00018598166934680194,0.0002761897922027856,0.911550760269165,0.08779540657997131,5.130921272211708e-05,0.08830888725424302,0.9116911371675087
ISIC_0033500,mel,0.5873320400714874,0.4126679599285126,0.011323467828333378,0.0003920029557775706,0.009945278987288475,0.003962580114603043,0.7574926614761353,0.21592068672180176,0.0009633796289563179,0.2307919254526496,0.7692081322602462
ISIC_0033520,mel,0.8303891122341156,0.1696108877658844,0.0008396540652029216,7.164145790738985e-05,0.21596571803092957,0.0003983635106123984,0.05742115154862404,0.7252246141433716,7.876488234614953e-05,0.9416674605672597,0.05833244707173435
ISIC_0033522,mel,0.42257779836654663,0.5774222016334534,0.0033321501687169075,0.000133326553623192,0.13058611750602722,0.0005010569584555924,0.672451376914978,0.1921842247247696,0.0008118021069094539,0.32408320129616186,0.6759168536373181
ISIC_0033545,mel,0.6073003113269806,0.3926996886730194,0.0005293668946251273,5.1843955588992685e-05,0.005489632487297058,0.0002625551715027541,0.44025734066963196,0.553276777267456,0.0001324792392551899,0.5591614441655111,0.4408385515198461
ISIC_0033560,mel,0.34912776947021484,0.6508722305297852,4.257054797562887e-07,3.971876765263005e-07,3.70236266462598e-05,3.952652605221374e-06,0.9974563717842102,0.0025004397612065077,1.3680432857654523e-06,0.0025427840837437543,0.9974571946773665
ISIC_0033570,mel,0.6726510226726532,0.3273489773273468,0.0037180075887590647,0.014906516298651695,0.0035911474842578173,0.003768600756302476,0.6156494617462158,0.35817375779151917,0.00019251368939876556,0.3657260197214782,0.6342739856336266
ISIC_0033578,mel,0.2755199074745178,0.7244800925254822,8.550174470656202e-07,6.660339835207196e-08,0.9986345171928406,5.5059356185438446e-08,0.0012099015293642879,0.00015460576105397195,4.8344826808488506e-08,0.9987892263580775,0.0012108231502097055
ISIC_0033603,mel,0.7509337216615677,0.2490662783384323,0.008125241845846176,0.018135035410523415,0.0010400050086900592,0.000327929767081514,0.1538415551185608,0.3188066780567169,0.4997235834598541,0.8198981962923426,0.18010183237493038
ISIC_0033612,mel,0.9580209031701088,0.041979096829891205,0.00687554432079196,0.004218636080622673,0.013858930207788944,0.0012528816005215049,0.22970665991306305,0.7425065040588379,0.0015808430034667253,0.7591991588706151,0.24080084031447768
ISIC_0033638,mel,0.9199125990271568,0.08008740097284317,0.000295319507131353,0.0006275949999690056,0.011921927332878113,0.00018545277998782694,0.0014685374917462468,0.9854293465614319,7.190375617938116e-05,0.9976086304304772,0.0023914519988466054
ISIC_0033655,mel,0.2786595821380615,0.7213404178619385,5.060088005848229e-05,1.2874344974989071e-05,6.182137440191582e-05,4.672469458455453e-06,0.9564058780670166,0.04345890134572983,5.16729824084905e-06,0.04353056248783105,0.9564693532920501
ISIC_0033679,mel,0.34136396646499634,0.6586360335350037,0.004639247432351112,0.004250506404787302,0.0018060285365208983,0.2141575962305069,0.7625377178192139,0.011628630571067333,0.000980245997197926,0.22857250133529305,0.7714274716563523
ISIC_0033710,mel,0.29596859216690063,0.7040314078330994,0.0003284048580098897,0.030047334730625153,0.0019203461706638336,4.767885911860503e-05,0.9627501964569092,0.001993960002437234,0.0029121055267751217,0.006874090558994794,0.9931259360455442
ISIC_0033752,mel,0.18918776512145996,0.81081223487854,0.013279774226248264,0.00016486716049257666,0.17035652697086334,0.00025993213057518005,0.7786215543746948,0.0368565134704113,0.00046085886424407363,0.2079338314360939,0.7920661957614357
ISIC_0033773,mel,0.5783186852931976,0.42168131470680237,0.0039923531003296375,0.0006191987777128816,0.0331084206700325,0.00046985168592073023,0.847358763217926,0.1130862683057785,0.0013650578912347555,0.1480295985529665,0.8519703150959685
ISIC_0033801,mel,0.27703768014907837,0.7229623198509216,1.2583480383909773e-05,0.00016926669923122972,0.0007110623992048204,0.0016049264231696725,0.7249468564987183,0.2724766135215759,7.860753976274282e-05,0.27487120988371316,0.7251287066783334
ISIC_0033831,mel,0.33273446559906006,0.6672655344009399,0.0006349562318064272,0.0003183648223057389,0.0004548637371044606,0.0003875901165883988,0.9631822109222412,0.03483324125409126,0.0001888255646917969,0.03586452067247592,0.9641355319763534
ISIC_0033863,mel,0.3562300205230713,0.6437699794769287,0.00013107559061609209,6.265106640057638e-05,0.0035643503069877625,0.0010069572599604726,0.9756592512130737,0.019564969465136528,1.0739065146481153e-05,0.024147016097231244,0.9758529778700904
ISIC_0033883,mel,0.5215538442134857,0.4784461557865143,5.0172526243841276e-05,2.2718721083947457e-05,0.10944996029138565,0.0007171457982622087,0.7099043726921082,0.17984305322170258,1.2555315151985269e-05,0.2900227146265024,0.7099772639394359
ISIC_0033886,mel,0.8525735139846802,0.14742648601531982,0.0006302540423348546,0.00025197913055308163,0.000982002355158329,0.0014125591842457652,0.9529070854187012,0.0438026562333107,1.3393279004958458e-05,0.04621061105171975,0.9537893185915891
ISIC_0033902,mel,0.49589383602142334,0.5041061639785767,2.6250507289660163e-05,0.024647613987326622,0.001712281140498817,0.007379616145044565,0.16618068516254425,0.7839249968528748,0.016128482297062874,0.809145376435481,0.19085454965716053
ISIC_0033911,mel,0.7636392712593079,0.23636072874069214,6.750887405360118e-05,2.2618527509621345e-05,0.00782817229628563,0.00033044538577087224,0.6110737919807434,0.3802589774131775,0.0004184982681181282,0.3888360933633521,0.6111639193823066
ISIC_0033942,mel,0.22953015565872192,0.7704698443412781,0.07305999845266342,0.0006645032553933561,0.08324066549539566,0.005336361471563578,0.8258631229400635,0.009368175640702248,0.002467245329171419,0.1004124479368329,0.8995876246481203
ISIC_0033968,mel,0.8140635788440704,0.18593642115592957,0.00029063981492072344,0.00010116531484527513,0.0008275607251562178,0.00010226805170532316,0.8402928113937378,0.1582660675048828,0.00011950384214287624,0.15931540012388723,0.8406846165235038
ISIC_0033981,mel,0.5493878424167633,0.4506121575832367,0.00031946811941452324,3.540426405379549e-05,0.010112815536558628,0.000346514891134575,0.8872934579849243,0.10175454616546631,0.00013779770233668387,0.1123516742954962,0.8876483303683926
ISIC_0033995,mel,0.8758122324943542,0.12418776750564575,0.0015454401727765799,0.01923256553709507,0.3528216481208801,0.0001624282740522176,0.5116084814071655,0.10790619254112244,0.006723298691213131,0.4676135676272679,0.5323864871170372
ISIC_0034000,mel,0.7542189806699753,0.24578101933002472,6.802320058341138e-06,1.4789909528190037e-06,5.131446596351452e-05,6.327260507532628e-06,0.9989619255065918,0.0009716898784972727,4.430926026088855e-07,0.0010297746975709288,0.998970206817603
ISIC_0034005,mel,0.8022855371236801,0.19771446287631989,0.0020128858741372824,0.0076150959357619286,0.296836256980896,0.04351164028048515,0.34421032667160034,0.3025573194026947,0.0032564911525696516,0.6461617078166455,0.35383830848149955
ISIC_0034034,mel,0.6948805451393127,0.30511945486068726,2.9216469101811526e-06,1.587186852702871e-05,0.007163867820054293,3.68916084880766e-06,0.9891306161880493,0.003679740708321333,3.256970785514568e-06,0.010850554660009948,0.9891494097034865
ISIC_0034085,mel,0.5014548897743225,0.4985451102256775,0.0003003817400895059,0.00012064370821462944,0.0044722529128193855,0.0005383178358897567,0.13714565336704254,0.8572758436203003,0.0001467747351853177,0.8624331891041948,0.13756667881534668
ISIC_0034089,mel,0.6598625779151917,0.34013742208480835,0.0007067644037306309,0.0013045729137957096,0.004589937627315521,0.00036451785126701,0.9642394185066223,0.028589140623807907,0.0002056184457615018,0.03374921454815194,0.9662507558241487
ISIC_0034145,mel,0.4113338589668274,0.5886661410331726,0.0001731301163090393,2.705151928239502e-05,0.009123172610998154,0.00016604283882770687,0.6480305790901184,0.3424122929573059,6.778637907700613e-05,0.3517692947862088,0.6482307607257098
ISIC_0034173,mel,0.9486573375761509,0.051342662423849106,0.0026268416550010443,0.010434778407216072,0.08221607655286789,0.0009809165494516492,0.74333655834198,0.15942305326461792,0.0009817411191761494,0.2436017874861136,0.7563981784041971
ISIC_0034236,mel,0.9145566299557686,0.08544337004423141,0.0007389003876596689,0.0010164562845602632,0.00032893664319999516,0.0024738393258303404,0.46277013421058655,0.5324877500534058,0.00018391254707239568,0.5354744385695085,0.4645254908828065
ISIC_0034246,mel,0.3261669874191284,0.6738330125808716,8.567668373871129e-06,1.1006912927769008e-06,3.217283301637508e-05,3.1311981729231775e-05,0.9564131498336792,0.043506134301424026,7.612208719365299e-06,0.043577231324889,0.9564228181933458
ISIC_0034263,mel,0.27811408042907715,0.7218859195709229,0.002239527413621545,9.902350575430319e-05,0.004817720968276262,0.00019833289843518287,0.8478270769119263,0.14461162686347961,0.00020667481294367462,0.14983435554313473,0.8501656278313021
ISIC_0034287,mel,0.17852628231048584,0.8214737176895142,8.809777682472486e-06,0.0004551620804704726,0.974653959274292,9.841740393312648e-06,0.008896462619304657,0.015849340707063675,0.0001263643498532474,0.9906395060716022,0.009360434477457602
ISIC_0034289,mel,0.8438141345977783,0.15618586540222168,0.00030855252407491207,0.00011208433716092259,0.0038195657543838024,0.0015540510648861527,0.6440675258636475,0.34963709115982056,0.0005011223256587982,0.3555118303047493,0.6444881627248833
ISIC_0034294,mel,0.8375750333070755,0.1624249666929245,0.00035049993311986327,0.0001987962459679693,0.0021940981969237328,5.797003541374579e-05,0.9785547852516174,0.018457835540175438,0.0001859244075603783,0.020895828180073295,0.9791040814307053
ISIC_0024309,nv,0.9374966770410538,0.06250332295894623,0.028983116149902344,0.004194334149360657,0.011583092622458935,0.04369710013270378,0.009048878215253353,0.8976246118545532,0.004868931602686644,0.9577737362124026,0.042226328514516354
ISIC_0024316,nv,0.9223969653248787,0.07760303467512131,0.001087005715817213,2.0036406567669474e-05,0.001515176030807197,0.0014549492625519633,0.005078017245978117,0.9907902479171753,5.4545162129215896e-05,0.9938149183726637,0.0061850593683629995
ISIC_0024319,nv,0.9462363086640835,0.05376369133591652,0.0010534056928008795,0.0006423839367926121,0.04685141518712044,0.0008831566665321589,0.19910147786140442,0.7503697276115417,0.0010984797263517976,0.7992027791915461,0.2007972674909979
ISIC_0024321,nv,0.9963836981914937,0.0036163018085062504,0.0003795086813624948,0.03236309811472893,0.02113795466721058,0.06505734473466873,0.008438012562692165,0.8577449917793274,0.014879090711474419,0.9588193818926811,0.04118061935878359
ISIC_0024322,nv,0.9988601973745972,0.0011398026254028082,0.00018340018868912011,0.013441764749586582,0.0007167524890974164,0.006540901958942413,0.001497603370808065,0.8620291948318481,0.1155904158949852,0.9848772651748732,0.015122768309083767
ISIC_0024339,nv,0.9861100371927023,0.013889962807297707,0.0005402081878855824,0.0005409265868365765,0.0007763482863083482,0.0008520603878423572,0.0016082505462691188,0.9950857758522034,0.0005964105948805809,0.9973105951212347,0.0026893853209912777
ISIC_0024343,nv,0.6076788902282715,0.3923211097717285,0.0017908571753650904,0.00031213360489346087,0.007357061840593815,0.00041608864557929337,0.20239831507205963,0.7875028848648071,0.00022271534544415772,0.7954987506964244,0.20450130585231818
ISIC_0024344,nv,0.5067002177238464,0.49329978227615356,0.00383387110196054,0.0024755646008998156,0.5010789036750793,0.017063887789845467,0.4170861542224884,0.05770987644791603,0.0007517616613768041,0.5766044295742176,0.42339558992534876
ISIC_0024349,nv,0.7056380808353424,0.2943619191646576,0.0031548531260341406,0.001822885125875473,0.0023782989010214806,0.00033318475470878184,0.10648400336503983,0.8830155730247498,0.002811257028952241,0.8885383137094323,0.11146174161694944
ISIC_0024352,nv,0.8219828903675079,0.17801710963249207,0.0003136179002467543,0.0002811257727444172,0.0021029801573604345,0.00014197189011611044,0.6146166920661926,0.3822213411331177,0.0003223697713110596,0.3847886629519053,0.6152114357391838
ISIC_0024355,nv,0.9706211611628532,0.02937883883714676,0.0007794148987159133,0.0003658933565020561,0.0003563064383342862,0.0015366432489827275,0.007413814775645733,0.9892663955688477,0.000281466287560761,0.9914408115437254,0.008559123030863702
ISIC_0024361,nv,0.3404392600059509,0.6595607399940491,0.0005513522191904485,7.05182901583612e-05,0.0006350851617753506,0.0009075177367776632,0.042170200496912,0.9553689956665039,0.0002963691658806056,0.9572079677309375,0.04279207100626081
ISIC_0024368,nv,0.9795572608709335,0.020442739129066467,5.022045661462471e-05,7.791571988491341e-05,0.007359292358160019,0.00045521644642576575,0.00014401711814571172,0.9917608499526978,0.0001525425468571484,0.9997279013041407,0.00027215329464524984
ISIC_0024369,nv,0.917461097240448,0.082538902759552,0.00044824110227636993,0.00020424777176231146,0.0004628609458450228,0.0016824741614982486,0.005031359847635031,0.9919275045394897,0.00024343872792087495,0.9943162783747539,0.005683848721673712
ISIC_0024373,nv,0.9606467001140118,0.039353299885988235,0.00895475223660469,0.004020355176180601,0.001074593747034669,0.009640680626034737,0.0010026968084275723,0.9742441177368164,0.0010628292802721262,0.9860222213901579,0.013977804221212864
ISIC_0024377,nv,0.8294866532087326,0.1705133467912674,0.0007510498980991542,0.0010709147900342941,0.002313745440915227,0.0007185593713074923,0.07885073125362396,0.9161065220832825,0.00018842438294086605,0.9193272512784461,0.08067269594175741
ISIC_0024389,nv,0.9918414251878858,0.008158574812114239,9.10974049475044e-05,0.00011966103193117306,0.00016204627172555774,0.0003598913026507944,0.0003674697072710842,0.9986932873725891,0.00020654482068493962,0.9994217697676504,0.0005782281441497616
ISIC_0024401,nv,0.9825817476958036,0.017418252304196358,9.572531416779384e-05,4.452107532415539e-05,0.00036803053808398545,0.0005472888587974012,0.00018303791875950992,0.9984424710273743,0.000319000449962914,0.9996767908742186,0.00032328430825145915
ISIC_0024405,nv,0.9793547168374062,0.02064528316259384,0.00042791885789483786,0.001210539136081934,0.0009429010096937418,0.00894988514482975,0.007252471521496773,0.972905695438385,0.008310528472065926,0.9911090100649744,0.008890929515473545
ISIC_0024416,nv,0.8469636142253876,0.15303638577461243,0.001042944029904902,0.012213800102472305,0.18721549212932587,0.004507704172283411,0.03677980601787567,0.7565993666648865,0.001640924485400319,0.9499634874518961,0.05003655015025288
ISIC_0024417,nv,0.9758861567825079,0.024113843217492104,0.0005698847817257047,7.651613123016432e-05,0.0011674044653773308,0.001762240775860846,0.013079279102385044,0.9817842245101929,0.0015604028012603521,0.9862742725526914,0.013725680015340913
ISIC_0024430,nv,0.8973581045866013,0.10264189541339874,3.819211997324601e-05,3.54435142071452e-05,7.59769172873348e-05,1.4050277741262107e-06,0.00011349098349455744,0.9997223019599915,1.313679513259558e-05,0.9998128207001855,0.00018712661767494865
ISIC_0024434,nv,0.9722972549498081,0.02770274505019188,0.0016884624492377043,0.005380884278565645,0.0009734015329740942,0.004649628885090351,0.0030786055140197277,0.9509072303771973,0.03332174941897392,0.9898520102142356,0.010147952241823077
ISIC_0024440,nv,0.9705733954906464,0.029426604509353638,0.00013826937356498092,1.9514818632160313e-05,0.00023022128152661026,0.0009112264961004257,4.2637086153263226e-05,0.9986200332641602,3.817690958385356e-05,0.999799657951371,0.00020042127835040446
ISIC_0024451,nv,0.9902098886668682,0.00979011133313179,0.000536117353476584,0.0007244087173603475,0.0007607674924656749,0.011336106806993484,0.005326065234839916,0.9802385568618774,0.0010780205484479666,0.9934134517097846,0.006586591305676848
ISIC_0024455,nv,0.9601529128849506,0.03984708711504936,0.0009551970870234072,0.002968838671222329,0.0018631649436429143,0.0031827969942241907,0.0004369269299786538,0.9889138340950012,0.0016791935777291656,0.9956389896105975,0.00436096268822439
ISIC_0024456,nv,0.951927974820137,0.048072025179862976,0.0027353009209036827,0.00026058315415866673,0.0028426824137568474,0.0024129729717969894,0.002864417852833867,0.9877605438232422,0.0011234600096940994,0.9941396592184901,0.0058603019278962165
ISIC_0024473,nv,0.9874139372259378,0.012586062774062157,0.00032550477772019804,0.001108001102693379,0.0015680568758398294,0.002442062133923173,0.0014145135646685958,0.9926530122756958,0.0004888418479822576,0.9971519731334411,0.0028480194450821728
ISIC_0024476,nv,0.5358219146728516,0.46417808532714844,0.00995128694921732,0.0022352407686412334,0.6452789902687073,0.0002853129990398884,0.25402700901031494,0.08800864964723587,0.00021353781630750746,0.7337864907312905,0.2662135367281735
ISIC_0024478,nv,0.8233851045370102,0.1766148954629898,0.01047380082309246,0.005281873047351837,0.0059435442090034485,0.009750833734869957,0.0056034293957054615,0.9556251168251038,0.007321450859308243,0.9786409456282854,0.02135910326614976
ISIC_0024486,nv,0.9954090705141425,0.004590929485857487,0.0016293068183586001,0.0018379775574430823,0.005586615297943354,0.0036179693415760994,0.002003892557695508,0.9711883068084717,0.014135962352156639,0.9945288538001478,0.0054711769334971905
ISIC_0024507,nv,0.9456427842378616,0.05435721576213837,4.2424486309755594e-05,2.1741190721513703e-05,0.00019248542957939208,0.00022963329683989286,0.0015392476925626397,0.9979625940322876,1.1937095223402139e-05,0.9983966498539303,0.001603413369593909
ISIC_0024508,nv,0.8939797878265381,0.10602021217346191,0.00017106301675084978,7.252740033436567e-05,0.0006359479739330709,0.00016588617290835828,0.0008579330169595778,0.9979379773139954,0.00015861775318626314,0.998898429214023,0.0011015234340447932
ISIC_0024509,nv,0.7514948397874832,0.24850516021251678,0.0010141358943656087,0.004352039657533169,0.0016898508183658123,0.00041645599412731826,0.00015353858179878443,0.990467369556427,0.0019066283712163568,0.9944803047401365,0.005519714133697562
ISIC_0024518,nv,0.521481454372406,0.478518545627594,0.0010205854196101427,0.00040064079803414643,0.0007688349578529596,0.000738611095584929,0.6809014081954956,0.3148699402809143,0.0013000356266275048,0.3176774219609797,0.6823226344131399
ISIC_0024523,nv,0.7207826375961304,0.27921736240386963,0.00028945854865014553,0.00014689807721879333,0.0013758764835074544,0.0009867798071354628,0.00017822689551394433,0.9968690276145935,0.00015372151392512023,0.9993854054191615,0.0006145835213828832
ISIC_0024529,nv,0.7066573202610016,0.2933426797389984,0.0007294649840332568,0.00021626765374094248,0.007267299108207226,0.0003544315986800939,0.059382762759923935,0.9317360520362854,0.0003137147577945143,0.9396714975009672,0.060328495397698134
ISIC_0024531,nv,0.9581278264522552,0.04187217354774475,8.400795923080295e-05,3.3114865800598636e-05,0.0012751873582601547,0.0002282085915794596,0.00020610970386769623,0.9979446530342102,0.00022884213831275702,0.9996768911223626,0.0003232325288990978
ISIC_0024532,nv,0.9726505111902952,0.02734948880970478,0.022439662367105484,0.017859896644949913,0.009565357118844986,0.05588122457265854,0.004212815314531326,0.8830115795135498,0.007029499392956495,0.9554876605980098,0.04451237432658672
ISIC_0024538,nv,0.6941516399383545,0.3058483600616455,0.001691366545855999,0.006979932077229023,0.0654243677854538,0.0002060930710285902,0.42014288902282715,0.5053352117538452,0.00022014100977685302,0.5711858136201045,0.42881418764591217
ISIC_0024541,nv,0.9969180428888649,0.003081957111135125,0.00018768069276120514,0.0001528890716144815,9.527117799734697e-05,0.00048650175449438393,0.00037416748818941414,0.9984753727912903,0.00022825984342489392,0.9992854055672069,0.0007147372525651008
ISIC_0024584,nv,0.9662696048617363,0.0337303951382637,0.00039790355367586017,6.471090455306694e-05,0.000161805612151511,0.001313974498771131,0.004268442280590534,0.993678629398346,0.0001145116111729294,0.9952689211204415,0.004731056738819461
ISIC_0024593,nv,0.8940311446785927,0.10596885532140732,0.00011867797002196312,4.225187240081141e-06,5.350994615582749e-05,0.0002818403590936214,0.002206736244261265,0.9973293542861938,5.60013904760126e-06,0.9976703047304909,0.002329639401523309
ISIC_0024599,nv,0.7915046811103821,0.20849531888961792,0.02675507590174675,0.010487477295100689,0.008225908502936363,0.015803230926394463,0.0810687243938446,0.8528699278831482,0.004789676982909441,0.8816887442953885,0.11831127759069204
ISIC_0024605,nv,0.9714635703712702,0.02853642962872982,0.002114413771778345,0.0011580835562199354,0.008502482436597347,0.012347477488219738,0.0018681655637919903,0.950926661491394,0.023082755506038666,0.9948593769222498,0.005140662891790271
ISIC_0024609,nv,0.7509661465883255,0.2490338534116745,0.0034849971998482943,0.002305142115801573,0.006392583250999451,0.0032906951382756233,0.004330804571509361,0.9771111607551575,0.003084578551352024,0.9898790176957846,0.010120943887159228
ISIC_0024629,nv,0.8009490519762039,0.19905094802379608,0.0012322444235906005,0.0003617306356318295,0.012114222161471844,0.0035915696062147617,0.0016562978271394968,0.9798881411552429,0.0011556996032595634,0.9967496325261891,0.003250272886361927
ISIC_0024631,nv,0.9828636795282364,0.01713632047176361,0.0005797945195809007,1.0490671229490545e-05,9.010007488541305e-05,0.0002752411528490484,0.000432779808761552,0.9984960556030273,0.0001155742138507776,0.9989769710446126,0.0010230649995719432
ISIC_0024636,nv,0.9972524461336434,0.0027475538663566113,0.010766263119876385,0.004584017675369978,0.04002533107995987,0.04715167358517647,0.022813506424427032,0.8638775944709778,0.010781675577163696,0.9618362747132778,0.038163787219673395
ISIC_0024645,nv,0.595307320356369,0.404692679643631,0.00021632482821587473,0.00011384014214854687,0.0004816088476218283,0.0005945456214249134,0.003108225530013442,0.9952143430709839,0.00027110136579722166,0.9965615989058279,0.0034383905003778636
ISIC_0024649,nv,0.8648090064525604,0.13519099354743958,0.006684368941932917,0.010616817511618137,0.05610278621315956,0.007238372694700956,0.036960240453481674,0.8745424151420593,0.007855151779949665,0.9457387258298695,0.05426142690703273
ISIC_0024658,nv,0.9932683031074703,0.006731696892529726,0.00030122321913950145,8.220131712732837e-05,0.0003479465958662331,0.0004711150540970266,0.0011546409223228693,0.9974914789199829,0.00015146743680816144,0.9984620080067543,0.0015380654585896991
ISIC_0024659,nv,0.9302540346980095,0.06974596530199051,0.00016736680117901415,0.000529985933098942,0.00651004770770669,0.0001757854042807594,2.9060143788228743e-05,0.9921906590461731,0.0003970743855461478,0.9992735665437067,0.0007264128780661849
ISIC_0024661,nv,0.9911794504150748,0.008820549584925175,0.0003028336795978248,0.0012632537400349975,0.0061518289148807526,0.00623262207955122,0.0022483663633465767,0.9816982746124268,0.0021027917973697186,0.9961855174042284,0.003814453782979399
ISIC_0024671,nv,0.999080054985825,0.0009199450141750276,1.47968930832576e-05,1.4533505236613564e-05,2.0384923118399456e-05,0.00015182567585725337,1.9294793673907407e-05,0.9996294975280762,0.00014961001579649746,0.9999513181428483,4.862519199377857e-05
ISIC_0024683,nv,0.865490585565567,0.13450941443443298,1.7110807675635442e-05,0.00032445439137518406,0.05102834478020668,0.00015142769552767277,0.12492728978395462,0.8235007524490356,5.054557914263569e-05,0.8747310705039126,0.12526885498300544
ISIC_0024689,nv,0.9864763915538788,0.013523608446121216,0.00043344308505766094,0.0005393717437982559,0.0007605483988299966,0.0013129198923707008,0.014031360857188702,0.9815630912780762,0.0013592704199254513,0.9849958299892023,0.015004175686044618
ISIC_0024694,nv,0.632165402173996,0.36783459782600403,5.556584073929116e-05,6.817466783104464e-06,0.0005592895322479308,0.0007448277901858091,0.002288466552272439,0.9963163137435913,2.8719201509375125e-05,0.9976491502675344,0.0023508498597948346
ISIC_0024703,nv,0.9650146514177322,0.03498534858226776,0.0001902696385513991,9.761827095644549e-05,0.0008202365133911371,0.0014166411710903049,0.0010809964733198285,0.9950946569442749,0.0012995926663279533,0.9986311272950843,0.001368884382827673
ISIC_0024717,nv,0.9948369269259274,0.005163073074072599,0.005859172437340021,0.005541774444282055,0.017892271280288696,0.0721968412399292,0.0039296820759773254,0.8842675685882568,0.01031265128403902,0.9846693323925138,0.015330628957599401
ISIC_0024721,nv,0.6776789426803589,0.3223210573196411,0.007672858890146017,0.03767148777842522,0.01680338755249977,0.0180974043905735,0.14759284257888794,0.770723283290863,0.0014387702103704214,0.8070628454443067,0.19293718924745917
ISIC_0024730,nv,0.8310649693012238,0.16893503069877625,0.00010724303865572438,6.354333163471892e-05,0.0006702485261484981,0.00010634871432557702,0.8353300094604492,0.1636626422405243,5.999449058435857e-05,0.16449923397158273,0.8355007958307397
ISIC_0024738,nv,0.9627074338495731,0.037292566150426865,0.000274737918516621,8.451406029053032e-05,0.0014875760534778237,0.006279021967202425,0.0006500967429019511,0.9906152486801147,0.0006088007939979434,0.9989906474947929,0.0010093487217091024
ISIC_0024742,nv,0.9774831272661686,0.022516872733831406,0.0005271763075143099,9.864205640042201e-05,0.0032835279125720263,0.0011495525250211358,0.00027819385286420584,0.9935564398765564,0.001106369192712009,0.9990958895068616,0.0009040122167789377
ISIC_0024751,nv,0.7964441478252411,0.2035558521747589,0.000489485333673656,0.00045585425687022507,0.0029804373625665903,0.0048607164062559605,0.00444994680583477,0.9841932654380798,0.002570308977738023,0.9946047281846404,0.005395286396378651
ISIC_0024752,nv,0.9185997396707535,0.08140026032924652,0.00048258324386551976,0.004464009776711464,0.011900750920176506,0.007206656504422426,0.31955385208129883,0.6521954536437988,0.004196605645120144,0.6754994667135179,0.3245004451018758
ISIC_0024753,nv,0.9707879330962896,0.029212066903710365,0.0004437400202732533,0.0010444162180647254,0.018161769956350327,0.0023642706219106913,0.0013708171900361776,0.9740343689918518,0.00258054886944592,0.9971409584395587,0.0028589734283741564
ISIC_0024759,nv,0.9870856925845146,0.012914307415485382,0.0001737965940264985,0.0006616954924538732,0.0004062130756210536,0.0022646517027169466,0.0003591095737647265,0.9939475059509277,0.002186931436881423,0.9988053021661472,0.0011946016602450982
ISIC_0024766,nv,0.9965668187942356,0.003433181205764413,0.00021511389059014618,0.0018085967749357224,0.0003462816239334643,0.001116983243264258,0.005481910891830921,0.9880025386810303,0.0030284759122878313,0.9924942794605158,0.00750562155735679
ISIC_0024783,nv,0.9724471643567085,0.027552835643291473,1.5138586604734883e-05,3.316849642942543e-06,6.336733349598944e-05,5.399546353146434e-05,2.702713754842989e-05,0.9998121857643127,2.4968210709630512e-05,0.9999545167720498,4.548257379610732e-05
ISIC_0024785,nv,0.9839156549423933,0.016084345057606697,0.0001778738951543346,0.0002744404482655227,0.000764615775551647,0.0018459472339600325,0.0020072422921657562,0.9947664737701416,0.0001634494838071987,0.9975404862634605,0.0024595566355856135
ISIC_0024791,nv,0.9920494575053453,0.007950542494654655,0.00013299538113642484,0.0001953595201484859,0.00042355115874670446,0.0011564254527911544,0.00035453360760584474,0.7956861257553101,0.20205090939998627,0.9993170117668342,0.0006828885088907555
ISIC_0024804,nv,0.9343739673495293,0.06562603265047073,0.0024498123675584793,0.0019371162634342909,0.010772526264190674,0.016088562086224556,0.007862275466322899,0.9447827339172363,0.01610708236694336,0.9877509046345949,0.012249204097315669
ISIC_0024807,nv,0.9894320983439684,0.010567901656031609,0.0006691126036457717,0.0008317859028466046,0.013278705067932606,0.004227032884955406,0.0005795233300887048,0.9784010648727417,0.002012761775404215,0.9979195646010339,0.002080421836581081
ISIC_0024826,nv,0.9711693674325943,0.0288306325674057,0.004554646089673042,0.0008668661466799676,0.001161402091383934,0.003158183302730322,0.008913933299481869,0.9796897172927856,0.0016552344895899296,0.9856645371764898,0.014335445535834879
ISIC_0024827,nv,0.4420912265777588,0.5579087734222412,0.0002502074930816889,0.0005703449132852256,0.9555749297142029,2.5018268843268743e-06,0.017956538125872612,0.025614574551582336,3.0836024961899966e-05,0.9812228421176314,0.018777090532239527
ISIC_0024852,nv,0.6111322641372681,0.38886773586273193,0.0014092939672991633,0.00018185646331403404,0.0032423974480479956,0.005399244371801615,0.004282941576093435,0.9851381778717041,0.00034607978886924684,0.994125899480423,0.005874092006706633
ISIC_0024854,nv,0.9808184131979942,0.019181586802005768,0.0002476006338838488,0.00010978696082020178,0.0046289218589663506,0.00033578858710825443,0.003509771777316928,0.990319013595581,0.0008491509361192584,0.9961328749777749,0.0038671593720209785
ISIC_0024861,nv,0.9274662062525749,0.07253379374742508,0.0076565309427678585,0.0019030225230380893,0.016681045293807983,0.025145012885332108,0.004054947756230831,0.9427839517593384,0.0017754111904650927,0.9863854211289436,0.013614501222036779
ISIC_0024863,nv,0.9683909900486469,0.03160900995135307,0.0385243259370327,0.01068123895674944,0.08544710278511047,0.0026302083861082792,0.15575262904167175,0.6994274258613586,0.007537071127444506,0.7950418081600219,0.2049581939354539
ISIC_0024868,nv,0.993277377448976,0.00672262255102396,6.335420766845345e-05,0.00019128998974338174,0.0019351098453626037,0.0009963181801140308,0.0002539306879043579,0.99598628282547,0.0005737717146985233,0.9994914825656451,0.0005085748853161931
ISIC_0024870,nv,0.9701437838375568,0.02985621616244316,0.00012385286390781403,8.852800965541974e-05,0.001987953670322895,0.00010730139183579013,0.013130157254636288,0.9844089150428772,0.0001533882023068145,0.9866575583073427,0.013342538128199521
ISIC_0024882,nv,0.7891541868448257,0.21084581315517426,0.003132229670882225,0.0053665838204324245,0.6602824926376343,0.0024988679215312004,0.012784251011908054,0.31471872329711914,0.0012168276589363813,0.978716911515221,0.021283064503222704
ISIC_0024887,nv,0.9963831345085055,0.0036168654914945364,0.00031272927299141884,1.1889856068592053e-05,3.235979602322914e-05,7.212201580841793e-06,0.0003392440266907215,0.9992951154708862,1.3675922900802107e-06,0.9993360550607804,0.0006638631557507324
ISIC_0024888,nv,0.9845745004713535,0.015425499528646469,0.0012120057363063097,0.0031586361583322287,0.0003247749409638345,0.002636110642924905,0.001512671122327447,0.9445931911468506,0.04656260833144188,0.9941166850621812,0.005883313016965985
ISIC_0024891,nv,0.5265205204486847,0.4734794795513153,5.2195820899214596e-05,0.0005076993838883936,0.015317530371248722,1.2618236269190675e-06,0.0023628573399037123,0.9817155003547668,4.292684388929047e-05,0.9970772193935318,0.0029227525446913205
ISIC_0024895,nv,0.9516208581626415,0.048379141837358475,2.4555343770771287e-05,3.195271347067319e-05,0.0010070835705846548,3.317164373584092e-05,0.00011884367995662615,0.998571515083313,0.00021284435933921486,0.9998246146569727,0.00017535173719807062
ISIC_0024899,nv,0.1581752896308899,0.8418247103691101,0.00258069159463048,0.0001365956850349903,0.037911657243967056,0.0004480540519580245,0.22082969546318054,0.737947404384613,0.0001459190243622288,0.7764530347049003,0.223546982742846
ISIC_0024905,nv,0.9015209302306175,0.09847906976938248,0.0017708486411720514,0.00025316071696579456,0.0005542354774661362,0.07111378759145737,0.0022451633121818304,0.923589825630188,0.00047297781566157937,0.9957308265147731,0.004269172670319676
ISIC_0024927,nv,0.9816750176250935,0.01832498237490654,0.0020535478834062815,0.009760173968970776,0.01828175224363804,0.008111733943223953,0.0017528189346194267,0.9557398557662964,0.004300164058804512,0.9864335060119629,0.013566540786996484
ISIC_0024937,nv,0.9144790768623352,0.0855209231376648,0.010516439564526081,0.0015707496786490083,0.006883257534354925,0.004142196383327246,0.11858966946601868,0.8580776453018188,0.0002200253220507875,0.8693231245415518,0.13067685870919377
ISIC_0024938,nv,0.08387184143066406,0.9161281585693359,0.0025657445657998323,0.00550898676738143,0.0023457040078938007,0.0011505037546157837,0.6815613508224487,0.3055081069469452,0.001359623740427196,0.31036393844988197,0.68963608215563
ISIC_0024942,nv,0.9610973559319973,0.0389026440680027,0.003108141478151083,0.003255858551710844,0.00753721734508872,0.001182172680273652,0.0055080256424844265,0.9761412143707275,0.003267372027039528,0.9881279764231294,0.011872025672346354
ISIC_0024944,nv,0.6025236248970032,0.3974763751029968,0.00024037480761762708,8.663619155413471e-06,0.0010672968346625566,0.0011871226597577333,0.006828855723142624,0.9906370043754578,3.0765626434003934e-05,0.9929221894963121,0.0070778941499156645
ISIC_0024957,nv,0.9747663903981447,0.025233609601855278,0.004963770508766174,0.0024864680599421263,0.002814569976180792,0.024778584018349648,0.004789861384779215,0.9515421390533447,0.008624627254903316,0.9877599203027785,0.012240099953487515
ISIC_0024960,nv,0.8466651439666748,0.1533348560333252,0.0026530055329203606,3.497784200590104e-05,0.0015493041137233377,0.0006252160528674722,0.000813224702142179,0.9942230582237244,0.00010123269021278247,0.996498811080528,0.0035012080770684406
ISIC_0024978,nv,0.9683929458260536,0.03160705417394638,0.010935495607554913,0.0012545188656076789,0.022547880187630653,0.015219955705106258,0.0011265049688518047,0.9476001858711243,0.0013154016342014074,0.9866834233980626,0.013316519442014396
ISIC_0024985,nv,0.9174819663167,0.08251803368330002,0.00016000386676751077,0.00011235014244448394,0.0007224647561088204,0.0013692721258848906,0.0024536263663321733,0.9949306845664978,0.0002515546220820397,0.9972739760705736,0.002725980375544168
ISIC_0024996,nv,0.7171675860881805,0.28283241391181946,0.01589125767350197,0.02621089667081833,0.013744786381721497,0.0031918855383992195,0.04004201292991638,0.8930990695953369,0.007820120081305504,0.9178558615967631,0.08214416727423668
ISIC_0024998,nv,0.9442086927592754,0.055791307240724564,0.0006078999722376466,0.0002056324010482058,0.0032580329570919275,0.0028979373164474964,0.04779624566435814,0.9450116157531738,0.00022269903274718672,0.9513902850594604,0.04860977803764399
ISIC_0025003,nv,0.9829036127775908,0.01709638722240925,0.000582145934458822,0.0006816206150688231,0.0015426818281412125,0.002884186804294586,0.0011160217691212893,0.9915995597839355,0.0015938346041366458,0.997620263020508,0.0023797883186489344
ISIC_0025004,nv,0.9089050143957138,0.0910949856042862,0.001304624485783279,0.005764286033809185,0.004815767984837294,0.026017112657427788,0.001568743959069252,0.9535384774208069,0.0069909547455608845,0.9913623128086329,0.008637654478661716
ISIC_0025015,nv,0.924917109310627,0.07508289068937302,0.0021966288331896067,0.005027784034609795,0.0024007372558116913,0.004061603918671608,0.004453315865248442,0.9754233956336975,0.006436476483941078,0.9883222132921219,0.011677728733047843
ISIC_0025023,nv,0.9492529667913914,0.05074703320860863,0.00011344755330355838,2.9892344173276797e-05,0.00042745485552586615,4.805426942766644e-05,0.00041780181345529854,0.9984500408172607,0.0005132942460477352,0.999438844188262,0.0005611417109321337
ISIC_0025025,nv,0.9750160109251738,0.02498398907482624,0.0006860413122922182,0.00011974470544373617,0.005314997863024473,0.002819416578859091,0.0016715818783268332,0.9882176518440247,0.0011705686338245869,0.9975226349197328,0.0024773678960627876
ISIC_0025026,nv,0.9958123196847737,0.0041876803152263165,0.0012051316443830729,0.0005433932528831065,0.0013126275734975934,0.0013058988843113184,0.0035159823019057512,0.9917913675308228,0.00032565052970312536,0.9947355445183348,0.0052645071991719306
ISIC_0025036,nv,0.976785073056817,0.023214926943182945,0.00023721640172880143,0.0009804205037653446,0.0032646632753312588,0.0015012046787887812,0.0001924133684951812,0.9932885766029358,0.0005355796311050653,0.9985900241881609,0.0014100502739893273
ISIC_0025037,nv,0.8186490535736084,0.1813509464263916,0.00029140847618691623,0.00014877798093948513,0.0003029827494174242,0.0002473092754371464,0.0010123938554897904,0.9978961944580078,0.00010083338565891609,0.9985473198685213,0.0014525803126161918
ISIC_0025042,nv,0.9312474727630615,0.06875252723693848,0.0003482676111161709,0.00025390874361619353,0.001290636952035129,0.0014449259033426642,0.004075850825756788,0.9908017516136169,0.0017846825066953897,0.9953219969756901,0.004678027180489153
ISIC_0025045,nv,0.5164578855037689,0.4835421144962311,0.009172235615551472,0.009490394033491611,0.04068051651120186,0.004575526341795921,0.4039041996002197,0.5315231084823608,0.000654074246995151,0.5774332255823538,0.4225668292492628
ISIC_0025048,nv,0.9207910671830177,0.07920893281698227,0.00243381317704916,0.002235542284324765,0.00257306220009923,0.004711570683866739,0.0025742060970515013,0.9809151887893677,0.004556676372885704,0.9927564980462193,0.0072435615584254265
ISIC_0025057,nv,0.9517244026064873,0.048275597393512726,0.00012402076390571892,0.00010440059850225225,0.0005396950291469693,0.00038018455961719155,0.0027896251995116472,0.9955451488494873,0.0005169528303667903,0.9969819812686183,0.0030180465619196184
ISIC_0025058,nv,0.9929953161627054,0.0070046838372945786,5.147997217136435e-05,1.694000093266368e-05,0.0002752628643065691,1.226096173922997e-05,0.0003681114176288247,0.9990472197532654,0.00022868590895086527,0.999563429488262,0.00043653139073285274
ISIC_0025090,nv,0.7722546309232712,0.22774536907672882,0.0007835272117517889,0.00011677985457936302,0.001230356632731855,0.0010519040515646338,0.020613234490156174,0.9752578139305115,0.0009464225731790066,0.978486497187987,0.021513541556487326
ISIC_0025096,nv,0.7903799265623093,0.20962007343769073,0.0001325906050624326,2.673742528713774e-05,0.005269817542284727,1.8931144950329326e-05,0.0005243350169621408,0.9939903020858765,3.729354648385197e-05,0.9993163443195954,0.0006836630473117111
ISIC_0025098,nv,0.9761007893830538,0.02389921061694622,0.0038421188946813345,0.0003654066822491586,0.006987818516790867,0.0025021671317517757,0.0011048581218346953,0.9845288395881653,0.0006687826826237142,0.9946876079193316,0.0053123836987651885
ISIC_0025117,nv,0.9920624000951648,0.007937599904835224,0.0005081084091216326,0.001905323937535286,0.008653095923364162,0.005792449694126844,0.020725321024656296,0.9184669852256775,0.0439487062394619,0.9768612370826304,0.023138753371313214
ISIC_0025123,nv,0.3620290756225586,0.6379709243774414,0.0004916077596135437,0.0008765481761656702,0.031039366498589516,0.00027135308482684195,0.021088730543851852,0.946136474609375,9.57805968937464e-05,0.9775429747896851,0.022456886479631066
ISIC_0025124,nv,0.8934765383601189,0.10652346163988113,0.0018927326891571283,0.003109317971393466,0.020130794495344162,0.011493134312331676,0.0037241801619529724,0.9549652934074402,0.004684554412961006,0.991273776628077,0.008726230822503567
ISIC_0025129,nv,0.9090385138988495,0.09096148610115051,0.00037061201874166727,0.0010911414865404367,0.03486846387386322,0.0015703770332038403,0.001632623840123415,0.9596379399299622,0.0008288527023978531,0.9969056335394271,0.003094377345405519
ISIC_0025150,nv,0.9336586371064186,0.06634136289358139,0.0008857427164912224,0.0011055987561121583,0.008383884094655514,0.000817897031083703,0.007375138346105814,0.9807468056678772,0.0006848028278909624,0.9906333896215074,0.009366479818709195
ISIC_0025161,nv,0.9832334965467453,0.0167665034532547,0.00011613786045927554,3.957882654503919e-05,0.00016167045396286994,0.0003559045144356787,0.0010213350178673863,0.9976911544799805,0.000614313583355397,0.9988230430317344,0.001177051704871701
ISIC_0025163,nv,0.9626799747347832,0.03732002526521683,0.002675363328307867,0.0015563765773549676,0.0039704409427940845,0.000743913697078824,0.001962170470505953,0.9882752895355225,0.0008164525497704744,0.9938060967251658,0.0061939103761687875
ISIC_0025181,nv,0.9319444894790649,0.06805551052093506,0.00020822872465942055,0.0004626937152352184,0.004680605139583349,0.0004277749976608902,0.012928477488458157,0.981204628944397,8.760402124607936e-05,0.9864006131028873,0.013599399928352796
ISIC_0025184,nv,0.9453181475400925,0.05468185245990753,0.0042633190751075745,0.002580782165750861,0.011041033081710339,0.001208735047839582,0.03778453543782234,0.9266371726989746,0.01648453250527382,0.9553714733337983,0.04462863667868078
ISIC_0025191,nv,0.7469731867313385,0.2530268132686615,0.00045252704876475036,0.00017749842663761228,0.0009896120755001903,0.0007145706913433969,0.0006842240109108388,0.9964900612831116,0.0004915487952530384,0.9986857928452082,0.0013142494863132015
ISIC_0025200,nv,0.8538519740104675,0.14614802598953247,0.0008280673646368086,0.00016871346451807767,0.0015321819810196757,0.003919906448572874,0.0014972916105762124,0.9914503693580627,0.000603527354542166,0.9975059851421975,0.0024940724397310987
ISIC_0025206,nv,0.9472832940518856,0.052716705948114395,5.84886220167391e-05,0.0001089551005861722,0.9552309513092041,4.639916824089596e-06,0.002425301354378462,0.04154866561293602,0.0006229758728295565,0.9974072327117938,0.002592745076981373
ISIC_0025207,nv,0.9950914694927633,0.004908530507236719,0.0009621252538636327,0.00018655572785064578,0.0019935553427785635,0.0011109592160210013,0.001548268017359078,0.9933843016624451,0.0008142630686052144,0.9973030792898498,0.0026969489990733564
ISIC_0025208,nv,0.575548380613327,0.424451619386673,0.0014618426794186234,0.008355524390935898,0.09739307314157486,0.00027908405172638595,0.6624562740325928,0.22995112836360931,0.00010309030767530203,0.32772637586458586,0.6722736411029473
ISIC_0025212,nv,0.9813457541167736,0.018654245883226395,0.00014013820327818394,0.00013447289529722184,0.057448048144578934,0.0005202211905270815,0.00034985324600711465,0.9411656856536865,0.00024147111980710179,0.9993754261085996,0.0006244643445825204
ISIC_0025215,nv,0.9765956625342369,0.023404337465763092,0.0002034952922258526,0.00013530174328479916,0.0007167644216679037,0.0009360462427139282,0.0003137156891170889,0.9973130822181702,0.00038166288868524134,0.9993475557712372,0.0006525127246277407
ISIC_0025224,nv,0.9961108935531229,0.003889106446877122,0.0006750748725607991,0.011126313358545303,0.029185736551880836,0.05615672841668129,0.0036391483154147863,0.8980360627174377,0.0011808701092377305,0.9845593977952376,0.015440536546520889
ISIC_0025233,nv,0.9952624146826565,0.0047375853173434734,2.3124670406104997e-05,1.7437645510653965e-05,9.915995178744197e-05,0.0002942456922028214,0.00021892940276302397,0.9990986585617065,0.0002484266005922109,0.999740490806289,0.00025949171867978293
ISIC_0025236,nv,0.9977700524032116,0.0022299475967884064,3.403719802008709e-06,1.9551822333596647e-05,5.010385575587861e-05,0.0002560537541285157,0.00015266008267644793,0.9994445443153381,7.365000055870041e-05,0.9998243519257812,0.00017561562481205328
ISIC_0025245,nv,0.6299775242805481,0.3700224757194519,0.0001633525243960321,3.4489273730287096e-06,0.0005570537759922445,0.0002487362362444401,0.02332376502454281,0.9754689931869507,0.00023461597447749227,0.9765093991736649,0.02349056647631187
ISIC_0025246,nv,0.9922381634823978,0.007761836517602205,9.904562830342911e-06,1.2376653103274293e-05,0.00021536338317673653,2.543098889873363e-05,0.000249492353759706,0.9990726709365845,0.0004147245199419558,0.9997281898286019,0.0002717735696933232
ISIC_0025256,nv,0.971496282145381,0.028503717854619026,0.06090804934501648,0.002753392793238163,0.8037099838256836,0.006991294678300619,0.008970838971436024,0.11306182295084,0.0036046889144927263,0.9273677903693169,0.07263228110969067
ISIC_0025262,nv,0.4147104024887085,0.5852895975112915,0.0003298413648735732,0.03472103178501129,0.00042646011570468545,7.117382210708456e-06,0.9608109593391418,0.0036731360014528036,3.151027704006992e-05,0.0041382237764082674,0.9958618324890267
ISIC_0025267,nv,0.9709265381097794,0.029073461890220642,0.0001407180679962039,3.252612077631056e-05,0.0012742480030283332,0.00010804685007315129,0.0075903902761638165,0.9907366633415222,0.00011741759954020381,0.9922363757941639,0.007763634464936331
ISIC_0025281,nv,0.8211026042699814,0.17889739573001862,0.0016025599325075746,0.0005341494106687605,0.0019506920361891389,0.0024283123202621937,0.004604893736541271,0.9883397817611694,0.0005396830965764821,0.9932584692141972,0.006741603079717606
ISIC_0025282,nv,0.6712345480918884,0.3287654519081116,0.017418600618839264,0.0018846853636205196,0.005999575834721327,0.024913525208830833,0.0011387491831555963,0.9465616345405579,0.002083318307995796,0.9795580538921058,0.02044203516561538
ISIC_0025290,nv,0.9757079742848873,0.024292025715112686,0.00010978777572745457,0.0002817770291585475,0.00030871338094584644,0.0006823506555519998,0.0005222008912824094,0.9972782731056213,0.0008168455096893013,0.9990861826518085,0.0009137656961684115
ISIC_0025304,nv,0.9990589010412805,0.0009410989587195218,0.0003175383899360895,0.0055816443637013435,0.000547197530977428,0.0026992070488631725,0.0010270625352859497,0.9647427201271057,0.025084637105464935,0.9930737618124112,0.006926245288923383
ISIC_0025318,nv,0.978906637057662,0.02109336294233799,0.0012036396656185389,0.0010722812730818987,0.004520440008491278,0.01968279480934143,0.0024661922361701727,0.9585199356079102,0.012534840032458305,0.9952580104582012,0.00474211317487061
ISIC_0025323,nv,0.9389115124940872,0.06108848750591278,4.291474760975689e-05,6.817581015639007e-05,0.0010036560706794262,5.1291834097355604e-05,0.0879073441028595,0.9109110236167908,1.556223833176773e-05,0.9119815337598993,0.08801843466062564
ISIC_0025327,nv,0.7592660337686539,0.24073396623134613,0.004011296667158604,0.0010780531447380781,0.030312469229102135,0.0014748919056728482,0.6509354114532471,0.31144940853118896,0.0007383928750641644,0.3439751625410281,0.6560247612651438
ISIC_0025338,nv,0.9917126754298806,0.008287324570119381,6.182918150443584e-05,0.0001469972194172442,0.00018516986165195704,0.001345614087767899,0.00024021884019020945,0.997367799282074,0.0006523908814415336,0.9995509741129354,0.0004490452411118895
ISIC_0025354,nv,0.9936667527072132,0.006333247292786837,9.7487929451745e-05,2.7952795790042728e-05,5.488556416821666e-05,0.0012052523670718074,0.000779501860961318,0.9975317716598511,0.0003032232925761491,0.9990951328836672,0.0009049425862031057
ISIC_0025356,nv,0.9250650927424431,0.07493490725755692,0.00038069349830038846,0.00010104887041961774,0.0004167620209045708,0.0010021518683061004,0.0021254669409245253,0.9953674077987671,0.0006063635228201747,0.9973926852107979,0.0026072093096445315
ISIC_0025357,nv,0.9977643999736756,0.0022356000263243914,0.0004310704825911671,0.0005388786667026579,0.0007092386949807405,0.0005294089205563068,0.06377162784337997,0.928672730922699,0.00534694641828537,0.9352583249565214,0.0647415769926738
ISIC_0025359,nv,0.9970971934963018,0.00290280650369823,0.004802537150681019,0.0013458332978188992,0.022935330867767334,0.006507753860205412,0.0008760268683545291,0.9553691148757935,0.008163416758179665,0.9929756163619459,0.007024397316854447
ISIC_0025371,nv,0.9176665917038918,0.08233340829610825,0.0022894246503710747,0.0002195877314079553,0.005830344278365374,0.0014428761787712574,0.010690182447433472,0.9775132536888123,0.0020144411828368902,0.9868009153287858,0.013199194829212502
ISIC_0025372,nv,0.7852563261985779,0.21474367380142212,2.427699109830428e-05,0.0027240344788879156,2.445200334477704e-05,4.518645800999366e-05,0.001063568633981049,0.9959397315979004,0.00017871829913929105,0.9961880883583945,0.003811880103967269
ISIC_0025375,nv,0.9806848540902138,0.019315145909786224,0.00022203863773029298,0.00013980461517348886,0.00048016937216743827,0.004873269237577915,0.00166773097589612,0.9921663999557495,0.00045057112583890557,0.9979704096913338,0.002029574228799902
ISIC_0025400,nv,0.9153553694486618,0.0846446305513382,0.001530138892121613,0.0016317324480041862,0.013834098353981972,0.007808632217347622,0.03448183462023735,0.9400330781936646,0.0006804682780057192,0.9623562770429999,0.03764370596036315
ISIC_0025437,nv,0.9711705483496189,0.028829451650381088,0.00019402834004722536,0.00035755615681409836,0.0013101724907755852,0.0036093329545110464,0.011926411651074886,0.9823290705680847,0.00027345787384547293,0.9875220338872168,0.01247799614793621
ISIC_0025445,nv,0.9745573811233044,0.025442618876695633,0.0007233495707623661,0.00025686112348921597,0.0002863457484636456,0.000505060248542577,0.0005633676773868501,0.9963544607162476,0.0013105941470712423,0.998456460860325,0.0015435783716384321
ISIC_0025447,nv,0.9307693168520927,0.06923068314790726,9.632900764700025e-05,7.28174636606127e-05,0.0007175636128522456,0.00037169575807638466,0.016050543636083603,0.9822332859039307,0.00045787537237629294,0.9837804206472356,0.016219690107391216
ISIC_0025458,nv,0.9273655265569687,0.07263447344303131,1.9833529222523794e-05,5.870044697076082e-05,0.0035769399255514145,6.423758895834908e-05,0.00011288971290923655,0.9960156083106995,0.00015181211347226053,0.9998085979386815,0.00019142368910252117
ISIC_0025480,nv,0.9906847570091486,0.009315242990851402,0.002365181455388665,0.001365969772450626,0.007129258941859007,0.005664733238518238,0.0012716219061985612,0.9488502144813538,0.033353082835674286,0.9949972894974053,0.005002773134037852
ISIC_0025486,nv,0.9986770687391981,0.0013229312608018517,0.0005096830427646637,0.00017266880604438484,0.0008048893068917096,0.0019042041385546327,0.0004814770072698593,0.9956974983215332,0.0004294823156669736,0.9988360740826465,0.0011638288560789078
ISIC_0025488,nv,0.9662809371948242,0.03371906280517578,0.00020561764540616423,0.0034555622842162848,0.00462463079020381,0.0010680234991014004,0.011096421629190445,0.9787534475326538,0.0007962217787280679,0.9852423236006871,0.014757601558812894
ISIC_0025491,nv,0.8532357811927795,0.14676421880722046,0.0008602574816904962,2.5801349693210796e-05,0.0004635844670701772,0.0004910898860543966,0.27789270877838135,0.7191306948661804,0.0011357928160578012,0.7212211620353628,0.27877876760976505
ISIC_0025497,nv,0.9593123085796833,0.040687691420316696,0.0014391662552952766,0.0003729283344000578,0.004978489596396685,0.0027603369671851397,0.0026916987262666225,0.9863037467002869,0.0014535686932504177,0.9954961419571191,0.004503793315961957
ISIC_0025502,nv,0.9894284075126052,0.01057159248739481,0.0007753559621050954,0.00026211838121525943,0.0007980660884641111,0.0006585067021660507,0.0008921846747398376,0.9954492449760437,0.0011645184131339192,0.9980703361798078,0.0019296590180601925
ISIC_0025506,nv,0.2377004623413086,0.7622995376586914,0.003525800071656704,0.00020515512733254582,0.0057620457373559475,0.005386854987591505,0.026681702584028244,0.9583460688591003,9.23951156437397e-05,0.9695873646996915,0.030412657783017494
ISIC_0025508,nv,0.9991605037939735,0.0008394962060265243,0.0001981074019568041,0.00039567577186971903,0.0001673934020800516,0.0010912047000601888,0.001260798773728311,0.9961791038513184,0.0007077220943756402,0.9981454240478342,0.0018545819475548342
ISIC_0025514,nv,0.8894720897078514,0.11052791029214859,0.0010263650910928845,0.001178090344183147,0.002317196223884821,0.0071241953410208225,0.01580202765762806,0.9702479839324951,0.002304085763171315,0.9819934612605721,0.01800648309290409
ISIC_0025516,nv,0.34879785776138306,0.6512021422386169,0.0007387777441181242,6.389787449734285e-05,0.003350763116031885,0.0003710005257744342,0.06210913136601448,0.9329382181167603,0.00042816466884687543,0.9370881464274134,0.06291180698462995
ISIC_0025523,nv,0.9962980465497822,0.003701953450217843,0.0026112666819244623,0.004600849933922291,0.005231777671724558,0.0048875086940824986,0.0015872076619416475,0.9554960131645203,0.025585483759641647,0.991200783289969,0.0087993242777884
ISIC_0025544,nv,0.9962450270541012,0.0037549729458987713,0.00029733116389252245,0.00011659367009997368,0.013534141704440117,0.0015438139671459794,0.001021579373627901,0.9824888706207275,0.0009976985165849328,0.9985645248088986,0.0014355042076203972
ISIC_0025551,nv,0.9851937461644411,0.014806253835558891,0.0004956481861881912,0.000429099309258163,0.0006665781256742775,0.00251764222048223,0.0006570231053046882,0.9947132468223572,0.0005206255591474473,0.9984180927276611,0.0015817706007510424
ISIC_0025552,nv,0.9941141093149781,0.005885890685021877,5.701753980247304e-05,0.0002563476737122983,0.00017807407130021602,0.0004085003165528178,0.0009597122552804649,0.9980300068855286,0.0001102741589420475,0.9987268554323236,0.0012730774687952362
ISIC_0025556,nv,0.9861876033246517,0.013812396675348282,0.00013558227510657161,7.023492071311921e-05,5.141373912920244e-05,0.0005755674792453647,0.00013727167970500886,0.9974479675292969,0.0015819045947864652,0.9996568533424579,0.0003430888755246997
ISIC_0025558,nv,0.9306440278887749,0.06935597211122513,0.0004318471474107355,0.00012055833940394223,0.0007223174325190485,0.0005201285239309072,0.01918184570968151,0.9786370992660522,0.00038626708555966616,0.9802658123080619,0.01973425119649619
ISIC_0025563,nv,0.8535903692245483,0.14640963077545166,4.5268643589224666e-05,0.001054529333487153,0.007478275336325169,8.655840792926028e-05,1.6787696949904785e-05,0.9913092851638794,9.232991942553781e-06,0.9988833519000764,0.0011165856740262825
ISIC_0025565,nv,0.9888805197551847,0.01111948024481535,0.0004647497262340039,0.0011151732178404927,0.002558889565989375,0.00490729371085763,0.006241441238671541,0.9827588200569153,0.00195361883379519,0.9921786221675575,0.007821364182746038
ISIC_0025586,nv,0.9929772103205323,0.007022789679467678,0.00023470218002330512,0.0014560834970325232,0.0005644714692607522,0.0031255234498530626,0.026147836819291115,0.9627943634986877,0.005676991306245327,0.9721613497240469,0.027838622496346943
ISIC_0025588,nv,0.9470353201031685,0.05296467989683151,0.0002105649618897587,6.856394611531869e-05,0.08357791602611542,9.610504639567807e-05,0.009170331060886383,0.9068179130554199,5.864114791620523e-05,0.9905505752758472,0.00944945996889146
ISIC_0025607,nv,0.9327966421842575,0.06720335781574249,0.002129988744854927,9.41295875236392e-05,0.011115314438939095,0.0014177642296999693,0.005386365111917257,0.9798062443733215,5.0243103032698855e-05,0.9923895661449933,0.007610483444295824
ISIC_0025614,nv,0.9769893400371075,0.023010659962892532,0.0005280391196720302,0.00023155275266617537,0.000766652578022331,0.0015055093681439757,0.003019169205799699,0.9926967024803162,0.0012523330515250564,0.9962211974780075,0.0037787610781379044
ISIC_0025619,nv,0.7421692609786987,0.25783073902130127,0.0003027640632353723,0.0026733155827969313,0.00733173405751586,0.0011190363438799977,0.008015806786715984,0.97484290599823,0.0057144444435834885,0.9890081208432093,0.010991886432748288
ISIC_0025620,nv,0.31114161014556885,0.6888583898544312,0.0007029047119431198,0.012219730764627457,0.02374614216387272,0.006313550751656294,0.020436028018593788,0.9363486170768738,0.00023302457702811807,0.9666413345694309,0.033358663495164365
ISIC_0025636,nv,0.7908528000116348,0.20914719998836517,0.0003265600244048983,0.0003687535645440221,0.0006887416820973158,0.0013512371806427836,0.028450576588511467,0.9677804708480835,0.0010337397688999772,0.9708541894797236,0.029145890177460387
ISIC_0025647,nv,0.903015173971653,0.09698482602834702,8.723116479814053e-06,2.3694441551924683e-05,0.001734746154397726,7.194180852820864e-06,0.0007351468084380031,0.9974791407585144,1.132265697378898e-05,0.9992324037507387,0.0007675643664697418
ISIC_0025648,nv,0.752454400062561,0.24754559993743896,0.00052409473573789,0.0022001471370458603,0.0057676914148032665,0.013803786598145962,0.0011171494843438268,0.9737473130226135,0.0028399103321135044,0.9961587013676763,0.003841391357127577
ISIC_0025657,nv,0.7758384048938751,0.22416159510612488,0.0017314661527052522,0.003005676669999957,0.14717574417591095,0.010347303003072739,0.011173856444656849,0.82539302110672,0.0011729460675269365,0.9840890143532306,0.015910999267362058
ISIC_0025665,nv,0.9163674935698509,0.08363250643014908,0.0023985039442777634,0.0007527308189310133,0.017478398978710175,0.0005680149770341814,0.05389883369207382,0.9244301319122314,0.00047338215517811477,0.9429499280231539,0.0570500684552826
ISIC_0025673,nv,0.8685993552207947,0.13140064477920532,0.0007038236362859607,0.1290402114391327,0.004789560567587614,0.004101682920008898,0.022036857903003693,0.8370378017425537,0.0022901087068021297,0.8482191539369524,0.15178089297842234
ISIC_0025676,nv,0.9927843124605715,0.0072156875394284725,0.0010782729368656874,0.0002368064015172422,0.00821537896990776,0.0038176761008799076,0.0014897730434313416,0.9841715693473816,0.0009905759943649173,0.9971952004125342,0.002804852381814271
ISIC_0025697,nv,0.9872945910319686,0.012705408968031406,0.00020873607718385756,4.995820563635789e-05,0.000122208715765737,0.0007272420334629714,0.002160995500162244,0.9966865181922913,4.441642522579059e-05,0.9975803853667458,0.0024196897829824593
ISIC_0025702,nv,0.9307949841022491,0.06920501589775085,0.0006346383015625179,0.07816614210605621,0.03822311386466026,0.009805801324546337,0.24544711410999298,0.6239709258079529,0.003752355929464102,0.6757521969266236,0.3242478945176117
ISIC_0025705,nv,0.7324587404727936,0.2675412595272064,0.0011978165712207556,2.57785759458784e-05,3.071968239964917e-05,0.00010987929272232577,0.04977600648999214,0.948728621006012,0.00013114958710502833,0.949000369568239,0.050999601637158776
ISIC_0025720,nv,0.9831990879029036,0.016800912097096443,0.0014838376082479954,0.00036291463766247034,0.00029379769694060087,0.007373335771262646,0.0028280268888920546,0.9852975010871887,0.0023605285678058863,0.9953251631231979,0.00467477913480252
ISIC_0025725,nv,0.9364709183573723,0.06352908164262772,0.005116105079650879,0.00027762187528423965,0.014776167459785938,0.005755486432462931,0.015592326410114765,0.9568808674812317,0.0016014614375308156,0.9790139828110114,0.020986053365049884
ISIC_0025730,nv,0.9606454223394394,0.03935457766056061,0.00013272030628286302,0.0006104400963522494,0.191833034157753,0.0008377883932553232,0.028609344735741615,0.777673065662384,0.0003035449772141874,0.9706474331906065,0.029352505138376728
ISIC_0025733,nv,0.956677995622158,0.04332200437784195,0.00039898467366583645,0.0002968657936435193,0.0021025086753070354,0.0009503901237621903,0.0003710447927005589,0.9945723414421082,0.0013078406918793917,0.9989330809330568,0.0010668952600099146
ISIC_0025760,nv,0.9688067305833101,0.031193269416689873,7.307100895559415e-05,4.780204835697077e-05,0.00013219403626862913,0.00017313439457211643,0.00032950626336969435,0.9989604949951172,0.00028385332552716136,0.9995496767514851,0.0004503793206822593
ISIC_0025774,nv,0.9892092142254114,0.010790785774588585,0.0001697296102065593,0.00021824515715707093,0.0015611379640176892,0.001675147213973105,0.0012700705556198955,0.9946045279502869,0.0005010981694795191,0.9983419112977572,0.0016580453229835257
ISIC_0025779,nv,0.9928880464285612,0.007111953571438789,9.874794341158122e-05,0.0002716023300308734,0.0001803743652999401,0.0005317443865351379,0.004278216976672411,0.9940369129180908,0.0006024232134222984,0.9953514548833482,0.004648567250114866
ISIC_0025782,nv,0.6940198540687561,0.3059801459312439,0.030538149178028107,0.0022761737927794456,0.0012640634085983038,0.0025694495998322964,0.9164831638336182,0.046186864376068115,0.0006821511778980494,0.050702528562396765,0.9492974868044257
ISIC_0025789,nv,0.9293678030371666,0.0706321969628334,3.8316964491968974e-05,7.833556446712464e-05,0.0026173251681029797,0.00012651529686991125,0.0019943409133702517,0.9950957298278809,4.9424561439082026e-05,0.9978889948542928,0.0021109934423293453
ISIC_0025795,nv,0.9378585815429688,0.06214141845703125,0.0006326739676296711,2.329297421965748e-05,0.0063728755339980125,0.0012256766203790903,0.21830938756465912,0.7733900547027588,4.598635860020295e-05,0.7810345932157361,0.21896535450650845
ISIC_0025802,nv,0.9541929922997952,0.04580700770020485,3.9047703467076644e-05,0.00021383940475061536,0.0006428473279811442,0.0005000639939680696,0.00019888466340489686,0.9980694651603699,0.00033592822728678584,0.9995483047096059,0.00045177177162258886
ISIC_0025816,nv,0.9330300837755203,0.06696991622447968,0.002595370402559638,0.1767144501209259,0.07610228657722473,0.03651558980345726,0.029792817309498787,0.6514005064964294,0.026878949254751205,0.7908973321318626,0.20910263783298433
ISIC_0025820,nv,0.8777724653482437,0.12222753465175629,0.00042684414074756205,9.597744065104052e-05,0.00019320643332321197,0.000703762168996036,0.0014622726012021303,0.9967216849327087,0.00039625223143957555,0.9980149057664676,0.001985094182600733
ISIC_0025823,nv,0.8332091122865677,0.1667908877134323,0.0001613979256944731,2.3023681933409534e-05,0.009048252366483212,6.680184742435813e-05,0.06305529922246933,0.9274935722351074,0.00015170495316851884,0.9367603314021835,0.06323972083009721
ISIC_0025828,nv,0.9902831120416522,0.009716887958347797,0.00010204660065937787,5.797668927698396e-05,4.5775595935992897e-05,0.0003235191688872874,0.0006168453255668283,0.9987292885780334,0.00012455633259378374,0.9992231396754505,0.0007768686155031901
ISIC_0025836,nv,0.6804755926132202,0.3195244073867798,0.04493526741862297,0.04474952816963196,0.462367981672287,0.185031458735466,0.046460166573524475,0.21288135647773743,0.003574252361431718,0.8638550492469221,0.1361449621617794
ISIC_0025841,nv,0.9371149092912674,0.0628850907087326,0.00024301475787069649,0.0003142383648082614,0.001700825523585081,0.0009222771041095257,0.0015256189508363605,0.994403600692749,0.0008903694688342512,0.9979170727892779,0.0020828720735153183
ISIC_0025846,nv,0.5513618290424347,0.4486381709575653,0.0012138288002461195,0.0010159992380067706,0.03533785045146942,0.00154480105265975,0.13311772048473358,0.8268176913261414,0.0009521191823296249,0.8646524620126002,0.13534754852298647
ISIC_0025847,nv,0.895151399075985,0.10484860092401505,0.0018860335694625974,0.0010660858824849129,0.00839074607938528,0.0019047737587243319,0.8584961295127869,0.12733754515647888,0.0009186374372802675,0.13855170243186876,0.8614482489647344
ISIC_0025850,nv,0.8679062724113464,0.13209372758865356,0.001923343283124268,0.0010440413607284427,0.003982844762504101,0.00019076731405220926,0.06751939654350281,0.9247967004776001,0.0005430025630630553,0.9295133151172195,0.07048678118735552
ISIC_0025860,nv,0.7521429061889648,0.24785709381103516,6.718076292600017e-06,0.00041654452797956765,0.01582156866788864,3.387957622180693e-05,0.0009383324650116265,0.9825611710548401,0.0002218376030214131,0.998638456901972,0.0013615950692837941
ISIC_0025861,nv,0.9986389663536102,0.001361033646389842,0.022643906995654106,0.022583572193980217,0.1714247316122055,0.06898321956396103,0.019560998305678368,0.6826334595680237,0.012170177884399891,0.9352115886285901,0.06478847749531269
ISIC_0025862,nv,0.9922147202305496,0.007785279769450426,0.0016028416575863957,0.0011810839641839266,0.0021750538144260645,0.02142205461859703,0.0018588200910016894,0.9582061171531677,0.013553946278989315,0.9953571718651801,0.004642745712772012
ISIC_0025877,nv,0.9861374413594604,0.013862558640539646,3.3321903174510226e-05,2.3790191335137933e-05,0.00012053920363541692,0.0014566972386091948,5.6915447203209624e-05,0.9979756474494934,0.00033320276997983456,0.9998860866617179,0.00011402754171285778
ISIC_0025878,nv,0.7028151452541351,0.29718485474586487,0.00040166190592572093,1.186842200695537e-05,0.0055692559108138084,2.0010085791000165e-05,0.00017494075291324407,0.9937072396278381,0.00011510156036820263,0.9994116071848111,0.0005884710808459204
ISIC_0025880,nv,0.9698746167123318,0.030125383287668228,0.0009611410787329078,6.103461782913655e-05,0.009346590377390385,0.0033949536737054586,0.013224110938608646,0.9723696708679199,0.0006424222374334931,0.9857536371564493,0.01424628663517069
ISIC_0025882,nv,0.8004210293292999,0.19957897067070007,0.0007443637005053461,0.0003714233753271401,0.00019430647080298513,0.004071694798767567,0.0016713629011064768,0.992324948310852,0.0006219224887900054,0.9972128720692126,0.002787149976938963
ISIC_0025884,nv,0.9816434662789106,0.018356533721089363,0.00013140292139723897,6.462535384343937e-05,0.0001143385234172456,0.0006968575180508196,0.00020528319873847067,0.9983527660369873,0.0004347360518295318,0.9995986981302849,0.000401311473979149
ISIC_0025888,nv,0.9973005237989128,0.0026994762010872364,1.4037424080015626e-05,3.699448279803619e-05,9.233810851583257e-05,0.00012862223957199603,6.858641427243128e-05,0.9994552731513977,0.0002040631225099787,0.9998802966219955,0.0001196183211504831
ISIC_0025892,nv,0.7363049983978271,0.26369500160217285,0.0003853384405374527,0.0015659215860068798,0.004697855096310377,0.0019447196973487735,0.06040124595165253,0.9306433796882629,0.00036159384762868285,0.9376475483295508,0.06235250597819686
ISIC_0025910,nv,0.9933255733922124,0.006674426607787609,0.001312393695116043,0.0012522995239123702,0.017176730558276176,0.18787577748298645,0.009800204075872898,0.7755617499351501,0.007020902819931507,0.9876351607963443,0.012364897294901311
ISIC_0025912,nv,0.8681312650442123,0.13186873495578766,0.00039665948133915663,1.151652122644009e-05,0.000251231889706105,0.0006370565970428288,0.0021443841978907585,0.9963454604148865,0.00021359039237722754,0.9974473392940126,0.0025525602004563552
ISIC_0025913,nv,0.9891296504065394,0.01087034959346056,0.0007020694320090115,0.0004416580486577004,0.0022224625572562218,0.0011308154789730906,0.0017473630141466856,0.9934294819831848,0.0003262092068325728,0.9971089692262467,0.0028910904948133975
ISIC_0025919,nv,0.8402168154716492,0.15978318452835083,9.013025555759668e-05,1.6062986105680466e-05,0.00014807115076109767,0.00011898406955879182,0.001634933752939105,0.997973620891571,1.8205464584752917e-05,0.9982588815764757,0.0017411269946023822
ISIC_0025920,nv,0.9901237217709422,0.009876278229057789,5.0924805691465735e-05,2.7493784727994353e-05,4.098891804460436e-05,0.001024821074679494,5.745968155679293e-05,0.9985401630401611,0.0002582335437182337,0.9998642065766035,0.00013587827197625302
ISIC_0025930,nv,0.9307640269398689,0.06923597306013107,0.00038443144876509905,0.0012913028476759791,0.0009542508632875979,0.0017800875939428806,0.0030281697399914265,0.9908120036125183,0.0017497293883934617,0.9952960714581423,0.004703904036432505
ISIC_0025933,nv,0.773735299706459,0.22626470029354095,2.3960721591720358e-05,2.8440821552067064e-05,0.0013871847186237574,0.00010322645539417863,0.00045574328396469355,0.9979009628295898,0.00010042303620139137,0.9994917970398092,0.000508144827108481
ISIC_0025942,nv,0.8278018087148666,0.17219819128513336,0.09085287898778915,0.00215483782812953,0.02534428797662258,0.0051145851612091064,0.5281410813331604,0.34711477160453796,0.0012775311479344964,0.37885117589030415,0.6211487981490791
ISIC_0025944,nv,0.9465027190744877,0.053497280925512314,0.0002793272433336824,8.034236816456541e-05,0.0006175824673846364,0.001804325613193214,0.0002501030976418406,0.9967028498649597,0.000265468202996999,0.9993902261485346,0.0006097727091400884
ISIC_0025946,nv,0.5282610058784485,0.4717389941215515,0.0007812122930772603,0.006030595861375332,0.9929822683334351,2.4590447083028266e-06,5.011948087485507e-05,0.00014301737246569246,1.0245756129734218e-05,0.9931379905067388,0.006861927635327447
ISIC_0025952,nv,0.9830378778278828,0.016962122172117233,0.00025189670850522816,0.0009212791337631643,0.0002815013867802918,0.00430786469951272,0.0008914210484363139,0.9912352561950684,0.002110615372657776,0.9979352376540191,0.0020645968907047063
ISIC_0025974,nv,0.9309313520789146,0.06906864792108536,0.00010929118434432894,0.00012899897410534322,0.0004573118349071592,0.004639808088541031,0.0003746993315871805,0.9940529465675354,0.00023693776165600866,0.9993870042526396,0.0006129894900368527
ISIC_0025976,nv,0.9863297790288925,0.013670220971107483,0.00036735725007019937,0.00025922912755049765,0.0004149984451942146,0.0002544504532124847,0.0006626296089962125,0.9964196681976318,0.0016217682277783751,0.9987108853238169,0.0012892159866169095
ISIC_0025983,nv,0.7086467444896698,0.2913532555103302,0.001708060153760016,0.0003133936843369156,0.20211626589298248,0.0012154821306467056,0.0076962909661233425,0.7866007089614868,0.00034988895640708506,0.9902823459415231,0.009717744804220274
ISIC_0025989,nv,0.8648931533098221,0.13510684669017792,0.0008448335574939847,0.0006084472988732159,0.00227412604726851,0.0005879281088709831,0.04748466610908508,0.9466038346290588,0.001596237882040441,0.9510621266672388,0.048937946965452284
ISIC_0025994,nv,0.5738142728805542,0.4261857271194458,0.0003657561319414526,0.011768071912229061,0.001208057627081871,0.0033894304651767015,0.009744562208652496,0.9714670181274414,0.002057145582512021,0.978121651802212,0.02187839025282301
ISIC_0025997,nv,0.9756241627037525,0.024375837296247482,0.0014858715003356338,0.003386469092220068,0.03523024171590805,0.02484753727912903,0.009218256920576096,0.9005162715911865,0.02531537413597107,0.9859094247221947,0.014090597513131797
ISIC_0026006,nv,0.9642087928950787,0.03579120710492134,0.0011036046780645847,0.024574339389801025,0.014712119475007057,0.01617489941418171,0.0027663903310894966,0.8951820731163025,0.04548659175634384,0.9715556837618351,0.028444334398955107
ISIC_0026010,nv,0.5476737022399902,0.45232629776000977,0.0006215110770426691,0.00043210567673668265,0.00034459243761375546,0.0015226005343720317,0.0015036417171359062,0.9947724938392639,0.0008030165918171406,0.9974427034030668,0.002557258470915258
ISIC_0026012,nv,0.8999469578266144,0.10005304217338562,0.0005297412863001227,0.020305238664150238,0.011958329938352108,0.0018371506594121456,0.008447770029306412,0.33937880396842957,0.6175430417060852,0.970717326272279,0.029282749979756773
ISIC_0026017,nv,0.32983601093292236,0.6701639890670776,0.0013074459275230765,0.02500826306641102,0.8737841248512268,0.009826458990573883,0.022528432309627533,0.06612657010555267,0.0014186518965288997,0.9511558058438823,0.04884414130356163
ISIC_0026021,nv,0.993732625618577,0.0062673743814229965,4.379050005809404e-05,8.225117198890075e-05,0.00024571779067628086,0.0007450524717569351,0.0011555361561477184,0.9973266124725342,0.0004010088450741023,0.9987183915800415,0.0012815778281947132
ISIC_0026030,nv,0.6043813526630402,0.39561864733695984,0.0007561094826087356,0.0008715591975487769,0.0015832609497010708,0.0036546422634273767,0.384568452835083,0.6072160005569458,0.0013499639462679625,0.6138038677163422,0.3861961215152405
ISIC_0026034,nv,0.09864604473114014,0.9013539552688599,0.0007054668967612088,0.15755023062229156,0.12254203110933304,0.0014255688292905688,0.005643732380121946,0.7102968096733093,0.0018361174734309316,0.8361005270853639,0.16389942989917472
ISIC_0026036,nv,0.6917643547058105,0.30823564529418945,7.597077637910843e-05,2.3051495645631803e-06,1.0635235412337352e-05,3.502544132061303e-05,0.015193372964859009,0.9846775531768799,5.128704742674017e-06,0.9847283425583555,0.01527164889080268
ISIC_0026061,nv,0.9834937751293182,0.016506224870681763,9.709844744065776e-05,4.093137613381259e-05,0.00025916140293702483,0.0005950020859017968,2.1448639017762616e-05,0.9986838698387146,0.0003023864992428571,0.9998404198267963,0.00015947846259223297
ISIC_0026064,nv,0.995465446729213,0.004534553270787001,0.0066596087999641895,0.0015253375750035048,0.01071744505316019,0.006001698784530163,0.002698641736060381,0.9598900675773621,0.012507110834121704,0.9891163222491741,0.010883588111028075
ISIC_0026076,nv,0.9866676796227694,0.013332320377230644,0.0001427529932698235,0.00020923421834595501,5.293948925100267e-05,0.00042198650771752,0.0354926772415638,0.963611364364624,6.898542051203549e-05,0.9641552757821046,0.035844664453179576
ISIC_0026088,nv,0.9950456190854311,0.004954380914568901,0.003064879681915045,0.003166978480294347,0.010469540022313595,0.03754786401987076,0.003618635004386306,0.9316696524620056,0.010462503880262375,0.9901495603844523,0.009850493166595697
ISIC_0026095,nv,0.9520374238491058,0.047962576150894165,0.00171541643794626,0.00011979717965004966,0.0020182449370622635,0.00374937173910439,0.0003326725563965738,0.9918644428253174,0.00020008024876005948,0.9978321397502441,0.0021678861739928834
ISIC_0026109,nv,0.9247636795043945,0.07523632049560547,0.03570528328418732,0.0046762218698859215,0.014797057956457138,0.022267354652285576,0.012222571298480034,0.9092157483100891,0.0011157800909131765,0.947395941009745,0.05260407645255327
ISIC_0026110,nv,0.9907349767163396,0.009265023283660412,0.0005985999596305192,0.00019289356714580208,0.00027788488660007715,0.0007941751391626894,0.0007373924017883837,0.9961806535720825,0.0012183869257569313,0.9984711005236022,0.001528885928564705
ISIC_0026116,nv,0.9343573600053787,0.06564263999462128,0.0002942939172498882,0.00040866751805879176,0.0004547148710116744,0.002053381409496069,0.0009528619702905416,0.9951370358467102,0.000699084484949708,0.9983442166121677,0.0016558234055992216
ISIC_0026127,nv,0.8709691911935806,0.12903080880641937,0.0058844066224992275,0.000996842049062252,0.03667194023728371,0.002220634138211608,0.0005044612917117774,0.946086049079895,0.007635626010596752,0.9926142494659871,0.007385709963273257
ISIC_0026145,nv,0.5676221549510956,0.4323778450489044,0.00122442829888314,0.0015547177754342556,0.004227150231599808,0.0020806961692869663,0.015086651779711246,0.9737563133239746,0.002069976879283786,0.9821341366041452,0.017865797854028642
ISIC_0026151,nv,0.7342060506343842,0.26579394936561584,0.04868335649371147,0.12508009374141693,0.0760432556271553,0.006193387322127819,0.07837918400764465,0.6641101837158203,0.00151058379560709,0.7478574104607105,0.25214263424277306
ISIC_0026157,nv,0.34404098987579346,0.6559590101242065,0.002972446382045746,0.0008698782185092568,0.10669376701116562,0.013527913019061089,0.07035491615533829,0.8051356673240662,0.0004453695146366954,0.9258027168689296,0.07419724075589329
ISIC_0026164,nv,0.8732587099075317,0.12674129009246826,0.0006482383469119668,0.0005171598168089986,0.0003065558266825974,0.001473772688768804,0.006121284328401089,0.9897617697715759,0.001171164563857019,0.9927132628508843,0.007286682492122054
ISIC_0026181,nv,0.9208721145987511,0.07912788540124893,0.00040126466774381697,8.079642429947853e-05,0.0005134895327500999,0.0017601186409592628,0.0008482282282784581,0.995537519454956,0.0008585465839132667,0.9986696742125787,0.0013302893203217536
ISIC_0026185,nv,0.9975773259066045,0.0024226740933954716,0.000273469922831282,3.326532896608114e-05,0.00018054674728773534,0.000761949282605201,0.0009046081104315817,0.9976340532302856,0.00021201316849328578,0.9987885624286719,0.001211343362228945
ISIC_0026210,nv,0.9228024557232857,0.07719754427671432,0.0001075969630619511,1.1242355867580045e-05,0.0003025247424375266,4.3043014557042625e-06,0.019407138228416443,0.980133056640625,3.415202081669122e-05,0.9804740377053349,0.019525977547345974
ISIC_0026218,nv,0.9247814565896988,0.07521854341030121,0.043593525886535645,0.04460563883185387,0.17218992114067078,0.04661388695240021,0.03832481428980827,0.6529820561408997,0.001690130913630128,0.8734759951476008,0.12652397900819778
ISIC_0026221,nv,0.9900438599288464,0.00995614007115364,0.0036939058918505907,0.0011292516719549894,0.0244749765843153,0.0014013414038345218,0.000868276518303901,0.9677152633666992,0.0007170373573899269,0.994308618712239,0.005691434082109481
ISIC_0026224,nv,0.9995546356076375,0.000445364392362535,0.00016800558660179377,0.0013841235777363181,0.0011849039001390338,0.004601591266691685,0.0015931916423141956,0.8835813403129578,0.10748680680990219,0.9968546422896907,0.0031453208066523075
ISIC_0026225,nv,0.9749814849346876,0.025018515065312386,0.00015951291425153613,0.0004610054602380842,0.00144975446164608,0.0002197873400291428,0.0030551666859537363,0.9944000840187073,0.0002547278709243983,0.9963243536913069,0.0036756850604433566
ISIC_0026237,nv,0.975453382357955,0.02454661764204502,0.00019933286239393055,0.0038646049797534943,0.010122745297849178,0.012337262742221355,0.05658525601029396,0.9112696647644043,0.005621083080768585,0.9393507558852434,0.060649193852441385
ISIC_0026238,nv,0.9576196074485779,0.04238039255142212,0.005164142698049545,0.019604500383138657,0.06358892470598221,0.18416431546211243,0.0033681420609354973,0.7080127000808716,0.016097281128168106,0.9718632213771343,0.0281367851421237
ISIC_0026250,nv,0.9766726568341255,0.02332734316587448,9.363413118990138e-05,0.00014615633699577302,0.00040921734762378037,0.0010576071217656136,0.00183100625872612,0.9957895874977112,0.0006728807929903269,0.9979292927600909,0.0020707967269117944
ISIC_0026253,nv,0.9784569274634123,0.021543072536587715,0.05584214627742767,0.06457675993442535,0.27891600131988525,0.010469316504895687,0.021195661276578903,0.5645877718925476,0.0044123586267232895,0.8583854483440518,0.14161456748843193
ISIC_0026256,nv,0.9971120241098106,0.0028879758901894093,0.0005156008992344141,0.0006064028711989522,0.0005854599294252694,0.003367229364812374,0.011110210791230202,0.9835782051086426,0.00023687408247496933,0.9877677684853552,0.012232214561663568
ISIC_0026269,nv,0.9896961245685816,0.010303875431418419,1.2794155736628454e-05,5.552424681809498e-06,1.5256743608915713e-05,0.00011049492604797706,3.571988418116234e-05,0.9997667670249939,5.342048825696111e-05,0.9999459391829078,5.4066464599600295e-05
ISIC_0026297,nv,0.946645449846983,0.053354550153017044,0.00022220560640562326,0.0008089389302767813,0.035084404051303864,3.296585418866016e-05,0.0003711100434884429,0.9634234309196472,5.696087464457378e-05,0.9985977616997843,0.0014022545801708475
ISIC_0026304,nv,0.8856417611241341,0.11435823887586594,0.007835529744625092,0.0010302576702088118,0.055883750319480896,0.01608370430767536,0.049904245883226395,0.8655517101287842,0.0037107670214027166,0.9412299317773432,0.0587700332980603
ISIC_0026307,nv,0.92812729626894,0.07187270373106003,0.00017385136743541807,0.0001469793205615133,0.006520709488540888,7.495709724025801e-05,0.0006300380337052047,0.9921408891677856,0.00031246396247297525,0.9990490197160398,0.0009508687217021361
ISIC_0026322,nv,0.9863919280469418,0.013608071953058243,0.01085574459284544,0.001522266655229032,0.005194319412112236,0.004663908388465643,0.05204702168703079,0.9247939586639404,0.0009228437556885183,0.9355750302202068,0.06442503293510526
ISIC_0026323,nv,0.7858009040355682,0.21419909596443176,0.0003019440337084234,0.0032375180162489414,0.048961881548166275,0.001231794711202383,0.02960963360965252,0.9164521098136902,0.00020508286252152175,0.9668508689355804,0.033149095659609884
ISIC_0026328,nv,0.6398444175720215,0.3601555824279785,0.0006321517284959555,0.00014080104301683605,0.0007136246422305703,9.616192983230576e-05,0.006343163549900055,0.991337776184082,0.0007363172480836511,0.9928838800042286,0.0071161163214128464
ISIC_0026329,nv,0.846392884850502,0.15360711514949799,0.0019081084756180644,0.04443642869591713,0.005932082887738943,0.0026428515557199717,0.0007024333463050425,0.941108763217926,0.0032692612148821354,0.9529529588762671,0.047046970517840236
ISIC_0026331,nv,0.8535033315420151,0.14649666845798492,0.0009249476715922356,0.00019368957146070898,0.002352574374526739,0.007287101820111275,0.003688050899654627,0.9846547842025757,0.0008988981717266142,0.9951933585689403,0.004806688142707571
ISIC_0026333,nv,0.9542772732675076,0.04572272673249245,0.00047633249778300524,0.0005265536019578576,0.0007314119720831513,0.0010305605828762054,0.15915042161941528,0.8372858762741089,0.0007988678989931941,0.8398467167280614,0.16015330771915615
ISIC_0026344,nv,0.9908768199384212,0.00912318006157875,0.00048230565153062344,0.0012703482061624527,0.002267503412440419,0.0007243515574373305,0.0006344016292132437,0.9928486347198486,0.0017724311910569668,0.9976129208807833,0.00238705548690632
ISIC_0026364,nv,0.9662859551608562,0.03371404483914375,0.0028405743651092052,0.000522205198649317,0.011327998712658882,0.005067888181656599,0.0014083974529057741,0.9639065861701965,0.014926322735846043,0.9952287958003581,0.004771177016664296
ISIC_0026370,nv,0.77817302942276,0.22182697057724,0.0008427329594269395,0.0012566340155899525,0.0016776873962953687,0.0020486388821154833,0.09294144809246063,0.8994520306587219,0.0017808410339057446,0.9049591979710385,0.09504081506747752
ISIC_0026373,nv,0.9663582220673561,0.03364177793264389,9.298015356762335e-05,5.553532901103608e-05,0.0005209643859416246,5.589206193690188e-05,0.0007280122954398394,0.9977284073829651,0.000818169501144439,0.999123433331988,0.0008765277780184988
ISIC_0026374,nv,0.0048806071281433105,0.9951193928718567,0.16877849400043488,0.0011933905771002173,0.4380272924900055,0.0001653765357332304,0.017028020694851875,0.3712887465953827,0.003518701298162341,0.8130001169192838,0.18699990527238697
ISIC_0026375,nv,0.8793363869190216,0.1206636130809784,0.005595846101641655,0.0016604879638180137,0.0027812530752271414,0.0002291385899297893,0.00037107232492417097,0.9864616990089417,0.002900442574173212,0.9923725332482718,0.00762740639038384
ISIC_0026387,nv,0.9960598098114133,0.003940190188586712,0.0015398698160424829,0.0006098091253079474,0.002335665049031377,0.020249955356121063,0.0011571391951292753,0.9715302586555481,0.0025773080997169018,0.9966931871604174,0.0033068181364797056
ISIC_0026397,nv,0.9629870355129242,0.037012964487075806,6.388580368366092e-05,5.564937964663841e-05,0.00022478024766314775,0.00046834180830046535,0.0002644159540068358,0.9986138343811035,0.000309177819872275,0.9996161342569394,0.00038395113733713515
ISIC_0026400,nv,0.6956606507301331,0.30433934926986694,0.00015538945444859564,0.0001495358010288328,0.0016601403476670384,0.00029276011628098786,0.033744994550943375,0.9639724493026733,2.4651544663356617e-05,0.9659500013112847,0.0340499198064208
ISIC_0026410,nv,0.9778226725757122,0.022177327424287796,6.97329014656134e-05,1.9997380150016397e-05,0.0013394586276262999,0.0012069593649357557,0.001243016798980534,0.9959053993225098,0.00021546620700974017,0.9986672835220816,0.0013327470805961639
ISIC_0026414,nv,0.4476885199546814,0.5523114800453186,0.06454350799322128,0.0002669021487236023,0.02448924630880356,0.0020480849780142307,0.8791776895523071,0.02939550392329693,7.906832615844905e-05,0.05601190353627317,0.943988099694252
ISIC_0026425,nv,0.9838967397809029,0.016103260219097137,2.3553966457257047e-05,4.786001591128297e-05,0.0004446850798558444,0.0005067111342214048,0.001459665596485138,0.9970424771308899,0.00047501770313829184,0.9984688910481054,0.001531079578853678
ISIC_0026431,nv,0.9896161248907447,0.010383875109255314,4.885149610345252e-05,0.00010712286893976852,0.002498653018847108,0.0005175581318326294,0.0009761484689079225,0.9948641657829285,0.0009874905226752162,0.9988678674562834,0.0011321228339511435
ISIC_0026452,nv,0.978986632078886,0.021013367921113968,0.0011079652467742562,0.0006469723302870989,0.010637051425874233,0.001307982369326055,0.004070920869708061,0.9820651412010193,0.00016389753727708012,0.9941740725334967,0.005825858446769416
ISIC_0026455,nv,0.5527045130729675,0.44729548692703247,0.031314704567193985,0.00024717472842894495,0.008246386423707008,0.00031854392727836967,0.23569466173648834,0.7233017683029175,0.0008767338586039841,0.7327434325125068,0.26725654103211127
ISIC_0026463,nv,0.9654685594141483,0.03453144058585167,0.007722943089902401,0.001287795719690621,0.0017795254243537784,0.005226399749517441,0.004807817284017801,0.9745450615882874,0.00463056517764926,0.9861815519398078,0.013818556093610823
ISIC_0026469,nv,0.9687222503125668,0.03127774968743324,1.702987174212467e-05,3.65622945537325e-05,7.74768996052444e-05,0.00024412260972894728,0.0002263314090669155,0.9987072944641113,0.0006912813405506313,0.9997201753139962,0.0002799235753627727
ISIC_0026472,nv,0.9519267715513706,0.04807322844862938,0.0025515288580209017,0.0021464817691594362,0.006951501127332449,0.005585233215242624,0.00923740305006504,0.9704976677894592,0.003030211664736271,0.9860646137967706,0.013935413677245378
ISIC_0026488,nv,0.9118498489260674,0.08815015107393265,2.1492545783985406e-05,0.00010576943896012381,0.1338907778263092,6.74347102176398e-05,0.010694622993469238,0.8552085161209106,1.1466330761322752e-05,0.9891781949881988,0.010821884978213347
ISIC_0026491,nv,0.4837159514427185,0.5162840485572815,0.00974478293210268,0.00016509856504853815,0.01848224550485611,6.113227573223412e-05,0.9280667901039124,0.04343048855662346,4.950127549818717e-05,0.06202336761270999,0.9379766716010636
ISIC_0026494,nv,0.6235292255878448,0.37647077441215515,0.010406453162431717,0.004406836815178394,0.004256429150700569,0.015086243860423565,0.5342181324958801,0.3347388803958893,0.09688700735569,0.4509685607627034,0.5490314224734902
ISIC_0026502,nv,0.8362545073032379,0.16374549269676208,0.0004089177236892283,0.0013859824975952506,0.005476786755025387,0.0010135869961231947,0.8515245914459229,0.1394485980272293,0.0007415577420033514,0.14668052952038124,0.8533194916672073
ISIC_0026504,nv,0.9773980975151062,0.0226019024848938,0.0016031942795962095,0.003902850206941366,0.0018158969469368458,0.006167781073600054,0.012399340979754925,0.9702436327934265,0.0038673020899295807,0.982094612903893,0.0179053854662925
ISIC_0026512,nv,0.24902886152267456,0.7509711384773254,0.008057596161961555,0.00038050825241953135,0.010017883963882923,0.00030142703326418996,0.7562581896781921,0.22482211887836456,0.00016228515596594661,0.23530371503147762,0.7646962940925732
ISIC_0026520,nv,0.9720238000154495,0.027976199984550476,0.00035209467750974,4.233218351146206e-05,0.00037094831350259483,0.004992733709514141,0.005701522342860699,0.9881597757339478,0.00038056442281231284,0.9939040221797768,0.006095949203881901
ISIC_0026542,nv,0.7629548013210297,0.23704519867897034,0.0009894135873764753,0.0008452297188341618,0.014216299168765545,0.01785215735435486,0.0019337983103469014,0.9603688716888428,0.003794123651459813,0.996231451863423,0.0037684416165575385
ISIC_0026544,nv,0.27409064769744873,0.7259093523025513,0.07998594641685486,0.23357249796390533,0.10360055416822433,0.11433587223291397,0.14623478055000305,0.32048889994621277,0.0017814328894019127,0.540206759236753,0.45979322493076324
ISIC_0026546,nv,0.7529689818620682,0.24703101813793182,0.00036981937591917813,0.0005566978361457586,0.004438487812876701,0.0004781688912771642,0.016245916485786438,0.9776713848114014,0.00023941541439853609,0.9828274569299538,0.017172433697851375
ISIC_0026547,nv,0.9736089892685413,0.026391010731458664,0.0027973109390586615,0.0012188624823465943,0.001587738748639822,0.0012936268467456102,0.005516958422958851,0.9867336750030518,0.000851753109600395,0.9904667937080376,0.009533131844364107
ISIC_0026552,nv,0.9520088732242584,0.04799112677574158,0.00026484811678528786,0.00019154792244080454,0.022613253444433212,0.0015327157452702522,0.4144831597805023,0.5605367422103882,0.00037770054768770933,0.5850604119477794,0.4149395558197284
ISIC_0026564,nv,0.9983474345644936,0.0016525654355064034,1.1625376828305889e-05,8.918356797948945e-06,0.00015656185860279948,0.0008549893391318619,7.197295053629205e-05,0.9988540410995483,4.1872975998558104e-05,0.9999074652732816,9.251668416254688e-05
ISIC_0026570,nv,0.8029059022665024,0.19709409773349762,0.0001076219487003982,2.5376541088917293e-05,0.0011806546244770288,0.001542858430184424,0.00048661339678801596,0.9964250922203064,0.00023175573733169585,0.9993803610122995,0.0006196118865773315
ISIC_0026579,nv,0.9766633454710245,0.023336654528975487,0.00019040389452129602,5.6019762268988416e-05,0.0005704429931938648,0.0014830572763457894,0.00010251857747789472,0.9975200295448303,7.748537609586492e-05,0.9996510151904658,0.00034894223426817916
ISIC_0026582,nv,0.9389719404280186,0.06102805957198143,0.0001806424552341923,9.757394764164928e-06,0.0004372443654574454,0.0007276406977325678,0.0009530115639790893,0.9976366758346558,5.5035379773471504e-05,0.9988565962776192,0.0011434114139774465
ISIC_0026584,nv,0.008142650127410889,0.9918573498725891,0.04000832140445709,0.007484521716833115,0.757630467414856,0.0004572120669763535,0.11571808904409409,0.0785822868347168,0.00011909427848877385,0.8367890605950379,0.1632109321653843
ISIC_0026588,nv,0.8832375556230545,0.1167624443769455,0.01459716446697712,0.036941759288311005,0.2706635296344757,0.0012251378502696753,0.2498769313097,0.4257148802280426,0.0009806696325540543,0.698584217345342,0.30141585506498814
ISIC_0026589,nv,0.9806677754968405,0.019332224503159523,0.0004640509432647377,0.0003390154452063143,0.004658973775804043,0.009727325290441513,0.0010539669310674071,0.9832099676132202,0.0005467589944601059,0.9981430256739259,0.0018570333195384592
ISIC_0026610,nv,0.27466630935668945,0.7253336906433105,0.015764005482196808,0.0006615184247493744,0.6598069667816162,0.0008788855629973114,0.06772539764642715,0.25498875975608826,0.0001744046894600615,0.9158490167901618,0.08415092155337334
ISIC_0026616,nv,0.8688905090093613,0.13110949099063873,0.00016171636525541544,0.00013857139856554568,0.0072492933832108974,0.0001343551411991939,5.546592001337558e-05,0.9904689192771912,0.001791614107787609,0.9996441819093889,0.0003557536838343367
ISIC_0026617,nv,0.8764578104019165,0.1235421895980835,0.020200194790959358,0.008021125569939613,0.05690421536564827,0.0026837256737053394,0.007199093233793974,0.9005435109138489,0.004448105581104755,0.9645795575343072,0.035420413594692945
ISIC_0026621,nv,0.6459142565727234,0.3540857434272766,0.013935533352196217,0.0008541088318452239,0.06379693746566772,0.0009426838369108737,0.009850990027189255,0.9041954278945923,0.006424319930374622,0.9753593691275455,0.024640632211230695
ISIC_0026649,nv,0.9962003838736564,0.003799616126343608,2.0175702957203612e-05,0.0025602872483432293,0.00011872650065924972,0.00011845823610201478,8.69700888870284e-05,0.9949095845222473,0.0021857437677681446,0.9973325130267767,0.0026674330401874613
ISIC_0026655,nv,0.4041215181350708,0.5958784818649292,0.045794568955898285,0.01686970517039299,0.1767195612192154,0.03247150033712387,0.09483973681926727,0.632818341255188,0.000486600591102615,0.8424960034026299,0.15750401094555855
ISIC_0026659,nv,0.9039885476231575,0.0960114523768425,8.022928523132578e-05,0.000108853324491065,0.0022333357483148575,0.000788950186688453,0.001926969620399177,0.9941104054450989,0.0007512445445172489,0.9978839359246194,0.002116052230121568
ISIC_0026666,nv,0.9341459050774574,0.06585409492254257,0.0028021277394145727,0.0018786384025588632,0.22910304367542267,0.0015552148688584566,0.02863122895359993,0.7346789240837097,0.0013507697731256485,0.9666879524011165,0.033311995095573366
ISIC_0026667,nv,0.9791272897273302,0.020872710272669792,0.04626225307583809,0.005348447244614363,0.014896588400006294,0.07537565380334854,0.03113086335361004,0.8184292316436768,0.008556876331567764,0.9172583501785994,0.08274156367406249
ISIC_0026671,nv,0.8124471604824066,0.18755283951759338,0.0020599784329533577,0.00011103135329904035,0.01457943208515644,0.0004001753986813128,0.13374480605125427,0.8489882946014404,0.00011628774518612772,0.8640841898304643,0.13591581583750667
ISIC_0026672,nv,0.6732901930809021,0.3267098069190979,0.0015503541799262166,0.0019485227530822158,0.0006410403875634074,0.0037859620060771704,0.035204723477363586,0.9564750790596008,0.0003943270130548626,0.9612964084662963,0.03870360041037202
ISIC_0026684,nv,0.8359844535589218,0.16401554644107819,0.0010667768074199557,0.00048189330846071243,0.00038528931327164173,0.0021285105030983686,0.0045172711834311485,0.9904712438583374,0.000949006003793329,0.9939340496785007,0.006065941299311817
ISIC_0026689,nv,0.9732875265181065,0.02671247348189354,0.0007574946503154933,0.0006135634030215442,0.0037205293774604797,0.0017403644742444158,0.003327956423163414,0.9736828804016113,0.016157258301973343,0.9953010325552896,0.0046990144765004516
ISIC_0026692,nv,0.9339453727006912,0.06605462729930878,0.0021601126063615084,0.0007104381220415235,0.020159203559160233,0.00042937201214954257,0.03925257548689842,0.9369350075721741,0.0003531965194270015,0.9578767796629108,0.042123126215301454
ISIC_0026699,nv,0.9436063170433044,0.05639368295669556,0.004791234154254198,0.009897558018565178,0.0040765912272036076,0.026561189442873,0.06705490499734879,0.88387131690979,0.003747167531400919,0.9182562651112676,0.08174369717016816
ISIC_0026700,nv,0.9924527979455888,0.007547202054411173,0.0004106207052245736,0.0018291367450729012,0.010784360580146313,0.0001858687464846298,5.311756831360981e-05,0.9861451387405396,0.0005918788956478238,0.9977072469628183,0.0022928750186110847
ISIC_0026708,nv,0.667258232831955,0.33274176716804504,0.0027017195243388414,0.0001982567919185385,0.0018155014840885997,0.0018031735671684146,0.010840119794011116,0.9820191860198975,0.0006220569484867156,0.9862599180196412,0.013740096110268496
ISIC_0026710,nv,0.9867197852581739,0.013280214741826057,5.981375579722226e-05,6.666179979220033e-05,0.0005027697770856321,0.0011583974119275808,0.0001246036117663607,0.9973624348640442,0.0007253136718645692,0.999748915724922,0.0002510791673557833
ISIC_0026718,nv,0.6963632106781006,0.3036367893218994,0.0038101559039205313,0.0005746509414166212,0.0030028887558728456,0.02868293970823288,0.006496221758425236,0.9548132419586182,0.0026198881678283215,0.9891189585905522,0.010881028603762388
ISIC_0026722,nv,0.6026790142059326,0.3973209857940674,0.024954577907919884,0.30578601360321045,0.09687545895576477,0.008275439962744713,0.29136011004447937,0.2712500989437103,0.0014982749707996845,0.3778992728330195,0.6221007015556097
ISIC_0026724,nv,0.9893224379047751,0.010677562095224857,0.00039743396337144077,0.0003111075493507087,0.00029668057686649263,0.0006137945456430316,0.0012600631453096867,0.9962151646614075,0.00090579385869205,0.998031433642609,0.001968604658031836
ISIC_0026731,nv,0.9777009002864361,0.02229909971356392,6.817365647293627e-05,0.00013940196367911994,0.0008451206376776099,0.0005715970764867961,0.00022089127742219716,0.9976063966751099,0.0005485089495778084,0.9995716233388521,0.0004284668975742534
ISIC_0026732,nv,0.9493986032903194,0.05060139670968056,0.00197962555103004,0.002188724698498845,0.00877222791314125,0.000877255923114717,0.0001740167645039037,0.9847328066825867,0.0012753267074003816,0.995657617226243,0.004342367014032789
ISIC_0026739,nv,0.1578858494758606,0.8421141505241394,0.0033142371103167534,9.761100955074653e-05,0.02245335467159748,2.3935896024340764e-05,0.07028316706418991,0.9037234783172607,0.00010423341154819354,0.9263050022964308,0.07369501518405741
ISIC_0026743,nv,0.7990067452192307,0.20099325478076935,1.9319217244628817e-05,2.2219666789169423e-05,0.027926873415708542,8.858156797941774e-05,0.4348408281803131,0.5370899438858032,1.2258349670446478e-05,0.5651176572191616,0.4348823670643469
ISIC_0026749,nv,0.9672107584774494,0.03278924152255058,0.0001017765753204003,0.0030826814472675323,0.018545085564255714,0.0005285920924507082,0.18064503371715546,0.7968820333480835,0.00021486409241333604,0.8161705750972033,0.1838294917397434
ISIC_0026751,nv,0.8553479462862015,0.14465205371379852,0.00025630914024077356,0.0006239577778615057,0.16815054416656494,0.00013349887740332633,0.024640513584017754,0.8059105277061462,0.00028465394279919565,0.9744792246929137,0.025520780502120033
ISIC_0026752,nv,0.5873165726661682,0.4126834273338318,0.0038797103334218264,0.0007292471709661186,0.025753425434231758,0.002202358329668641,0.006807304918766022,0.9590899348258972,0.0015380585100501776,0.9885837770998478,0.011416262423153967
ISIC_0026755,nv,0.9942782502621412,0.005721749737858772,0.0012514465488493443,0.004875960294157267,0.011753108352422714,0.0705295205116272,0.004293360281735659,0.8979389071464539,0.009357607923448086,0.9895791439339519,0.01042076712474227
ISIC_0026763,nv,0.9628575965762138,0.03714240342378616,0.0009873014641925693,0.0007924761739559472,0.0026376100722700357,0.0027425172738730907,0.010622642002999783,0.9748503565788269,0.007367189507931471,0.9875976734329015,0.012402419641148299
ISIC_0026767,nv,0.9848803160712123,0.015119683928787708,0.00023393594892695546,5.8881836594082415e-05,0.003351818071678281,2.4571198082412593e-05,0.0006690387381240726,0.995302677154541,0.0003591514250729233,0.9990382178493746,0.0009618565236451104
ISIC_0026772,nv,0.9725674632936716,0.027432536706328392,0.00020497696823440492,5.188172872294672e-05,0.0005577167612500489,0.0032614509109407663,0.0005091154598630965,0.9947817921638489,0.0006330253090709448,0.9992339851451106,0.0007659741568204481
ISIC_0026781,nv,0.8051438480615616,0.19485615193843842,4.494853419600986e-05,2.590360054455232e-05,0.0012001767754554749,0.00014258887676987797,0.018730752170085907,0.979824423789978,3.1156145269051194e-05,0.9811983455874724,0.01880160430482647
ISIC_0026795,nv,0.7463412582874298,0.2536587417125702,0.0021072321105748415,7.710711361141875e-05,0.0016440402250736952,0.000903113919775933,0.0021475234534591436,0.9930612444877625,5.969613994238898e-05,0.9956680947725545,0.004331862677645404
ISIC_0026804,nv,0.9872724218294024,0.012727578170597553,0.0001525967672932893,0.0024720467627048492,0.0024226680397987366,0.002231840742751956,0.017640890553593636,0.9731190204620361,0.0019609665032476187,0.9797344957478344,0.020265534083591774
ISIC_0026812,nv,0.995710130315274,0.004289869684726,0.0004281824512872845,0.00116761215031147,0.0018980290042236447,0.0030366608407348394,0.0007081187213771045,0.9909434914588928,0.0018179732142016292,0.9976961545180529,0.002303913322975859
ISIC_0026813,nv,0.9192005097866058,0.08079949021339417,0.00028484626091085374,0.0008944373112171888,0.00018791369802784175,0.0010759473079815507,0.0007007709937170148,0.9960120916366577,0.0008439937955699861,0.9981199464382371,0.0018800545658450574
ISIC_0026826,nv,0.8354283273220062,0.16457167267799377,9.129325189860538e-05,0.00010572553583187982,0.0008338422630913556,0.00011434501357143745,0.5984760522842407,0.400301069021225,7.762497261865065e-05,0.4013268812705064,0.5986730710719712
ISIC_0026834,nv,0.7680781036615372,0.23192189633846283,0.00022166979033499956,0.0002903478452935815,0.0008000649977475405,0.0001592866756254807,0.47133100032806396,0.5269957780838013,0.00020186211622785777,0.5281569918734021,0.47184301796369255
ISIC_0026838,nv,0.997306653065607,0.0026933469343930483,0.0007640022085979581,0.0015148891834542155,0.0021001407876610756,0.0016658308450132608,0.045782554894685745,0.9440442323684692,0.0041284337639808655,0.9519386377651244,0.04806144628673792
ISIC_0026852,nv,0.6742924451828003,0.3257075548171997,0.001496829092502594,0.00020621076691895723,0.023913126438856125,0.004968523979187012,0.026272637769579887,0.9427091479301453,0.0004334336263127625,0.9720242319745012,0.02797567762900144
ISIC_0026859,nv,0.7572244852781296,0.24277551472187042,0.002163737779483199,0.0007528589339926839,0.005455007776618004,0.00332673080265522,0.0031435575801879168,0.9815738797187805,0.0035841339267790318,0.9939397522248328,0.0060601542936638
ISIC_0026866,nv,0.8111186921596527,0.1888813078403473,0.0012274832697585225,0.004708363674581051,0.008771234191954136,0.001452026073820889,0.048944972455501556,0.9343125820159912,0.000583287444896996,0.9451191297266632,0.05488081939984113
ISIC_0026869,nv,0.8713651895523071,0.12863481044769287,1.0059286069008522e-05,6.822156865382567e-05,0.0006874487153254449,4.615997022483498e-05,0.0001496814365964383,0.9906746745109558,0.00836372934281826,0.9997720125393244,0.00022796229131927248
ISIC_0026880,nv,0.9877911834046245,0.012208816595375538,4.538241046248004e-05,9.887358828564174e-06,0.0002841457899194211,7.297530100913718e-05,0.00023206992773339152,0.9993138313293457,4.167539736954495e-05,0.9997126278176438,0.00028733969702443574
ISIC_0026882,nv,0.9566959254443645,0.04330407455563545,0.00027470861095935106,9.025411418406293e-05,0.0005329518462531269,0.00014512092457152903,0.000574378645978868,0.9983324408531189,5.028823215980083e-05,0.9990608018561034,0.000939341371122282
ISIC_0026883,nv,0.9182591289281845,0.08174087107181549,0.0009855955140665174,0.008757846429944038,0.017198754474520683,0.0037768108304589987,0.25711193680763245,0.708490788936615,0.003678280860185623,0.7331446351017803,0.266855378751643
ISIC_0026888,nv,0.8397191017866135,0.16028089821338654,0.0020858554635196924,0.020543375983834267,0.011774774640798569,0.004617350175976753,0.05002298206090927,0.8034985065460205,0.10745708644390106,0.9273477178066969,0.07265221350826323
ISIC_0026890,nv,0.7248271107673645,0.2751728892326355,0.0015188796678557992,0.03377237543463707,0.6798382997512817,0.008329262025654316,0.007172850891947746,0.249440535902977,0.0199278574436903,0.9575359551236033,0.042464105994440615
ISIC_0026891,nv,0.8730574697256088,0.12694253027439117,0.0003128697571810335,0.00019686471205204725,0.005469833966344595,0.006619508843868971,0.005120197776705027,0.9818031787872314,0.0004774421686306596,0.9943699637660757,0.005629932245938107
ISIC_0026896,nv,0.9693269152194262,0.030673084780573845,0.0016818277072161436,0.0008897819207049906,0.0028540934436023235,0.004508341662585735,0.00100022554397583,0.9864071011543274,0.0026586069725453854,0.9964281432330608,0.0035718351718969643
ISIC_0026900,nv,0.9870570935308933,0.012942906469106674,0.0005739284679293633,0.00035915771150030196,0.0007643252611160278,0.0011108325561508536,0.0007754218531772494,0.9942718744277954,0.0021444852463901043,0.9982915174914524,0.0017085080326069146
ISIC_0026906,nv,0.9928598213009536,0.007140178699046373,0.0037501766346395016,0.0007292176014743745,0.0094967782497406,0.0074898782186210155,0.007138132117688656,0.9695669412612915,0.001828884589485824,0.9883824823191389,0.011617526353802532
ISIC_0026910,nv,0.9897980727255344,0.010201927274465561,8.796684414846823e-05,0.00020393203885760158,0.00011783349327743053,0.0003392399230506271,0.0002483187126927078,0.9982238411903381,0.000778857443947345,0.9994597720506135,0.0005402175956987776
ISIC_0026922,nv,0.8806852996349335,0.11931470036506653,0.0016051356215029955,0.0003403335576876998,0.004176492802798748,0.002041768981143832,0.006763666868209839,0.984904944896698,0.00016761914594098926,0.9912908258265816,0.008709136047400534
ISIC_0026924,nv,0.9591324776411057,0.04086752235889435,0.0009141206974163651,0.00022239501413423568,0.004909084644168615,0.004073848947882652,0.0003023761382792145,0.9882027506828308,0.0013754578540101647,0.9985611421288922,0.0014388918498298153
ISIC_0026929,nv,0.8502725660800934,0.14972743391990662,0.0029467898420989513,4.87480683659669e-05,0.0003067690704483539,0.00028254385688342154,0.5504910945892334,0.44569072127342224,0.00023335622972808778,0.4465133904304821,0.5534866324996983
ISIC_0026949,nv,0.9818720314651728,0.018127968534827232,0.0005497637903317809,0.0004160236567258835,0.10073881596326828,0.0037880141753703356,0.0062716323882341385,0.8865650296211243,0.0016708283219486475,0.9927626880817115,0.007237419835291803
ISIC_0026960,nv,0.7513155192136765,0.24868448078632355,5.0803719204850495e-05,8.024675480555743e-06,7.894838199717924e-05,2.2503678337670863e-05,0.0003517363511491567,0.9994612336158752,2.683279490156565e-05,0.9995895184711117,0.00041056474583456293
ISIC_0026965,nv,0.8554907739162445,0.1445092260837555,0.0003868356579914689,0.0001428614486940205,0.00022288110631052405,0.0008638284634798765,0.0014016341883689165,0.9965180158615112,0.0004638815298676491,0.9980686069611693,0.001931331295054406
ISIC_0026971,nv,0.9259210526943207,0.07407894730567932,0.0019187688594684005,0.00030520520522259176,0.010960924439132214,0.0005084660369902849,0.0016427523223683238,0.9839267134666443,0.0007371196406893432,0.9961332235834561,0.003866726387059316
ISIC_0026994,nv,0.9376475289463997,0.06235247105360031,0.0002866128634195775,0.000244776631006971,0.016293594613671303,0.0038969984743744135,0.00044374034041538835,0.9778753519058228,0.0009589134715497494,0.9990248584654182,0.0009751298348419368
ISIC_0026997,nv,0.9776537772268057,0.022346222773194313,0.007328661158680916,0.0015102848410606384,0.003477090736851096,0.027350902557373047,0.003279763739556074,0.9536528587341309,0.0034003586042672396,0.9878812106326222,0.012118709739297628
ISIC_0026998,nv,0.8835655823349953,0.11643441766500473,0.010993771255016327,0.07490376383066177,0.16959993541240692,0.0006005290197208524,0.11702562868595123,0.6265120506286621,0.0003642578376457095,0.7970767728984356,0.20292316377162933
ISIC_0027000,nv,0.9974203987512738,0.0025796012487262487,0.00041962723480537534,0.00046214982285164297,0.005426070652902126,0.014113275334239006,0.00293267541565001,0.975173830986023,0.001472371630370617,0.9961855486035347,0.0038144524733070284
ISIC_0027001,nv,0.9970170350279659,0.0029829649720340967,5.384614269132726e-05,0.00016221514670178294,0.0001915222528623417,0.0006303489208221436,0.000279327854514122,0.9983041286468506,0.00037861603777855635,0.9995046158583136,0.0004953891439072322
ISIC_0027002,nv,0.9855365827679634,0.01446341723203659,0.003216103883460164,0.01867092400789261,0.006074010394513607,0.02433563768863678,0.5425698161125183,0.4021335244178772,0.003000010270625353,0.43554318277165294,0.5644568440038711
ISIC_0027010,nv,0.22461754083633423,0.7753824591636658,0.0011190322693437338,0.013166621327400208,0.01576201803982258,0.0030394571367651224,0.6965649724006653,0.26944786310195923,0.000899994804058224,0.28914933308260515,0.7108506259974092
ISIC_0027024,nv,0.9575043581426144,0.042495641857385635,0.0002011344622587785,1.7726109945215285e-05,0.0020661968737840652,0.00014155532699078321,0.02669956162571907,0.9707955121994019,7.836507575120777e-05,0.9730816294759279,0.026918422197923064
ISIC_0027056,nv,0.7886423617601395,0.21135763823986053,0.00026909628650173545,9.833679359871894e-05,0.00045835779746994376,0.002217737725004554,0.0011750744888558984,0.9955529570579529,0.00022839843586552888,0.9984574510162929,0.0015425075689563528
ISIC_0027066,nv,0.5429839193820953,0.45701608061790466,0.0019407701911404729,0.00010505059617571533,0.0021975452546030283,0.00035884176031686366,0.46589282155036926,0.5292911529541016,0.00021386567095760256,0.5320614056399791,0.46793864233768545
ISIC_0027078,nv,0.9929130943492055,0.007086905650794506,2.2053822249290533e-05,1.6367233911296353e-05,2.1556177671300247e-05,1.2944607988174539e-05,0.0003694806946441531,0.9994776844978333,7.991910388227552e-05,0.999592104387375,0.00040790175080474
ISIC_0027087,nv,0.8815765306353569,0.1184234693646431,0.0007497225305996835,0.00043972040293738246,0.0010529895080253482,0.00022301526041701436,0.41596007347106934,0.5802378058433533,0.0013367598876357079,0.5828505704994313,0.4171495164046064
ISIC_0027097,nv,0.762293130159378,0.23770686984062195,0.0004499114293139428,0.00019696886010933667,0.00011534873920027167,0.0014043414266780019,0.6345799565315247,0.36273840069770813,0.000514991523232311,0.3647730823868187,0.6352268368209479
ISIC_0027109,nv,0.9195211753249168,0.08047882467508316,0.003841463476419449,0.012325639836490154,0.0589325875043869,0.0182461179792881,0.00021882720466237515,0.8937870264053345,0.012648336589336395,0.9836140684783459,0.01638593051757198
ISIC_0027112,nv,0.9653717391192913,0.034628260880708694,0.0009970123646780849,0.00029266695491969585,0.030458401888608932,0.0010514789028093219,0.029479965567588806,0.9374791979789734,0.00024119326553773135,0.9692302720359294,0.030769644887186587
ISIC_0027115,nv,0.9423671700060368,0.05763282999396324,0.0002123880258295685,0.001684150891378522,0.000336526136379689,0.0003482926113065332,0.0031045451760292053,0.984312891960144,0.010001182556152344,0.9949988932639826,0.005001084093237296
ISIC_0027119,nv,0.8357562571763992,0.16424374282360077,0.0007849399116821587,0.00040217829518951476,0.07876788079738617,0.0017425860278308392,0.00045360959484241903,0.9172709584236145,0.000577918894123286,0.9983593441429548,0.0016407278017140925
ISIC_0027138,nv,0.9633102901279926,0.03668970987200737,0.00039299807394854724,0.0003461389278527349,0.04233690723776817,0.00010614303027978167,0.7410162687301636,0.21429100632667542,0.001510517904534936,0.2582445744992583,0.7417554057319649
ISIC_0027153,nv,0.9948806730099022,0.005119326990097761,0.0006442004232667387,0.0014167240587994456,0.0009079596493393183,0.0014825682155787945,0.007001563441008329,0.9868699908256531,0.0016770332586020231,0.9909375519491732,0.009062487923074514
ISIC_0027158,nv,0.9431586265563965,0.056841373443603516,0.0005326337413862348,0.0005947835161350667,0.0012373870704323053,0.002464987337589264,0.0006707169814035296,0.9922040700912476,0.002295475220307708,0.9982019197195768,0.0017981342389248312
ISIC_0027166,nv,0.9771774094551802,0.022822590544819832,0.0002641288156155497,0.0020190500654280186,0.03408751264214516,0.03162355720996857,0.003149891272187233,0.9236546158790588,0.005201348103582859,0.9945670338347554,0.005433070153230801
ISIC_0027181,nv,0.9012523740530014,0.0987476259469986,0.0002584464382380247,0.003900774521753192,0.5348191261291504,0.008648788556456566,0.02552390843629837,0.360441118478775,0.06640781462192535,0.9703168477863073,0.029683129396289587
ISIC_0027186,nv,0.8398345112800598,0.16016548871994019,0.0035548086743801832,0.005180561449378729,0.12509308755397797,0.10501676797866821,0.0028161632362753153,0.74321049451828,0.015128126367926598,0.9884484764188528,0.011551533360034227
ISIC_0027199,nv,0.9865682469680905,0.013431753031909466,0.004208160098642111,0.0018577758455649018,0.0038784402422606945,0.014874834567308426,0.002948127221316099,0.9689796566963196,0.0032530392054468393,0.9909859707113355,0.009014063165523112
ISIC_0027203,nv,0.1953638792037964,0.8046361207962036,0.0009368048631586134,0.0038433014415204525,0.005639741197228432,0.0005840026424266398,0.008584459312260151,0.9803321361541748,7.96079111751169e-05,0.986635487905005,0.013364565616939217
ISIC_0027207,nv,0.8695659041404724,0.1304340958595276,0.00027609860990196466,8.536218956578523e-05,0.0015179235488176346,0.0004976638010703027,0.000987189239822328,0.9962555170059204,0.00038027664413675666,0.9986513809999451,0.001348650039290078
ISIC_0027208,nv,0.7717938423156738,0.22820615768432617,0.0013346687192097306,0.0008339694468304515,0.005762945860624313,0.00287473457865417,0.04843153432011604,0.9403530955314636,0.00040894700214266777,0.9493997229728848,0.050600172486156225
ISIC_0027211,nv,0.7816278636455536,0.2183721363544464,0.001093254773877561,0.015663472935557365,0.5021275877952576,0.002439456759020686,0.04963216185569763,0.42653730511665344,0.0025068337563425303,0.9336111834272742,0.06638888956513256
ISIC_0027225,nv,0.736260712146759,0.26373928785324097,0.0005320455529727042,0.0005727728130295873,0.0038970904424786568,0.007126537151634693,0.00976411160081625,0.9777286648750305,0.0003788582398556173,0.9891311507089995,0.010868929966818541
ISIC_0027227,nv,0.9389962144196033,0.06100378558039665,0.00010177137301070616,2.166537888115272e-05,0.0007268471526913345,0.000632740615401417,0.0006234681350179017,0.9978582262992859,3.530169487930834e-05,0.999253115762258,0.0007469048869097605
ISIC_0027230,nv,0.9683868587017059,0.03161314129829407,0.0010669202310964465,0.0006523100892081857,0.0015908576315268874,0.0011909048771485686,0.00027444568695500493,0.9941169023513794,0.0011076834052801132,0.998006348265335,0.001993676007259637
ISIC_0027232,nv,0.9877777034416795,0.012222296558320522,0.01147957518696785,0.0016915935557335615,0.0702076330780983,0.35891783237457275,0.0375540591776371,0.5189135074615479,0.0012358066160231829,0.9492747795302421,0.05072522792033851
ISIC_0027242,nv,0.33428525924682617,0.6657147407531738,0.024689706042408943,0.40998387336730957,0.0036517742555588484,0.001970409182831645,0.014277135021984577,0.5443536639213562,0.0010734926909208298,0.5510493400506675,0.4489507144317031
ISIC_0027244,nv,0.4814079999923706,0.5185920000076294,5.147563797436305e-07,6.061530939405202e-07,0.9955564141273499,1.0564199328655377e-06,0.0009871586225926876,0.0034539734479039907,3.4512407864895067e-07,0.9990117891192654,0.0009882795320663718
ISIC_0027247,nv,0.9096154496073723,0.09038455039262772,0.003056102665141225,0.0005474521312862635,0.004763524513691664,0.042150259017944336,0.00199803221039474,0.9460610747337341,0.001423652283847332,0.9943985105492175,0.005601587006822228
ISIC_0027264,nv,0.8807250186800957,0.11927498131990433,0.0005714164581149817,0.0019255608785897493,0.025378286838531494,0.0023237864952534437,0.013193577527999878,0.9562315344810486,0.0003758321108762175,0.9843094399257097,0.01569055486470461
ISIC_0027267,nv,0.9673146829009056,0.03268531709909439,5.3633430070476606e-05,6.611481694562826e-06,0.00018479209393262863,0.00011521215492393821,0.0004685945750679821,0.9990885257720947,8.256913861259818e-05,0.9994710991595639,0.0005288394868330215
ISIC_0027280,nv,0.9832891784608364,0.01671082153916359,6.203152588568628e-05,0.0005067733000032604,0.0006611918797716498,0.0025557074695825577,0.001046186313033104,0.9941287040710449,0.0010395298013463616,0.9983851332217455,0.0016149911389220506
ISIC_0027285,nv,0.7410789728164673,0.2589210271835327,0.003670344827696681,0.07542594522237778,0.10145235806703568,0.00786537118256092,0.035123128443956375,0.7671880125999451,0.009274851530790329,0.885780593380332,0.11421941849403083
ISIC_0027312,nv,0.9185957461595535,0.08140425384044647,0.0004054343735333532,0.0024884494487196207,0.05897348001599312,0.002380104037001729,0.058650944381952286,0.8764188289642334,0.0006827440811321139,0.9384551570983604,0.06154482820420526
ISIC_0027322,nv,0.8933144062757492,0.1066855937242508,0.004659100901335478,0.0016038096509873867,0.028116170316934586,0.01135605201125145,0.0022147067356854677,0.9499881267547607,0.002062119310721755,0.9915224683936685,0.008477617288008332
ISIC_0027338,nv,0.8646194189786911,0.1353805810213089,0.00013736356049776077,0.0005210529780015349,0.04335682839155197,3.7609243008773774e-05,0.006052069365978241,0.9498814344406128,1.3589296941063367e-05,0.9932894613721146,0.006710485904477537
ISIC_0027346,nv,0.5830076932907104,0.41699230670928955,0.03836769610643387,0.0005875304341316223,0.01465535070747137,0.0008190805092453957,0.8977426886558533,0.047676701098680496,0.00015094556147232652,0.06330207787686959,0.9366979151964188
ISIC_0027348,nv,0.6877447664737701,0.31225523352622986,0.000482618750538677,0.000653633673209697,0.979540228843689,0.004357494879513979,0.0017641688464209437,0.012967129237949848,0.00023470443557016551,0.997099557396723,0.0029004212701693177
ISIC_0027356,nv,0.9818145353347063,0.018185464665293694,6.30911163170822e-05,3.644875323516317e-05,0.0004974132752977312,0.0005297911702655256,0.0010310711804777384,0.9976522326469421,0.00019001933105755597,0.998869456423563,0.0011306110500299837
ISIC_0027357,nv,0.9785960037261248,0.021403996273875237,0.001281379139982164,0.0004407547530718148,0.014317451044917107,0.005097744520753622,0.004166055005043745,0.9738577604293823,0.0008387798443436623,0.9941117358393967,0.005888188898097724
ISIC_0027360,nv,0.8397043943405151,0.16029560565948486,0.00038049378781579435,0.7182391285896301,0.07766534388065338,0.0011123805306851864,0.00956779345870018,0.1912688910961151,0.0017658874858170748,0.27181250299327075,0.7281874158361461
ISIC_0027363,nv,0.97751210257411,0.02248789742588997,0.00018579166498966515,0.0016307838959619403,0.0005739896441809833,0.005922115873545408,0.0002668603847268969,0.990422248840332,0.0009982482297345996,0.997916602587793,0.0020834359456785023
ISIC_0027375,nv,0.7637051343917847,0.23629486560821533,0.0012601803755387664,0.0008513115462847054,0.004768137354403734,0.007761602755635977,0.04272937774658203,0.9416652321815491,0.0009641588549129665,0.9551591311465017,0.0448408696684055
ISIC_0027379,nv,0.5730052590370178,0.4269947409629822,0.00018389678734820336,2.5762274162843823e-05,0.04006676748394966,5.079188122181222e-05,0.3036044239997864,0.6560389399528503,2.9473534596036188e-05,0.6961859728526179,0.3038140830612974
ISIC_0027384,nv,0.8324198126792908,0.16758018732070923,0.0010538389906287193,0.0008205830818042159,0.007305632345378399,0.003824257990345359,0.0019412535475566983,0.982914388179779,0.0021400831174105406,0.9961843616329134,0.0038156756199896336
ISIC_0027389,nv,0.970093909651041,0.02990609034895897,0.0008975372184067965,6.602249050047249e-05,0.00212577055208385,0.003028267063200474,0.0016150317387655377,0.9917353391647339,0.0005320278578437865,0.997421404637862,0.0025785914476728067
ISIC_0027396,nv,0.9658283181488514,0.034171681851148605,0.00027739538927562535,4.5283992221811786e-05,0.00016564401448704302,0.0002601979940664023,0.0007403044146485627,0.99802565574646,0.00048545299796387553,0.9989369507529773,0.0010629837961459998
ISIC_0027400,nv,0.55878746509552,0.44121253490448,9.488025534665212e-05,3.714933336596005e-05,0.0002596927515696734,0.0010484344093129039,0.0010122249368578196,0.9973776340484619,0.00017004224355332553,0.9988558034528978,0.0011442545255704317
ISIC_0027408,nv,0.9008648619055748,0.0991351380944252,0.0004161352990195155,0.000606296758633107,0.8402353525161743,0.0005317266914062202,0.0746070146560669,0.0832631066441536,0.0003404049784876406,0.9243705908302218,0.07562944671371952
ISIC_0027414,nv,0.9982281888369471,0.0017718111630529165,0.0009715327178128064,0.0027617954183369875,0.0006537075387313962,0.0027093123644590378,0.026016900315880775,0.9625805020332336,0.0043062372133135796,0.9702497591497377,0.02975022845203057
ISIC_0027422,nv,0.8648215085268021,0.13517849147319794,0.006199330557137728,0.0005798896308988333,0.005332054570317268,0.06007855758070946,0.03351866453886032,0.8906491994857788,0.0036422719713300467,0.9597020836081356,0.04029788472689688
ISIC_0027424,nv,0.9432534165680408,0.05674658343195915,0.00011735295265680179,9.7649208328221e-05,0.0003376813547220081,4.307871131459251e-05,0.01731599122285843,0.981913149356842,0.0001750556257320568,0.9824689650486107,0.017530993383843452
ISIC_0027426,nv,0.9969407031312585,0.0030592968687415123,4.141524914302863e-05,3.5319793823873624e-05,7.294142415048555e-05,0.0004069451242685318,0.0007852778071537614,0.9983364939689636,0.0003216694458387792,0.9991380499632214,0.0008620128501206636
ISIC_0027427,nv,0.9452128410339355,0.05478715896606445,9.853497613221407e-05,0.021161161363124847,0.01975354179739952,0.0019717609975486994,0.0005015588249079883,0.9516862630844116,0.004827215801924467,0.9782387816812843,0.02176125516416505
ISIC_0027434,nv,0.8159825652837753,0.18401743471622467,0.00020160088024567813,0.00019293958030175418,0.00032665932667441666,0.0003495707642287016,0.2480204552412033,0.7504464983940125,0.0004622724954970181,0.7515850009804126,0.24841499570175074
ISIC_0027441,nv,0.9821488559246063,0.017851144075393677,0.00011601208097999915,0.0001359097077511251,0.0030908361077308655,0.0011031819740310311,0.00037359853740781546,0.9948092699050903,0.0003712673205882311,0.9993745553074405,0.0006255203261389397
ISIC_0027444,nv,0.959549430757761,0.040450569242239,3.661929440568201e-05,0.0005335641908459365,0.0025437003932893276,0.00017634181131143123,0.5455557107925415,0.4511397182941437,1.4240058590075932e-05,0.4538740005573345,0.5461258942777931
ISIC_0027456,nv,0.9975760590750724,0.0024239409249275923,1.808718116080854e-05,1.5400848496938124e-05,0.00016045407392084599,6.927616050234064e-05,0.0017629204085096717,0.9978775978088379,9.642665827414021e-05,0.9982037547015352,0.0017964084381674184
ISIC_0027457,nv,0.9739575553685427,0.02604244463145733,0.0006087992805987597,0.0006732922629453242,0.0013573858886957169,0.004777178633958101,0.0005349200800992548,0.9881138205528259,0.003934615291655064,0.9981830003671348,0.0018170116236433387
ISIC_0027462,nv,0.8003968745470047,0.1996031254529953,1.9051302615480381e-06,4.991567493561888e-06,8.41723958728835e-05,3.169780393363908e-05,0.984501302242279,0.01536652073264122,9.417376531928312e-06,0.015491808308979671,0.9845081989400342
ISIC_0027475,nv,0.976349163800478,0.02365083619952202,0.0006793515058234334,0.0004641798441298306,0.006314094644039869,0.0018123409245163202,0.04738295078277588,0.9429963827133179,0.00035076180938631296,0.9514735800912604,0.04852648213272914
ISIC_0027481,nv,0.9903827840462327,0.0096172159537673,0.0013707991456612945,0.00045369332656264305,0.00621988857164979,0.01465601846575737,0.0034403104800730944,0.9694315195083618,0.004427812993526459,0.9947352395392954,0.005264802952297032
ISIC_0027490,nv,0.9925076132640243,0.007492386735975742,0.004131600726395845,0.0008872594335116446,0.01662035845220089,1.0731756447057705e-05,0.02415906824171543,0.9538128972053528,0.0003782070998568088,0.9708221945138575,0.02917792840162292
ISIC_0027511,nv,0.9932641726918519,0.006735827308148146,0.000933156639803201,0.0013146058190613985,0.010531705804169178,0.0032363131176680326,0.002518765162676573,0.975538432598114,0.005927094258368015,0.9952335457783192,0.004766527621541172
ISIC_0027515,nv,0.999232578149531,0.0007674218504689634,0.001596831250935793,0.002301780041307211,0.00544829573482275,0.0007024634978733957,0.0013579409569501877,0.9806287288665771,0.007964030839502811,0.9947435189387761,0.0052565522491931915
ISIC_0027519,nv,0.9732363149523735,0.026763685047626495,0.002438876312226057,0.00224141008220613,0.036476247012615204,0.007927928119897842,0.003293468616902828,0.9441406726837158,0.0034813128877431154,0.992026160703972,0.007973755011335015
ISIC_0027521,nv,0.9584801904857159,0.041519809514284134,0.0076213800348341465,0.00130554533097893,0.0058548832312226295,0.014048571698367596,0.021542232483625412,0.949266254901886,0.00036114209797233343,0.9695308519294485,0.03046915784943849
ISIC_0027528,nv,0.9101653471589088,0.08983465284109116,0.0002272574056405574,0.002248350065201521,0.0008950964547693729,0.016922669485211372,0.00038561204564757645,0.9742133021354675,0.0051076365634799,0.9971387046389282,0.0028612195164896548
ISIC_0027538,nv,0.809138759970665,0.19086124002933502,0.001444297726266086,0.0011330872075632215,0.5203137993812561,0.0005533191142603755,0.029302407056093216,0.44715556502342224,9.759224485605955e-05,0.9681202757637948,0.031879791989922523
ISIC_0027539,nv,0.9584592096507549,0.04154079034924507,0.0003773169592022896,0.00013581555685959756,0.0008128412300720811,0.00046234624460339546,0.002374802017584443,0.9953457713127136,0.0004910390707664192,0.9971119978581555,0.0028879345336463302
ISIC_0027557,nv,0.9905410055071115,0.00945899449288845,0.00019948500266764313,0.0018836837261915207,0.0002587929193396121,0.0006361569394357502,0.0006940077873878181,0.9951671361923218,0.0011608358472585678,0.9972229218983557,0.002777176516246982
ISIC_0027570,nv,0.9534891732037067,0.04651082679629326,0.0022730629425495863,0.0004264959425199777,0.0001127031137002632,0.00023872815654613078,0.013096551410853863,0.9824199676513672,0.00143257190939039,0.984203970831004,0.015796110295923427
ISIC_0027576,nv,0.9909855425357819,0.00901445746421814,0.0007460181368514895,0.0009884057799354196,0.0022100049536675215,0.027002761140465736,0.003094540210440755,0.9020991325378418,0.0638592317700386,0.9951711304020137,0.004828964127227664
ISIC_0027578,nv,0.6803199648857117,0.31968003511428833,3.862988523906097e-05,2.411571813354385e-06,0.0309220589697361,3.7791960494359955e-05,0.9407329559326172,0.028251757845282555,1.4426358575292397e-05,0.059226035134088306,0.9407739973896696
ISIC_0027579,nv,0.99168033991009,0.00831966008991003,0.0015438403934240341,0.0012709961738437414,0.0013091681757941842,0.02393120341002941,0.002397541655227542,0.9677327871322632,0.0018145422218367457,0.9947877009399235,0.0052123782224953175
ISIC_0027587,nv,0.9638961963355541,0.03610380366444588,0.005217079538851976,0.0016518417978659272,0.0015542499022558331,0.0072220563888549805,0.027706129476428032,0.9558541774749756,0.0007944386452436447,0.96542492241133,0.034575050813145936
ISIC_0027594,nv,0.8844896107912064,0.11551038920879364,0.0005850772140547633,7.123214163584635e-05,0.0008997248369269073,0.00015576049918308854,0.0005125204334035516,0.9975005984306335,0.0002750761341303587,0.9988311599008739,0.0011688297890941612
ISIC_0027597,nv,0.9031279310584068,0.09687206894159317,0.0011482818517833948,0.0007808912196196616,0.0001848785614129156,0.002314498648047447,0.018607376143336296,0.9768195748329163,0.000144534555147402,0.979463486597524,0.020536549214739352
ISIC_0027607,nv,0.7197312712669373,0.28026872873306274,0.0014012090396136045,0.0005376595072448254,0.009814408607780933,0.002969214925542474,0.6443619728088379,0.34002289175987244,0.0008925962611101568,0.353699111554306,0.6463008413556963
ISIC_0027632,nv,0.9205903485417366,0.0794096514582634,0.00042789700091816485,0.0015692916931584477,0.0008192884852178395,0.00012824105215258896,0.0031405161134898663,0.9927077889442444,0.0012068849755451083,0.9948622034571599,0.005137704807566479
ISIC_0027638,nv,0.9195601046085358,0.08043989539146423,0.0044009992852807045,0.006663793232291937,0.11009914427995682,0.1352311223745346,0.0008790123974904418,0.734863817691803,0.007862062193453312,0.9880561465397477,0.011943804915063083
ISIC_0027646,nv,0.9916075123474002,0.008392487652599812,5.335098830983043e-05,1.5433830412803218e-05,0.0002648835943546146,0.0004784569318871945,5.010723907616921e-05,0.9990794658660889,5.8251058362657204e-05,0.9998810574506933,0.00011889205779880285
ISIC_0027658,nv,0.9983344996580854,0.0016655003419145942,0.0013717423425987363,0.002241898560896516,0.0006231967709027231,0.0040809111669659615,0.016515344381332397,0.9719432592391968,0.0032236867118626833,0.9798710538889281,0.02012898528482765
ISIC_0027660,nv,0.983855938538909,0.01614406146109104,6.78238138789311e-05,6.745658174622804e-05,6.564443901879713e-05,0.0021134312264621258,0.0002463206183165312,0.9965692758560181,0.0008700267062522471,0.9996183782277512,0.0003816010139416903
ISIC_0027661,nv,0.9860508693382144,0.013949130661785603,1.6910133126657456e-05,3.1726041925139725e-05,5.982518268865533e-05,0.0011536609381437302,0.0010941523360088468,0.9974749684333801,0.0001687180483713746,0.9988571726025839,0.001142788511060644
ISIC_0027670,nv,0.801826536655426,0.19817346334457397,0.0002437160292174667,0.0002826215932145715,0.00011366223043296486,0.0005251095280982554,0.817539393901825,0.18099257349967957,0.0003029659274034202,0.1819343111856142,0.818065731524257
ISIC_0027671,nv,0.7248851656913757,0.27511483430862427,0.0005012348992750049,0.0014978774124756455,0.005786726716905832,0.0012855437817052007,0.04439136013388634,0.9460307359695435,0.0005065139848738909,0.9536095204530284,0.04639047244563699
ISIC_0027676,nv,0.9857534682378173,0.014246531762182713,0.00023795748711563647,0.003432862926274538,0.010835426859557629,0.004798354580998421,0.0008284611394628882,0.9783971905708313,0.0014698298182338476,0.9955008018296212,0.004499281552853063
ISIC_0027705,nv,0.9696886744350195,0.030311325564980507,3.4874519769800827e-06,0.0006316575454548001,0.000496690918225795,1.1583595551201142e-05,0.0007652876665815711,0.998071014881134,2.0293873603804968e-05,0.9985995832685148,0.0014004326640133513
ISIC_0027707,nv,0.9341205880045891,0.06587941199541092,0.0013181979302316904,0.0020557274110615253,0.022265905514359474,0.0032130589243024588,0.008697336539626122,0.9614701867103577,0.0009796048980206251,0.9879287560470402,0.012071261880919337
ISIC_0027709,nv,0.8871115297079086,0.11288847029209137,2.1516871129279025e-05,6.728386506438255e-05,0.016868654638528824,5.085778684588149e-05,0.008547093719244003,0.9743474125862122,9.715803025756031e-05,0.9913640830418444,0.008635894455437665
ISIC_0027712,nv,0.9813039563596249,0.018696043640375137,0.0001889272971311584,0.0001276259426958859,0.0003147787065245211,0.0015247862320393324,0.00019339207210578024,0.9972931742668152,0.0003572336572688073,0.9994899728626478,0.0005099453119328246
ISIC_0027723,nv,0.9535179361701012,0.046482063829898834,0.00022915200679562986,0.0005650839884765446,0.001991020981222391,0.0006319034146144986,0.02818167582154274,0.9679810404777527,0.00042015346116386354,0.9710241183347534,0.028975911816814914
ISIC_0027725,nv,0.41413283348083496,0.585867166519165,0.0003577428578864783,0.0003876061527989805,0.005653555039316416,0.0003707896685227752,0.008767316117882729,0.9836888313293457,0.00077417166903615,0.990487347706221,0.009512665128568187
ISIC_0027732,nv,0.9710945934057236,0.028905406594276428,0.0004402585909701884,0.0004455166053958237,0.0006829206249676645,0.001425070222467184,7.552587339887396e-05,0.9959362745285034,0.0009944356279447675,0.999038701003883,0.000961301069764886
ISIC_0027749,nv,0.995936787687242,0.004063212312757969,1.7141839634859934e-05,2.9644639653270133e-05,0.00016291234351228923,0.00018236879259347916,3.836250107269734e-05,0.9993357062339783,0.00023376740864478052,0.9999147547787288,8.514898036082741e-05
ISIC_0027756,nv,0.9507007896900177,0.0492992103099823,0.00013879862672183663,0.03184555470943451,0.0031525669619441032,0.0011173058301210403,0.002788458252325654,0.9607482552528381,0.0002089819172397256,0.965227109962143,0.034772811588482
ISIC_0027782,nv,0.9772831313312054,0.022716868668794632,0.00017627570196054876,0.00019425175560172647,0.0008956628735177219,0.0004505776450969279,0.00019697951211128384,0.997601330280304,0.00048490913468413055,0.9994324799336027,0.0005675069696735591
ISIC_0027787,nv,0.8344518393278122,0.1655481606721878,0.005928396247327328,0.0012840372510254383,0.01073579303920269,0.002280470682308078,0.000469037564471364,0.9789614677429199,0.0003408445627428591,0.9923185760271735,0.00768147106282413
ISIC_0027800,nv,0.9066257998347282,0.09337420016527176,0.004523539915680885,0.009105592966079712,0.014034135267138481,0.006101455073803663,0.1713065207004547,0.7710476517677307,0.02388107404112816,0.815064316149801,0.1849356535822153
ISIC_0027813,nv,0.8943407312035561,0.10565926879644394,0.008460644632577896,0.006805958226323128,0.0010742130689322948,0.004118987359106541,0.02910890430212021,0.9308158159255981,0.019615480676293373,0.9556244970299304,0.04437550716102123
ISIC_0027817,nv,0.8829051703214645,0.11709482967853546,0.0005155722610652447,0.0006976823206059635,0.0022247396409511566,0.0760132297873497,0.0005299488548189402,0.9178233742713928,0.0021955149713903666,0.998256858671084,0.0017432034364901483
ISIC_0027818,nv,0.9124861806631088,0.08751381933689117,0.0011444113915786147,0.0034678373485803604,0.01611843705177307,0.016062796115875244,0.0054662493057549,0.9461144208908081,0.011625824496150017,0.9899214785546064,0.010078498045913875
ISIC_0027821,nv,0.9795436970889568,0.020456302911043167,0.002754481742158532,0.000326435430906713,0.0003288297448307276,0.0005236439174041152,0.194130539894104,0.800676703453064,0.0012594105210155249,0.8027885876363143,0.19721145706716925
ISIC_0027823,nv,0.5207648873329163,0.47923511266708374,0.01739693060517311,0.009290236048400402,0.027934130281209946,0.005288391374051571,0.0016906193923205137,0.9378891587257385,0.0005105937016196549,0.9716222740826197,0.028377786045894027
ISIC_0027843,nv,0.9291182458400726,0.07088175415992737,1.0609748642309569e-05,5.954771495453315e-06,0.003194606862962246,0.0006533242994919419,0.00028203774127177894,0.9958449006080627,8.679920938448049e-06,0.9997015116914554,0.0002986022614095418
ISIC_0027866,nv,0.8617264330387115,0.13827356696128845,0.0032981305848807096,0.0023625444155186415,0.002426063409075141,0.021597929298877716,0.00904425885528326,0.9598667621612549,0.0014043216360732913,0.985295076505281,0.014704933855682611
ISIC_0027868,nv,0.7486027479171753,0.2513972520828247,1.752900607243646e-05,8.481783152092248e-05,9.583057544659823e-05,2.6127683668164536e-05,0.0005007489235140383,0.9991839528083801,9.102446347242221e-05,0.9993969355309673,0.0006030957611073973
ISIC_0027869,nv,0.9646380059421062,0.03536199405789375,0.00013568092253990471,0.00023108073219191283,0.002164603676646948,0.0008557451656088233,0.0005073242355138063,0.99528968334198,0.0008159349672496319,0.9991259671514854,0.0008740858902456239
ISIC_0027880,nv,0.9058478698134422,0.09415213018655777,0.001248114393092692,0.000844835361931473,0.007833722047507763,0.01710445061326027,0.0026742415502667427,0.967863917350769,0.002430675784125924,0.995232765795663,0.004767191305290908
ISIC_0027885,nv,0.9226510301232338,0.0773489698767662,0.0005713235004805028,0.0005724739748984575,0.003125136950984597,0.003888719482347369,0.006595085375010967,0.9829832315444946,0.0022640263196080923,0.9922611142974347,0.007738882850389928
ISIC_0027890,nv,0.99906748929061,0.0009325107093900442,0.0016350816003978252,0.0022666454315185547,0.048395439982414246,0.007460534106940031,0.003926413599401712,0.9230563640594482,0.013259555213153362,0.9921718933619559,0.007828140631318092
ISIC_0027898,nv,0.184533953666687,0.815466046333313,0.007929281331598759,0.02787718176841736,0.0366809107363224,0.05492493510246277,0.21335195004940033,0.6540257334709167,0.005210037808865309,0.7508416171185672,0.24915841314941645
ISIC_0027907,nv,0.9007823392748833,0.09921766072511673,5.29917269886937e-05,0.0003629910643212497,0.012600136920809746,0.0005153362290002406,0.09421469271183014,0.8919958472251892,0.0002580420405138284,0.905369362415513,0.09463067550314008
ISIC_0027912,nv,0.9920520363375545,0.007947963662445545,0.00032573234057053924,0.0007650111801922321,0.0006276961066760123,0.001796775497496128,0.0034022245090454817,0.9884519577026367,0.004630647134035826,0.9955070764408447,0.004492968029808253
ISIC_0027925,nv,0.8412173092365265,0.1587826907634735,0.00020951601618435234,0.0003503722546156496,0.005588616244494915,0.0014113049255684018,0.017969505861401558,0.9741227030754089,0.0003480100422166288,0.9814706342876889,0.01852939413220156
ISIC_0027932,nv,0.5935898721218109,0.4064101278781891,0.0004167518054600805,0.0001953853789018467,0.004089544527232647,0.0008112486102618277,0.09547682106494904,0.8980895280838013,0.0009207958355545998,0.9039111170568503,0.09608895824931096
ISIC_0027949,nv,0.5106987953186035,0.4893012046813965,0.002174888039007783,1.979296030185651e-05,0.007752161473035812,4.107733184355311e-05,0.8306021094322205,0.15936119854450226,4.881023050984368e-05,0.16720324757989147,0.8327967904315301
ISIC_0027951,nv,0.9395364671945572,0.06046353280544281,6.04512715653982e-05,2.675837640708778e-05,6.737912190146744e-05,9.729994053486735e-05,0.00045157887507230043,0.9992265701293945,6.988755194470286e-05,0.9994611367437756,0.0005387885230447864
ISIC_0027963,nv,0.769930362701416,0.23006963729858398,0.0020218519493937492,0.000295446312520653,0.0005356728215701878,0.0003008497296832502,0.05765002220869064,0.9388079047203064,0.00038827609387226403,0.9400327033654321,0.059967320470605046
ISIC_0027968,nv,0.9784847181290388,0.02151528187096119,0.00048042417620308697,0.0003472041280474514,0.00028184361872263253,0.010911480523645878,0.000501415750477463,0.9862743020057678,0.0012033649254590273,0.9986709910735954,0.0013290440547280014
ISIC_0027970,nv,0.8235498517751694,0.17645014822483063,0.00010152369941351935,0.0005415637861005962,0.006255010608583689,0.0023178881965577602,0.00409028772264719,0.9865235686302185,0.0001702762529021129,0.9952667436882621,0.004733375208161306
ISIC_0027975,nv,0.8987626880407333,0.10123731195926666,0.009266065433621407,0.004674515686929226,0.06938351690769196,0.019423794001340866,0.011233331635594368,0.8705160021781921,0.015502847731113434,0.9748261608183384,0.025173912756145
ISIC_0027977,nv,0.8789490535855293,0.12105094641447067,2.8935441150679253e-05,4.781618372362573e-06,0.0001914814638439566,7.209432169474894e-06,0.0010522144148126245,0.9986932873725891,2.211160426668357e-05,0.9989140898728692,0.0010859314743356663
ISIC_0027979,nv,0.9812932293862104,0.01870677061378956,0.004205629695206881,0.015253906138241291,0.02063015103340149,0.20190513134002686,0.0015965126221999526,0.7391464114189148,0.017262320965528488,0.9789440147578716,0.021056048455648124
ISIC_0027981,nv,0.9025712758302689,0.09742872416973114,0.0004836895677726716,0.000634502328466624,0.013747084885835648,0.0058279926888644695,0.001785640837624669,0.9742293953895569,0.0032917936332523823,0.9970962665975094,0.0029038327338639647
ISIC_0027995,nv,0.9057221710681915,0.09427782893180847,0.0013562142848968506,0.0024130477104336023,0.003397400723770261,0.0002781958901323378,0.0003088680387008935,0.9922115802764893,3.470807132543996e-05,0.9959218849617173,0.0040781300340313464
ISIC_0027997,nv,0.8710461258888245,0.12895387411117554,0.00029603615985251963,0.017701612785458565,0.011716543696820736,0.00036790152080357075,0.0003986390947829932,0.9630292654037476,0.006490006111562252,0.9816037167329341,0.018396288040094078
ISIC_0028001,nv,0.9964399514719844,0.0035600485280156136,5.683450217475183e-05,7.125975571398158e-06,3.1940671760821715e-05,1.641125709284097e-05,0.00011663106852211058,0.9997490048408508,2.1998546799295582e-05,0.9998193553165038,0.00018059154626826057
ISIC_0028004,nv,0.9935552575625479,0.006444742437452078,8.302739297505468e-05,4.490060018724762e-05,0.00012587760284077376,0.00020644247706513852,8.762885408941656e-05,0.9993281364440918,0.00012403223081491888,0.9997844887548126,0.00021555684725171886
ISIC_0028013,nv,0.9300694093108177,0.06993059068918228,0.0014776524621993303,0.0009152973652817309,0.030850496143102646,0.021855229511857033,0.0033284062519669533,0.9402869939804077,0.001285826088860631,0.994278545724228,0.0057213560794480145
ISIC_0028034,nv,0.9333055540919304,0.06669444590806961,0.00886838324368,0.002028889022767544,0.03284734487533569,0.006208396516740322,0.18077240884304047,0.7688223719596863,0.0004521968949120492,0.8083303102466743,0.191669681109488
ISIC_0028040,nv,0.9102567881345749,0.08974321186542511,0.0012090910458937287,0.0005390793667174876,0.0017469387967139482,0.0034155678004026413,0.0035300208255648613,0.9866191744804382,0.0029403071384876966,0.9947219882160425,0.005278191238176078
ISIC_0028049,nv,0.8599495589733124,0.14005044102668762,0.011313890106976032,0.0038154511712491512,0.03693832457065582,0.030552014708518982,0.029653400182724,0.8742948174476624,0.013432049192488194,0.9552172059193254,0.04478274146094918
ISIC_0028053,nv,0.9863989986479282,0.013601001352071762,0.0013272884534671903,0.002741822972893715,0.0017005224945023656,0.005157384090125561,0.004154599737375975,0.9777544140815735,0.00716392369940877,0.9917762443656102,0.00822371116373688
ISIC_0028054,nv,0.9013977944850922,0.09860220551490784,0.00014026057033333927,7.102679228410125e-05,0.0002983813174068928,0.0005988792981952429,0.0004261688736733049,0.9983921647071838,7.305144390556961e-05,0.9993624767666915,0.0006374562362907454
ISIC_0028055,nv,0.9689641371369362,0.031035862863063812,3.489754817564972e-05,1.8453489246894605e-05,3.706823554239236e-05,0.0003489687223918736,0.0001623745629331097,0.9993537068367004,4.453796282177791e-05,0.9997842817574565,0.00021572560035565402
ISIC_0028058,nv,0.9721451066434383,0.02785489335656166,0.00043149691191501915,0.0005002588732168078,0.0017231169622391462,0.0011578575940802693,0.001073447405360639,0.9929106831550598,0.0022032535634934902,0.9979949112748727,0.002005203190492466
ISIC_0028068,nv,0.9718721229583025,0.028127877041697502,7.976407505339012e-05,0.0003065064374823123,0.0002278853062307462,0.0005932447966188192,0.0005792552838101983,0.9978128671646118,0.00040052024996839464,0.9990345175174298,0.0009655257963459007
ISIC_0028073,nv,0.9740171171724796,0.02598288282752037,0.0034059183672070503,0.002573768375441432,0.0027365500573068857,0.007758205756545067,0.0018410650081932545,0.9718126654624939,0.009871767833828926,0.9921791891101748,0.007820751750841737
ISIC_0028089,nv,0.9598528146743774,0.04014718532562256,0.008364605717360973,0.0003336399677209556,0.0021172414999455214,0.009866985492408276,0.0051895189099013805,0.9714845418930054,0.002643444575369358,0.9861122134607285,0.01388776459498331
ISIC_0028097,nv,0.9984727265546098,0.0015272734453901649,0.0011506316950544715,0.004174250178039074,0.01359767559915781,0.005766094662249088,0.002587296301499009,0.9717033505439758,0.0010206929873675108,0.9920878137927502,0.007912178174592555
ISIC_0028098,nv,0.8729758709669113,0.12702412903308868,0.0004272263322491199,9.78248044702923e-06,0.985610842704773,6.553115963470191e-05,0.002074131043627858,0.011757670901715755,5.481111293192953e-05,0.9974888558790553,0.0025111398563240073
ISIC_0028101,nv,0.37707996368408203,0.622920036315918,0.0005995122483000159,6.483893957920372e-05,0.0027302734088152647,0.00023245930788107216,0.0871165320277214,0.9088396430015564,0.0004167294828221202,0.9122191052010749,0.08778088321560062
ISIC_0028115,nv,0.29764842987060547,0.7023515701293945,5.9897556639043614e-05,0.00010878563625738025,0.011012904345989227,0.00023628932831343263,0.011880457401275635,0.9766457676887512,5.5885266192490235e-05,0.9879508466292464,0.012049140594172059
ISIC_0028138,nv,0.897331640124321,0.10266835987567902,8.539570262655616e-05,6.577788008144125e-05,0.0003201375948265195,0.00011352194269420579,0.0006490906234830618,0.9986598491668701,0.00010607748117763549,0.9991995861855685,0.0008002642061910592
ISIC_0028143,nv,0.9502812474966049,0.04971875250339508,0.00022660709510091692,0.0001984167902264744,0.0006043460452929139,0.0009389164042659104,0.0005697942106053233,0.9972639083862305,0.00019799168512690812,0.9990051625209162,0.0009948180959327146
ISIC_0028144,nv,0.9550328180193901,0.044967181980609894,0.00010590864258119836,0.00011127683683298528,0.00016284464800264686,0.0007357486756518483,0.0006346016889438033,0.9980787038803101,0.00017088184540625662,0.9991481790493708,0.000851787168357987
ISIC_0028149,nv,0.9695838876068592,0.030416112393140793,0.0048406715504825115,0.0012211070861667395,0.002055735792964697,0.004898383282124996,0.007706161122769117,0.977229118347168,0.00204881327226758,0.9862320506945252,0.013767939759418368
ISIC_0028154,nv,0.5211908519268036,0.4788091480731964,0.0021364809945225716,0.011181061156094074,0.027182508260011673,0.14613676071166992,0.1401272714138031,0.6433428525924683,0.029893096536397934,0.8465552181005478,0.15344481356441975
ISIC_0028159,nv,0.587142288684845,0.41285771131515503,6.573726568603888e-05,0.07304494082927704,0.8855134844779968,0.001852516201324761,0.004704337567090988,0.03436800837516785,0.0004509496793616563,0.9221849587338511,0.07781501566205407
ISIC_0028162,nv,0.9970415991265327,0.002958400873467326,0.0019088508561253548,0.006224329583346844,0.004002210218459368,0.013085701502859592,0.005624272860586643,0.9384799599647522,0.030674654990434647,0.9862425266765058,0.013757453300058842
ISIC_0028167,nv,0.517848789691925,0.48215121030807495,0.00010009905963670462,8.465365681331605e-05,0.0019222275586798787,0.00011887432629009709,0.008154330775141716,0.9895997047424316,2.0032553948112763e-05,0.9916608391813497,0.008339083491591737
ISIC_0028169,nv,0.9756947010755539,0.024305298924446106,0.0011990544153377414,0.0005621942109428346,0.0007412993581965566,0.0033724529203027487,0.0023380047641694546,0.9897031188011169,0.002083824947476387,0.9959006960270926,0.0040992533904500306
ISIC_0028177,nv,0.8565145432949066,0.14348545670509338,0.0013358223950490355,0.0005012096371501684,0.0055650644935667515,0.0035174803342670202,0.002644922351464629,0.9856432676315308,0.0007921051001176238,0.9955179175594822,0.004481954383663833
ISIC_0028178,nv,0.934734120965004,0.06526587903499603,0.00034263404086232185,6.37280973023735e-05,0.00041999659151770175,0.0002212061663158238,0.0007224044529721141,0.9981305003166199,9.953442349797115e-05,0.9988712374979514,0.0011287665911368094
ISIC_0028195,nv,0.880559153854847,0.11944084614515305,0.0013425295474007726,0.002326606772840023,0.07152501493692398,0.004463463556021452,0.14818815886974335,0.7716785669326782,0.00047562888357788324,0.8481426743092015,0.15185729518998414
ISIC_0028221,nv,0.7880055755376816,0.21199442446231842,0.0028416982386261225,0.06362013518810272,0.027124593034386635,0.04258226603269577,0.018835317343473434,0.8352049589157104,0.009791074320673943,0.9147028923034668,0.08529715077020228
ISIC_0028235,nv,0.9872503969818354,0.012749603018164635,6.288004806265235e-05,7.24260025890544e-05,0.0021330369636416435,0.0002443177509121597,0.04407083988189697,0.9533148407936096,0.00010168801236432046,0.9557938835205277,0.04420614593254868
ISIC_0028242,nv,0.9483168907463551,0.05168310925364494,0.0014296749141067266,0.0002377520577283576,0.002255916828289628,0.0013672687346115708,0.027569912374019623,0.9658026099205017,0.0013368554646149278,0.9707626509480178,0.029237339345854707
ISIC_0028244,nv,0.7505028545856476,0.24949714541435242,8.710555266588926e-05,1.8630693148224964e-06,1.372975566482637e-05,0.00020479559316299856,0.001413585850968957,0.9982503056526184,2.8508629839052446e-05,0.9984973396312853,0.0015025544729496687
ISIC_0028246,nv,0.9204265177249908,0.07957348227500916,0.0005314339068718255,0.00018535906565375626,0.00204104115255177,0.0013405513018369675,0.0011332370340824127,0.9943162798881531,0.00045205242349766195,0.9981499247660395,0.0018500300066079944
ISIC_0028247,nv,0.9810919612646103,0.01890803873538971,6.561302143381909e-05,0.012875953689217567,0.014372033067047596,0.0014628125354647636,0.47592833638191223,0.49463167786598206,0.0006636211764998734,0.5111301446449943,0.4888699030925636
ISIC_0028249,nv,0.9963626624085009,0.00363733759149909,0.0002740267664194107,0.0011123701697215438,0.0010270728962495923,0.0014508299063891172,0.002092377981171012,0.9573578834533691,0.03668535500764847,0.9965211412636563,0.0034787749173119664
ISIC_0028253,nv,0.9551432803273201,0.0448567196726799,0.011616370640695095,0.013085415586829185,0.30413737893104553,0.028772970661520958,0.00710345059633255,0.6248854994773865,0.01039890293031931,0.9681947520002723,0.03180523682385683
ISIC_0028260,nv,0.9979038648307323,0.0020961351692676544,1.2120301107643172e-05,1.450926902180072e-05,0.0002533195656724274,6.515670247608796e-05,0.00035634677624329925,0.9989432692527771,0.00035525215207599103,0.9996169976730016,0.00038297634637274314
ISIC_0028262,nv,0.9425863921642303,0.05741360783576965,0.0043300543911755085,0.006031227298080921,0.004627357702702284,0.01498302724212408,0.006555601023137569,0.9453287124633789,0.018143853172659874,0.9830829505808651,0.016916882712394
ISIC_0028267,nv,0.8884825110435486,0.11151748895645142,0.00038960512029007077,0.00022971189173404127,0.00017800243222154677,0.00021968565124552697,0.0006023294990882277,0.9980280995368958,0.0003525897045619786,0.9987783773249248,0.0012216465111123398
ISIC_0028268,nv,0.9767749924212694,0.023225007578730583,0.00010414346616016701,6.0245056374697015e-05,0.0001753997930791229,0.00028304054285399616,0.0001717137056402862,0.9990454316139221,0.00015995804278645664,0.9996638299926417,0.00033610222817515023
ISIC_0028301,nv,0.9731034468859434,0.026896553114056587,0.00015172839630395174,0.00010323007154511288,3.61516977136489e-05,0.0018162282649427652,0.0008288842509500682,0.9967213273048401,0.00034242874244228005,0.9989161360099388,0.0010838427187991329
ISIC_0028302,nv,0.8311897665262222,0.16881023347377777,0.0019943062216043472,0.014390879310667515,0.004433806054294109,0.015938162803649902,0.018687965348362923,0.938666820526123,0.005888078827410936,0.964926868211478,0.035073150880634785
ISIC_0028304,nv,0.4633030891418457,0.5366969108581543,0.0002588634961284697,8.773867193667684e-06,0.003821589983999729,0.00014916303916834295,0.8675937652587891,0.12811386585235596,5.395649350248277e-05,0.1321385753690265,0.8678614026221112
ISIC_0028305,nv,0.8707044571638107,0.12929554283618927,0.0012711023446172476,0.0014086145674809813,0.00216533150523901,0.001136503997258842,0.04032865911722183,0.9520025849342346,0.0016871902626007795,0.9569916106993333,0.04300837602932006
ISIC_0028311,nv,0.9870882937684655,0.012911706231534481,0.002531822305172682,0.001151967910118401,0.017804741859436035,0.01190895214676857,0.004819887224584818,0.9445636868476868,0.017218876630067825,0.9914962574839592,0.0085036774398759
ISIC_0028313,nv,0.927812747657299,0.07218725234270096,0.00028320716228336096,0.00012067257921444252,0.0017288440139964223,0.0011995407985523343,0.0012066008057445288,0.995086133480072,0.00037507410161197186,0.9983895923942327,0.0016104805472423322
ISIC_0028332,nv,0.76546910405159,0.23453089594841003,0.002128352876752615,0.00016844141646288335,0.1398526430130005,0.006658636033535004,0.5341076254844666,0.3166172206401825,0.00046709072194062173,0.4635955904086586,0.536404419777682
ISIC_0028337,nv,0.9949248041957617,0.005075195804238319,8.892964979168028e-05,0.0002713953726924956,0.0006623262306675315,0.0004704938910435885,0.0007754617254249752,0.9974848031997681,0.00024654174922034144,0.9988641650706995,0.001135786747909151
ISIC_0028359,nv,0.9537461139261723,0.046253886073827744,0.0004967544809915125,0.0008803823147900403,0.0063860248774290085,0.007890928536653519,0.005572358146309853,0.9779629111289978,0.0008105763699859381,0.9930504409130663,0.006949494942091405
ISIC_0028360,nv,0.985856844112277,0.014143155887722969,0.0016435562865808606,0.0015350824687629938,0.0024195376317948103,0.005036009009927511,0.0052722543478012085,0.982986569404602,0.001107018324546516,0.9915491343708709,0.008450893103145063
ISIC_0028362,nv,0.11705321073532104,0.882946789264679,0.0045687537640333176,0.0003037647111341357,0.0016790692461654544,0.0011784994276240468,0.015772396698594093,0.9763277173042297,0.00016971086733974516,0.979354996845359,0.020644915173761547
ISIC_0028374,nv,0.9680758528411388,0.03192414715886116,0.004797699861228466,0.003049289109185338,0.0017040226375684142,0.0037910151295363903,0.05024268105626106,0.9357224702835083,0.0006927963113412261,0.9419103043619543,0.05808967002667487
ISIC_0028377,nv,0.9123928546905518,0.08760714530944824,0.00021826797456014901,6.20345090283081e-05,0.0005193129763938487,0.0047570583410561085,0.0005430630408227444,0.993501603603363,0.0003986688097938895,0.9991766437306069,0.0008233655244112015
ISIC_0028382,nv,0.7928333133459091,0.20716668665409088,0.0008010699530132115,0.0003216327750124037,0.00203684507869184,0.0020639928989112377,0.01835029385983944,0.9754374623298645,0.000988757936283946,0.9805270582437515,0.019472996587865055
ISIC_0028384,nv,0.8496935218572617,0.15030647814273834,5.236692959442735e-05,9.476142440689728e-05,0.10940973460674286,0.0002235139545518905,0.0032659037970006466,0.8868170380592346,0.0001367409568047151,0.9965870275773341,0.003413032151001971
ISIC_0028392,nv,0.9855769434943795,0.01442305650562048,0.0007236488163471222,0.0020413396414369345,0.010208380408585072,0.009872307069599628,0.0033986594062298536,0.965243399143219,0.008512170985341072,0.9938362576067448,0.00616364786401391
ISIC_0028402,nv,0.9981516540283337,0.0018483459716662765,5.669433085131459e-05,4.70904924441129e-05,4.1197927203029394e-05,0.0018870016792789102,5.7378492783755064e-05,0.9975230097770691,0.00038763019256293774,0.999838839576114,0.00016116331607918255
ISIC_0028409,nv,0.9831487126648426,0.016851287335157394,0.0002748835540842265,0.0005873529589734972,0.000819657405372709,0.0003328982857055962,0.004734389949589968,0.9930676221847534,0.0001832749549066648,0.9944034528307384,0.005596626462647691
ISIC_0028417,nv,0.8855323791503906,0.11446762084960938,0.000122312136227265,6.472480163211003e-05,0.006810763850808144,0.00020798335026483983,0.0013372276443988085,0.9913191199302673,0.00013781001325696707,0.9984756771445973,0.0015242645822581835
ISIC_0028422,nv,0.8419506400823593,0.15804935991764069,0.000293510704068467,3.574430593289435e-05,0.0006831771461293101,0.0013164191041141748,0.0007839606842026114,0.9965498447418213,0.0003373136860318482,0.9988867546780966,0.0011132156942039728
ISIC_0028425,nv,0.8948251456022263,0.10517485439777374,5.86330279475078e-05,3.892723543685861e-05,0.00013724395830649883,0.00020278719603084028,0.010066306218504906,0.9892471432685852,0.00024892613873817027,0.9898361005616607,0.010163866481889272
ISIC_0028427,nv,0.9589602313935757,0.04103976860642433,0.0023197485134005547,7.606754661537707e-05,0.0071150087751448154,7.260775601025671e-05,0.015684308484196663,0.9732593297958374,0.0014728825772181153,0.9819198289042106,0.018080124544212595
ISIC_0028428,nv,0.9863332062959671,0.013666793704032898,0.0073451208882033825,0.000569729832932353,0.005441834218800068,0.003033003304153681,0.010493658483028412,0.97127366065979,0.0018429995980113745,0.9815914977807552,0.018408509204164147
ISIC_0028432,nv,0.9500614702701569,0.04993852972984314,0.0002020290121436119,0.0034486509393900633,0.00014804374950472265,0.0006384713342413306,0.0031650718301534653,0.9816969037055969,0.010700716637074947,0.9931841354264179,0.0068157517816871405
ISIC_0028452,nv,0.9970737171825022,0.0029262828174978495,0.0015285476110875607,0.0023417442571371794,0.006933626253157854,0.0037042077165097,0.0003008039202541113,0.984185516834259,0.0010055286111310124,0.9958288794150576,0.004171095788478851
ISIC_0028454,nv,0.6404325664043427,0.35956743359565735,7.752888632239774e-05,2.201689494540915e-05,0.000124720623716712,7.784109038766474e-05,0.0031867804937064648,0.996467113494873,4.402079139254056e-05,0.99671369600037,0.0032863262749742717
ISIC_0028458,nv,0.9975697565823793,0.002430243417620659,0.0004531502490863204,0.0013288694899529219,0.001635819673538208,0.0043909200467169285,0.0004149031010456383,0.9886924028396606,0.003083982039242983,0.9978031245991588,0.0021969228400848806
ISIC_0028459,nv,0.9788352977484465,0.021164702251553535,2.991257861140184e-05,6.799379480071366e-05,0.0014394940808415413,0.0006150195840746164,5.6503286032238975e-05,0.9976301193237305,0.00016095920000225306,0.9998455921886489,0.00015440965944435447
ISIC_0028462,nv,0.9847996784374118,0.015200321562588215,9.719669469632208e-05,0.00010438468598295003,0.007614349015057087,0.003153845202177763,0.0010961953084915876,0.9874635934829712,0.0004704724415205419,0.9987022601417266,0.0012977766891708598
ISIC_0028477,nv,0.9629477970302105,0.037052202969789505,0.00013946152466814965,0.0005307519459165633,0.0027343975380063057,0.004612985998392105,0.19179295003414154,0.7987809181213379,0.0014085759175941348,0.8075368775753304,0.19246316350472625
ISIC_0028485,nv,0.8962270319461823,0.10377296805381775,0.0009955601999536157,0.0015913359820842743,0.001259152079001069,0.0006718250224366784,0.0048952181823551655,0.9898166656494141,0.0007702129660174251,0.9925178557168692,0.0074821143643930554
ISIC_0028491,nv,0.9756208565086126,0.024379143491387367,0.0008356648031622171,0.0014111559139564633,0.004387549124658108,0.0013237121747806668,0.0007743579335510731,0.9898529648780823,0.0014145878376439214,0.996978814015165,0.0030211786506697536
ISIC_0028501,nv,0.8537604808807373,0.1462395191192627,0.000280905922409147,0.004203364253044128,0.000738046714104712,0.0013954296009615064,0.0028003451880067587,0.9877753257751465,0.002806474454700947,0.9927152765449136,0.007284615363460034
ISIC_0028513,nv,0.9660071544349194,0.03399284556508064,0.000976543000433594,0.0003157688770443201,0.00047155070933513343,0.0034309006296098232,0.006958488374948502,0.9855889678001404,0.0022578034549951553,0.9917492225940805,0.008250800252426416
ISIC_0028529,nv,0.6035873293876648,0.3964126706123352,0.0009691185550764203,0.0002380172663833946,0.028833292424678802,0.0019844695925712585,0.036828313022851944,0.9311012029647827,4.561993046081625e-05,0.9619645849124936,0.03803544884431176
ISIC_0028532,nv,0.9335338026285172,0.06646619737148285,0.0004040421626996249,0.0005122832953929901,0.0009686539997346699,0.005522109568119049,0.0002990000939462334,0.9919707775115967,0.0003230699512641877,0.9987846110307146,0.0012153255520388484
ISIC_0028536,nv,0.9251695349812508,0.07483046501874924,0.00010250316699966788,1.850519038271159e-05,0.0004671276838053018,7.900621130829677e-05,0.0002578697167336941,0.9989911913871765,8.389763388549909e-05,0.9996212229161756,0.00037887807411607355
ISIC_0028547,nv,0.982930826023221,0.017069173976778984,0.022630032151937485,0.0024669363629072905,0.02789645455777645,0.295105904340744,0.006965394131839275,0.6399417519569397,0.0049934955313801765,0.9679376063868403,0.03206236264668405
ISIC_0028557,nv,0.7887681573629379,0.21123184263706207,0.005939515773206949,0.0010839499300345778,0.0393599271774292,0.0007443178328685462,0.01588667742908001,0.9366806149482727,0.0003048897488042712,0.9770897497073747,0.022910143132321537
ISIC_0028563,nv,0.982538603246212,0.017461396753787994,3.502406980260275e-05,2.8219363230164163e-05,0.00139508000575006,7.095903129084036e-05,0.001761251245625317,0.9966722726821899,3.712723992066458e-05,0.9981754389591515,0.001824494678658084
ISIC_0028575,nv,0.9870110992342234,0.012988900765776634,0.00018223616643808782,3.5221510188421234e-05,0.00019395512936171144,0.00010195434879278764,0.00035869335988536477,0.9987527132034302,0.000375253934180364,0.999423876615765,0.0005761510365118738
ISIC_0028590,nv,0.9960456728003919,0.0039543271996080875,0.0038512595929205418,0.004972838331013918,0.010396601632237434,0.05012093484401703,0.0032715059351176023,0.9154137372970581,0.011973069049417973,0.9879043428227305,0.012095603859052062
ISIC_0028598,nv,0.9145841598510742,0.08541584014892578,0.001961429137736559,0.0003372338251210749,0.00365823064930737,0.0028852636460214853,0.018610062077641487,0.9715327024459839,0.001014956273138523,0.9790911530144513,0.02090872504049912
ISIC_0028599,nv,0.5005981624126434,0.49940183758735657,0.00022528876434080303,0.0018077524146065116,0.0009074484696611762,0.0008964432636275887,0.9587711691856384,0.037310559302568436,8.14161030575633e-05,0.039195867138914764,0.9608042103645857
ISIC_0028605,nv,0.986866895109415,0.013133104890584946,0.00100190588273108,0.0009354603826068342,0.007230101153254509,0.010062702931463718,0.002100222045555711,0.9694303870201111,0.009239202365279198,0.9959623934701085,0.004037588310893625
ISIC_0028626,nv,0.9449443258345127,0.05505567416548729,0.0001645510201342404,3.646580807981081e-05,0.0001304378529312089,0.00019295858510304242,0.00035028200363740325,0.9986883997917175,0.00043696563807316124,0.9994487618678249,0.0005512988318514545
ISIC_0028632,nv,0.7395522892475128,0.2604477107524872,0.004242999013513327,0.011723963543772697,0.018032457679510117,0.003800185862928629,0.7557903528213501,0.20585039258003235,0.0005595713737420738,0.22824260749621317,0.7717573153786361
ISIC_0028645,nv,0.5984183847904205,0.40158161520957947,0.010836577042937279,0.028699291869997978,0.08590000867843628,0.08184057474136353,0.37868595123291016,0.37705090641975403,0.03698669746518135,0.5817781873047352,0.4182218201458454
ISIC_0028647,nv,0.9778462443500757,0.022153755649924278,0.000347109540598467,0.0004897037288174033,0.00046761042904108763,0.002226700773462653,0.002426650607958436,0.9920299053192139,0.0020122916903346777,0.9967365082120523,0.0032634638773743063
ISIC_0028657,nv,0.9990488060866483,0.0009511939133517444,8.567832082917448e-06,6.22756169832428e-06,0.00013230874901637435,0.0010797289432957768,2.5444180209888145e-05,0.9985190033912659,0.0002287073730258271,0.9999597484566038,4.023957399112987e-05
ISIC_0028664,nv,0.9775209836661816,0.022479016333818436,0.0004968588473275304,0.00045957803376950324,0.00047115597408264875,0.0014372346922755241,0.005448947194963694,0.9915083646774292,0.00017784030933398753,0.9935945956531214,0.006405384076060727
ISIC_0028676,nv,0.9714127443730831,0.028587255626916885,0.000613208394497633,9.568993846187368e-05,0.0028777418192476034,0.0008094407967291772,0.0003122058406006545,0.9945892095565796,0.0007024658261798322,0.9989788579987362,0.0010211041735601611
ISIC_0028679,nv,0.7911223918199539,0.20887760818004608,0.00019349958165548742,7.707253098487854e-05,0.007636481896042824,0.00040783543954603374,0.6373319029808044,0.35428157448768616,7.155635103117675e-05,0.3623974481743062,0.6376024750934448
ISIC_0028683,nv,0.9428567588329315,0.05714324116706848,0.0007796173449605703,0.00025851442478597164,0.008939930237829685,0.002490118145942688,0.004963212180882692,0.9815789461135864,0.0009896663250401616,0.993998660822399,0.006001343950629234
ISIC_0028686,nv,0.9053302779793739,0.09466972202062607,9.822763968259096e-05,0.00010142916289623827,0.0010002554627135396,0.00032783951610326767,0.01876198872923851,0.9794833660125732,0.00022680706751998514,0.98103826805891,0.01896164553181734
ISIC_0028689,nv,0.8250352144241333,0.1749647855758667,0.007913684472441673,6.666424451395869e-05,0.0023392627481371164,0.003788523841649294,0.013891849666833878,0.9719491004943848,5.0866365199908614e-05,0.9781277534493711,0.02187219838378951
ISIC_0028698,nv,0.8164729923009872,0.18352700769901276,0.0010362127795815468,0.0004434220027178526,0.001131584751419723,0.00013522684457711875,0.006530713755637407,0.9900619983673096,0.0006608907133340836,0.9919897006766405,0.008010348537936807
ISIC_0028708,nv,0.8322339802980423,0.1677660197019577,0.002374371513724327,0.00032932660542428493,0.01291598193347454,0.0009005417814478278,0.0005211103125475347,0.9822649955749512,0.000693684327416122,0.9967752036172897,0.0032248084316961467
ISIC_0028713,nv,0.9909657938405871,0.009034206159412861,6.545029918925138e-06,9.047579078469425e-05,0.000255738414125517,0.00036216192529536784,0.005434200167655945,0.9936622381210327,0.00018860782438423485,0.9944687462848378,0.005531220988359564
ISIC_0028731,nv,0.9952171756885946,0.00478282431140542,0.010335366241633892,0.005208902060985565,0.033910736441612244,0.028144747018814087,0.0017932259943336248,0.9191299676895142,0.0014770465204492211,0.9826624976703897,0.017337494296953082
ISIC_0028733,nv,0.8033420592546463,0.1966579407453537,0.0007012970163486898,0.001587610226124525,0.0004608066810760647,0.00014816639304626733,0.0010253809159621596,0.995936393737793,0.00014030840247869492,0.996685675214394,0.0033142881584353745
ISIC_0028742,nv,0.9947551432996988,0.00524485670030117,0.0023230575025081635,0.00018890404317062348,0.0012658064952120185,0.005640684626996517,0.002024549525231123,0.9878443479537964,0.0007127016433514655,0.9954635407193564,0.00453651107090991
ISIC_0028744,nv,0.9679476618766785,0.03205233812332153,0.0022019988391548395,0.0005438182270154357,0.010697521269321442,0.006142255384474993,0.004332803655415773,0.9758535623550415,0.00022805527260061353,0.9929213942814386,0.007078620721586049
ISIC_0028757,nv,0.5634671747684479,0.4365328252315521,0.0037236863281577826,0.017551319673657417,0.018131865188479424,0.0011231193784624338,0.008040443994104862,0.9507833123207092,0.000646298925857991,0.9706845958135091,0.029315449995920062
ISIC_0028782,nv,0.7497414946556091,0.25025850534439087,0.00032726244535297155,1.0897725587710738e-05,0.0008612211095169187,0.00034239227534271777,0.0716496929526329,0.9266972541809082,0.00011125213495688513,0.9280121197007247,0.07198785312357359
ISIC_0028801,nv,0.9854029286652803,0.014597071334719658,0.001542145968414843,0.00025427035870961845,0.0010282483417540789,0.0038115193601697683,0.000616997538600117,0.9921521544456482,0.0005946423625573516,0.9975865645101294,0.0024134138657245785
ISIC_0028803,nv,0.9607154093682766,0.039284590631723404,0.00026437241467647254,0.0003472187090665102,0.0025917645543813705,0.0036683431826531887,0.03364332765340805,0.9592347741127014,0.00025023333728313446,0.9657451151870191,0.03425491877715103
ISIC_0028805,nv,0.972646014764905,0.027353985235095024,0.00015617129974998534,0.00016800864250399172,0.0006954343407414854,0.0007284487364813685,0.0006969897076487541,0.9972407817840576,0.00031409948132932186,0.9989787643426098,0.0010211696499027312
ISIC_0028806,nv,0.952010627835989,0.047989372164011,0.0028544936794787645,0.0018490045331418514,0.0031436251010745764,0.007112244144082069,0.02756703831255436,0.9529399871826172,0.004533551633358002,0.9677294080611318,0.032270536525174975
ISIC_0028821,nv,0.7133296132087708,0.28667038679122925,8.830346632748842e-05,6.602449138881639e-05,0.008667713962495327,0.0010183603735640645,0.0004453581932466477,0.9888132214546204,0.0009009893983602524,0.99940028518904,0.0005996861509629525
ISIC_0028839,nv,0.9726695436984301,0.02733045630156994,0.0003172968281432986,0.00039930763887241483,0.0013857375597581267,0.0010249955812469125,0.003199932863935828,0.9931520223617554,0.0005205803900025785,0.996083335892763,0.003916537330951542
ISIC_0028841,nv,0.9941334240138531,0.005866575986146927,0.0013937392504885793,0.00107730517629534,0.003972455393522978,0.012254779227077961,0.0014507577288895845,0.9593213200569153,0.02052956074476242,0.9960781154222786,0.003921802155673504
ISIC_0028845,nv,0.9847400886937976,0.015259911306202412,0.001960769295692444,0.00017596440738998353,0.003160375403240323,0.0019463148200884461,0.0025623799301683903,0.9899253845214844,0.0002688097592908889,0.995300884504104,0.004699113633250818
ISIC_0028864,nv,0.9635464698076248,0.03645353019237518,0.00025933710276149213,0.00014779303455725312,0.00035441876389086246,6.209500133991241e-05,0.0001650251360842958,0.9980979561805725,0.0009134139982052147,0.9994278839440085,0.0005721552734030411
ISIC_0028870,nv,0.981838870793581,0.01816112920641899,3.910093801096082e-05,0.00865508895367384,0.014920677989721298,0.00023358268663287163,0.0024179695174098015,0.973461389541626,0.0002722266945056617,0.9888878769124858,0.011112159409094602
ISIC_0028874,nv,0.9753970205783844,0.0246029794216156,0.0007317542331293225,0.00039908578037284315,0.001807761611416936,0.00045997745473869145,0.1143207773566246,0.8817324638366699,0.0005481138359755278,0.8845483167388011,0.11545161737012677
ISIC_0028875,nv,0.9263205155730247,0.07367948442697525,0.0007436733576469123,0.0004510755243245512,0.014958175830543041,0.00020078249508515,0.0017140794079750776,0.9795742034912109,0.0023580598644912243,0.9970912216813304,0.002908828289946541
ISIC_0028887,nv,0.31121718883514404,0.688782811164856,0.002016975311562419,0.0014263890916481614,0.03242611140012741,0.03219861537218094,0.23641684651374817,0.6943241953849792,0.001190913375467062,0.7601398355327547,0.23986021091695875
ISIC_0028908,nv,0.9297422096133232,0.07025779038667679,0.00014351983554661274,3.297394505352713e-05,0.00045706916716881096,0.0004814918211195618,0.0004160497337579727,0.9983943104743958,7.452666613971815e-05,0.9994073981288238,0.0005925435143581126
ISIC_0028911,nv,0.9656315110623837,0.03436848893761635,0.0011613622773438692,0.0006341788684949279,0.0007431380217894912,0.0033319108188152313,0.0014072066405788064,0.9907627701759338,0.001959405839443207,0.9967972248559818,0.0032027477864176035
ISIC_0028914,nv,0.9921380952000618,0.007861904799938202,0.0005218933802098036,0.001231333240866661,0.02221551723778248,0.013498037122189999,0.0005621829768642783,0.9542144536972046,0.007756480015814304,0.9976844880729914,0.002315409597940743
ISIC_0028944,nv,0.7170732617378235,0.2829267382621765,0.0014821408549323678,0.006525195669382811,0.24691909551620483,0.003178361803293228,0.24557211995124817,0.4919256865978241,0.004397468641400337,0.7464206125587225,0.25357945647556335
ISIC_0028956,nv,0.9507818073034286,0.04921819269657135,0.001524900901131332,0.0028779152780771255,0.007622974459081888,0.005628084298223257,0.001245187595486641,0.9768664240837097,0.0042345598340034485,0.9943520426750183,0.005648003774695098
ISIC_0028967,nv,0.9038455635309219,0.09615443646907806,0.0019545487593859434,0.0017881268868222833,0.003282264806330204,0.002224085619673133,0.01306865457445383,0.97493976354599,0.002742512384429574,0.9831886263564229,0.016811330220662057
ISIC_0028999,nv,0.4459421634674072,0.5540578365325928,0.00042481813579797745,1.2330967365414836e-05,0.00035496478085406125,1.2327404874667991e-05,0.756675660610199,0.242440864443779,7.889173139119521e-05,0.24288704836089892,0.7571128097133624
ISIC_0029005,nv,0.808749333024025,0.19125066697597504,0.0017265230417251587,0.0001315578119829297,0.018689850345253944,0.0038128027226775885,0.002039544517174363,0.9732128381729126,0.0003869417414534837,0.9961024329822976,0.0038976253708824515
ISIC_0029008,nv,0.9280553907155991,0.07194460928440094,0.00017817977641243488,0.00018390349578112364,0.0002768337435554713,0.003941158298403025,0.0035041270311921835,0.9915136694908142,0.00040210658335126936,0.996133768116124,0.003866210303385742
ISIC_0029019,nv,0.9273174628615379,0.07268253713846207,3.713880869327113e-05,1.3190245226724073e-05,0.00095242919633165,1.2702863386948593e-05,4.443420402822085e-05,0.9989033937454224,3.660659785964526e-05,0.9999051324030006,9.476325794821605e-05
ISIC_0029024,nv,0.9855313431471586,0.014468656852841377,0.0006773023051209748,0.0015923466999083757,0.0028703496791422367,0.005176873877644539,0.00039509122143499553,0.9873355031013489,0.0019524545641615987,0.9973351812222973,0.002664740226464346
ISIC_0029046,nv,0.9248143956065178,0.07518560439348221,4.846433876082301e-05,0.0028266063891351223,0.018392132595181465,0.0001501649821875617,0.07050119340419769,0.9080620408058167,1.9489292753860354e-05,0.9266238276759395,0.07337626413209364
ISIC_0029058,nv,0.9279787391424179,0.07202126085758209,0.00017966286395676434,0.0008380230865441263,0.002475614193826914,0.002812307560816407,0.00555882602930069,0.9868663549423218,0.0012692532036453485,0.9934235299006104,0.00657651197980158
ISIC_0029064,nv,0.9447024688124657,0.05529753118753433,5.1354654715396464e-05,6.0693029809044674e-05,0.0006712282192893326,0.0011189200449734926,0.00012002823496004567,0.9978430271148682,0.00013487196702044457,0.9997680473461514,0.0002320759194844868
ISIC_0029069,nv,0.996680952841416,0.0033190471585839987,0.0004169867606833577,4.4475349568529055e-05,0.0001095585830626078,0.0004232034843880683,0.0011133627267554402,0.9974691867828369,0.00042326381662860513,0.9984252126669162,0.001574824837007327
ISIC_0029087,nv,0.5190319120883942,0.48096808791160583,0.0008131939102895558,0.0021586439106613398,0.0006612995639443398,0.0010767389321699739,0.029746918007731438,0.9633430242538452,0.002200176240876317,0.9672812389908358,0.03271875582868233
ISIC_0029098,nv,0.9793266151100397,0.02067338488996029,0.0047367289662361145,0.008123548701405525,0.01973797380924225,0.025054285302758217,0.0012250887230038643,0.9236269593238831,0.01749548129737377,0.9859146997332573,0.014085366390645504
ISIC_0029104,nv,0.9770591054111719,0.022940894588828087,0.0002175196714233607,0.0016540756914764643,0.004588091280311346,0.0010901393834501505,0.000652128888759762,0.9892932176589966,0.0025047732051461935,0.9974762215279043,0.002523724251659587
ISIC_0029105,nv,0.6949433386325836,0.3050566613674164,5.390513251768425e-05,4.005240771220997e-05,0.00013616160140372813,1.728007737256121e-05,0.000174240893102251,0.9995446801185608,3.3628901292104274e-05,0.9997317506986292,0.0002681984333321452
ISIC_0029114,nv,0.6402036547660828,0.35979634523391724,0.0006737923831678927,0.0003228624409530312,0.0027572158724069595,0.0004545540432445705,0.0011557774851098657,0.9938031435012817,0.0008326804963871837,0.9978475939133205,0.0021524323092307895
ISIC_0029124,nv,0.9930107453837991,0.006989254616200924,0.007713009137660265,0.0018141446635127068,0.008493294939398766,0.0017225187039002776,0.0003767015878111124,0.9750496745109558,0.004830651916563511,0.9900961400708184,0.009903855388984084
ISIC_0029127,nv,0.9480422362685204,0.051957763731479645,0.01912854239344597,0.0023467892315238714,0.0005358378402888775,0.0015220219502225518,0.06058232858777046,0.9155808687210083,0.0003035961417481303,0.9179423246532679,0.0820576602127403
ISIC_0029131,nv,0.9966673168819398,0.003332683118060231,0.00022393919061869383,0.0001202261628350243,0.10107596218585968,3.790672417380847e-05,0.00023199986026156694,0.8969343304634094,0.0013756650732830167,0.9994238644467259,0.0005761652137152851
ISIC_0029140,nv,0.8511709570884705,0.14882904291152954,3.206739347660914e-05,1.5106881619431078e-05,0.0005854525952599943,0.00011341080971760675,0.8899035453796387,0.10928544402122498,6.502797623397782e-05,0.11004933540243655,0.8899507196547347
ISIC_0029142,nv,0.9074821472167969,0.09251785278320312,4.838106542592868e-05,2.7001611670129932e-05,0.0035662346053868532,3.469056900939904e-05,0.001587417908012867,0.9946824908256531,5.3691950597567484e-05,0.9983371079506469,0.0016628005851089256
ISIC_0029143,nv,0.9920329684391618,0.007967031560838223,0.0010922719957306981,0.005521047860383987,0.011212673969566822,0.00212278263643384,0.15800341963768005,0.8064150214195251,0.015632709488272667,0.8353831875137985,0.16461673949379474
ISIC_0029144,nv,0.9415550753474236,0.05844492465257645,5.6241246056742966e-05,9.559762111166492e-05,3.7911035178694874e-05,0.0012502496829256415,4.458754847291857e-05,0.9977498650550842,0.0007654909859411418,0.9998035167591297,0.00019642641564132646
ISIC_0029150,nv,0.9828529134392738,0.017147086560726166,0.00721694016829133,0.013680548407137394,0.11135372519493103,0.0947461724281311,0.004410628229379654,0.7566214203834534,0.011970564723014832,0.9746918827295303,0.025308116804808378
ISIC_0029155,nv,0.9549566097557545,0.04504339024424553,0.003641017246991396,0.00126352917868644,0.01840357482433319,0.008082518354058266,0.0141514353454113,0.9475633502006531,0.006894504651427269,0.9809439480304718,0.019055981771089137
ISIC_0029167,nv,0.9063378795981407,0.09366212040185928,9.764591231942177e-05,4.171852197032422e-05,0.0016120214713737369,0.0006276781787164509,0.00029395712772384286,0.997160792350769,0.00016622382099740207,0.9995667158218566,0.00043332156201358885
ISIC_0029168,nv,0.6730376780033112,0.32696232199668884,0.000983180827461183,0.0016061968635767698,0.003007032908499241,0.00416226964443922,0.07862892001867294,0.9088026285171509,0.002809830941259861,0.9187817620113492,0.0812182977097109
ISIC_0029180,nv,0.9732363950461149,0.02676360495388508,0.003130483441054821,0.0002194964763475582,0.007342958357185125,0.020330797880887985,0.000468226324301213,0.9678144454956055,0.0006934934062883258,0.9961816951399669,0.0038182062417035922
ISIC_0029181,nv,0.7766216844320297,0.22337831556797028,0.004091723822057247,0.012819645926356316,0.004745021462440491,0.006981883198022842,0.024938182905316353,0.9355885982513428,0.010834920220077038,0.9581504231318831,0.041849552653729916
ISIC_0029186,nv,0.9851574143394828,0.014842585660517216,0.0006780133699066937,0.0003484868793748319,0.0005607513012364507,0.0009155524894595146,0.0008038506493903697,0.995429277420044,0.0012641266221180558,0.998169707832858,0.0018303508986718953
ISIC_0029187,nv,0.8275668621063232,0.17243313789367676,1.4448786714638118e-05,0.00010209660104010254,0.15096275508403778,2.7900583518203348e-05,0.00027820150717161596,0.8484229445457458,0.00019169329607393593,0.9996052935093758,0.0003947468949263566
ISIC_0029189,nv,0.9952530125156045,0.004746987484395504,0.00024452758952975273,0.00026252903626300395,0.0009999085450544953,0.00010420678881928325,0.10605135560035706,0.8888154029846191,0.003522029146552086,0.893441547465045,0.10655841222614981
ISIC_0029191,nv,0.9021026641130447,0.09789733588695526,0.0001564186386531219,0.0003371387138031423,0.012027555145323277,0.0005276030860841274,0.004995787050575018,0.9812589287757874,0.000696674978826195,0.994510761986021,0.005489344403031282
ISIC_0029199,nv,0.4169280529022217,0.5830719470977783,0.0006272941245697439,0.00015484902542084455,0.0009081665193662047,0.00036538828862830997,0.0721312016248703,0.9254556894302368,0.00035736378049477935,0.9270866080187261,0.07291334477486089
ISIC_0029200,nv,0.8557290136814117,0.14427098631858826,0.00031042326008901,0.00015731995517853647,0.0018216570606455207,0.0029875102918595076,0.0030560302548110485,0.9907484650611877,0.0009185615926980972,0.9964761940063909,0.003523773470078595
ISIC_0029208,nv,0.9570212513208389,0.04297874867916107,0.002066144021227956,0.0011096337111666799,0.023069730028510094,0.002244024071842432,0.0053831241093575954,0.9655134677886963,0.0006137659656815231,0.9914409878547303,0.008558901841752231
ISIC_0029211,nv,0.9314054995775223,0.06859450042247772,6.399103585863486e-05,1.100114059227053e-05,0.00012892368249595165,0.00025482085766270757,0.00014006855781190097,0.9992719292640686,0.00012938989675603807,0.9997850637009833,0.00021506073426280636
ISIC_0029218,nv,0.9371631368994713,0.06283686310052872,0.0026186120230704546,0.018783368170261383,0.02156084217131138,0.012052404694259167,0.008600258268415928,0.911362886428833,0.025021592155098915,0.9699977254495025,0.030002238461747766
ISIC_0029219,nv,0.9867469128221273,0.013253087177872658,0.0027206558734178543,0.001958042848855257,0.003296630922704935,0.007978935725986958,0.0027263325173407793,0.9740141034126282,0.007305342238396406,0.9925950122997165,0.007405031239613891
ISIC_0029221,nv,0.780582919716835,0.21941708028316498,0.002252767561003566,0.0005827418644912541,0.3533433675765991,0.0067190853878855705,0.35908880829811096,0.2775661051273346,0.00044715474359691143,0.6380757128354162,0.3619243177236058
ISIC_0029226,nv,0.8311051726341248,0.16889482736587524,0.0010118316859006882,0.00022517349862027913,0.0023245292250066996,0.0009401679271832108,0.0030444785952568054,0.9923298954963684,0.00012395928206387907,0.9957185519306222,0.004281483779777773
ISIC_0029231,nv,0.9841594938188791,0.015840506181120872,0.0196969173848629,0.005511145573109388,0.10308810323476791,0.11062924563884735,0.0306820310652256,0.710587203502655,0.019805310294032097,0.9441098626703024,0.05589009402319789
ISIC_0029240,nv,0.9389573410153389,0.0610426589846611,0.00033919684938155115,0.00044409369002096355,0.000599569408223033,0.0003427143965382129,0.005512536037713289,0.9886011481285095,0.004160796292126179,0.993704228225397,0.006295826577115804
ISIC_0029252,nv,0.6238353252410889,0.37616467475891113,7.009447290329263e-05,0.0008529716287739575,0.9822397232055664,0.00032191723585128784,0.001980156870558858,0.01332657691091299,0.0012084681075066328,0.9970966854598373,0.002903222972236108
ISIC_0029256,nv,0.9824563022702932,0.017543697729706764,0.0032713362015783787,0.003630273276939988,0.007741923909634352,0.0010035537416115403,0.0019450909458100796,0.9820446968078613,0.0003631232539191842,0.9911532977130264,0.008846700424328446
ISIC_0029275,nv,0.9629440531134605,0.03705594688653946,0.004643754102289677,0.0004265783936716616,0.0010980962542816997,0.007135625928640366,0.0026088072918355465,0.9830260872840881,0.0010610505705699325,0.9923208600375801,0.007679139787796885
ISIC_0029284,nv,0.995538919698447,0.004461080301553011,0.00012100346793886274,9.662024240242317e-05,0.0003152991703245789,0.0018819456454366446,0.0024372576735913754,0.992628812789917,0.0025190243031829596,0.9973450819088612,0.0026548813839326613
ISIC_0029285,nv,0.9798864554613829,0.020113544538617134,0.0003971245314460248,6.032782403053716e-05,0.00046458907308988273,0.0005929260514676571,0.008442068472504616,0.9898864030838013,0.000156630456331186,0.99110054866469,0.008899520827981178
ISIC_0029290,nv,0.9473380446434021,0.0526619553565979,0.00033223518403247,8.802281081443653e-05,0.028552090749144554,0.060220133513212204,0.0019046628149226308,0.9081774353981018,0.0007254257216118276,0.9976750853820704,0.0023249208097695373
ISIC_0029293,nv,0.9542394727468491,0.04576052725315094,0.0006021179724484682,9.306634456152096e-05,0.0020389549899846315,3.967923476011492e-05,0.025898097082972527,0.9711123108863831,0.0002156788541469723,0.9734066239652748,0.026593281399982516
ISIC_0029305,nv,0.9788177236914635,0.02118227630853653,0.00011038361117243767,1.231238911714172e-05,0.0006795502849854529,0.003961561713367701,0.00035569255123846233,0.9948069453239441,7.357875438174233e-05,0.999521636076679,0.0004783885515280417
ISIC_0029306,nv,0.9480319581925869,0.0519680418074131,0.00027331069577485323,0.0018238761695101857,0.007887113839387894,0.00205912534147501,0.017793336883187294,0.9693501591682434,0.0008130406495183706,0.9801094389986247,0.019890523748472333
ISIC_0029310,nv,0.9936480815522373,0.006351918447762728,3.1918068998493254e-05,9.617771138437092e-05,0.0001475559693062678,0.0006027022027410567,3.205194661859423e-05,0.9988623857498169,0.0002271818957524374,0.9998398258176167,0.0001601477270014584
ISIC_0029312,nv,0.9848905531689525,0.015109446831047535,0.000620705948676914,0.00018517491116654128,0.003701970912516117,0.004699438810348511,0.0001975101768039167,0.9893133044242859,0.0012819208204746246,0.9989966349676251,0.001003391036647372
ISIC_0029313,nv,0.9798597376793623,0.020140262320637703,0.013169558718800545,0.038098759949207306,0.013324934057891369,0.009005073457956314,0.20844511687755585,0.6394859552383423,0.07847066968679428,0.7402866324409842,0.2597134355455637
ISIC_0029330,nv,0.991345982067287,0.008654017932713032,2.993952512042597e-05,0.006304631009697914,0.076718769967556,6.816379027441144e-05,0.0001238995901076123,0.9140245914459229,0.002729936968535185,0.9935414621722884,0.006458470124925952
ISIC_0029335,nv,0.9562014974653721,0.043798502534627914,3.48620924341958e-05,8.84005639818497e-05,0.026465991511940956,0.0021244364324957132,0.0003670830628834665,0.9708041548728943,0.00011508480383781716,0.9995096676211688,0.000490345719299512
ISIC_0029339,nv,0.7439031004905701,0.25609689950942993,0.013357891701161861,0.0001816407748265192,0.009939293377101421,0.000927430170122534,0.2827281057834625,0.692547082901001,0.0003186138637829572,0.7037324203120079,0.2962676382594509
ISIC_0029346,nv,0.8300635069608688,0.16993649303913116,0.003943042363971472,0.004375254735350609,0.12168503552675247,0.020950203761458397,0.020821427926421165,0.8238844871520996,0.004340597428381443,0.9708603238686919,0.029139725025743246
ISIC_0029348,nv,0.8243723809719086,0.17562761902809143,0.0007630658219568431,0.002475626766681671,0.1972794383764267,0.0008514370420016348,0.2865379750728607,0.5090296268463135,0.0030628684908151627,0.710223370755557,0.28977666766149923
ISIC_0029356,nv,0.9549094773828983,0.04509052261710167,0.0026372421998530626,0.0035344762727618217,0.005785422865301371,0.005083257332444191,0.045743271708488464,0.9339702725410461,0.0032461637165397406,0.9480851164553314,0.05191499018110335
ISIC_0029357,nv,0.949861466884613,0.05013853311538696,2.238769957330078e-05,0.0007030622800812125,0.09083288908004761,0.00010057930194307119,0.006597753148525953,0.9015888571739197,0.00015448074555024505,0.9926768063014606,0.007323203128180467
ISIC_0029359,nv,0.28678250312805176,0.7132174968719482,0.004092649091035128,0.0004228838952258229,0.015694472938776016,0.0022929476108402014,0.3252200186252594,0.6514295935630798,0.000847400224301964,0.670264414336998,0.32973555161152035
ISIC_0029366,nv,0.9363333359360695,0.06366666406393051,1.4686182112200186e-05,0.00015661139332223684,0.0007125076954253018,0.00015300203813239932,0.05085800588130951,0.9478573799133301,0.0002478007518220693,0.9489706903987098,0.051029303456743946
ISIC_0029377,nv,0.9679948799312115,0.03200512006878853,0.0002653136907611042,0.00022548857668880373,0.0030135242268443108,0.0005439521628431976,0.00030728685669600964,0.9918031096458435,0.0038413493894040585,0.9992019354249351,0.0007980891241459176
ISIC_0029382,nv,0.6334899961948395,0.3665100038051605,0.004389004781842232,0.0037463377229869366,0.0773070901632309,0.022333063185214996,0.7585556507110596,0.12505201995372772,0.008616753853857517,0.23330892715603113,0.7666909932158887
ISIC_0029390,nv,0.945098053663969,0.05490194633603096,0.00946697685867548,0.28977420926094055,0.012001057155430317,0.004517852794378996,0.3540501296520233,0.3276926875114441,0.0024971188977360725,0.3467087163589895,0.6532913157716393
ISIC_0029410,nv,0.9970019860193133,0.0029980139806866646,8.69549548951909e-05,3.531299080350436e-05,6.20335922576487e-05,0.0008602189482189715,0.00010694050433812663,0.9986783862113953,0.0001700781867839396,0.9997707169386558,0.0002292084500368219
ISIC_0029414,nv,0.9401953630149364,0.05980463698506355,0.00011751991405617446,0.0001432050921721384,0.025014305487275124,0.0003311878826934844,0.0003322693519294262,0.9726136326789856,0.0014479149831458926,0.9994070410321001,0.000592994358157739
ISIC_0029423,nv,0.9909396814182401,0.00906031858175993,0.0009501377353444695,0.0005437546060420573,0.0012124038767069578,0.0021697250194847584,0.0003875991969835013,0.9798418283462524,0.014894695021212101,0.9981186522636563,0.0018814915383700281
ISIC_0029426,nv,0.9609222710132599,0.03907772898674011,0.003092037048190832,0.002779908012598753,0.04154554754495621,0.010661284439265728,0.001959774177521467,0.93645840883255,0.003502950305119157,0.9921681911218911,0.007831719238311052
ISIC_0029429,nv,0.8839697539806366,0.1160302460193634,0.00019500571943353862,5.5352880735881627e-05,0.00034230854362249374,0.0012379689142107964,0.0005658847512677312,0.9972731471061707,0.0003303445701021701,0.9991837691341061,0.0008162433514371514
ISIC_0029437,nv,0.969724740833044,0.030275259166955948,0.005751256365329027,0.0046208929270505905,0.0625585988163948,0.031245103105902672,0.003395815147086978,0.8897991180419922,0.0026291327085345984,0.9862319526728243,0.013767964439466596
ISIC_0029450,nv,0.8957022726535797,0.10429772734642029,0.0012669728603214025,0.003909893333911896,0.0007255400996655226,0.0006827750476077199,0.049011461436748505,0.9440945982933044,0.000308719405438751,0.9458116328460164,0.0541883276309818
ISIC_0029463,nv,0.9873578380793333,0.012642161920666695,0.00022796272241976112,9.975083958124742e-05,0.0006379219121299684,0.0023963823914527893,0.0013381565222516656,0.9944263696670532,0.0008735079318284988,0.9983341819024645,0.0016658700842526741
ISIC_0029504,nv,0.819674015045166,0.18032598495483398,0.0005261197220534086,0.00035402513458393514,0.0059007080271840096,0.0018991443794220686,0.04484518989920616,0.9462252855300903,0.0002494150830898434,0.9542745530197863,0.045725334755843505
ISIC_0029509,nv,0.9742417708039284,0.025758229196071625,0.0027798498049378395,0.00048248437815345824,0.07660196721553802,0.0019927476532757282,0.0003120962646789849,0.91139817237854,0.006432775873690844,0.9964256631210446,0.0035744304477702826
ISIC_0029517,nv,0.9930107486434281,0.006989251356571913,0.0005464552086777985,0.00019137642811983824,0.0029656291007995605,0.0026115248911082745,0.00577451242133975,0.9869769215583801,0.0009335730574093759,0.9934876486076973,0.006512344058137387
ISIC_0029536,nv,0.9015154615044594,0.09848453849554062,0.014660632237792015,0.007536556106060743,0.11096975952386856,0.031910788267850876,0.007791257929056883,0.8171802759170532,0.009950731880962849,0.9700115555897355,0.02998844627290964
ISIC_0029554,nv,0.3181830644607544,0.6818169355392456,0.0002621194871608168,0.9796027541160583,0.002519698580726981,0.00025143561651930213,0.00047928717685863376,0.016773294657468796,0.00011138368427054957,0.01965581253898563,0.9803441607800778
ISIC_0029577,nv,0.8258528560400009,0.17414714395999908,0.0004623743297997862,0.00023966192384250462,0.0025896106380969286,0.00014794152230024338,0.0844980925321579,0.9116255640983582,0.00043681389070115983,0.9147999301494565,0.08520012878580019
ISIC_0029584,nv,0.9782984033226967,0.021701596677303314,0.0009590802364982665,0.00075917987851426,0.0017540538683533669,0.010582209564745426,0.0014672311954200268,0.9815204739570618,0.002957820426672697,0.9968145578168333,0.0031854913104325533
ISIC_0029592,nv,0.8616363406181335,0.13836365938186646,0.0012046917108818889,0.005647894460707903,0.6020025014877319,0.13182538747787476,0.003166335169225931,0.25405949354171753,0.0020937358494848013,0.989981118356809,0.010018921340815723
ISIC_0029593,nv,0.8239579051733017,0.1760420948266983,4.566480856738053e-05,6.180316268000752e-05,0.0050928182899951935,0.0002586391638033092,0.0007365556084550917,0.9933142066001892,0.0004903100780211389,0.9991559741320089,0.0008440235797024798
ISIC_0029629,nv,0.9248954132199287,0.07510458678007126,0.0001326226774835959,0.00010677375394152477,0.00022914029250387102,0.0017986252205446362,0.0017997807590290904,0.9957536458969116,0.00017944464343599975,0.9979608560533961,0.002039177190454211
ISIC_0029635,nv,0.5143427848815918,0.4856572151184082,0.0005129738710820675,0.0003979613247793168,0.002628443529829383,0.0004071699222549796,0.003712114877998829,0.990638256072998,0.0017030093586072326,0.9953768788836896,0.004623050073860213
ISIC_0029640,nv,0.9471324011683464,0.052867598831653595,0.0015313482144847512,0.003092784434556961,0.020347243174910545,0.00653384905308485,0.013049795292317867,0.9535460472106934,0.0018988943193107843,0.9823260337579995,0.01767392794135958
ISIC_0029645,nv,0.9174010455608368,0.08259895443916321,2.7377993319532834e-05,7.776680286042392e-05,0.0011114822700619698,0.000643678184133023,0.8521672487258911,0.14593929052352905,3.314810965093784e-05,0.14772759908737498,0.8522723935220711
ISIC_0029650,nv,0.9321117177605629,0.0678882822394371,4.30480795330368e-05,0.00024471268989145756,0.0003964825300499797,0.0002474426873959601,0.02078859694302082,0.9782092571258545,7.036489114398137e-05,0.9789235472344444,0.021076357712445315
ISIC_0029653,nv,0.9918068610131741,0.008193138986825943,3.6754397569893626e-06,0.0005607776110991836,0.001294249203056097,5.904406862100586e-05,0.000514353159815073,0.9975558519363403,1.1975413144682534e-05,0.9989211206211621,0.001078806210671246
ISIC_0029665,nv,0.7662151008844376,0.23378489911556244,0.004288760479539633,0.008317738771438599,0.04073208570480347,0.021798627451062202,0.2609049081802368,0.663594663143158,0.0003632553853094578,0.7264886316843331,0.27351140743121505
ISIC_0029667,nv,0.9485445357859135,0.05145546421408653,7.867372187320143e-05,0.0004441647615749389,0.0020828088745474815,0.0004096816119272262,0.002697519026696682,0.9941640496253967,0.0001230552006745711,0.996779595312546,0.0032203575101448223
ISIC_0029668,nv,0.9294589459896088,0.07054105401039124,0.00399773521348834,0.010384419932961464,0.017079776152968407,0.0037704715505242348,0.4951365888118744,0.4576534032821655,0.011977610178291798,0.49048126116394997,0.5095187439583242
ISIC_0029671,nv,0.8940063342452049,0.10599366575479507,3.9705377275822684e-05,5.9954298194497824e-05,0.00015984688070602715,0.0001303218159591779,0.006074064411222935,0.9935033917427063,3.27923298755195e-05,0.993826352769247,0.006173724086693255
ISIC_0029672,nv,0.9903617789968848,0.009638221003115177,0.0014718824531883001,0.0006732357433065772,0.001797549077309668,0.008595810271799564,0.0009732278413139284,0.9851335287094116,0.0013546883128583431,0.9968815763713792,0.0031183460378088057
ISIC_0029673,nv,0.9631276503205299,0.03687234967947006,0.0003192478616256267,0.0005772564909420907,0.0005325876409187913,0.01230404619127512,0.004273798782378435,0.9811863899230957,0.0008067046874202788,0.9948297284427099,0.005170303134946153
ISIC_0029675,nv,0.9993378511280753,0.0006621488719247282,5.046690785093233e-05,0.00018362054834142327,0.0005668724770657718,0.0021556185092777014,0.00036664726212620735,0.9963293671607971,0.0003474093391560018,0.9993992674862966,0.000600734718318563
ISIC_0029686,nv,0.8108851611614227,0.18911483883857727,9.001319267554209e-05,9.870912617770955e-05,0.0002704448124859482,0.0002910420298576355,0.00037442403845489025,0.998589813709259,0.00028548843692988157,0.9994367889885325,0.0005631463573081419
ISIC_0029707,nv,0.9944611806422472,0.0055388193577528,5.1563314627856016e-05,2.9924924092483707e-05,2.835959821823053e-05,0.0003824367595370859,0.00025210308376699686,0.9991875290870667,6.807013414800167e-05,0.99966639557897,0.0003335913224873366
ISIC_0029716,nv,0.8438872545957565,0.15611274540424347,0.00019320918363519013,9.972709813155234e-05,0.00045782249071635306,0.001405257498845458,0.0007273758528754115,0.9966769218444824,0.0004397384764160961,0.9989797403104603,0.001020312134642154
ISIC_0029719,nv,0.5590544044971466,0.4409455955028534,0.0001441348867956549,0.000528497330378741,0.000572427234146744,0.00030918250558897853,0.9138916730880737,0.0841982513666153,0.00035586432204581797,0.08543572542839684,0.9145643053052481
ISIC_0029729,nv,0.7354705035686493,0.2645294964313507,0.0008479244424961507,0.1479652225971222,0.003717617830261588,0.017317352816462517,0.045173682272434235,0.7837021946907043,0.0012760428944602609,0.8060132082318887,0.19398682931205258
ISIC_0029730,nv,0.8425259590148926,0.15747404098510742,1.2462172890082002e-05,1.0383029120930587e-06,2.8990662315209192e-08,1.457213897992915e-06,0.034095365554094315,0.9658843278884888,5.221530045673717e-06,0.9658910356230948,0.03410886602989649
ISIC_0029736,nv,0.9074867069721222,0.09251329302787781,0.0004967430140823126,0.00016957336629275233,0.00016993113968055695,0.00018809412722475827,0.017094982787966728,0.9818536639213562,2.7006302843801677e-05,0.9822386954911053,0.017761299168341793
ISIC_0029743,nv,0.9358050152659416,0.06419498473405838,0.003438678802922368,0.0015767632285133004,0.00796472281217575,0.01131918840110302,0.0015798676759004593,0.9678413271903992,0.006279552821069956,0.9934047912247479,0.006595309707336128
ISIC_0029748,nv,0.9621067456901073,0.037893254309892654,6.860453868284822e-05,2.3329394025495276e-05,0.0001406291703460738,0.000358541845344007,0.00011954990623053163,0.9990608096122742,0.00022860463650431484,0.9997885852644686,0.00021148383893887512
ISIC_0029750,nv,0.8635290861129761,0.13647091388702393,0.00024535259581170976,0.00011908550368389115,0.00010516386100789532,0.0001559956290293485,0.0019628077279776335,0.9971530437469482,0.0002585317997727543,0.9976727350367582,0.0023272458274732344
ISIC_0029761,nv,0.9908325048163533,0.009167495183646679,4.972537135472521e-05,7.12464816388092e-06,6.201739597599953e-05,0.0004673960502259433,5.387640339904465e-05,0.9990043044090271,0.00035549633321352303,0.9998892141884426,0.00011072642291765078
ISIC_0029772,nv,0.9986837612232193,0.001316238776780665,0.00018327930592931807,0.001515102107077837,0.0005740262567996979,0.0012683006934821606,0.0003494964330457151,0.9807568788528442,0.01535287406295538,0.9979520798660815,0.00204787784605287
ISIC_0029775,nv,0.9711871724575758,0.028812827542424202,0.0004893529112450778,2.6438488930580206e-05,0.0035798102617263794,7.52066125642159e-06,0.018823228776454926,0.9759846925735474,0.0010888869874179363,0.9806609104839481,0.019339020176630584
ISIC_0029786,nv,0.8213129043579102,0.17868709564208984,0.00045868215966038406,0.0027956615667790174,0.04984613507986069,0.0013317425036802888,0.7812488079071045,0.15979816019535065,0.004520844668149948,0.21549688244704157,0.7845031516335439
ISIC_0029792,nv,0.975942462682724,0.024057537317276,0.0005434987833723426,0.004661740269511938,0.03977213799953461,0.019463062286376953,0.002632387913763523,0.9198592901229858,0.013067938387393951,0.9921624287962914,0.007837626966647804
ISIC_0029794,nv,0.23986023664474487,0.7601397633552551,0.0011344911763444543,0.053272780030965805,0.2589522898197174,0.22630499303340912,0.0011775345774367452,0.45386141538619995,0.005296425428241491,0.944415123667568,0.055584805784747005
ISIC_0029816,nv,0.9857982117682695,0.014201788231730461,0.0013893945142626762,0.0005432174075394869,0.0010230652987957,0.003836636198684573,0.0029441167134791613,0.9889253973960876,0.0013381735188886523,0.9951232724124566,0.004876728635281324
ISIC_0029822,nv,0.9756173640489578,0.024382635951042175,0.0001174977223854512,6.900710286572576e-05,0.00025036008446477354,0.001494024065323174,0.0003057591966353357,0.9973805546760559,0.00038281624438241124,0.9995077550702263,0.0004922640218865126
ISIC_0029826,nv,0.7306247651576996,0.2693752348423004,0.010594033636152744,0.037056803703308105,0.47364407777786255,0.0011905990540981293,0.2833264172077179,0.19214971363544464,0.0020383710507303476,0.6690227615181357,0.33097725454717875
ISIC_0029835,nv,0.5978604257106781,0.4021395742893219,0.000676060386467725,2.729810876189731e-05,0.000917692668735981,0.0004463162913452834,0.17198659479618073,0.825262188911438,0.0006838143453933299,0.8273100122169126,0.17268995329141035
ISIC_0029838,nv,0.7899311482906342,0.21006885170936584,0.00015218115004245192,1.8803364582709037e-05,0.1023806482553482,0.0008235132554545999,0.13069593906402588,0.7655296325683594,0.0003992380225099623,0.8691330321016721,0.13086692357865104
ISIC_0029845,nv,0.975387692451477,0.02461230754852295,5.103387957205996e-05,0.0005563889862969518,0.0030780506785959005,0.0002739069750532508,0.3079279661178589,0.6880746483802795,3.801488855970092e-05,0.6914646209224884,0.3085353889837279
ISIC_0029853,nv,0.9125073552131653,0.08749264478683472,0.0003613943117670715,0.0003349648613948375,0.0011256630532443523,0.0013903576182201505,0.0008068784372881055,0.9948737025260925,0.0011071563931182027,0.9984968795906752,0.0015032376104500145
ISIC_0029867,nv,0.060835421085357666,0.9391645789146423,0.0025013454724103212,0.0009114652639254928,0.0013590024318546057,3.303419362055138e-05,0.022729430347681046,0.9724600911140442,5.7290089898742735e-06,0.9738578567485092,0.02614224108401686
ISIC_0029873,nv,0.8623324930667877,0.13766750693321228,0.006358511280268431,0.004456100519746542,0.007046881597489119,0.01320766843855381,0.007281005848199129,0.9359519481658936,0.025697888806462288,0.9819043870083988,0.018095617648214102
ISIC_0029882,nv,0.9499229229986668,0.05007707700133324,0.0006737596122547984,9.108797530643642e-05,0.0006319313542917371,0.00013101939111948013,0.004508811514824629,0.9937580823898315,0.0002053419448202476,0.994726375080063,0.005273659102385864
ISIC_0029886,nv,0.9463344402611256,0.053665559738874435,0.00104208430275321,0.0006707524880766869,0.002317993436008692,0.002999474760144949,0.0056567685678601265,0.9836400151252747,0.0036729187704622746,0.9926304020918906,0.007369605358690023
ISIC_0029887,nv,0.9587212279438972,0.04127877205610275,0.0008188034989871085,0.0006831475766375661,0.0030127745121717453,0.0021638968028128147,0.0008725803345441818,0.9882286787033081,0.004220106173306704,0.9976254561915994,0.0023745314101688564
ISIC_0029890,nv,0.9331129863858223,0.0668870136141777,0.0019385325722396374,0.0017707862425595522,0.0022736857645213604,0.0034428336657583714,0.0011449313024058938,0.9867615699768066,0.002667626366019249,0.9951457157731056,0.004854250117205083
ISIC_0029901,nv,0.9929087376222014,0.007091262377798557,6.9154002630966716e-06,2.128218056896003e-06,2.8200292945257388e-05,0.00033139000879600644,3.958402885473333e-05,0.9995718598365784,1.988332405744586e-05,0.9999513334623771,4.862764717472601e-05
ISIC_0029905,nv,0.7334204614162445,0.2665795385837555,0.0011376654729247093,6.649883289355785e-05,0.42832374572753906,1.9231647456763312e-05,0.12980395555496216,0.44061583280563354,3.31671217281837e-05,0.8689919773023576,0.13100811986078043
ISIC_0029906,nv,0.943918589502573,0.05608141049742699,0.0005722924834117293,0.0018592736450955272,0.004617695230990648,0.0015432893997058272,0.002146380487829447,0.9882055521011353,0.0010554975597187877,0.9954220342915505,0.004577946616336703
ISIC_0029910,nv,0.985448538325727,0.014551461674273014,0.002366319065913558,0.0015451787039637566,0.0063242483884096146,0.003461194457486272,0.0015191547572612762,0.9777693748474121,0.007014428731054068,0.9945692464243621,0.005430652527138591
ISIC_0029911,nv,0.9781959019601345,0.021804098039865494,0.0006974000716581941,0.0020926736760884523,0.025567321106791496,0.016608359292149544,0.0002821816597133875,0.9532706141471863,0.0014814352616667747,0.9969277298077941,0.003072255407460034
ISIC_0029916,nv,0.9783370085060596,0.021662991493940353,0.014757572673261166,0.0026825095992535353,0.015982143580913544,0.013770341873168945,0.014856170862913132,0.936581552028656,0.0013697455869987607,0.9677037830697373,0.03229625313542783
ISIC_0029922,nv,0.9842223562300205,0.015777643769979477,0.0004582114634104073,3.128923344775103e-05,0.00010546277917455882,0.00016390728706028312,0.0015098262811079621,0.9973387122154236,0.00039256553282029927,0.9980006478144787,0.0019993269779661205
ISIC_0029925,nv,0.9768761564046144,0.02312384359538555,0.00010587488213786855,3.78401018679142e-05,0.00021941155137028545,0.0005726550589315593,0.0009321949910372496,0.9980185031890869,0.00011356540926499292,0.9989241352086538,0.0010759099750430323
ISIC_0029934,nv,0.9187107160687447,0.08128928393125534,0.0018093265825882554,0.0004768434155266732,0.0011953405337408185,0.0018386002629995346,0.0032754812855273485,0.989373505115509,0.0020308969542384148,0.9944383428664878,0.005561651283642277
ISIC_0029942,nv,0.9833088666200638,0.016691133379936218,0.00040249794255942106,0.0005096177337691188,0.0004737023264169693,0.0018656161846593022,0.0011584204621613026,0.9949170351028442,0.0006730458699166775,0.9979293994838372,0.0020705361384898424
ISIC_0029944,nv,0.9141311943531036,0.08586880564689636,0.005629044491797686,0.0016698883846402168,0.003315909067168832,0.019524307921528816,0.006868299562484026,0.9561780095100403,0.006814577151089907,0.9858328036498278,0.014167232438921928
ISIC_0029945,nv,0.7274495959281921,0.27255040407180786,0.00014557318354491144,0.00033118779538199306,0.00349113205447793,0.0002926435845438391,0.9607661962509155,0.03493424877524376,3.906699566869065e-05,0.03875709140993422,0.9612429572298424
ISIC_0029946,nv,0.8141791969537735,0.1858208030462265,0.002907633548602462,3.986716546933167e-05,0.0023891893215477467,0.0012074409751221538,0.0037221128586679697,0.9893271923065186,0.00040663452818989754,0.9933304571313784,0.006669613572739763
ISIC_0029949,nv,0.8113670647144318,0.18863293528556824,0.0003491686366032809,0.0013180711539462209,0.0014085816219449043,0.00020935047359671444,0.0019662505947053432,0.9935299754142761,0.0012185451341792941,0.996366452643997,0.003633490385254845
ISIC_0029950,nv,0.9935942003503442,0.006405799649655819,7.472862489521503e-05,1.7872496755444445e-05,7.659289985895157e-05,0.00013796702842228115,0.00015692375018261373,0.9991942048072815,0.00034170917933806777,0.9997504739149008,0.0002495248718332732
ISIC_0029952,nv,0.7668473869562149,0.2331526130437851,0.007947132922708988,0.0008332881843671203,0.02540299855172634,0.00667951675131917,0.0009172501158900559,0.9541791677474976,0.004040560219436884,0.99030224326998,0.009697671222966164
ISIC_0029954,nv,0.8211545199155807,0.17884548008441925,0.0001242041907971725,3.6903670661558863e-06,0.01654612272977829,5.614364454231691e-06,5.21032270626165e-05,0.9832597970962524,8.525010343873873e-06,0.9998200592008288,0.00017999778492594487
ISIC_0029957,nv,0.9784965347498655,0.021503465250134468,0.0009548713569529355,0.000498231325764209,0.001367577351629734,0.002194772707298398,0.0074138822965323925,0.9866406321525574,0.0009300630772486329,0.9911330452887341,0.008866984979249537
ISIC_0029964,nv,0.9916820824146271,0.008317917585372925,0.0016157635254785419,0.0051721129566431046,0.013276606798171997,0.004504337906837463,0.024750621989369392,0.94948810338974,0.0011924209538847208,0.9684614690486342,0.03153849847149104
ISIC_0029970,nv,0.9569129943847656,0.043087005615234375,7.989950245246291e-05,0.006903136149048805,0.7114194631576538,7.779723819112405e-05,0.01820564456284046,0.2621071934700012,0.001206843531690538,0.9748112973975367,0.02518868021434173
ISIC_0029972,nv,0.95826455950737,0.041735440492630005,0.0004191913758404553,0.00010178848606301472,0.0004105520201846957,0.0016284907469525933,0.001295854919590056,0.9955677390098572,0.000576335412915796,0.9981831171899103,0.001816834781493526
ISIC_0029976,nv,0.9577938765287399,0.04220612347126007,0.00033698033075779676,0.0004907083348371089,0.011796334758400917,0.0013231290504336357,0.26589956879615784,0.7197725772857666,0.00038081262027844787,0.7332728537148796,0.26672725746175274
ISIC_0029980,nv,0.8553231656551361,0.1446768343448639,0.0001488581910962239,8.850040467223153e-05,0.00013828807277604938,0.00021979304437991232,0.0002683462225832045,0.998875081539154,0.00026111924671567976,0.9994942819030257,0.0005057048183516599
ISIC_0029986,nv,0.1344388723373413,0.8655611276626587,0.0003129046526737511,0.00565896974876523,0.0015058231074362993,0.0014418720966205,0.9672906994819641,0.023438256233930588,0.00035149793257005513,0.026737449370557442,0.9732625738834031
ISIC_0029993,nv,0.8580643236637115,0.14193567633628845,0.00045274029253050685,2.384877734584734e-05,0.0004803604679182172,0.00012767274165526032,0.22959108650684357,0.7693181037902832,6.150861736387014e-06,0.7699322878615931,0.23006767557671992
ISIC_0029994,nv,0.4849740266799927,0.5150259733200073,0.02237296849489212,0.09456967562437057,0.12103937566280365,0.003849403467029333,0.022835388779640198,0.7347524166107178,0.0005807828274555504,0.8602219785680063,0.1397780328989029
ISIC_0029998,nv,0.9503231383860111,0.049676861613988876,0.004451290238648653,0.0012398279504850507,0.0018925870535895228,0.0041939071379601955,0.0022146059200167656,0.9857521653175354,0.00025548768462613225,0.9920941471937113,0.00790572410915047
ISIC_0029999,nv,0.9954073601402342,0.004592639859765768,0.0004676436656154692,0.0002730948617681861,0.005871170666068792,0.11180804669857025,0.0004152290348429233,0.8780123591423035,0.0031524752266705036,0.998844051733613,0.0011559675622265786
ISIC_0030012,nv,0.8587948232889175,0.14120517671108246,0.0013181070098653436,0.003005640348419547,0.0012514394475147128,0.003897877875715494,0.038897156715393066,0.9460510015487671,0.00557875819504261,0.9567790770670399,0.04322090407367796
ISIC_0030017,nv,0.9595699086785316,0.04043009132146835,2.330094503122382e-05,0.00010388572991359979,0.0005208210204727948,0.000109527085442096,0.0013239819090813398,0.9977731108665466,0.0001453287259209901,0.9985487876983825,0.0014511685840261634
ISIC_0030018,nv,0.9523327723145485,0.04766722768545151,0.00045397350913845,0.0009425286552868783,0.0006009008502587676,0.22240127623081207,0.006566103082150221,0.7460328936576843,0.02300233021378517,0.9920374009525403,0.00796260524657555
ISIC_0030019,nv,0.9238437190651894,0.07615628093481064,0.00044108545989729464,0.012796912342309952,0.01876804605126381,0.010321312583982944,0.19119614362716675,0.7659681439399719,0.0005084142903797328,0.7955659168655984,0.204434141429374
ISIC_0030029,nv,0.9960935348644853,0.003906465135514736,3.158430627081543e-05,0.00011637876741588116,0.0004075855540577322,0.000615442346315831,0.00021656554599758238,0.9982953667640686,0.000316984805976972,0.9996353794704191,0.00036452861968427896
ISIC_0030038,nv,0.8867711871862411,0.11322881281375885,0.0025209232699126005,0.012659985572099686,0.1076713278889656,0.010708044283092022,0.4195753335952759,0.44390425086021423,0.002960128942504525,0.5652437519747764,0.43475624243728817
ISIC_0030055,nv,0.7428123950958252,0.2571876049041748,0.0005974004161544144,0.0007405309588648379,0.004042996093630791,0.0012902392772957683,0.0006694250623695552,0.9849990010261536,0.007660388946533203,0.9979926253436133,0.0020073564373888075
ISIC_0030059,nv,0.9752266146242619,0.024773385375738144,0.0020042164251208305,0.003103633178398013,0.02196073904633522,0.021972155198454857,0.02147458679974079,0.9247037172317505,0.004781012888997793,0.9734176243655384,0.026582436403259635
ISIC_0030065,nv,0.03208017349243164,0.9679198265075684,0.009249839931726456,0.02081434242427349,0.01700591668486595,0.00462384382262826,0.31605085730552673,0.6269451379776001,0.005310011561959982,0.6538849100470543,0.3461150396615267
ISIC_0030074,nv,0.8979847207665443,0.10201527923345566,0.00013861630577594042,8.187548519345e-05,0.0007656230009160936,0.000342142564477399,0.0012446199543774128,0.9973368048667908,9.028766362462193e-05,0.9985348580958089,0.0014651117453468032
ISIC_0030101,nv,0.9812589827924967,0.01874101720750332,0.00010202673001913354,0.00019898517348337919,6.768947787350044e-05,0.0008905369904823601,6.483649485744536e-05,0.9979312419891357,0.0007446422823704779,0.9996341107398621,0.0003658483983599581
ISIC_0030102,nv,0.9932516785338521,0.0067483214661479,8.471605542581528e-05,0.00029294443083927035,0.0013081686338409781,0.00017111921624746174,0.0005638853763230145,0.9972381591796875,0.00034105361555702984,0.999058500645333,0.0009415458625881001
ISIC_0030108,nv,0.9033746346831322,0.09662536531686783,0.00013701777788810432,0.00012100788444513455,0.0005145525792613626,0.0005713840946555138,0.003903310978785157,0.993613064289093,0.001139629865065217,0.9958386308280751,0.004161336641118396
ISIC_0030109,nv,0.6531622409820557,0.34683775901794434,0.0001212746647070162,0.0001666251919232309,0.001003711367957294,3.788297908613458e-05,0.0005608827923424542,0.997524082660675,0.0005855484050698578,0.9991512254127883,0.0008487826489727013
ISIC_0030112,nv,0.9410885237157345,0.05891147628426552,1.4778333934373222e-05,8.623509347671643e-05,0.00040279896347783506,0.00044976588105782866,0.0007345519261434674,0.9982014894485474,0.00011027827713405713,0.9991643325702171,0.0008355653535545571
ISIC_0030126,nv,0.5850589573383331,0.41494104266166687,0.018703315407037735,0.0006851541111245751,0.22398541867733002,0.02469613216817379,0.09133578091859818,0.6376203894615173,0.002973840106278658,0.8892757804132998,0.11072425043676049
ISIC_0030128,nv,0.9311148971319199,0.06888510286808014,0.002148938598111272,0.0014805394457653165,0.007077954709529877,0.0041652643121778965,0.003140253946185112,0.9800384640693665,0.0019485503435134888,0.9932302334345877,0.0067697319900617
ISIC_0030135,nv,0.9805578980594873,0.019442101940512657,0.0009615232120268047,0.004313190933316946,0.002537002321332693,0.0005886969156563282,0.02634650282561779,0.9633241295814514,0.0019290694035589695,0.9683788982219994,0.03162121697096154
ISIC_0030151,nv,0.37453359365463257,0.6254664063453674,6.665317414444871e-06,3.265399755036924e-06,0.9750995635986328,5.55860742679215e-06,0.007797217927873135,0.01706690713763237,2.0936549844918773e-05,0.9921929658935369,0.007807148645042616
ISIC_0030152,nv,0.9286212995648384,0.07137870043516159,0.002921615494415164,0.0007830642280168831,0.00328006106428802,0.004312478005886078,0.004787059035152197,0.9817215204238892,0.0021942653693258762,0.9915083248633891,0.008491738757584244
ISIC_0030154,nv,0.9394752345979214,0.06052476540207863,0.0005426111747510731,0.0001828340464271605,0.0004142488760408014,0.00799642875790596,0.0019276704406365752,0.9882948398590088,0.0006414003437384963,0.997346917836694,0.002653115661814809
ISIC_0030155,nv,0.9150872230529785,0.08491277694702148,0.00012055239494657144,0.0004332597309257835,0.007367010693997145,0.0035518251825124025,0.006952740252017975,0.9805010557174683,0.0010735866380855441,0.9924934782320634,0.00750655237789033
ISIC_0030161,nv,0.9932511607185006,0.006748839281499386,0.001046157325617969,0.0006679111393168569,0.0011719489702954888,0.009272197261452675,0.007729440461844206,0.9751607775688171,0.004951550159603357,0.9905564739601687,0.009443508926779032
ISIC_0030176,nv,0.6161561012268066,0.38384389877319336,0.00023202614102046937,0.00046299531823024154,0.2827853262424469,0.0005085030570626259,0.009368088096380234,0.7038907408714294,0.0027523383032530546,0.989936908474192,0.010063109555630945
ISIC_0030198,nv,0.7819424122571945,0.21805758774280548,0.0005992079968564212,0.0008107004105113447,0.002169037703424692,0.0003808659384958446,0.030266940593719482,0.9654517769813538,0.0003214145253878087,0.9683230951486621,0.03167684900108725
ISIC_0030209,nv,0.9364520534873009,0.06354794651269913,0.0011303289793431759,0.0006773345521651208,0.0014984263107180595,0.0013301047729328275,0.007257950026541948,0.9880083799362183,9.752021287567914e-05,0.9909344312327448,0.009065613558050245
ISIC_0030224,nv,0.8869932889938354,0.11300671100616455,0.00023141715792007744,0.0001475136523367837,0.002172237727791071,0.0011120456038042903,0.015524232760071754,0.9801614880561829,0.000651235633995384,0.9840970070217736,0.015903163570328616
ISIC_0030234,nv,0.9877794748172164,0.012220525182783604,0.00012108351802453399,4.4106920540798455e-05,0.0013537328923121095,0.0003902820171788335,4.032849028590135e-05,0.9977685213088989,0.00028193247271701694,0.9997944686911069,0.0002055189288512338
ISIC_0030239,nv,0.8649721443653107,0.13502785563468933,9.204129310091957e-05,0.00022717520187143236,0.00048285414231941104,0.00022859327145852149,0.001501911086961627,0.9973262548446655,0.0001410521217621863,0.9981787543802056,0.001821127581933979
ISIC_0030247,nv,0.9683498293161392,0.03165017068386078,0.009469112381339073,0.003931322135031223,0.24643726646900177,0.009337026625871658,0.17488503456115723,0.5102007389068604,0.04573947191238403,0.8117145039141178,0.18828546907752752
ISIC_0030250,nv,0.9917337754741311,0.008266224525868893,0.004200920462608337,0.00020936444343533367,0.14498594403266907,0.01555270329117775,0.006439510267227888,0.8262039422988892,0.002407560357823968,0.98915014998056,0.01084979517327156
ISIC_0030256,nv,0.9788042288273573,0.021195771172642708,0.0006071534589864314,0.001085782190784812,0.0022843407932668924,0.0010009087854996324,0.003276081057265401,0.9611608386039734,0.030584832653403282,0.9950309208361432,0.004969016707036644
ISIC_0030259,nv,0.9985211531165987,0.0014788468834012747,0.10711799561977386,0.007981481030583382,0.0242279302328825,0.014816055074334145,0.015909116715192795,0.8256403207778931,0.0043070996180176735,0.8689914057031274,0.13100859336555004
ISIC_0030262,nv,0.9347077831625938,0.06529221683740616,0.007242866326123476,0.007817734964191914,0.007287389133125544,0.005554728675633669,0.004743713885545731,0.9330469369888306,0.03430663049221039,0.9801956852898002,0.01980431517586112
ISIC_0030263,nv,0.9479262009263039,0.052073799073696136,7.162011115724454e-06,6.156151357572526e-05,0.0010553852189332247,0.00017897690122481436,7.426809133903589e-06,0.9986771941184998,1.2327940567047335e-05,0.9999238841792248,7.61503338253533e-05
ISIC_0030279,nv,0.9351702630519867,0.0648297369480133,0.0003953755076508969,0.00011511071352288127,0.0072678467258811,0.0008037950028665364,0.0074958535842597485,0.9837045073509216,0.00021749138250015676,0.9919936404621694,0.008006339805433527
ISIC_0030286,nv,0.991783544421196,0.008216455578804016,0.0019293389050289989,0.0005525257438421249,0.006942381151020527,0.0019399680895730853,0.000752477440983057,0.9842298626899719,0.003653516061604023,0.9967657279921696,0.003234342089854181
ISIC_0030289,nv,0.9463312588632107,0.05366874113678932,4.578875450533815e-05,0.00016241869889199734,0.002410105662420392,0.0010008916724473238,0.00045480040716938674,0.9940943121910095,0.0018316548084840178,0.9993369643343613,0.0006630078605667222
ISIC_0030291,nv,0.9342465922236443,0.06575340777635574,0.0008953306241892278,0.010658182203769684,0.0017457999056205153,0.002477409318089485,0.0005161967710591853,0.9748691916465759,0.008837851695716381,0.9879302525660023,0.012069709599018097
ISIC_0030292,nv,0.9823869857937098,0.017613014206290245,4.463349614525214e-05,1.915078428282868e-05,0.00016540757496841252,0.00018022344738710672,0.00016072251310106367,0.9991590976715088,0.00027075724210590124,0.9997754859359702,0.0002245067935291445
ISIC_0030299,nv,0.9247434735298157,0.07525652647018433,3.050091618206352e-05,4.210254337522201e-05,9.769762255018577e-05,6.977753946557641e-05,0.6608573794364929,0.3388654589653015,3.698531509144232e-05,0.3390699194424087,0.6609299828960502
ISIC_0030307,nv,0.7772511094808578,0.22274889051914215,0.034184422343969345,0.01490186806768179,0.0446850061416626,0.018303120508790016,0.0022631536703556776,0.8754770159721375,0.010185454040765762,0.9486505966633558,0.05134944408200681
ISIC_0030311,nv,0.3875458836555481,0.6124541163444519,0.00024573475820943713,0.0019102677470073104,0.0015151983825489879,0.0005026488215662539,0.13710346817970276,0.8586705923080444,5.206525747780688e-05,0.8607405047696375,0.1392594706849195
ISIC_0030320,nv,0.9939926695078611,0.006007330492138863,0.0019668545573949814,0.00011638418072834611,0.0028232799377292395,0.0042133028618991375,0.0009820936247706413,0.9892783164978027,0.0006197902257554233,0.9969346895231865,0.003065332362893969
ISIC_0030326,nv,0.6222575604915619,0.3777424395084381,0.0005176961421966553,1.7434444089303724e-05,7.763097528368235e-05,0.0005270244437269866,0.21788626909255981,0.7809404134750366,3.3561762393219396e-05,0.7815786306564405,0.21842139967884577
ISIC_0030328,nv,0.7440907657146454,0.2559092342853546,0.006506648845970631,0.0021079853177070618,0.03634430840611458,0.001990213058888912,0.07661794126033783,0.87535160779953,0.0010814339620992541,0.9147675632266328,0.08523257542401552
ISIC_0030337,nv,0.9740295447409153,0.0259704552590847,0.01924869976937771,0.023665189743041992,0.04671543836593628,0.6237402558326721,0.0014885884011164308,0.2753681540489197,0.00977363158017397,0.955597479827702,0.04440247791353613
ISIC_0030351,nv,0.9373573884367943,0.06264261156320572,0.0011549206683412194,0.0005265764775685966,0.005647445563226938,0.001128387521021068,0.0021272478625178337,0.9882575869560242,0.0011577785480767488,0.9961911985883489,0.0038087450084276497
ISIC_0030353,nv,0.9455735571682453,0.054426442831754684,0.004006124101579189,0.009306034073233604,0.023140709847211838,0.001799361896701157,0.013183113187551498,0.9473660588264465,0.00119855348020792,0.9735046840505674,0.026495271362364292
ISIC_0030355,nv,0.9463855214416981,0.053614478558301926,0.0018936292035505176,0.00027504898025654256,0.0009064026526175439,0.0005241166218183935,0.25881296396255493,0.7367213368415833,0.0008664639899507165,0.7390183201059699,0.260981642146362
ISIC_0030357,nv,0.8814782872796059,0.11852171272039413,0.0007907677791081369,0.000516498286742717,0.0035847830586135387,0.003358846763148904,0.006197964772582054,0.9818382263183594,0.003712910460308194,0.99249476660043,0.007505230838432908
ISIC_0030364,nv,0.9587633907794952,0.04123660922050476,5.952981882728636e-05,2.2247981178225018e-05,0.0411900095641613,0.00011271260882494971,2.364721331105102e-05,0.9585438370704651,4.80196213175077e-05,0.9998945788647688,0.0001054250133165624
ISIC_0030380,nv,0.9187313690781593,0.08126863092184067,0.017946699634194374,0.0001351773680653423,0.06535058468580246,0.004083015024662018,0.014954140409827232,0.8970427513122559,0.00048769780551083386,0.9669640488282312,0.03303601741208695
ISIC_0030386,nv,0.3902099132537842,0.6097900867462158,0.0024265970569103956,2.0236208001733758e-05,0.003900279523804784,0.00021089585789013654,0.001875729882158339,0.991375744342804,0.00019056053133681417,0.9956774802558357,0.004322563147070468
ISIC_0030389,nv,0.9552221447229385,0.04477785527706146,0.01613016612827778,0.0024318848736584187,0.01493989396840334,0.01105427835136652,0.09935273975133896,0.8544134497642517,0.0016776308184489608,0.8820852529024705,0.11791479075327516
ISIC_0030399,nv,0.12888824939727783,0.8711117506027222,0.00021232433209661394,0.00027137668803334236,0.01597677730023861,0.0019745619501918554,0.20441070199012756,0.776938796043396,0.000215504493098706,0.7951056397869252,0.20489440301025752
ISIC_0030405,nv,0.9682939015328884,0.03170609846711159,0.0008536683744750917,9.746028808876872e-05,0.0003710764867719263,0.0015678440686315298,0.0026756981387734413,0.9943363070487976,9.794283687369898e-05,0.9963731704410748,0.0036268268013373017
ISIC_0030407,nv,0.9595678001642227,0.04043219983577728,0.0005592636880464852,6.641986692557111e-05,0.0007291176589205861,0.0006100476603023708,0.006249294616281986,0.9916675686836243,0.00011833747703349218,0.9931250714798807,0.0068749781712540425
ISIC_0030409,nv,0.8873048573732376,0.11269514262676239,0.00045269340625964105,0.00011773427104344591,0.00045679075992666185,0.00040192544111050665,0.0007085161050781608,0.9977466464042664,0.00011571634240681306,0.9987210789477103,0.0012789437823812477
ISIC_0030418,nv,0.8859457150101662,0.11405428498983383,0.0003571255365386605,0.0001274357782676816,0.0009032785310409963,0.0024350322782993317,0.0006782281561754644,0.9950411915779114,0.0004578572988975793,0.9988373596861493,0.0011627894709818065
ISIC_0030420,nv,0.40474164485931396,0.595258355140686,0.003316032700240612,0.0011502305278554559,0.12019100040197372,0.0005630623199976981,0.08796728402376175,0.7805907130241394,0.006221664138138294,0.9075664398842491,0.09243354725185782
ISIC_0030424,nv,0.9920246349647641,0.007975365035235882,1.3801660315948538e-05,4.2661504267016426e-06,1.593618799233809e-05,5.8281093515688553e-05,3.566349914763123e-05,0.9998539686203003,1.8016522517427802e-05,0.9999462024243257,5.373130989028141e-05
ISIC_0030425,nv,0.6842852234840393,0.3157147765159607,0.14794708788394928,0.0007524311076849699,0.19549527764320374,0.0026830865535885096,0.045974016189575195,0.6066726446151733,0.0004754995461553335,0.8053265083581209,0.19467353518120944
ISIC_0030426,nv,0.9204630479216576,0.07953695207834244,0.00021812196064274758,0.03251552954316139,0.04385204613208771,0.001915835659019649,0.03458595648407936,0.8841091394424438,0.002803307957947254,0.9326803291914985,0.0673196079878835
ISIC_0030435,nv,0.9335179328918457,0.0664820671081543,0.0010996197815984488,0.00017832645971793681,0.17163875699043274,0.004977861884981394,0.0019039801554754376,0.8188008069992065,0.0014006091514602304,0.9968180350260809,0.003181926396791823
ISIC_0030441,nv,0.9711108785122633,0.028889121487736702,0.0006182981887832284,0.0026324400678277016,0.005337418522685766,0.0038947202265262604,0.001704784925095737,0.9843222498893738,0.001490044523961842,0.9950444331625476,0.004955523181706667
ISIC_0030449,nv,0.8120034039020538,0.18799659609794617,0.00036415550857782364,0.0001409981632605195,0.0006388626643456519,0.000452258886070922,0.0004622124833986163,0.9977066516876221,0.00023486489953938872,0.999032638137578,0.0009673661552369595
ISIC_0030456,nv,0.7951290458440781,0.20487095415592194,0.0021977792493999004,0.0011467401636764407,0.009069200605154037,0.0004069647111464292,0.03646492213010788,0.9504935145378113,0.00022080042981542647,0.9601904802839272,0.03980944154318422
ISIC_0030470,nv,0.827567920088768,0.172432079911232,1.4239009033190086e-05,1.2844992852478754e-05,0.00014366947289090604,4.5595868868986145e-05,0.0004613285418599844,0.9992675185203552,5.4783435189165175e-05,0.9995115672973043,0.0004884125437456532
ISIC_0030474,nv,0.9334153905510902,0.06658460944890976,0.00042198807932436466,0.00026963010895997286,0.0009418809204362333,0.0004922006046399474,0.00041898994822986424,0.9967072606086731,0.000748032471165061,0.9988893746049143,0.0011106081365142018
ISIC_0030477,nv,0.9731493536382914,0.02685064636170864,0.0005490496987476945,0.0004938816418871284,0.0011095479130744934,0.005950153339654207,0.0376531220972538,0.9529261589050293,0.001318102004006505,0.9613039621617645,0.03869605343788862
ISIC_0030478,nv,0.9903799686580896,0.009620031341910362,0.0003224365646019578,0.00028480886248871684,0.02085612528026104,0.14833644032478333,0.0195322223007679,0.8102195262908936,0.0004484484961722046,0.9798605403921101,0.020139467727858573
ISIC_0030479,nv,0.8964284434914589,0.10357155650854111,0.0002599539584480226,0.0005446434952318668,0.000943476683460176,0.0010429571848362684,0.13735565543174744,0.8596687316894531,0.00018449866911396384,0.8618396642268635,0.13816025288542733
ISIC_0030500,nv,0.884855605661869,0.11514439433813095,0.0007327818311750889,0.00026805102243088186,0.0043268813751637936,0.0023090834729373455,0.013333632610738277,0.9773099422454834,0.0017196019180119038,0.9856655090115964,0.014334465464344248
ISIC_0030506,nv,0.9939430635422468,0.0060569364577531815,0.002129447879269719,0.0001987259602174163,0.001964642433449626,0.000416464259615168,0.00030963050085119903,0.9908644556999207,0.004116592463105917,0.9973621548560914,0.0026378043403383344
ISIC_0030515,nv,0.9662076458334923,0.03379235416650772,0.00038901474908925593,7.129668665584177e-05,4.622895357897505e-05,9.39490637392737e-05,0.0006747172446921468,0.9986825585365295,4.223746509524062e-05,0.998864974018943,0.0011350286804372445
ISIC_0030524,nv,0.9330507293343544,0.0669492706656456,0.00859120674431324,0.001197615871205926,0.05637192353606224,0.0019303068984299898,0.0004028597613796592,0.9087954163551331,0.022710606455802917,0.9898082532454282,0.010191682376898825
ISIC_0030530,nv,0.9922744841314852,0.007725515868514776,3.3538799470989034e-05,2.7959315048065037e-05,8.655467536300421e-05,0.0007804749184288085,3.365221346030012e-05,0.9988307356834412,0.00020702330220956355,0.9999047885794425,9.515032797935419e-05
ISIC_0030543,nv,0.692509800195694,0.30749019980430603,0.011419529095292091,0.00983017310500145,0.07174039632081985,0.021991057321429253,0.23421894013881683,0.6487964391708374,0.002003531437367201,0.7445314242504537,0.2554686423391104
ISIC_0030556,nv,0.9184451624751091,0.0815548375248909,0.0010453119175508618,0.001835462637245655,0.0010294592939317226,0.002376881893724203,0.028722133487462997,0.9638020396232605,0.0011887011351063848,0.9683970819460228,0.031602908042259514
ISIC_0030557,nv,0.7639397531747818,0.2360602468252182,0.00021177117014303803,0.00017240652232430875,0.002237036358565092,0.0001264267339138314,0.47773534059524536,0.5192097425460815,0.0003072239924222231,0.5218804296309827,0.4781195182877127
ISIC_0030569,nv,0.30091631412506104,0.699083685874939,0.0011554640950635076,0.00013110102736391127,0.000820753222797066,0.00034854415571317077,0.03510807454586029,0.9623553156852722,8.069071191130206e-05,0.9636053037756938,0.03639463966828771
ISIC_0030576,nv,0.9524482414126396,0.04755175858736038,3.5854929592460394e-05,1.1279705177003052e-05,0.00011250605894019827,7.022189674898982e-05,0.0004266731266397983,0.9990354776382446,0.0003079285961575806,0.9995261341900914,0.00047380776140926173
ISIC_0030578,nv,0.9864886943250895,0.013511305674910545,0.005673536099493504,0.05823007971048355,0.031217532232403755,0.24965621531009674,0.0016953428275883198,0.6451869010925293,0.008340377360582352,0.9344010259956121,0.06559895863756537
ISIC_0030592,nv,0.7319591343402863,0.26804086565971375,0.00030192904523573816,0.000647679204121232,0.0016378028085455298,0.0006571807898581028,0.06908184289932251,0.9272186160087585,0.0004549137665890157,0.9299685133737512,0.07003145114867948
ISIC_0030593,nv,0.7135048508644104,0.2864951491355896,0.0008801313815638423,0.00020313935237936676,0.0027302561793476343,0.00046519245370291173,0.009654403664171696,0.9859331250190735,0.00013374497939366847,0.9892623186315177,0.010737674398114905
ISIC_0030598,nv,0.7655104547739029,0.2344895452260971,0.003322307486087084,0.7474491000175476,0.04836218059062958,0.03339165076613426,0.012664858251810074,0.1544700562953949,0.00033977936254814267,0.23656366701470688,0.7634362657554448
ISIC_0030609,nv,0.7952293455600739,0.20477065443992615,0.0008266603690572083,0.00020772876450791955,0.002863605972379446,0.0023045982234179974,0.8673515915870667,0.1262039840221405,0.0002419369266135618,0.1316141251445515,0.8683859807206318
ISIC_0030612,nv,0.9631090946495533,0.0368909053504467,0.00021941584418527782,0.0004886577371507883,0.0011423180112615228,0.0005360494251362979,0.0008812761516310275,0.9950965046882629,0.0016357449349015951,0.9984106170595624,0.0015893497329670936
ISIC_0030619,nv,0.9278572052717209,0.07214279472827911,0.00100425211712718,0.0006509205559268594,0.001304030418395996,0.0010514429304748774,0.008842776529490948,0.9855925440788269,0.0015540512977167964,0.9895020687254146,0.010497949202544987
ISIC_0030625,nv,0.5238726735115051,0.4761273264884949,0.003535062074661255,0.00013296915858518332,0.3470374047756195,0.00315899052657187,0.18991968035697937,0.4561010003089905,0.0001149273884948343,0.8064123229996767,0.1935877115902258
ISIC_0030632,nv,0.9428647868335247,0.057135213166475296,5.8320143580203876e-05,4.828836244996637e-05,6.0208505601622164e-05,0.0001793786505004391,0.0002716213930398226,0.9990812540054321,0.0003009928623214364,0.9996218340238556,0.0003782298990699928
ISIC_0030638,nv,0.9768839590251446,0.023116040974855423,0.00023725883511360735,0.002082012128084898,0.010005345568060875,0.000391709734685719,0.0005297321476973593,0.9858798384666443,0.0008741122437641025,0.997151006013155,0.0028490031108958647
ISIC_0030652,nv,0.8413967192173004,0.15860328078269958,0.0026626172475516796,0.014511008746922016,0.003136987332254648,0.004623905289918184,0.16497184336185455,0.8085187077522278,0.001574966823682189,0.8178545671980828,0.18214546935632825
ISIC_0030656,nv,0.8958718478679657,0.1041281521320343,0.0015190381091088057,0.0003144468937534839,0.004353748168796301,0.00261284108273685,0.0015483698807656765,0.988913357257843,0.0007381567847914994,0.9966181032941677,0.003381854883627966
ISIC_0030657,nv,0.9986218700651079,0.0013781299348920584,2.915788172686007e-06,3.887889761244878e-06,1.470629376854049e-05,3.457447746768594e-05,1.5030432223284151e-06,0.9998735189437866,6.88014697516337e-05,0.9999916011847745,8.3067211562593e-06
ISIC_0030662,nv,0.9819037709385157,0.018096229061484337,0.0021872418001294136,0.011819139122962952,0.014625877141952515,0.06775664538145065,0.007712921127676964,0.8140621185302734,0.08183607459068298,0.9782807156443596,0.02171930205076933
ISIC_0030679,nv,0.99744893447496,0.0025510655250400305,0.0008169843931682408,0.0003339580725878477,0.003376596374437213,0.0030952489469200373,0.0013301873113960028,0.9878638386726379,0.0031830824445933104,0.9975187664385885,0.0024811297771520913
ISIC_0030680,nv,0.9584106653928757,0.04158933460712433,0.0010525508550927043,0.005636406596750021,0.005378686357289553,0.0035730015952140093,0.0007293064263649285,0.9818800687789917,0.0017498945817351341,0.9925816513132304,0.007418263878207654
ISIC_0030699,nv,0.29421520233154297,0.705784797668457,0.0008235425921157002,0.00045565346954390407,4.8414560296805575e-05,8.583647286286578e-05,0.023007329553365707,0.9753912687301636,0.0001879473711596802,0.9757134671344829,0.02428652561502531
ISIC_0030718,nv,0.9829831104725599,0.01701688952744007,5.16673935635481e-05,3.030153675354086e-05,7.604392158100381e-05,0.0003759412211365998,0.0001113458929467015,0.9992526173591614,0.00010210903565166518,0.9998067115375306,0.00019331482326379046
ISIC_0030719,nv,0.7104454636573792,0.28955453634262085,5.157401756150648e-05,6.254013442230644e-06,7.670858030905947e-05,5.5749442253727466e-05,0.001932206330820918,0.99784255027771,3.4905944630736485e-05,0.9980099142449035,0.001990034361824655
ISIC_0030724,nv,0.7721691280603409,0.22783087193965912,0.0029576148372143507,0.0009759123786352575,0.0014169916976243258,0.12412668764591217,0.007906089536845684,0.8573680520057678,0.00524871563538909,0.9881604469846934,0.011839616752695292
ISIC_0030726,nv,0.9004976898431778,0.0995023101568222,0.002624835819005966,0.002355787670239806,0.013442985713481903,0.007007824257016182,0.025146616622805595,0.9459846615791321,0.0034372564405202866,0.9698727279901505,0.030127240112051368
ISIC_0030733,nv,0.5687366724014282,0.4312633275985718,0.0036013168282806873,0.00023200646683108062,0.09349146485328674,0.0006352047785185277,0.07702793180942535,0.8249049186706543,0.00010718579142121598,0.9191387740938808,0.08086125510453712
ISIC_0030739,nv,0.9700404722243547,0.029959527775645256,0.015485775656998158,0.028644435107707977,0.006914960220456123,0.01959352381527424,0.001398798543959856,0.8902212381362915,0.03774131089448929,0.9544710330665112,0.04552900930866599
ISIC_0030745,nv,0.7877618968486786,0.2122381031513214,0.008981565944850445,0.007130029611289501,0.00728435767814517,0.011303967796266079,0.11983612924814224,0.8189879655838013,0.026476016268134117,0.8640523073263466,0.1359477248042822
ISIC_0030752,nv,0.9364737048745155,0.06352629512548447,0.0003746073925867677,0.000515093794092536,0.00032349000684916973,0.0006372882635332644,0.0007174630300141871,0.9960749745368958,0.0013569925213232636,0.9983927453286014,0.0016071642166934907
ISIC_0030773,nv,0.9364639446139336,0.06353605538606644,0.000836063118185848,0.0016276652459055185,0.01912206970155239,0.00027204060461372137,0.5556998252868652,0.42143020033836365,0.0010121733648702502,0.4418364840094,0.5581635536509566
ISIC_0030775,nv,0.9969562466721982,0.0030437533278018236,0.0003346075536683202,0.0008029481396079063,0.0012455189134925604,0.006572727579623461,0.0006729135639034212,0.9847497940063477,0.00562142813578248,0.9981894686352462,0.0018104692571796477
ISIC_0030777,nv,0.8171177804470062,0.18288221955299377,0.003748415969312191,7.693825318710878e-05,0.0024321191012859344,0.0016564688412472606,0.006643614266067743,0.9810305833816528,0.004411829635500908,0.9895310009596869,0.010468968488567043
ISIC_0030791,nv,0.934427835047245,0.06557216495275497,4.41639895143453e-05,2.7504542231326923e-05,0.00012220795906614512,0.0013884295476600528,0.000140226271469146,0.9981537461280823,0.00012369580508675426,0.9997880794398952,0.00021189480321481824
ISIC_0030793,nv,0.9340432658791542,0.0659567341208458,0.0005933368811383843,0.0008396543562412262,0.002517864340916276,0.0013470584526658058,0.09551629424095154,0.8981927037239075,0.0009930202504619956,0.9030506467679515,0.09694928547833115
ISIC_0030797,nv,0.696563184261322,0.303436815738678,0.0007786940550431609,0.00043149819248355925,0.0011256641009822488,0.001978481188416481,0.0031197171192616224,0.991866409778595,0.0006995613221079111,0.9956701163901016,0.004329909366788343
ISIC_0030814,nv,0.9815764594823122,0.018423540517687798,0.0005544760497286916,0.0002589604409877211,0.044492557644844055,0.3469599783420563,0.0020164167508482933,0.6031057238578796,0.0026118995156139135,0.9971701593603939,0.002829853241564706
ISIC_0030815,nv,0.8246022611856461,0.17539773881435394,0.000135789203341119,6.311569450190291e-05,0.00036844529677182436,0.000290838215732947,0.0015967044746503234,0.9971893429756165,0.0003556881856638938,0.9982043146737851,0.0017956093724933453
ISIC_0030823,nv,0.9295539930462837,0.07044600695371628,0.00014035770436748862,7.407610974041745e-05,0.0006000921130180359,0.0013502388028427958,0.00423277635127306,0.9923149943351746,0.001287523889914155,0.9955528491409495,0.004447210165380966
ISIC_0030836,nv,0.9865847723558545,0.013415227644145489,0.0007071244181133807,0.0027107924688607454,0.42778754234313965,0.1756724715232849,0.009617725387215614,0.3779441714286804,0.005560198798775673,0.9869643840938807,0.01303564227418974
ISIC_0030837,nv,0.8322649598121643,0.1677350401878357,0.021014174446463585,0.11045295745134354,0.018696602433919907,0.08185306936502457,0.003818682860583067,0.750170886516571,0.013993719592690468,0.864714277908206,0.1352858147583902
ISIC_0030840,nv,0.5350465774536133,0.4649534225463867,9.16862118174322e-05,1.5355524737969972e-05,0.00746609503403306,1.972627069335431e-05,0.1581672728061676,0.8342204689979553,1.9452492779237218e-05,0.841725742795461,0.158274314542723
ISIC_0030850,nv,0.8163043707609177,0.18369562923908234,0.0031751340720802546,0.0010297161061316729,0.00834705587476492,0.004679983481764793,0.01802397333085537,0.9640007019042969,0.0007434475119225681,0.9777711887727492,0.022228823509067297
ISIC_0030851,nv,0.9429275915026665,0.05707240849733353,3.0391251129913144e-05,0.00031082495115697384,0.018666476011276245,3.959176319767721e-05,0.00016914043226279318,0.980708658695221,7.487324182875454e-05,0.9994895997115236,0.0005103566345496802
ISIC_0030856,nv,0.8014884144067764,0.19851158559322357,3.9170092350104824e-05,2.344578388147056e-05,0.03363989293575287,4.176121001364663e-05,0.009393217042088509,0.9568065404891968,5.592921661445871e-05,0.9905441238515778,0.009455832918320084
ISIC_0030859,nv,0.9680692553520203,0.031930744647979736,7.239382830448449e-05,0.0018919672584161162,0.011456171981990337,9.914871770888567e-05,0.00022190783056430519,0.9855998754501343,0.0006584782968275249,0.997813674446661,0.002186268917284906
ISIC_0030866,nv,0.9823422357439995,0.01765776425600052,6.260582449613139e-05,6.933679833309725e-05,0.00019383332983125,0.00021422230929601938,0.0001782231411198154,0.9991816878318787,0.00010016764281317592,0.9996899111138191,0.00031016576394904405
ISIC_0030891,nv,0.9148403704166412,0.08515962958335876,0.0004059954662807286,0.00010315920371795073,0.011680361814796925,0.0023767382372170687,0.0014374805614352226,0.9835911393165588,0.0004050912393722683,0.9980533306079451,0.001946635231433902
ISIC_0030895,nv,0.9933691415935755,0.006630858406424522,0.005014169029891491,0.0051962886936962605,0.049675725400447845,0.34703394770622253,0.0070586237125098705,0.5722872614860535,0.013733967207372189,0.982730901800096,0.017269081436097622
ISIC_0030897,nv,0.5283487141132355,0.4716512858867645,0.00516923563554883,0.001520443125627935,0.012146360240876675,0.006115237716585398,0.013828236609697342,0.9599285125732422,0.0012919005239382386,0.9794820110546425,0.020517915370874107
ISIC_0030899,nv,0.8485230207443237,0.15147697925567627,0.0009373595239594579,0.0003009787469636649,0.004613829776644707,0.00015093745605554432,0.05900997295975685,0.9323477745056152,0.002639148849993944,0.9397516905883094,0.060248311230679974
ISIC_0030906,nv,0.24170076847076416,0.7582992315292358,0.011781030334532261,0.005807739216834307,0.010556031949818134,0.011174062266945839,0.5129712820053101,0.41387704014778137,0.033832848072052,0.46943998243659735,0.5305600515566766
ISIC_0030909,nv,0.945918295532465,0.05408170446753502,0.001141438726335764,0.0003051665553357452,0.0025974432937800884,0.0013819454470649362,0.018564114347100258,0.9758259654045105,0.0001839141477830708,0.9799892682931386,0.020010719628771767
ISIC_0030921,nv,0.7721370905637741,0.2278629094362259,0.001222889288328588,4.0613991586724296e-05,0.0003847200714517385,0.0007903894293121994,0.005285996478050947,0.992225170135498,5.0295839173486456e-05,0.9934505754754355,0.0065494997579662595
ISIC_0030922,nv,0.5644789040088654,0.43552109599113464,0.00023377410252578557,7.597435615025461e-05,0.00136855139862746,0.0003200724022462964,0.1610206961631775,0.8368576765060425,0.000123173143947497,0.8386694734508637,0.16133044462185353
ISIC_0030924,nv,0.9419621899724007,0.058037810027599335,0.0011187478667125106,0.002980481367558241,0.011114915832877159,0.001655318308621645,0.00028645459678955376,0.9804955124855042,0.0023486106656491756,0.9956143572926521,0.004385683831060305
ISIC_0030945,nv,0.7187930643558502,0.2812069356441498,0.15575110912322998,0.05141964554786682,0.5139583349227905,0.0432925745844841,0.01732056587934494,0.21677561104297638,0.001482193125411868,0.7755087136756629,0.22449132055044174
ISIC_0030958,nv,0.5165273249149323,0.48347267508506775,0.0002696926530916244,0.00023578331456519663,0.00029761350015178323,0.00018010506755672395,5.520395643543452e-05,0.9986132383346558,0.0003482880420051515,0.9994392449443694,0.0005606799240922555
ISIC_0030975,nv,0.991257012821734,0.008742987178266048,0.00010697774268919602,0.00047438323963433504,5.482109554577619e-05,0.00033987200004048645,8.086371963145211e-05,0.9986879229545593,0.0002550700737629086,0.9993376861239085,0.0006622247019549832
ISIC_0030978,nv,0.6365337073802948,0.3634662926197052,0.00664621964097023,0.00032515585189685225,0.9296364784240723,0.00024908981868065894,0.03648028522729874,0.026614317670464516,4.842079943045974e-05,0.9565483067126479,0.04345166072016582
ISIC_0030985,nv,0.934063509106636,0.06593649089336395,0.0020928243175148964,0.00047368317609652877,0.0037944288924336433,0.005399269051849842,0.0014039026573300362,0.9794396758079529,0.007396265864372253,0.9960296396166086,0.003970410150941461
ISIC_0030994,nv,0.8095541000366211,0.1904458999633789,0.005327978637069464,0.0008830615552142262,0.007393731735646725,0.007069462910294533,0.021627061069011688,0.9550618529319763,0.0026368729304522276,0.9721619205083698,0.027838101261295378
ISIC_0031003,nv,0.9694879781454802,0.030512021854519844,4.0238999645225704e-05,0.00027695827884599566,0.00043674639891833067,0.00015763852570671588,6.723696424160153e-05,0.9989792108535767,4.194857683614828e-05,0.9996155443550379,0.0003844342427328229
ISIC_0031028,nv,0.9960909457877278,0.003909054212272167,0.0001582051336299628,9.852666698861867e-05,0.0008121151477098465,0.005245759151875973,0.0007961238152347505,0.9923014640808105,0.0005878139636479318,0.9989471523440443,0.001052855615853332
ISIC_0031032,nv,0.7555224001407623,0.24447759985923767,0.0006847835029475391,0.0020020445808768272,0.002425542101264,0.005804680287837982,0.04889535531401634,0.9120482206344604,0.028139369562268257,0.9484178125858307,0.05158218339784071
ISIC_0031052,nv,0.7209523022174835,0.2790476977825165,0.0007321622688323259,0.00010789082443807274,0.0008123029256239533,0.0003016330592799932,0.002741024363785982,0.9952117800712585,9.332561603514478e-05,0.9964190416721976,0.003581077457056381
ISIC_0031073,nv,0.9973063571378589,0.0026936428621411324,0.0005885720020160079,0.001001056400127709,0.0034007651265710592,0.006779948715120554,0.0029784117359668016,0.9831019043922424,0.002149302512407303,0.9954319207463413,0.0045680401381105185
ISIC_0031079,nv,0.9229225143790245,0.0770774856209755,0.0017746062949299812,0.006463032215833664,0.0022463181521743536,0.00937016773968935,0.020906858146190643,0.9538567066192627,0.0053822435438632965,0.9708554360549897,0.02914449665695429
ISIC_0031091,nv,0.5656177401542664,0.43438225984573364,2.2470987914857687e-06,0.35140302777290344,0.00025517321773804724,1.631949260172405e-07,0.0010131235467270017,0.6471935510635376,0.00013272659271024168,0.6475816140689119,0.35241839841842193
ISIC_0031096,nv,0.9995569051534403,0.00044309484655968845,0.001172490417957306,0.0012191380374133587,0.0033501568250358105,0.0036732065491378307,0.0019788071513175964,0.9836786389350891,0.004927524831146002,0.9956295271404088,0.004370435606688261
ISIC_0031097,nv,0.9483734481036663,0.051626551896333694,0.00022133033780846745,0.00024190348631236702,0.00028238206868991256,0.0010668813483789563,0.001414440805092454,0.9960987567901611,0.0006742390687577426,0.9981222592759877,0.0018776746292132884
ISIC_0031098,nv,0.9938586372882128,0.006141362711787224,0.00035214927629567683,0.0003768993483390659,0.000370945519534871,0.001159348408691585,0.0028599898796528578,0.9943764209747314,0.0005042246193625033,0.9964109395223204,0.0035890385042876005
ISIC_0031114,nv,0.9683599211275578,0.031640078872442245,0.006921383086591959,0.0009781018598005176,0.026953179389238358,0.024864112958312035,0.0005660816677846014,0.9375926852226257,0.002124468795955181,0.9915344463661313,0.008465566614177078
ISIC_0031145,nv,0.9718146454542875,0.02818535454571247,0.00033659773180261254,2.0800516722374596e-05,0.009716530330479145,0.00011758419714169577,0.16045606136322021,0.8293178677558899,3.462885433691554e-05,0.8391866111378476,0.1608134596117452
ISIC_0031158,nv,0.5570355355739594,0.44296446442604065,0.005495756398886442,0.05637037381529808,0.011575505137443542,0.5436185598373413,0.030027879402041435,0.33696961402893066,0.01594236120581627,0.9081060402095318,0.09189400961622596
ISIC_0031160,nv,0.912052609026432,0.08794739097356796,0.002278064377605915,0.0036127623170614243,0.023261861875653267,0.0007481434149667621,0.2677486538887024,0.7004150152206421,0.0019355147378519177,0.726360535249114,0.27363948058336973
ISIC_0031162,nv,0.8753249645233154,0.12467503547668457,0.00016587240679655224,0.0002618673024699092,0.00011320795601932332,0.0005675505381077528,0.005941093433648348,0.9916886687278748,0.0012617342872545123,0.9936311615092563,0.006368833142914809
ISIC_0031163,nv,0.9649708904325962,0.03502910956740379,0.00011517727398313582,6.301799294305965e-05,0.0018668784759938717,6.596826278837398e-05,0.03553154319524765,0.9622706770896912,8.67842318257317e-05,0.9642903080602991,0.035709738462173846
ISIC_0031164,nv,0.8012918084859848,0.1987081915140152,0.0010255156084895134,0.0015999575844034553,0.0014854716137051582,0.0010869345860555768,0.0006039752624928951,0.9923555850982666,0.001842582831159234,0.9967705741291866,0.0032294484553858638
ISIC_0031185,nv,0.9937984077259898,0.006201592274010181,0.0002603624598123133,0.00014743681822437793,0.002484123921021819,0.00017546584422234446,0.0030169456731528044,0.9930503368377686,0.0008654478006064892,0.9965753744036192,0.0034247449511894956
ISIC_0031193,nv,0.9700126722455025,0.029987327754497528,2.5847011784208007e-05,2.1838535758433864e-05,5.0086677219951525e-05,0.0007892364519648254,2.5591654775780626e-05,0.9988790154457092,0.00020847727137152106,0.9999268158462655,7.32772023184225e-05
ISIC_0031202,nv,0.6956407129764557,0.3043592870235443,0.0010355438571423292,0.0006298776715993881,0.003976905718445778,0.0008361772052012384,0.009409493766725063,0.9838685393333435,0.00024353440676350147,0.988925156663754,0.01107491529546678
ISIC_0031205,nv,0.810851976275444,0.18914802372455597,0.011814438737928867,0.015813220292329788,0.01330516953021288,0.003969484008848667,0.02352999523282051,0.9097321033477783,0.021835682913661003,0.9488424398005009,0.051157654263079166
ISIC_0031209,nv,0.8957344070076942,0.10426559299230576,0.00024068666971288621,0.0004302359593566507,0.000309156283037737,0.0034226439893245697,0.10113070160150528,0.8942020535469055,0.00026449892902746797,0.8981983527482953,0.10180162423057482
ISIC_0031210,nv,0.9933194760233164,0.006680523976683617,0.0009849615162238479,0.0002306485694134608,0.0010730547364801168,0.0068780542351305485,0.0009635732276365161,0.9895175099372864,0.00035216211108490825,0.997820781019982,0.0021791833132738248
ISIC_0031216,nv,0.8636948466300964,0.13630515336990356,0.00014457989891525358,0.0013996356865391135,0.4347885549068451,0.0003574374131858349,0.010819235816597939,0.5524290800094604,6.15204480709508e-05,0.9876365927775623,0.012363451402052306
ISIC_0031229,nv,0.9466771259903908,0.05332287400960922,0.0033699783962219954,0.001164053799584508,0.03166286274790764,0.0771622359752655,0.010021268390119076,0.8754662275314331,0.0011533480137586594,0.9854446742683649,0.014555300585925579
ISIC_0031246,nv,0.9549685008823872,0.04503149911761284,0.00011570869537536055,6.340119580272585e-05,0.0004947339184582233,0.0004714195092674345,0.00025808633654378355,0.9984878301620483,0.00010866995580727234,0.9995626535455813,0.00043719622772186995
ISIC_0031248,nv,0.8255850225687027,0.1744149774312973,0.007882126607000828,0.0009336595539934933,0.002474268199875951,0.009677335619926453,0.038086459040641785,0.9383643865585327,0.0025816760025918484,0.953097666380927,0.046902245201636106
ISIC_0031251,nv,0.984221838414669,0.015778161585330963,0.0026924817357212305,0.0027025623712688684,0.0034673551563173532,0.007000807207077742,0.003781343111768365,0.9721536636352539,0.008201872929930687,0.9908236989285797,0.009176387218758464
ISIC_0031252,nv,0.9845516122877598,0.015448387712240219,0.00043391386861912906,4.831612022826448e-05,0.0017377762123942375,0.0019317861879244447,0.0005236511351540685,0.9940324425697327,0.0012921500019729137,0.9989941549720243,0.001005881124001462
ISIC_0031282,nv,0.8455803990364075,0.15441960096359253,6.901208689669147e-05,1.1012478353222832e-05,0.0029349797405302525,0.010234449058771133,0.001463852240704,0.9852153062820435,7.13481567800045e-05,0.9984560832381248,0.0015438768059539143
ISIC_0031290,nv,0.9183457866311073,0.08165421336889267,0.00547527801245451,0.006849782541394234,0.025743303820490837,0.0067960298620164394,0.09792356193065643,0.8337938189506531,0.0234182458370924,0.8897513984702528,0.11024862248450518
ISIC_0031293,nv,0.9358356446027756,0.06416435539722443,3.927399666281417e-05,0.00013410428073257208,0.01725221611559391,0.0004313332901801914,0.7203094959259033,0.26177388429641724,5.960185080766678e-05,0.279517035552999,0.7204828742032987
ISIC_0031297,nv,0.9804694559425116,0.01953054405748844,0.0006165593513287604,0.0009005919564515352,0.0008177339332178235,0.028487468138337135,0.004353659227490425,0.9631614089012146,0.0016626205760985613,0.9941292315488681,0.005870810535270721
ISIC_0031305,nv,0.9537792019546032,0.046220798045396805,0.00029108053422532976,0.00023777612659614533,0.003274759277701378,0.0018239353084936738,0.0007258999976329505,0.9922993779182434,0.0013471570564433932,0.9987452295608819,0.0012547566584544256
ISIC_0031307,nv,0.676261693239212,0.32373830676078796,0.00016971609147731215,2.5410272428416647e-05,0.0001192995478049852,0.0009486039052717388,0.005058550275862217,0.9935071468353271,0.00017126101010944694,0.9947463112985133,0.005253676639767946
ISIC_0031331,nv,0.9316733181476593,0.0683266818523407,0.00016921617498155683,0.00021507668134290725,0.0004721765872091055,0.00044492349843494594,0.006644858047366142,0.9916714429855347,0.0003822945582214743,0.9929708376294002,0.007029150903690606
ISIC_0031337,nv,0.9572397656738758,0.04276023432612419,5.3854768339078873e-05,0.00023655049153603613,0.01021743193268776,0.00019011189579032362,0.058853406459093094,0.930349588394165,9.898985445033759e-05,0.9408561220770935,0.05914381171896821
ISIC_0031341,nv,0.9858944592997432,0.014105540700256824,0.00010793798719532788,2.7827487429021858e-05,0.00345217646099627,6.13683951087296e-05,0.00835883803665638,0.9878506064414978,0.00014131962961982936,0.9915054709272226,0.00849460351128073
ISIC_0031354,nv,0.5453816950321198,0.45461830496788025,0.00019871923723258078,2.5276267479057424e-05,0.005309074651449919,0.0001725459296721965,0.05618342384696007,0.938103437423706,7.587778327433625e-06,0.9435926457831556,0.056407419351671706
ISIC_0031360,nv,0.9264937117695808,0.07350628823041916,0.0011090958723798394,0.008799605071544647,0.0011256084544584155,0.004749584943056107,0.0078109437599778175,0.9732161164283752,0.0031890275422483683,0.9822803373681381,0.017719644703902304
ISIC_0031366,nv,0.8646681606769562,0.13533183932304382,0.0007213546195998788,0.001044482458382845,0.04176350682973862,0.0013697643298655748,0.08970367163419724,0.86394864320755,0.001448512659408152,0.9085304270265624,0.09146950871217996
ISIC_0031367,nv,0.9675530567765236,0.03244694322347641,0.001529864501208067,0.001503892824985087,0.00622975081205368,0.015397578477859497,0.0009063408942893147,0.9711067080497742,0.00332591962069273,0.9960599569603801,0.003940098220482469
ISIC_0031393,nv,0.9861172446981072,0.013882755301892757,0.00017366012616548687,0.00019291990611236542,0.0004020755586680025,0.0005308568943291903,0.0002477546804584563,0.9971626400947571,0.0012899801367893815,0.9993855526845437,0.0006143347127363086
ISIC_0031398,nv,0.9992618085234426,0.0007381914765574038,2.6095747671206482e-05,7.260649726958945e-05,0.0002371516457060352,0.0011361201759427786,0.00019371930102352053,0.9975639581680298,0.0007702924776822329,0.9997075224673608,0.00029242154596431646
ISIC_0031402,nv,0.8255423605442047,0.1744576394557953,0.00023067659640219063,0.0005997628904879093,0.0005456434446386993,0.0009378019603900611,0.0047784605994820595,0.9916368126869202,0.0012707920977845788,0.9943910501897335,0.005608900086372159
ISIC_0031405,nv,0.9906679801642895,0.009332019835710526,0.0016637372318655252,0.0004127339052502066,7.27121441741474e-05,0.002818130189552903,0.06807804852724075,0.9268009662628174,0.00015363316924776882,0.9298454417657922,0.07015451966435649
ISIC_0031409,nv,0.9763597324490547,0.023640267550945282,0.0005866827559657395,0.000129224470583722,0.00013411141117103398,0.001053670421242714,0.0009241935913451016,0.996782660484314,0.00038938174839131534,0.998359824065119,0.001640100817894563
ISIC_0031425,nv,0.9985123068327084,0.0014876931672915816,5.6045406381599605e-05,5.6562166719231755e-05,0.00019566078844945878,0.0004745927290059626,1.6297361071337946e-05,0.9989383816719055,0.00026248281938023865,0.9998711180087412,0.0001289049341721693
ISIC_0031426,nv,0.9913988513872027,0.00860114861279726,0.0005544525338336825,0.002251641359180212,0.001258810400031507,0.0029949850868433714,0.0020349451806396246,0.9890584349632263,0.0018467719200998545,0.995159002370201,0.004841039073653519
ISIC_0031444,nv,0.9309467747807503,0.06905322521924973,0.00040670015732757747,0.0006914098048582673,0.009130717255175114,0.00045200460590422153,0.00014738141908310354,0.9889740943908691,0.0001976146304514259,0.9987544308823999,0.0012454913812689483
ISIC_0031446,nv,0.9806951601058245,0.01930483989417553,0.023903734982013702,0.011446644552052021,0.05475091189146042,0.020045191049575806,0.010778430849313736,0.8673690557479858,0.011706030927598476,0.9538711896166205,0.04612881038337946
ISIC_0031454,nv,0.9133299291133881,0.08667007088661194,0.004005294758826494,0.15519559383392334,0.008498561568558216,0.01198280043900013,0.005345597397536039,0.8051069974899292,0.00986513402312994,0.8354534935206175,0.16454648599028587
ISIC_0031467,nv,0.9965785322710872,0.0034214677289128304,0.0017471567261964083,0.00045868215966038406,0.0003121398331131786,0.0031722586136311293,0.007974491454660892,0.9846788644790649,0.001656405278481543,0.9898196682042908,0.010180330340517685
ISIC_0031475,nv,0.8603155612945557,0.13968443870544434,0.0006279214867390692,0.0006404074956662953,0.37634047865867615,0.0021300066728144884,0.04512514919042587,0.5747054219245911,0.00043057629955001175,0.9536064835556317,0.04639347817283124
ISIC_0031478,nv,0.8403596729040146,0.1596403270959854,0.0004906159592792392,5.756947211921215e-05,0.003979065455496311,0.000681930803693831,0.022149708122015,0.9720414876937866,0.0005996517720632255,0.97730213572504,0.02269789355341345
ISIC_0031497,nv,0.9937820909544826,0.006217909045517445,0.00040170582360588014,9.636164031689987e-05,0.0005774022429250181,0.0007000414188951254,0.001067455974407494,0.9967017769813538,0.0004552275058813393,0.9984344481490552,0.001565523438330274
ISIC_0031502,nv,0.7754675447940826,0.22453245520591736,0.02012931928038597,0.0013859490863978863,0.11561062186956406,0.002487785182893276,0.05466809496283531,0.8011817336082458,0.0045365928672254086,0.9238167335279286,0.07618336332961917
ISIC_0031503,nv,0.9864457212388515,0.013554278761148453,0.003556370735168457,0.0010989638976752758,0.005605482961982489,0.003474202938377857,0.07012263685464859,0.9130716323852539,0.0030707838013768196,0.9252221020869911,0.07477797148749232
ISIC_0031508,nv,0.9648923836648464,0.03510761633515358,0.0007335029658861458,0.00020208684145472944,0.00031183776445686817,0.000314899196382612,0.0068559832870960236,0.9914196729660034,0.000162122945766896,0.9922085328726098,0.007791573094436899
ISIC_0031509,nv,0.973865570500493,0.02613442949950695,3.541746991686523e-05,1.2659815183724277e-05,7.140449451981112e-05,0.00012486976629588753,0.00012617347238119692,0.9995966553688049,3.286554056103341e-05,0.9998257951701817,0.00017425075748178642
ISIC_0031521,nv,0.4692866802215576,0.5307133197784424,0.0018947299104183912,0.0005106579628773034,0.015233871527016163,0.0019451453117653728,0.316158652305603,0.6639558672904968,0.00030106533085927367,0.6814359494601376,0.3185640401788987
ISIC_0031532,nv,0.998666571569629,0.0013334284303709865,7.395927241304889e-05,4.946423723595217e-05,0.003052307525649667,0.00025106361135840416,0.0002992715162690729,0.9960427284240723,0.00023127542226575315,0.9995773749833461,0.00042269502591807395
ISIC_0031533,nv,0.8164125084877014,0.18358749151229858,7.33092674636282e-05,3.247183849452995e-05,0.00023303971101995558,1.8570395695860498e-05,0.002948205918073654,0.9966562986373901,3.8107900763861835e-05,0.9969460166448698,0.0030539870240318123
ISIC_0031551,nv,0.9842247329652309,0.015775267034769058,0.00010341998131480068,4.7747205826453865e-05,9.220682113664225e-05,0.00038979295641183853,0.00036919134436175227,0.9986721277236938,0.0003255271294619888,0.9994796546307043,0.0005203585315030068
ISIC_0031553,nv,0.8340053409337997,0.16599465906620026,0.0008363673696294427,0.00090503238607198,0.013042903505265713,0.0022524017840623856,0.011800144799053669,0.9683895707130432,0.002773567335680127,0.9864584433380514,0.013541544554755092
ISIC_0031559,nv,0.986817522905767,0.013182477094233036,0.00012123484339099377,7.374216693278868e-06,0.00014632583770435303,2.7214164219913073e-05,0.00046413872041739523,0.9992280006408691,5.7859206208377145e-06,0.9994073265634142,0.0005927477805016679
ISIC_0031567,nv,0.815760001540184,0.18423999845981598,0.04951705411076546,0.002578641287982464,0.001354802050627768,0.01228130143135786,0.0789588987827301,0.8548237681388855,0.00048552712542004883,0.8689453987462912,0.13105459418147802
ISIC_0031572,nv,0.8498751372098923,0.15012486279010773,0.00036183890188112855,0.00021395442308858037,0.002835629740729928,0.002313676057383418,0.01021460723131895,0.9818753600120544,0.0021849381737411022,0.9892096039839089,0.01079040055628866
ISIC_0031573,nv,0.4104430675506592,0.5895569324493408,0.0001335455453954637,0.018248537555336952,0.16377143561840057,4.8370355216320604e-05,0.7558553814888,0.06185430660843849,8.842534589348361e-05,0.22576253792794887,0.7742374645895325
ISIC_0031604,nv,0.9543172046542168,0.045682795345783234,0.0008025981369428337,0.00021715188631787896,0.0059306807816028595,0.00043483072659000754,0.030023299157619476,0.9614357948303223,0.001155554549768567,0.9689568608882837,0.03104304918088019
ISIC_0031607,nv,0.9991577277542092,0.0008422722457908094,7.926830221549608e-06,3.1278770620701835e-05,1.6654257706250064e-05,0.00012480298755690455,7.748107600491494e-05,0.9996082186698914,0.00013377738650888205,0.9998834533016634,0.00011668667684716638
ISIC_0031617,nv,0.8462151288986206,0.1537848711013794,0.004782799631357193,0.1060967892408371,0.12008658051490784,0.01076990831643343,0.2737792730331421,0.4637919068336487,0.020692765712738037,0.615341161377728,0.3846588619053364
ISIC_0031621,nv,0.8116850107908249,0.1883149892091751,0.00015549766249023378,0.0002873087942134589,0.00044549061567522585,6.778201350243762e-05,0.08436805009841919,0.9141463041305542,0.0005296194576658309,0.9151891962173977,0.08481085655512288
ISIC_0031629,nv,0.5690765976905823,0.4309234023094177,0.00012839795090258121,0.0001020922718453221,0.002560852561146021,4.916205944027752e-05,0.6454489231109619,0.35167744755744934,3.304902202216908e-05,0.3543205112000578,0.6456794133337098
ISIC_0031632,nv,0.9411894604563713,0.05881053954362869,0.0007830225513316691,0.0003435925464145839,0.002652006223797798,0.012691209092736244,0.03179900348186493,0.9491246938705444,0.0026064312551170588,0.9670743404421955,0.03292561857961118
ISIC_0031636,nv,0.7956518828868866,0.2043481171131134,0.004310523625463247,0.01097613200545311,0.09565331786870956,0.008718365803360939,0.005575072485953569,0.871414303779602,0.0033522658050060272,0.9791382532566786,0.020861728116869926
ISIC_0031644,nv,0.565352588891983,0.43464741110801697,0.0002431168977636844,4.576346691465005e-05,0.21466273069381714,0.0005337792099453509,0.29226115345954895,0.49224135279655457,1.2102426808269229e-05,0.7074499651271253,0.2925500338242273
ISIC_0031647,nv,0.9756341800093651,0.024365819990634918,0.0004911342984996736,0.0017569160554558039,0.0085606062784791,0.0029014411848038435,0.001519284676760435,0.9837068319320679,0.0010638510575518012,0.9962327304529026,0.0037673350307159126
ISIC_0031655,nv,0.8919466659426689,0.10805333405733109,0.0007075720932334661,0.0007770609227009118,0.00295975711196661,0.04200020432472229,0.0023994953371584415,0.9489590525627136,0.002196987858042121,0.9961160018574446,0.0038841283530928195
ISIC_0031667,nv,0.924465961754322,0.07553403824567795,0.0012240140931680799,0.022347342222929,0.008474807254970074,0.002258089603856206,0.06276766955852509,0.896737277507782,0.00619087740778923,0.9136610517743975,0.08633902587462217
ISIC_0031668,nv,0.7294330894947052,0.2705669105052948,0.0004886476090177894,0.0018966885982081294,0.011069249361753464,0.00043638210627250373,0.00520717166364193,0.9790608286857605,0.0018409696640446782,0.9924074298178311,0.007592507870867848
ISIC_0031669,nv,0.7528351098299026,0.24716489017009735,0.019037535414099693,0.00402838783338666,0.002339679980650544,0.02047675848007202,0.005360911134630442,0.9460598826408386,0.0026968338061124086,0.9715731549076736,0.028426834382116795
ISIC_0031675,nv,0.994089053478092,0.005910946521908045,0.00020009581930935383,0.0008574269595555961,0.0002772740554064512,0.0009117780136875808,0.0006287902942858636,0.996310293674469,0.0008143422892317176,0.9983136880327947,0.0016863130731508136
ISIC_0031681,nv,0.8107461035251617,0.18925389647483826,0.009285406209528446,0.09264826774597168,0.5529478192329407,0.0020426998380571604,0.0829324945807457,0.2559923529624939,0.004151002038270235,0.815133874071762,0.18486616853624582
ISIC_0031695,nv,0.9383904710412025,0.061609528958797455,5.4957574320724234e-05,9.733509796205908e-05,0.00022393764811567962,3.841820216621272e-05,0.0013469494879245758,0.9981149435043335,0.0001235113595612347,0.9985008107141766,0.0014992421602073591
ISIC_0031696,nv,0.46972858905792236,0.5302714109420776,0.00035278414725326,0.08059212565422058,0.006207846570760012,0.00023002813395578414,0.0053415000438690186,0.9060070514678955,0.001268566818907857,0.9137134929915192,0.08628640984534286
ISIC_0031705,nv,0.8781236559152603,0.12187634408473969,0.0007916757604107261,0.038994207978248596,0.5168800950050354,0.004505060613155365,0.018269123509526253,0.4130629003047943,0.007497018668800592,0.9419450745917857,0.058055007248185575
ISIC_0031708,nv,0.33624643087387085,0.6637535691261292,0.0005154587561264634,7.78121375333285e-06,0.0008861278183758259,0.001330903498455882,0.6570764780044556,0.3401632606983185,1.996456012420822e-05,0.3424002565752744,0.6575997179743354
ISIC_0031720,nv,0.960255041718483,0.03974495828151703,0.00014525155711453408,0.0008779456838965416,0.01973935030400753,0.0003828164772130549,0.007041438948363066,0.9714619517326355,0.0003512379480525851,0.9919353564619087,0.008064636189374141
ISIC_0031729,nv,0.8042166978120804,0.19578330218791962,0.00011005821579601616,9.174749720841646e-06,0.0026102373376488686,9.484892871114425e-06,0.000359058118192479,0.996862530708313,3.951097096432932e-05,0.9995217639097973,0.0004782910837093368
ISIC_0031737,nv,0.950671199709177,0.04932880029082298,0.003324887016788125,0.09788254648447037,0.01898214966058731,0.02925860323011875,0.0010974714532494545,0.8443982601165771,0.005056178662925959,0.8976951916702092,0.10230490495450795
ISIC_0031739,nv,0.9282214567065239,0.0717785432934761,0.001475886208936572,0.00026284405612386763,0.0009282682440243661,0.0066802361980080605,0.002292345743626356,0.9874520897865295,0.0009083513868972659,0.9959689456154592,0.004031076008686796
ISIC_0031742,nv,0.657794177532196,0.34220582246780396,0.010941985994577408,0.14063096046447754,0.004120853263884783,0.004373336210846901,0.42270275950431824,0.4169318377971649,0.0002982593432534486,0.42572428661515005,0.5742757059633732
ISIC_0031744,nv,0.9796977955847979,0.02030220441520214,0.009536880999803543,0.007875331677496433,0.006687316112220287,0.005513260141015053,0.03100033476948738,0.9241218566894531,0.015265070833265781,0.9515875037759542,0.04841254744678736
ISIC_0031752,nv,0.7529258579015732,0.24707414209842682,8.585218893131241e-06,0.00016667574527673423,5.421344030764885e-05,4.33857312600594e-05,0.0007198583334684372,0.9987149238586426,0.00029243770404718816,0.9991049607342575,0.0008951192976383027
ISIC_0031754,nv,0.6931706070899963,0.30682939291000366,6.0349193518050015e-05,2.7343910915078595e-05,0.00029310525860637426,3.295956048532389e-05,0.0011135905515402555,0.9984481334686279,2.442985169182066e-05,0.9987986281394114,0.0012012836559733842
ISIC_0031763,nv,0.9979634596966207,0.0020365403033792973,8.472993795294315e-05,8.452288057014812e-06,3.203514643246308e-05,0.003235660493373871,0.00011189280485268682,0.996379554271698,0.00014778248441871256,0.999795032395923,0.00020507503086264478
ISIC_0031765,nv,0.8807410821318626,0.11925891786813736,0.00939270481467247,0.010388391092419624,0.015274242497980595,0.012042833492159843,0.007850761525332928,0.9264001250267029,0.018650850281119347,0.9723680512979627,0.027631857432425022
ISIC_0031767,nv,0.8336764723062515,0.16632352769374847,4.236420409142738e-06,1.509440608060686e-06,0.00035497749922797084,6.412107609321538e-07,1.6747442714404315e-05,0.9996128678321838,9.10447215574095e-06,0.9999775910143285,2.249330373160774e-05
ISIC_0031777,nv,0.9241075441241264,0.07589245587587357,0.0001585513527970761,8.92006210051477e-05,0.0002680839388631284,0.001781058614142239,0.0011827228590846062,0.9961787462234497,0.00034163889358751476,0.9985695276700426,0.00143047483288683
ISIC_0031782,nv,0.9422590509057045,0.0577409490942955,1.4920306966814678e-05,1.3098239833198022e-05,0.00027375269564799964,0.00021368509624153376,7.555971387773752e-05,0.9993744492530823,3.456555714365095e-05,0.9998964526021155,0.00010357826067775022
ISIC_0031793,nv,0.9902565227821469,0.00974347721785307,2.8908632884849794e-05,6.80510638630949e-05,0.00024869811022654176,0.00014885026030242443,0.0009854934178292751,0.9980448484420776,0.0004751607193611562,0.9989175575319678,0.0010824531145772198
ISIC_0031798,nv,0.8652778267860413,0.13472217321395874,0.0015337250661104918,0.0004669409536290914,0.000588722585234791,0.0004919271450489759,0.003978405613452196,0.9928880333900452,5.224771666689776e-05,0.9940209308369958,0.005979071633191779
ISIC_0031801,nv,0.9249437600374222,0.07505623996257782,7.15903370291926e-05,1.752017305989284e-05,4.225490556564182e-05,8.951994823291898e-05,0.0008052822668105364,0.9988777041435242,9.61545156314969e-05,0.9991056335129542,0.0008943927768996218
ISIC_0031811,nv,0.7515612244606018,0.2484387755393982,0.0014465117128565907,0.0002999143616762012,0.00017036794451996684,0.003090671496465802,0.06237916648387909,0.9323328733444214,0.0002805703552439809,0.9358744831406511,0.06412559255841188
ISIC_0031828,nv,0.8156976252794266,0.18430237472057343,0.0009797404054552317,0.00037980545312166214,0.0014214027905836701,0.0012031026417389512,0.03164663538336754,0.9618852734565735,0.002484180498868227,0.9669939593877643,0.03300618124194443
ISIC_0031830,nv,0.939540509134531,0.06045949086546898,0.00040426786290481687,0.0024021463468670845,0.01619924046099186,0.019041607156395912,0.0009267707355320454,0.9598726034164429,0.0011534211225807667,0.9962668721564114,0.0037331849453039467
ISIC_0031832,nv,0.514164388179779,0.48583561182022095,0.0001910712890094146,5.5734395573381335e-05,0.034749630838632584,0.00025983861996792257,0.16258294880390167,0.8021003007888794,6.053877223166637e-05,0.8371703090197116,0.16282975448848447
ISIC_0031837,nv,0.9928683852776885,0.007131614722311497,1.7628370187594555e-05,2.9237551643745974e-05,8.451352186966687e-05,0.0005269923713058233,0.000382326019462198,0.9988353848457336,0.00012389318726491183,0.999570783926174,0.00042919194129353855
ISIC_0031838,nv,0.8364415764808655,0.16355842351913452,0.0004066725086886436,0.0001698704727459699,0.006324957124888897,0.0010174417402595282,0.005159420892596245,0.9867627024650574,0.0001590269384905696,0.9942641282686964,0.005735963874030858
ISIC_0031846,nv,0.991900909692049,0.008099090307950974,0.0007044701487757266,0.0003047190548386425,0.0035487478598952293,0.0018557581352069974,0.002007682342082262,0.9905875325202942,0.000991142587736249,0.9969831811031327,0.003016871545696631
ISIC_0031850,nv,0.9952859841287136,0.004714015871286392,0.0018389272736385465,0.0026693574618548155,0.003919116221368313,0.020851269364356995,0.003647175384685397,0.9619397521018982,0.005134393461048603,0.9918445311486721,0.008155460120178759
ISIC_0031854,nv,0.960163339972496,0.03983666002750397,0.0015669070417061448,0.0030447933822870255,0.037520844489336014,0.02533462457358837,0.00031080690678209066,0.9288147687911987,0.0034072960261255503,0.9950775338802487,0.004922507330775261
ISIC_0031856,nv,0.965743463486433,0.03425653651356697,0.0008774098241701722,0.0007050936692394316,0.003799558151513338,0.0034117435570806265,0.0014996211975812912,0.9882047176361084,0.0015019706916064024,0.9969179900363088,0.003082124690990895
ISIC_0031859,nv,0.6344365477561951,0.36556345224380493,0.017231153324246407,0.00048035592772066593,0.00571539206430316,0.0019215474603697658,0.02481522597372532,0.948868453502655,0.0009678520727902651,0.9574732451001182,0.04252673522569239
ISIC_0031862,nv,0.9005368575453758,0.09946314245462418,0.013793346472084522,0.013420500792562962,0.03325408697128296,0.11634854972362518,0.0018162496853619814,0.8139933943748474,0.0073738377541303635,0.9709698688238859,0.029030096950009465
ISIC_0031867,nv,0.09639972448348999,0.90360027551651,0.0004245955205988139,0.0022442827466875315,0.011493910104036331,0.0002611770178191364,0.9061813950538635,0.07934650778770447,4.8040528781712055e-05,0.09114963543834165,0.9088502733211499
ISIC_0031877,nv,0.9906963668763638,0.009303633123636246,0.0004714792885351926,0.0006122983759269118,0.00034869296359829605,0.0018528085201978683,0.0005291564157232642,0.9946150183677673,0.0015704903053119779,0.9983870101568755,0.0016129340801853687
ISIC_0031878,nv,0.9496368020772934,0.050363197922706604,0.006161025259643793,0.004892498720437288,0.05631404370069504,0.0182899609208107,0.0011112872743979096,0.908373236656189,0.004857958760112524,0.9878352000378072,0.012164811254478991
ISIC_0031906,nv,0.9736114256083965,0.02638857439160347,0.0016755827236920595,0.0012668900890275836,0.01108046155422926,0.000676849449519068,0.07323106378316879,0.910915195941925,0.0011539699044078588,0.9238264768500812,0.07617353659588844
ISIC_0031907,nv,0.4386615753173828,0.5613384246826172,0.00026164695736952126,0.003945918288081884,0.0002284984802827239,0.00013904660590924323,0.0001240215206053108,0.9935755133628845,0.0017253529513254762,0.995668411400402,0.0043315867660567164
ISIC_0031913,nv,0.26819729804992676,0.7318027019500732,8.094577060546726e-05,0.00022189963783603162,0.7121931314468384,8.965931920101866e-05,0.22656676173210144,0.060695577412843704,0.00015203132352326065,0.7731303995024064,0.22686960714054294
ISIC_0031916,nv,0.9341908991336823,0.06580910086631775,0.0019701060373336077,0.0032550457399338484,0.011065419763326645,0.21762828528881073,0.011392327956855297,0.7511375546455383,0.003551280591636896,0.9833825402893126,0.016617479734122753
ISIC_0031948,nv,0.3634521961212158,0.6365478038787842,0.00033738347701728344,0.00037915472057648003,0.003165991511195898,0.000899147242307663,0.40991926193237305,0.5852093696594238,8.965745655586943e-05,0.5893641658694833,0.4106358001299668
ISIC_0031952,nv,0.7740418910980225,0.22595810890197754,0.027317335829138756,0.013217559084296227,0.18670913577079773,0.03887976333498955,0.010457661002874374,0.7217073440551758,0.0017113008070737123,0.9490075439680368,0.05099255591630936
ISIC_0031956,nv,0.9869389375671744,0.013061062432825565,0.0001435982994735241,0.002871599281206727,0.004886905662715435,0.005641003604978323,0.0009430753416381776,0.9547719359397888,0.030741794034838676,0.9960416392423213,0.003958272922318429
ISIC_0031970,nv,0.8799806460738182,0.1200193539261818,0.00037559663178399205,8.29903146950528e-05,0.011902295984327793,0.0001992220350075513,0.4960973858833313,0.49121370911598206,0.0001287124614464119,0.5034439395967638,0.49655597282981034
ISIC_0031974,nv,0.9972823495045304,0.00271765049546957,0.0005290814442560077,0.0002576681145001203,0.001166599104180932,0.0023606112226843834,0.012966842390596867,0.9823184013366699,0.00040077813901007175,0.9862463898025453,0.013753591949352995
ISIC_0031985,nv,0.9615271538496017,0.038472846150398254,0.0001583905250299722,0.00219563115388155,0.0030715593602508307,0.0024629957042634487,0.012557378038764,0.9781039953231812,0.0014499559765681624,0.9850885063642636,0.014911399717675522
ISIC_0032001,nv,0.965824332088232,0.03417566791176796,2.3679416699451394e-05,2.8745944291586056e-05,0.00020671197853516787,0.0003586670209188014,0.0004114651237614453,0.9986735582351685,0.00029720942256972194,0.9995361466571921,0.00046389048475248273
ISIC_0032021,nv,0.8423430621623993,0.1576569378376007,0.0004067758854944259,0.00035162479616701603,0.003339704591780901,0.00032427534461021423,0.13988004624843597,0.8554773926734924,0.00022012743283994496,0.8593615000427235,0.14063844693009742
ISIC_0032034,nv,0.8303023874759674,0.1696976125240326,0.00015242482186295092,0.0009442311129532754,0.43090009689331055,0.0008006822317838669,0.0025596963241696358,0.5645197629928589,0.00012315623462200165,0.9963436983525753,0.003656352258985862
ISIC_0032035,nv,0.9053141102194786,0.09468588978052139,0.00017765432130545378,0.0006131489644758403,0.060540925711393356,3.8883008528500795e-05,0.029919276013970375,0.9085472822189331,0.0001628055761102587,0.9692898965149652,0.03071007929975167
ISIC_0032039,nv,0.9626948945224285,0.03730510547757149,0.005289765540510416,0.0026385982055217028,0.015706602483987808,0.010516609996557236,0.03204205632209778,0.9310595393180847,0.0027467894833534956,0.9600295412819833,0.0399704200681299
ISIC_0032047,nv,0.7616673558950424,0.23833264410495758,0.0016860401956364512,0.0005801766528747976,0.015895582735538483,0.018007948994636536,0.008118727244436741,0.9552897810935974,0.0004216046945657581,0.9896149175183382,0.01038494409294799
ISIC_0032054,nv,0.8333095610141754,0.16669043898582458,0.0002165014884667471,0.0009404329466633499,0.00019845287897624075,0.004211955238133669,0.000825275550596416,0.9933643341064453,0.0002430881286272779,0.9980178303521825,0.001982209985726513
ISIC_0032065,nv,0.7683283090591431,0.23167169094085693,0.010454995557665825,0.5503653287887573,0.10541576147079468,0.006276270840317011,0.017316456884145737,0.2875605821609497,0.022610580548644066,0.42186319502070546,0.5781367812305689
ISIC_0032068,nv,0.9736158177256584,0.026384182274341583,0.0021629012189805508,0.0001735887781251222,0.0004262196598574519,0.0011330349370837212,0.0075383540242910385,0.9881362915039062,0.00042952242074534297,0.9901250685215928,0.009874844021396711
ISIC_0032069,nv,0.9392129480838776,0.060787051916122437,0.0018420270644128323,0.0015068722423166037,0.04289691895246506,0.030976416543126106,0.012258720584213734,0.9070451259613037,0.0034739451948553324,0.9843924066517502,0.01560761989094317
ISIC_0032073,nv,0.9755564741790295,0.024443525820970535,3.8688693166477606e-05,0.00011832745076389983,0.0008305581286549568,0.0018956013955175877,0.0002977777330670506,0.9963164329528809,0.0005025943974032998,0.9995451868744567,0.000454793876997428
ISIC_0032074,nv,0.9859338216483593,0.014066178351640701,0.0004709008790086955,0.0007032138528302312,0.0006386436871252954,0.0010639599058777094,0.002043928485363722,0.9945171475410461,0.0005621553864330053,0.9967819065204822,0.0032180432172026485
ISIC_0032075,nv,0.9832719173282385,0.016728082671761513,1.7413571185898036e-05,0.0036315557081252337,0.012954671867191792,7.065880345180631e-05,9.595722804078832e-05,0.5689535737037659,0.41427621245384216,0.9962551168282516,0.00374492650735192
ISIC_0032078,nv,0.9326912760734558,0.06730872392654419,4.797621295438148e-05,1.886515565274749e-05,0.6418892741203308,5.144235910847783e-05,0.028882255777716637,0.32894015312194824,0.00017002491222228855,0.9710508945136098,0.028949097146323766
ISIC_0032088,nv,0.9384199231863022,0.061580076813697815,0.00039115571416914463,0.0014468285953626037,0.0026959285605698824,0.0008106966852210462,0.006453524809330702,0.9852508306503296,0.0029509812593460083,0.9917084371554665,0.00829150911886245
ISIC_0032106,nv,0.9904232136905193,0.009576786309480667,0.0026302114129066467,0.000655893818475306,0.002770132152363658,0.005054096225649118,0.0018221016507595778,0.985841691493988,0.0012258372735232115,0.994891757145524,0.0051082068821415305
ISIC_0032108,nv,0.8901073560118675,0.10989264398813248,0.0006469866493716836,0.00021710959845222533,0.00196280749514699,0.003191331634297967,0.0031276021618396044,0.9902346134185791,0.0006195497699081898,0.9960083023179322,0.003991698409663513
ISIC_0032112,nv,0.7243438363075256,0.27565616369247437,0.0008007432334125042,0.0009415237000212073,0.013911953195929527,0.018094733357429504,0.33494532108306885,0.6308546662330627,0.0004510215949267149,0.6633123743813485,0.33668758801650256
ISIC_0032130,nv,0.9782516118139029,0.021748388186097145,0.0005239204620011151,0.00045179182779975235,0.001125865033827722,0.012469560839235783,0.0014963274588808417,0.9770503044128418,0.0068822260946035385,0.9975279563805088,0.002472039748681709
ISIC_0032141,nv,0.8576904535293579,0.1423095464706421,0.003011717926710844,0.011202902533113956,0.0007558136712759733,0.0035582836717367172,0.01565140299499035,0.9650691747665405,0.0007508023991249502,0.9701340745086782,0.02986602345481515
ISIC_0032150,nv,0.8417631536722183,0.15823684632778168,0.0006356703233905137,0.07866071164608002,0.08435064554214478,0.0026871103327721357,0.014986769296228886,0.7937923669815063,0.024886664003133774,0.905716786859557,0.09428315126569942
ISIC_0032153,nv,0.9818101320415735,0.018189867958426476,0.00022105315292719752,0.0006237348425202072,0.00277412380091846,0.0071215322241187096,0.01999693363904953,0.9684443473815918,0.0008182497113011777,0.9791582531179301,0.020841721634496935
ISIC_0032166,nv,0.947032056748867,0.052967943251132965,0.003174825105816126,0.004684343934059143,0.0060757603496313095,0.0021872026845812798,0.016312820836901665,0.9599183201789856,0.007646733894944191,0.9758280171081424,0.024171989876776934
ISIC_0032171,nv,0.991799964569509,0.00820003543049097,3.085265416302718e-05,1.2780088582076132e-05,0.00014161270519252867,0.00037199314101599157,2.92416698357556e-05,0.9993544220924377,5.909504398005083e-05,0.9999271229826263,7.287441258085892e-05
ISIC_0032183,nv,0.9990896737435833,0.000910326256416738,1.4209046639734879e-05,0.00026066816644743085,0.0001033604348776862,0.0002641839091666043,5.751810749643482e-05,0.9978439807891846,0.0014561002608388662,0.9996676253940677,0.00033239532058360055
ISIC_0032201,nv,0.999418034858536,0.0005819651414640248,2.4418957764282823e-05,5.76659385842504e-06,2.612419120850973e-05,9.624031372368336e-05,0.0003799020196311176,0.9994506239891052,1.6950705685303546e-05,0.9995899391997227,0.00041008757125382544
ISIC_0032202,nv,0.8945617154240608,0.10543828457593918,0.0003287307627033442,7.5554009526968e-05,0.0022467474918812513,0.0016567676793783903,0.016360579058527946,0.9790553450584412,0.00027630390832200646,0.9832351641380228,0.01676486383075826
ISIC_0032217,nv,0.9929229761473835,0.0070770238526165485,8.510691986884922e-05,7.983664545463398e-05,5.8424331655260175e-05,0.0007130707963369787,0.00014333926083054394,0.9980295300483704,0.0008907588780857623,0.9996917840544484,0.00030828282615402713
ISIC_0032228,nv,0.9790299516171217,0.020970048382878304,0.000334814190864563,6.561106420122087e-05,0.0001959599176188931,0.0002933218493126333,0.00024856184609234333,0.9963608384132385,0.0025009086821228266,0.9993510288622929,0.0006489871011581272
ISIC_0032231,nv,0.9886729875579476,0.011327012442052364,6.190427666297182e-05,4.870785414823331e-05,7.358342554653063e-05,9.711197344586253e-05,0.0003764872963074595,0.9978880286216736,0.0014542958233505487,0.9995130198440165,0.0004870994271186646
ISIC_0032241,nv,0.9458777047693729,0.05412229523062706,0.01964128389954567,0.0019214550266042352,0.01506221853196621,0.03035721741616726,0.002179861767217517,0.9214017391204834,0.009436218999326229,0.9762573940679431,0.02374260069336742
ISIC_0032252,nv,0.7067603170871735,0.29323968291282654,0.0006119072204455733,6.188663246575743e-05,0.00038417617906816304,0.0015613962896168232,0.005667664110660553,0.9910888671875,0.0006240191869437695,0.9936584588431288,0.006341457963571884
ISIC_0032260,nv,0.8385727554559708,0.16142724454402924,0.002106577390804887,0.0004976470372639596,0.0014436909696087241,0.00017064968415070325,0.22220870852470398,0.7729905843734741,0.0005820560618303716,0.7751869810890639,0.22481293295277283
ISIC_0032262,nv,0.9213851913809776,0.07861480861902237,0.0005755283636972308,4.592717596096918e-05,0.001029302249662578,0.0005959471454843879,0.00012832040374632925,0.9976046085357666,2.0362422219477594e-05,0.999250220353133,0.0007497759434045292
ISIC_0032268,nv,0.7900329232215881,0.20996707677841187,0.0015236978651955724,0.01488552801311016,0.032507821917533875,0.0019301874563097954,0.24386638402938843,0.7050381302833557,0.0002482569543644786,0.7397243966115639,0.26027560990769416
ISIC_0032274,nv,0.8239665627479553,0.17603343725204468,0.003664386924356222,0.0006219007191248238,0.004416207317262888,0.0008762965444475412,0.007377081084996462,0.9821823239326477,0.0008618209976702929,0.9883366487920284,0.011663368728477508
ISIC_0032281,nv,0.739326685667038,0.26067331433296204,0.0026399597991257906,0.0015160642797127366,0.018929284065961838,0.0011596608674153686,0.31396859884262085,0.6605523824691772,0.0012341230176389217,0.6818754504201934,0.3181246229214594
ISIC_0032282,nv,0.9610685370862484,0.0389314629137516,0.0014627809869125485,0.0012714475160464644,0.013718882575631142,0.015673965215682983,0.0027159207966178656,0.9621413350105286,0.003015773370862007,0.9945499561727047,0.0054501492995768785
ISIC_0032297,nv,0.8981997221708298,0.10180027782917023,0.005629245191812515,0.0010141717502847314,0.006465465296059847,0.004907094407826662,0.027533281594514847,0.9433502554893494,0.011100477539002895,0.9658232927322388,0.03417669853661209
ISIC_0032319,nv,0.908924475312233,0.09107552468776703,0.00036703396472148597,0.0001530422014184296,0.00030802926630713046,0.0007481917273253202,0.0012546282960101962,0.9968529343605042,0.00031617231434211135,0.9982253276684787,0.0017747044621501118
ISIC_0032324,nv,0.8880914375185966,0.11190856248140335,0.001647939090617001,3.817398101091385e-05,0.013167467899620533,0.04445686936378479,0.2066471427679062,0.7329953908920288,0.0010470581473782659,0.7916667863028124,0.2083332558395341
ISIC_0032327,nv,0.7154183089733124,0.2845816910266876,0.015294632874429226,7.01896715327166e-05,0.5431405901908875,3.1719075195724145e-05,0.002165826503187418,0.4391622841358185,0.0001348273508483544,0.98246942075275,0.01753064904914936
ISIC_0032337,nv,0.8300888538360596,0.16991114616394043,1.9178232832928188e-05,0.0009833169169723988,0.00021492400264833122,0.0001736646081553772,0.036035843193531036,0.9616333842277527,0.0009396582026965916,0.962961631041253,0.03703833834333636
ISIC_0032352,nv,0.8160477578639984,0.1839522421360016,0.0005212195683270693,0.00012924264592584223,0.0002567445335444063,0.0005425490671768785,0.00533432187512517,0.9912195801734924,0.0019962552469223738,0.9940151290211361,0.005984784089378081
ISIC_0032360,nv,0.988072563894093,0.011927436105906963,0.00030596894794143736,7.390430255327374e-05,0.0006746560684405267,0.00021968719374854118,0.00028572522569447756,0.9980351328849792,0.0004049990384373814,0.9993344751856057,0.0006655984761891887
ISIC_0032363,nv,0.9549389556050301,0.04506104439496994,0.04996050149202347,0.012137265875935555,0.05207190662622452,0.04790822044014931,0.0335024893283844,0.7987790107727051,0.005640577524900436,0.9043997153639793,0.09560025669634342
ISIC_0032369,nv,0.614501565694809,0.38549843430519104,0.011776362545788288,0.0006571440608240664,0.017966417595744133,0.00821218267083168,0.007878121919929981,0.9478745460510254,0.0056352498941123486,0.9796883962117136,0.020311628526542336
ISIC_0032386,nv,0.9930201447568834,0.006979855243116617,0.001380848465487361,0.0016830889508128166,0.004440205171704292,0.0038695691619068384,0.006233974825590849,0.9767447113990784,0.0056475442834198475,0.9907020300161093,0.009297912241891026
ISIC_0032392,nv,0.9667781591415405,0.03322184085845947,0.000373940885765478,4.809547681361437e-05,0.0009292305912822485,0.00093446223763749,0.0014617358101531863,0.9960313439369202,0.0002211497339885682,0.9981161864998285,0.0018837721727322787
ISIC_0032393,nv,0.9925446440465748,0.007455355953425169,0.0003879477153532207,0.0003099284367635846,0.0016072143334895372,0.006677839905023575,0.00243216659873724,0.9883280396461487,0.00025687256129458547,0.9968699664459564,0.003130042750854045
ISIC_0032403,nv,0.9763355609029531,0.023664439097046852,0.005111542530357838,0.0062997667118906975,0.011053635738790035,0.06092742457985878,0.01915120892226696,0.8861342668533325,0.011322122998535633,0.969437450170517,0.030562518164515495
ISIC_0032411,nv,0.9435168132185936,0.0564831867814064,0.03166433796286583,0.0035467350389808416,0.009804476983845234,0.0020601479336619377,0.2587068974971771,0.692385196685791,0.0018321903189644217,0.7060820119222626,0.2939179704990238
ISIC_0032423,nv,0.7037651240825653,0.2962348759174347,0.00011494579666759819,0.0001312792592216283,0.02105606161057949,0.0003301716351415962,0.17228536307811737,0.806019127368927,6.308279262157157e-05,0.8274684434072697,0.1725315881340066
ISIC_0032432,nv,0.9943545269779861,0.005645473022013903,0.0022214704658836126,0.003048764541745186,0.0011436007916927338,0.011183533817529678,0.0008437052019871771,0.9793292284011841,0.002229686826467514,0.993886049836874,0.006113940209615976
ISIC_0032488,nv,0.8960786312818527,0.10392136871814728,0.00428696209564805,0.0005663259653374553,0.004153136629611254,0.00457010418176651,0.004114787094295025,0.9802259206771851,0.002082718536257744,0.9910318800248206,0.00896807515528053
ISIC_0032494,nv,0.9322437718510628,0.06775622814893723,0.00012241907825227827,0.0007070789579302073,0.0023836081381887197,0.0006424703169614077,0.16322070360183716,0.8323541879653931,0.0005694876308552921,0.8359497540513985,0.16405020163801964
ISIC_0032499,nv,0.9776649624109268,0.02233503758907318,0.00035116224898956716,0.0018767835572361946,0.00010986557754222304,0.0015267726266756654,0.0016697511309757829,0.9819459319114685,0.012519790790975094,0.9961023609066615,0.0038976969372015446
ISIC_0032502,nv,0.9155865609645844,0.08441343903541565,0.0017907684668898582,0.0002949094050563872,0.00619253795593977,0.002057414734736085,0.011627821251749992,0.977172315120697,0.0008642050670459867,0.9862864728784189,0.013713499123696238
ISIC_0032505,nv,0.9908545725047588,0.009145427495241165,0.000621524581220001,0.0005244758212938905,0.0008547645411454141,0.0003965297364629805,0.0038072557654231787,0.9926797151565552,0.0011157223489135504,0.9950467317830771,0.00495325616793707
ISIC_0032510,nv,0.9510957151651382,0.048904284834861755,0.0003488106594886631,0.0003654634638223797,0.008537854999303818,0.017533788457512856,0.3869616687297821,0.5860499143600464,0.00020259800658095628,0.612324155823444,0.38767594285309315
ISIC_0032523,nv,0.9487114138901234,0.05128858610987663,0.00019746449834201485,2.9274580811033957e-05,0.002812767866998911,0.00010804508929140866,0.009221939370036125,0.9875076413154602,0.0001228255860041827,0.9905512798577547,0.009448678449189174
ISIC_0032525,nv,0.7129183113574982,0.28708168864250183,4.747125421999954e-05,4.047842958243564e-05,0.0002713347494136542,0.0002206167409894988,0.04683402553200722,0.9524983167648315,8.775511378189549e-05,0.9530780233690166,0.04692197521580965
ISIC_0032528,nv,0.9281281158328056,0.07187188416719437,3.9276081224670634e-05,0.0001829253596952185,0.05770024657249451,0.00034279905958101153,0.013453289866447449,0.9281761050224304,0.00010534295870456845,0.9863244936132105,0.013675491307367338
ISIC_0032539,nv,0.8123733997344971,0.18762660026550293,3.7911631807219237e-06,5.182078439247562e-06,3.261357414885424e-05,1.265948867512634e-05,0.005863639991730452,0.9940780401229858,4.058532340422971e-06,0.9941273717181502,0.005872613233350421
ISIC_0032543,nv,0.9193672090768814,0.08063279092311859,0.0003198295598849654,0.00011089953477494419,0.04359592869877815,0.00032819859916344285,0.17471015453338623,0.7808534502983093,8.153483213391155e-05,0.8248591124283848,0.17514088362804614
ISIC_0032554,nv,0.9253569096326828,0.0746430903673172,0.0003940574242733419,0.0002158487623091787,0.0335908941924572,0.00021663695224560797,0.23515482246875763,0.7303118705749512,0.00011596980766626075,0.7642353715273202,0.23576472865534015
ISIC_0032562,nv,0.6304019391536713,0.36959806084632874,0.0007480836356990039,2.849368866009172e-05,0.002341990591958165,0.00032137054949998856,0.09421471506357193,0.9023362994194031,9.07013782125432e-06,0.9050087306986825,0.09499129238793103
ISIC_0032574,nv,0.2315095067024231,0.7684904932975769,0.0008001942187547684,0.010587253607809544,0.005275903269648552,0.0010735512478277087,0.030103379860520363,0.9517448544502258,0.00041487489943392575,0.958509183867136,0.041490827687084675
ISIC_0032584,nv,0.9551409669220448,0.044859033077955246,8.451257599517703e-05,8.312840509461239e-05,0.04233430698513985,0.00011177799751749262,0.002273913472890854,0.9533447027206421,0.0017676666611805558,0.99755845436448,0.0024415544539806433
ISIC_0032593,nv,0.955897331237793,0.04410266876220703,0.0002562433364801109,0.00021917148842476308,0.0003974372230004519,0.00034608057467266917,0.2218652218580246,0.7766774892807007,0.00023832761507946998,0.7776593346934533,0.22234063668292947
ISIC_0032600,nv,0.9593816548585892,0.04061834514141083,0.0006332887569442391,9.153988503385335e-05,0.0018376775551587343,0.00021324925182852894,0.03077363595366478,0.9664013385772705,4.923834785586223e-05,0.9685015037321136,0.03149846459564287
ISIC_0032625,nv,0.8942743688821793,0.10572563111782074,2.1696387193514965e-05,4.759075818583369e-05,0.007098316680639982,6.111025140853599e-05,0.009633849374949932,0.9831119179725647,2.5585246476111934e-05,0.9902969301510893,0.00970313652032928
ISIC_0032639,nv,0.8779161125421524,0.1220838874578476,2.322336149518378e-05,1.0147162356588524e-05,0.0001792528055375442,3.282241596025415e-05,0.032045383006334305,0.9676578044891357,5.137754851602949e-05,0.9679212572591496,0.03207875353018608
ISIC_0032640,nv,0.7693800777196884,0.23061992228031158,0.000642945640720427,0.004915602970868349,0.01911461353302002,0.003488428657874465,0.3611433804035187,0.6075850129127502,0.003110036952421069,0.6332980920560658,0.36670192901510745
ISIC_0032644,nv,0.9482362233102322,0.05176377668976784,0.0010151057504117489,0.0016519633354619145,0.09975768625736237,0.00801027286797762,0.10518495738506317,0.774739146232605,0.009640928357839584,0.8921480337157845,0.10785202647093683
ISIC_0032663,nv,0.7943409830331802,0.20565901696681976,0.015404938720166683,0.008319678716361523,0.005519849248230457,0.0038626999594271183,0.355751633644104,0.6018301248550415,0.009311105124652386,0.6205237791873515,0.3794762510806322
ISIC_0032673,nv,0.4995630383491516,0.5004369616508484,7.231318886624649e-05,1.1020089004887268e-05,0.0038797466550022364,1.1940525837417226e-05,0.09377289563417435,0.9022045731544495,4.755072222906165e-05,0.9061438110575182,0.09385622891204548
ISIC_0032674,nv,0.5645678341388702,0.43543216586112976,5.784518725704402e-05,1.0068997653434053e-05,0.00012902027810923755,3.266107569288579e-06,0.0021442067809402943,0.997645914554596,9.678763490228448e-06,0.9977878797037647,0.0022121209658507723
ISIC_0032677,nv,0.4667316675186157,0.5332683324813843,0.0038646713364869356,6.623631634283811e-05,0.014956994913518429,0.0005094654043205082,0.05983979254961014,0.9201478362083435,0.0006149641703814268,0.9362292606965639,0.06377070020243991
ISIC_0032701,nv,0.8356228470802307,0.1643771529197693,3.4119027986889705e-05,1.5696632544859312e-05,0.00022800281294621527,5.155574035597965e-05,0.489533007144928,0.5101116895675659,2.595621299406048e-05,0.5104172043338622,0.4895828228054597
ISIC_0032704,nv,0.2726060748100281,0.7273939251899719,0.0001262659061467275,0.0005898376111872494,0.057384539395570755,0.0023831981234252453,0.5703917145729065,0.3690418601036072,8.270704711321741e-05,0.4288923046697164,0.5711078180902405
ISIC_0032711,nv,0.8235000967979431,0.17649990320205688,0.00030095898546278477,4.168303803453455e-06,0.0011739915935322642,2.227697586931754e-05,0.07688417285680771,0.9216026663780212,1.1770529454224743e-05,0.922810705476877,0.07718930014607395
ISIC_0032747,nv,0.8839804530143738,0.11601954698562622,5.439932647277601e-05,3.6214998544892296e-05,0.018468834459781647,4.421129051479511e-05,0.007506316527724266,0.9738499522209167,4.0016988350544125e-05,0.9924030149595637,0.007596930852741934
ISIC_0032760,nv,0.8226386457681656,0.1773613542318344,4.374252603156492e-05,0.00021178006136324257,0.0003749231400433928,0.00018117482250090688,0.014880013652145863,0.9842717051506042,3.66296517313458e-05,0.9848644327648799,0.01513553623954067
ISIC_0032764,nv,0.8745514154434204,0.1254485845565796,0.0014291559346020222,0.0013050972484052181,0.003959836438298225,0.0007035830058157444,0.08055467158555984,0.911914050579071,0.0001336861023446545,0.9167111561255297,0.08328892476856709
ISIC_0032781,nv,0.8360078930854797,0.16399210691452026,1.728241659293417e-05,4.092721064807847e-05,0.0010516280308365822,1.8340680981054902e-05,0.014939031563699245,0.9838941693305969,3.869921056320891e-05,0.9850028372529778,0.014997241190940258
ISIC_0032789,nv,0.9392253421247005,0.060774657875299454,0.010471636429429054,0.006818967405706644,0.027439525350928307,0.024861477315425873,0.02892780490219593,0.8732332587242126,0.02824721857905388,0.9537814799696207,0.04621840873733163
ISIC_0032791,nv,0.8938403427600861,0.10615965723991394,0.00011353023728588596,0.0001452167925890535,0.000265131558990106,0.00022979735513217747,0.02575613744556904,0.9729287028312683,0.0005615343106910586,0.9739851660560817,0.026014884475443978
ISIC_0032798,nv,0.9639801904559135,0.036019809544086456,0.000774349260609597,0.0007672650972381234,0.012257691472768784,0.003584763966500759,0.33463719487190247,0.6462669372558594,0.001711792778223753,0.6638211854733527,0.3361788092297502
ISIC_0032803,nv,0.9631653465330601,0.036834653466939926,0.00020301254699006677,0.003925723489373922,0.0024971773382276297,0.003182553919032216,0.013798260129988194,0.9744729399681091,0.0019202383700758219,0.9820729095954448,0.017926996166352183
ISIC_0032815,nv,0.9229356274008751,0.07706437259912491,7.233881478896365e-05,3.221791484975256e-05,0.0019627667497843504,6.96707284078002e-05,0.1012890636920929,0.896537184715271,3.679528526845388e-05,0.8986064174787316,0.10139362042173161
ISIC_0032819,nv,0.9055166319012642,0.09448336809873581,0.002321660052984953,0.059608496725559235,0.0004572406760416925,0.00038182176649570465,0.00020665759802795947,0.9369546175003052,6.964514614082873e-05,0.9378633250889834,0.06213681437657215
ISIC_0032824,nv,0.9238975644111633,0.07610243558883667,0.0006373570649884641,0.00018195674056187272,0.00035023578675463796,0.0008727831882424653,0.0017127175815403461,0.9961701035499573,7.487912807846442e-05,0.9974680016530328,0.002532031387090683
ISIC_0032830,nv,0.33013445138931274,0.6698655486106873,0.00220576417632401,0.00023968485766090453,0.0066930511966347694,0.004718631040304899,0.043746236711740494,0.9416831731796265,0.0007134524057619274,0.9538083078223281,0.04619168574572541
ISIC_0032838,nv,0.5044482946395874,0.4955517053604126,0.000720278243534267,0.0005343816592358053,0.0021053769160062075,0.0010016221785917878,0.5311837196350098,0.4642026722431183,0.00025194050977006555,0.46756161184748635,0.5324383795377798
ISIC_0032848,nv,0.9963005797471851,0.003699420252814889,9.983647032640874e-05,0.0007866493542678654,0.028326980769634247,8.622754648968112e-06,0.19238972663879395,0.7498359084129333,0.02855236455798149,0.8067238764951981,0.19327621246338822
ISIC_0032849,nv,0.8240157216787338,0.17598427832126617,0.0007893507718108594,6.400718120858073e-05,0.010392951779067516,4.224507574690506e-05,0.21886250376701355,0.7679631114006042,0.0018858426483348012,0.7802841509037535,0.219715861720033
ISIC_0032852,nv,0.9642292186617851,0.035770781338214874,0.0016162754036486149,0.0009476126870140433,0.009957333095371723,0.002229022793471813,0.12620104849338531,0.8476774096488953,0.011371331289410591,0.8712350968271494,0.12876493658404797
ISIC_0032878,nv,0.6774876713752747,0.32251232862472534,0.00045354230678640306,0.001124732312746346,0.03641928359866142,0.00014740970800630748,0.11427909880876541,0.8473185896873474,0.0002574509708210826,0.8841427339648362,0.11585737342829816
ISIC_0032880,nv,0.8282115459442139,0.17178845405578613,4.505708420765586e-05,0.00018187589012086391,0.00017165800090879202,0.00010253334767185152,0.012540348805487156,0.9856973886489868,0.001261122990399599,0.9872327029879671,0.012767281779815676
ISIC_0032882,nv,0.4963386058807373,0.5036613941192627,0.0007028812542557716,0.0002717543684411794,0.022994529455900192,0.0010468973778188229,0.4291819930076599,0.5457184910774231,8.340009662788361e-05,0.56984331800777,0.43015662863035686
ISIC_0032891,nv,0.9436506628990173,0.056349337100982666,0.0005080052651464939,0.00015185306256171316,0.002421462442725897,0.002481007482856512,0.030280761420726776,0.9640647768974304,9.222025255439803e-05,0.9690594670755672,0.030940619748434983
ISIC_0032902,nv,0.9092312827706337,0.0907687172293663,6.227764970390126e-05,6.10952265560627e-05,0.0021512717939913273,0.0001051774961524643,0.04505784809589386,0.9525178074836731,4.4540181988850236e-05,0.9548187969558057,0.045181220972153824
ISIC_0032904,nv,0.9748015254735947,0.025198474526405334,0.00046661889064125717,0.00012496481940615922,0.0010033486178144813,0.00031539174960926175,0.0004887967370450497,0.9970954656600952,0.0005055301589891315,0.9989197361865081,0.001080380447092466
ISIC_0032910,nv,0.7161255776882172,0.28387442231178284,0.0210417527705431,0.009364978410303593,0.4175296425819397,0.0054768724367022514,0.3950829803943634,0.13389937579631805,0.017604390159249306,0.5745102809742093,0.4254897115752101
ISIC_0032911,nv,0.7700690180063248,0.22993098199367523,0.001843752572312951,0.007052982691675425,0.029132535681128502,0.04720398038625717,0.002442377619445324,0.9042388200759888,0.00808565504848957,0.988660991191864,0.0113391128834337
ISIC_0032923,nv,0.6825512647628784,0.3174487352371216,0.017779706045985222,0.013913477770984173,0.052195169031620026,0.0012672638986259699,0.014394717290997505,0.8595487475395203,0.04090089723467827,0.9539120777044445,0.0460879011079669
ISIC_0032930,nv,0.9500893913209438,0.04991060867905617,0.2601569592952728,0.29244527220726013,0.08722494542598724,0.004439231939613819,0.053840044885873795,0.29515087604522705,0.006742724683135748,0.39355777809396386,0.6064422763884068
ISIC_0032942,nv,0.979637861251831,0.020362138748168945,4.653183350455947e-05,3.5993663914268836e-05,6.174103327794e-05,4.8513069486944005e-05,0.11320093274116516,0.8865141272544861,9.209218842443079e-05,0.8867164735456754,0.11328345823858399
ISIC_0032944,nv,0.9691665098071098,0.030833490192890167,0.00013534678146243095,0.002427631989121437,0.8058536648750305,0.0002265570656163618,0.00018339698726776987,0.18902282416820526,0.0021505001932382584,0.9972535463020904,0.002746375757851638
ISIC_0032950,nv,0.8896345272660255,0.11036547273397446,0.005656509660184383,0.0032743518240749836,0.17207463085651398,0.002685287967324257,0.0264947060495615,0.7890055775642395,0.0008088898030109704,0.9645743861910887,0.03542556753382087
ISIC_0032953,nv,0.9842553902417421,0.015744609758257866,0.0007217783131636679,0.00029067846480757,0.0010045086964964867,0.0035055866464972496,0.00842053908854723,0.9813661575317383,0.0046907695941627026,0.9905670224688947,0.009432995866518468
ISIC_0032962,nv,0.7716615945100784,0.22833840548992157,2.2733262085239403e-05,9.007220796775073e-05,0.018336612731218338,4.162717596045695e-05,0.0017117289826273918,0.9797565340995789,4.070133945788257e-05,0.9981754753462155,0.001824534452680382
ISIC_0032986,nv,0.942299909889698,0.05770009011030197,0.00019578533829189837,0.0010723082814365625,0.0004105314437765628,0.0019311190117150545,0.00033536111004650593,0.9949018955230713,0.0011530154151841998,0.9983965613937471,0.0016034547297749668
ISIC_0032992,nv,0.4358205795288086,0.5641794204711914,0.0001661690475884825,0.00011636802082648501,0.00018555733549874276,0.00013017769379075617,0.15769554674625397,0.8411672115325928,0.0005390868172980845,0.8420220333791804,0.15797808381466893
ISIC_0033006,nv,0.9766941592097282,0.02330584079027176,0.0005945294396951795,0.00027564415358938277,0.009567971341311932,0.0005501986597664654,0.15536083281040192,0.8319490551948547,0.0017017795471474528,0.8437690047430806,0.15623100640368648
ISIC_0033015,nv,0.7823299318552017,0.21767006814479828,0.0008958593243733048,1.0142756764253136e-05,0.018253155052661896,3.3688229450490326e-05,0.003813136136159301,0.9769493937492371,4.469146006158553e-05,0.995280928491411,0.004719138217296859
ISIC_0033018,nv,0.8816613107919693,0.1183386892080307,0.0002736508031375706,0.0003752734628506005,0.013248926028609276,0.00014125362213235348,0.00391008285805583,0.9819436073303223,0.00010712334915297106,0.9954409103302169,0.004559007124044001
ISIC_0033036,nv,0.7434656023979187,0.2565343976020813,0.0010474649025127292,0.00019905893714167178,0.0024143445771187544,0.001493253861553967,0.04821763187646866,0.9462268948554993,0.0004013408033642918,0.9505358340975363,0.04946415571612306
ISIC_0033039,nv,0.885477751493454,0.11452224850654602,0.000588037190027535,9.406917524756864e-05,0.0074985758401453495,0.001813298324123025,0.0032132803462445736,0.9866322875022888,0.00016052329738158733,0.9961046849639388,0.003895386711519677
ISIC_0033043,nv,0.8352275341749191,0.16477246582508087,0.0004026060923933983,0.0005189426592551172,0.007283458486199379,0.0013064845697954297,0.009333198890089989,0.9801530838012695,0.0010022275382652879,0.9897452543955296,0.010254747641738504
ISIC_0033057,nv,0.6382105946540833,0.36178940534591675,0.0008048618910834193,0.0012779932003468275,0.016588544473052025,0.0024746444541960955,0.20631363987922668,0.7721124291419983,0.0004278328560758382,0.7916034509253222,0.20839649497065693
ISIC_0033058,nv,0.7984914183616638,0.20150858163833618,0.0015015312237665057,0.00026922731194645166,0.2834351062774658,0.0004030443378724158,0.31318199634552,0.4004782438278198,0.0007308247731998563,0.6850472192163579,0.314952754881233
ISIC_0033070,nv,0.766706719994545,0.23329328000545502,0.0009983170311897993,0.02321767807006836,0.12947452068328857,0.040921665728092194,0.29056867957115173,0.5080527663230896,0.006766258738934994,0.6852152114734054,0.3147846746724099
ISIC_0033075,nv,0.6222708523273468,0.3777291476726532,7.907796680228785e-05,2.1437061150209047e-05,0.0013828015653416514,0.0005362133961170912,0.2445712387561798,0.7533852458000183,2.4008781110751443e-05,0.7553282695425878,0.2446717537841323
ISIC_0033076,nv,0.8789955228567123,0.12100447714328766,0.0006446029874496162,0.01135232299566269,0.02546088770031929,0.013715427368879318,0.033757589757442474,0.9085336923599243,0.006535546388477087,0.9542455538176,0.04575451574055478
ISIC_0033087,nv,0.8858203217387199,0.11417967826128006,0.00012857372348662466,3.377245593583211e-05,0.0008583873277530074,0.001866925391368568,0.050843361765146255,0.9454178214073181,0.0008511758060194552,0.9489943099324591,0.05100570794456871
ISIC_0033091,nv,0.9530842304229736,0.04691576957702637,0.0009882779559120536,0.0015010302886366844,0.012456730008125305,0.0034733947832137346,0.011902539059519768,0.9667099118232727,0.0029681511223316193,0.9856081877369434,0.014391847304068506
ISIC_0033098,nv,0.9776231348514557,0.02237686514854431,0.007910698652267456,0.0008489882457070053,0.0005859479424543679,0.0005877854418940842,0.01548104826360941,0.9742015600204468,0.0003840033314190805,0.9757592967362143,0.02424073516158387
ISIC_0033105,nv,0.9093747213482857,0.09062527865171432,0.0024794796481728554,0.007492908276617527,0.009475511498749256,0.004759583622217178,0.10098101943731308,0.8739966750144958,0.0008148012566380203,0.8890465713921003,0.11095340736210346
ISIC_0033107,nv,0.8713251203298569,0.12867487967014313,0.0011261634062975645,0.0005227826768532395,0.005939248483628035,0.0014500817051157355,0.3455018103122711,0.6453409790992737,0.00011897413787664846,0.6528492834258941,0.3471507563954219
ISIC_0033112,nv,0.7210266292095184,0.27897337079048157,0.005326733458787203,0.024142758920788765,0.03835431858897209,0.00022402091417461634,0.8245043754577637,0.04595598578453064,0.061491794884204865,0.1460261201718822,0.8539738678373396
ISIC_0033113,nv,0.8720516264438629,0.12794837355613708,0.001191615010611713,0.0026934866327792406,0.0019541068468242884,0.0009729537414386868,0.60383540391922,0.3845330476760864,0.0048194387927651405,0.39227954705711454,0.6077205055626109
ISIC_0033116,nv,0.9042555242776871,0.09574447572231293,0.0004991877940483391,0.0023983826395124197,0.0013974374160170555,0.0008964546141214669,0.23144669830799103,0.7632075548171997,0.00015428656479343772,0.7656557334121317,0.2343442687415518
ISIC_0033118,nv,0.8536467850208282,0.14635321497917175,0.003784304717555642,0.014284458942711353,0.12794680893421173,0.0018437915714457631,0.0632050633430481,0.7867775559425354,0.0021580823231488466,0.9187262387713417,0.08127382700331509
ISIC_0033131,nv,0.7718486934900284,0.22815130650997162,1.0700894108595094e-06,6.717838232361828e-07,7.904965605121106e-05,5.947008503426332e-06,0.9941085577011108,0.00580133032053709,3.4590580071380828e-06,0.005889786043098866,0.9941102995743449
ISIC_0033134,nv,0.8833526074886322,0.1166473925113678,0.0007880405173636973,0.00047049924614839256,0.04865263029932976,0.0005421190289780498,0.020819872617721558,0.9282050132751465,0.000521876267157495,0.9779216388706118,0.022078412381233647
ISIC_0033150,nv,0.9661488607525826,0.03385113924741745,0.0004566772549878806,0.0004082726954948157,0.03471251577138901,0.0033825428690761328,0.007987198419868946,0.9526640176773071,0.00038870630669407547,0.9911477826244663,0.008852148370351642
ISIC_0033155,nv,0.797922283411026,0.202077716588974,0.006268251687288284,0.0002944944135379046,0.006634545978158712,0.0015800480032339692,0.062403514981269836,0.917529284954071,0.0052898600697517395,0.9310337390052155,0.06896626108209603
ISIC_0033164,nv,0.8543444722890854,0.1456555277109146,0.00017916095384862274,9.965067874873057e-05,0.0003377746616024524,0.0005164800095371902,0.07343947887420654,0.9251874685287476,0.0002399391814833507,0.9262816623813706,0.0737182905068039
ISIC_0033167,nv,0.9334449619054794,0.06655503809452057,0.000496178341563791,7.055227615637705e-05,0.0012813130160793662,0.0003052799147553742,0.4059600830078125,0.5912204384803772,0.00066612713271752,0.5934731585439295,0.40652681362553267
ISIC_0033168,nv,0.7993302941322327,0.20066970586776733,0.0001522609090898186,0.0004869166587013751,0.0027477359399199486,0.0002273731806781143,0.005174252204596996,0.9911463856697083,6.507768557639793e-05,0.9941865724758827,0.00581342977238819
ISIC_0033177,nv,0.6732167303562164,0.32678326964378357,0.0001383339404128492,1.7595442841411568e-05,4.430274566402659e-05,3.4946722735185176e-05,0.003514462150633335,0.9961010217666626,0.00014939818356651813,0.9963296694186283,0.003670391533887596
ISIC_0033189,nv,0.9475595541298389,0.052440445870161057,7.703032315475866e-05,0.0009236733894795179,0.0023904028348624706,0.00022392944083549082,0.033592671155929565,0.9627000093460083,9.219822095474228e-05,0.965406539842661,0.03459337486856384
ISIC_0033208,nv,0.9692172463983297,0.030782753601670265,0.0032732468098402023,0.002463088370859623,0.01190978940576315,0.004004030488431454,0.02207135036587715,0.954645037651062,0.0016334214014932513,0.9721922789467499,0.027807685546576977
ISIC_0033211,nv,0.5605650246143341,0.4394349753856659,0.0008398594218306243,0.00012054213584633544,0.8357120156288147,0.00018524695769883692,0.00425801333039999,0.158858060836792,2.630471863085404e-05,0.9947816281419364,0.00521841488807695
ISIC_0033213,nv,0.6775164902210236,0.32248350977897644,0.0015000023413449526,0.00043157750042155385,0.024267923086881638,0.02120642364025116,0.13868767023086548,0.8126323819160461,0.001274022739380598,0.8593807513825595,0.14061925007263198
ISIC_0033222,nv,0.4458986520767212,0.5541013479232788,5.138753476785496e-05,0.00012666149996221066,9.50411194935441e-05,1.8942353563033976e-05,0.9805675148963928,0.019091900438070297,4.8462970880791545e-05,0.019254346882007667,0.9807455639311229
ISIC_0033223,nv,0.8238583207130432,0.1761416792869568,0.006533161737024784,0.026458268985152245,0.11362990736961365,0.003242266597226262,0.10156363248825073,0.747722864151001,0.0008498470415361226,0.865444885159377,0.13455506321042776
ISIC_0033225,nv,0.9034574553370476,0.09654254466295242,5.317448085406795e-05,0.002753246808424592,0.0006218249909579754,6.634138117078692e-05,0.5584177374839783,0.43787825107574463,0.00020949683676008135,0.4387759142846335,0.5612241587732569
ISIC_0033227,nv,0.9184315353631973,0.08156846463680267,1.283469555346528e-05,7.886499224696308e-05,0.00039941738941706717,5.562408114201389e-05,0.0015413642395287752,0.9978153705596924,9.648237028159201e-05,0.9983668944005331,0.0016330639273292036
ISIC_0033253,nv,0.8196343183517456,0.1803656816482544,0.0015268520219251513,0.0006177661707624793,0.003027966944500804,0.007089092396199703,0.18350429832935333,0.8038911819458008,0.0003428095660638064,0.8143510508525651,0.18564891652204096
ISIC_0033285,nv,0.8379419296979904,0.16205807030200958,0.00017434927576687187,0.00016367978241760284,0.0002966910833492875,0.000988564919680357,0.5606798529624939,0.4373895525932312,0.0003073213738389313,0.4389821299700998,0.5610178820206784
ISIC_0033289,nv,0.6457121968269348,0.3542878031730652,1.364466061204439e-05,2.929502988990862e-05,0.13610345125198364,8.260770846391097e-05,0.35166245698928833,0.5120583176612854,5.026275175623596e-05,0.6482946393734892,0.3517053966797903
ISIC_0033297,nv,0.9389762282371521,0.0610237717628479,2.587100061646197e-05,0.024489769712090492,0.12730014324188232,0.0002254851278848946,0.052543770521879196,0.794707179069519,0.0007078487542457879,0.922940656193532,0.07705941123458615
ISIC_0033303,nv,0.7858226001262665,0.21417739987373352,4.5572891394840553e-05,0.0004984669503755867,0.02295483648777008,0.00047070879372768104,0.0008920552209019661,0.9746753573417664,0.0004630455805454403,0.9985639482038096,0.0014360950626723934
ISIC_0033309,nv,0.6767687499523163,0.3232312500476837,0.0038932887837290764,0.7523646950721741,0.006437820382416248,0.004228065721690655,0.08774815499782562,0.14452826976776123,0.000799820467364043,0.15599397633923218,0.8440061388537288
ISIC_0033311,nv,0.5122744143009186,0.4877255856990814,0.001074742991477251,0.2587428390979767,0.43846356868743896,0.019600875675678253,0.1739039421081543,0.10618899762630463,0.0020250065717846155,0.5662784485612065,0.43372152419760823
ISIC_0033315,nv,0.8008055239915848,0.19919447600841522,0.00010499986819922924,0.0001608050224604085,0.003936624154448509,0.00035876259789802134,0.023317426443099976,0.9720214009284973,9.994068386731669e-05,0.9764167283647112,0.023583231333759613
ISIC_0033326,nv,0.7397072911262512,0.2602927088737488,0.00040186301339417696,4.8223559133475646e-05,0.003527043154463172,0.0007046129321679473,0.05857345461845398,0.9366042613983154,0.00014045753050595522,0.9409763750154525,0.05902354119098163
ISIC_0033327,nv,0.43325895071029663,0.5667410492897034,8.286249067168683e-05,1.4242661563912407e-05,6.989515532040969e-05,4.9904821935342625e-05,0.4594787061214447,0.5401903986930847,0.00011402548261685297,0.5404242241529573,0.4595758112736803
ISIC_0033329,nv,0.9630087725818157,0.03699122741818428,0.000445689627667889,0.0010406316723674536,0.039877746254205704,0.004537219647318125,0.003153164405375719,0.9501233696937561,0.000822105910629034,0.995360441505909,0.004639485705411062
ISIC_0033330,nv,0.963699895888567,0.03630010411143303,0.0010769689688459039,0.0031298603862524033,0.028427233919501305,0.0102833341807127,0.015556459315121174,0.9209604859352112,0.02056574635207653,0.9802368003875017,0.01976328867021948
ISIC_0033339,nv,0.9409282505512238,0.059071749448776245,0.0015265773981809616,0.0004203050921205431,0.0007481207139790058,0.0005794939352199435,0.021120242774486542,0.7632724046707153,0.21233287453651428,0.9769328938564286,0.023067125264788046
ISIC_0033343,nv,0.8830169588327408,0.11698304116725922,0.0021353464107960463,0.05878745764493942,0.0037510308902710676,0.0017680020537227392,0.012815500609576702,0.9199663996696472,0.0007762341410852969,0.9262616667547263,0.07373830466531217
ISIC_0033347,nv,0.8788550943136215,0.12114490568637848,0.0007794895209372044,0.0009162109345197678,0.0021382581908255816,0.0016770758666098118,0.05003303289413452,0.9436445832252502,0.0008112593204714358,0.9482711766031571,0.051728733349591494
ISIC_0033348,nv,0.944735761731863,0.05526423826813698,0.00035156478406861424,2.9987575544510037e-05,0.00020860732183791697,0.0002770834253169596,0.004120188765227795,0.9949855804443359,2.695793409657199e-05,0.9954982291255874,0.004501741124840919
ISIC_0033350,nv,0.8552575707435608,0.1447424292564392,4.080840153619647e-05,1.3918086551711895e-05,0.001957339234650135,4.60522533103358e-05,0.06385380029678345,0.9339489340782166,0.0001390918914694339,0.9360914174576465,0.06390852678487136
ISIC_0033351,nv,0.9436632618308067,0.05633673816919327,0.0003667106793727726,0.006931534968316555,0.028726160526275635,0.006315057631582022,0.5934150815010071,0.3638943135738373,0.00035121929249726236,0.3992867510241922,0.6007133271486964
ISIC_0033356,nv,0.8265286982059479,0.17347130179405212,5.8501838793745264e-05,0.0001304842735407874,0.0017602437874302268,0.0014464742271229625,0.008284674026072025,0.9882524609565735,6.716889038216323e-05,0.9915263478615088,0.008473660138406558
ISIC_0033359,nv,0.5694591104984283,0.43054088950157166,0.00024380431568715721,0.019803298637270927,0.007489634677767754,0.0004245790478307754,0.29242607951164246,0.6787523627281189,0.0008603463647887111,0.6875269228185061,0.31247318246460054
ISIC_0033375,nv,0.919947549700737,0.080052450299263,2.3498074369854294e-05,4.948494097334333e-05,9.429126657778397e-05,7.629329775227234e-05,0.0010239632101729512,0.9986610412597656,7.139149965951219e-05,0.9989030173237552,0.0010969462255161488
ISIC_0033385,nv,0.6674857437610626,0.3325142562389374,0.0010701032588258386,0.0027694785967469215,0.041719965636730194,5.125216193846427e-05,0.25786128640174866,0.6952893733978271,0.0012384633300825953,0.7382990545265784,0.2617008682573214
ISIC_0033389,nv,0.6800939738750458,0.3199060261249542,0.001761567429639399,0.038012824952602386,0.008369267918169498,0.0038451978471130133,0.48647230863571167,0.28179559111595154,0.1797432005405426,0.47375325742177665,0.5262467010179535
ISIC_0033396,nv,0.6582857966423035,0.34171420335769653,0.0006489117513410747,3.1620442314306274e-05,0.0009957501897588372,2.962705366371665e-05,0.05121666565537453,0.9469823241233826,9.520185994915664e-05,0.9481029032267543,0.05189719784902991
ISIC_0033408,nv,0.918996199965477,0.08100380003452301,0.0009255597833544016,0.0001838033349486068,0.003263360820710659,0.0022573284804821014,0.057553354650735855,0.9318539500236511,0.003962534014135599,0.9413371733389795,0.058662717769038863
ISIC_0033419,nv,0.7791376113891602,0.22086238861083984,8.550132042728364e-05,0.0035371342673897743,0.0006332449847832322,0.006375250406563282,0.009363110177218914,0.9798728227615356,0.00013293289521243423,0.9870142510480946,0.012985745765035972
ISIC_0033447,nv,0.7687921822071075,0.23120781779289246,0.0016123123932629824,0.004240680951625109,0.006065464112907648,0.02357657253742218,0.7515779733657837,0.2113686203956604,0.0015583952190354466,0.24256905226502568,0.7574309667106718
ISIC_0033462,nv,0.9836428109556437,0.016357189044356346,2.4960871087387204e-05,2.1800826289108954e-05,9.615490125725046e-05,2.3184649762697518e-05,0.0008467895677313209,0.9989436268806458,4.3524065404199064e-05,0.9991064904970699,0.000893551265107817
ISIC_0033464,nv,0.9560715854167938,0.04392841458320618,3.475832272670232e-05,4.8479534598300233e-05,0.0005499866674654186,0.00013560151273850352,0.0025590695440769196,0.9966394901275635,3.2645668397890404e-05,0.9973577239761653,0.002642307401401922
ISIC_0033475,nv,0.8382619470357895,0.1617380529642105,9.816543024498969e-05,3.8488764403155074e-05,0.002840496366843581,5.9185778809478506e-05,0.043268997222185135,0.9536805152893066,1.4017758985573892e-05,0.9565942151939453,0.04340565141683328
ISIC_0033514,nv,0.8366525322198868,0.16334746778011322,0.0001737734128255397,0.0003550102701410651,0.026736965402960777,0.0007006649393588305,0.01640307530760765,0.955345094203949,0.00028554099844768643,0.9830682655447163,0.016931858990574256
ISIC_0033521,nv,0.787922203540802,0.212077796459198,0.00010084959649248049,0.0002791874867398292,0.0009345886646769941,0.00013802685134578496,0.05306357145309448,0.9449085593223572,0.0005752558936364949,0.9465564307320165,0.05344360853632679
ISIC_0033540,nv,0.5281719267368317,0.47182807326316833,0.0076427096500992775,0.0026491587050259113,0.04613013193011284,0.14652475714683533,0.4439879059791565,0.34307804703712463,0.00998735148459673,0.5457202875986695,0.4542797743342817
ISIC_0033547,nv,0.8537805676460266,0.1462194323539734,0.0036990789230912924,0.002789872232824564,0.0007967845886014402,0.005681252107024193,0.4115891754627228,0.5477157831192017,0.027728043496608734,0.581921863311436,0.41807812661863863
ISIC_0033555,nv,0.558644026517868,0.44135597348213196,0.0029259847942739725,0.0002350338181713596,0.0011516923550516367,0.000272067409241572,0.22308434545993805,0.7718058228492737,0.0005250161048024893,0.7737545987183694,0.22624536407238338
ISIC_0033558,nv,0.8512160629034042,0.14878393709659576,2.4724813556531444e-05,0.0004184516437817365,0.013560988008975983,0.00012266052362974733,0.001473365118727088,0.9840534329414368,0.0003462908498477191,0.9980833723238902,0.001916541576065356
ISIC_0033567,nv,0.7948483228683472,0.20515167713165283,0.000560976448468864,0.016014542430639267,0.0025554706808179617,0.005791070871055126,0.03325309231877327,0.9413328766822815,0.000491939194034785,0.9501713574281894,0.0498286111978814
ISIC_0033584,nv,0.8666412085294724,0.13335879147052765,0.0036085466854274273,0.18345552682876587,0.45590126514434814,0.01589156500995159,0.06381607800722122,0.1214793398976326,0.1558477133512497,0.749119883403182,0.2508801515214145
ISIC_0033588,nv,0.8793414831161499,0.1206585168838501,0.00024786166613921523,0.0002972644870169461,0.0032272967509925365,0.0012200821656733751,0.06584962457418442,0.9288930892944336,0.0002647015207912773,0.9336051697318908,0.06639475072734058
ISIC_0033590,nv,0.8830100819468498,0.11698991805315018,0.004499605391174555,0.02409355901181698,0.1568700522184372,0.005771492142230272,0.11729157716035843,0.6752779483795166,0.01619573123753071,0.8541152239777148,0.14588474156334996
ISIC_0033598,nv,0.923542745411396,0.07645725458860397,7.551599992439151e-05,0.0029342409688979387,0.000269249634584412,0.00011006242857547477,0.3485032320022583,0.6458449959754944,0.002262677298858762,0.648486985337513,0.35151298897108063
ISIC_0033610,nv,0.3188825249671936,0.6811174750328064,0.04758499190211296,0.10319512337446213,0.038785163313150406,0.00530244130641222,0.29068273305892944,0.5124834775924683,0.0019660652615129948,0.5585371474735439,0.44146284833550453
ISIC_0033628,nv,0.7824280261993408,0.21757197380065918,0.00048594834515824914,0.0006266720592975616,0.0013300663558766246,0.0012653220910578966,0.07895936071872711,0.9164548516273499,0.0008777939947322011,0.9199280340690166,0.08007198112318292
ISIC_0033650,nv,0.7476534247398376,0.25234657526016235,0.0004963310202583671,0.0006174944574013352,0.0054054055362939835,0.0004097347264178097,0.2993820905685425,0.6918094158172607,0.0018795530777424574,0.699504109157715,0.3004959160462022
ISIC_0033661,nv,0.9465256780385971,0.05347432196140289,0.0012948117218911648,0.06811056286096573,0.03315488249063492,0.008603432215750217,0.007995606400072575,0.8728805184364319,0.007960250601172447,0.9225990837439895,0.07740098098292947
ISIC_0033664,nv,0.7134377062320709,0.2865622937679291,0.00012266069825273007,0.00010607442527543753,7.306488987524062e-05,0.00035536265932023525,0.22303390502929688,0.7762667536735535,4.2241528717568144e-05,0.7767374227514665,0.22326264015282504
ISIC_0033669,nv,0.8036017715930939,0.19639822840690613,7.76875367591856e-06,0.0002312857541255653,0.0009335805661976337,0.00017573358491063118,0.002632308751344681,0.9959979057312012,2.1415467926999554e-05,0.9971286353502364,0.0028713632591461646
ISIC_0033671,nv,0.7925770431756973,0.20742295682430267,0.041236698627471924,0.008579962886869907,0.03984718397259712,0.02214994840323925,0.030587119981646538,0.8490239381790161,0.008575123734772205,0.9195961942896247,0.08040378149598837
ISIC_0033672,nv,0.8887037634849548,0.11129623651504517,4.128620639676228e-05,2.3168500774772838e-05,0.003827760461717844,0.00020911710453219712,0.02732199989259243,0.968532919883728,4.3752101191785187e-05,0.9726135495511699,0.027386454599763965
ISIC_0033711,nv,0.9662673510611057,0.03373264893889427,0.00044658302795141935,7.108641875674948e-05,0.0017368944827467203,0.001148106879554689,0.07157759368419647,0.924159824848175,0.0008599829161539674,0.9279048091266304,0.07209526313090464
ISIC_0033712,nv,0.8990427553653717,0.1009572446346283,0.0004889075644314289,0.02140582911670208,0.3472837507724762,0.009519178420305252,0.44626384973526,0.17355798184871674,0.0014805127866566181,0.5318414238281548,0.4681585864163935
ISIC_0033719,nv,0.962515078485012,0.037484921514987946,9.092025720747188e-05,0.0021388002205640078,0.0014170609647408128,0.0002566330076660961,0.0007545594125986099,0.9952893257141113,5.275420335237868e-05,0.9970157738898706,0.0029842798903700896
ISIC_0033726,nv,0.832235112786293,0.16776488721370697,0.000272601202595979,0.00013528214185498655,0.000981019577011466,0.00017675462004262954,0.062060318887233734,0.9361494779586792,0.00022458833700511605,0.9375318404927384,0.0624682022316847
ISIC_0033727,nv,0.8998368382453918,0.10016316175460815,0.009586485102772713,0.28879314661026,0.015219057910144329,0.009634505957365036,0.015196220017969608,0.5880756974220276,0.07349497079849243,0.6864242320880294,0.31357585173100233
ISIC_0033735,nv,0.6017839312553406,0.3982160687446594,0.0009735246421769261,0.00035862173535861075,0.016367243602871895,0.001545475679449737,0.6345161199569702,0.34571346640586853,0.0005255265859887004,0.36415171227417886,0.6358482663345058
ISIC_0033737,nv,0.9026597142219543,0.09734028577804565,0.0029767605010420084,0.00019063997024204582,0.017876259982585907,0.00040753677603788674,0.4618317484855652,0.5154630541801453,0.0012540327152237296,0.5350008836539928,0.46499914895684924
ISIC_0033777,nv,0.7579003274440765,0.24209967255592346,0.00017365379608236253,8.994128438644111e-05,0.003136975457891822,0.0006035545375198126,0.011422605253756046,0.9841821789741516,0.0003910945379175246,0.9883138035074808,0.01168620033422485
ISIC_0033787,nv,0.6528977155685425,0.3471022844314575,0.0016453942516818643,0.15483850240707397,0.1757509559392929,0.0019864430651068687,0.383882075548172,0.2286132425069809,0.053283464163541794,0.45963410567492247,0.5403659722069278
ISIC_0033788,nv,0.8266313970088959,0.17336860299110413,0.0539061464369297,0.008770277723670006,0.029658513143658638,0.005456265993416309,0.0950024202466011,0.772344708442688,0.03486165776848793,0.8423211453482509,0.1576788444072008
ISIC_0033789,nv,0.8515679389238358,0.14843206107616425,0.00011456044012447819,0.000901319261174649,0.006430868059396744,0.004913074430078268,0.022931620478630066,0.9646276235580444,8.093903306871653e-05,0.9760525050805882,0.023947500179929193
ISIC_0033795,nv,0.5423279702663422,0.45767202973365784,0.0005421040114015341,0.0005050401668995619,0.031106941401958466,0.0008387656416743994,0.5939616560935974,0.3720637261867523,0.000981703051365912,0.4049911362817511,0.5950088002718985
ISIC_0033825,nv,0.5322423279285431,0.4677576720714569,0.0006535440916195512,0.016660302877426147,0.8779464364051819,0.00019268061441835016,0.05937156081199646,0.04516296833753586,1.2513878573372494e-05,0.9233145992357095,0.07668540778104216
ISIC_0033838,nv,0.9525938555598259,0.0474061444401741,0.0014299447648227215,0.0027353272307664156,0.0013196365907788277,0.0013388949446380138,0.20545965433120728,0.7865379452705383,0.0011785136302933097,0.7903749904362485,0.2096249263267964
ISIC_0033840,nv,0.9389882870018482,0.06101171299815178,0.0008502198616042733,0.0028056681621819735,0.018308641389012337,0.0007165538845583797,0.15949223935604095,0.81740802526474,0.00041865394450724125,0.836851874482818,0.1631481273798272
ISIC_0033846,nv,0.8380738496780396,0.16192615032196045,0.00016817763389553875,0.0006716521456837654,0.0037363774608820677,0.0007464613881893456,0.0009852974908426404,0.9935235977172852,0.00016838240844663233,0.9981748189748032,0.0018251272704219446
ISIC_0033851,nv,0.8815862908959389,0.11841370910406113,1.4408290553546976e-05,6.359202870953595e-06,0.0001397291198372841,1.6104495443869382e-05,0.011717176996171474,0.9881000518798828,6.0677507462969515e-06,0.9882619532459103,0.011737944489595975
ISIC_0033858,nv,0.6850111782550812,0.3149888217449188,8.466564759146422e-05,5.182909262657631e-06,6.392409704858437e-05,0.00016374234110116959,0.019603809341788292,0.980073869228363,4.966239430359565e-06,0.9803065019059432,0.019693657898642414
ISIC_0033859,nv,0.476889967918396,0.523110032081604,1.1572356925171334e-05,5.0835478759836406e-06,0.9331267476081848,1.5411520507768728e-05,0.0009104626369662583,0.06583035737276077,0.00010034462320618331,0.9990728611246595,0.0009271185417674133
ISIC_0033864,nv,0.9840884488075972,0.01591155119240284,0.0005355384200811386,0.00027346733259037137,0.0008491512853652239,0.0007408669334836304,0.002004432026296854,0.994902491569519,0.0006939764716662467,0.9971864862600341,0.002813437778968364
ISIC_0033873,nv,0.8561829030513763,0.14381709694862366,0.001152601558715105,0.04020145535469055,0.000394830567529425,0.007261930964887142,0.121210478246212,0.7988734841346741,0.030905216932296753,0.8374354625993874,0.16256453515961766
ISIC_0033875,nv,0.9335392192006111,0.06646078079938889,6.306783325271681e-05,9.767001029103994e-05,0.00035883282544091344,8.158643322531134e-05,0.018487844616174698,0.9808484315872192,6.262253009481356e-05,0.9813514733759803,0.018648582459718455
ISIC_0033879,nv,0.6670763194561005,0.33292368054389954,3.0050912755541503e-05,8.427298780588899e-06,0.0007850935216993093,0.0002160127623938024,0.002083774423226714,0.9967305660247803,0.0001461007777834311,0.9978777730866568,0.0021222526347628445
ISIC_0033888,nv,0.5971617698669434,0.40283823013305664,0.0005119415000081062,1.5045130567159504e-05,0.001505626947619021,6.682846287731081e-05,0.14529022574424744,0.8525664806365967,4.379270103527233e-05,0.8541827287481283,0.1458172123748227
ISIC_0033892,nv,0.9757388420403004,0.02426115795969963,1.2877684639533982e-05,0.0001110659068217501,0.00047277144039981067,8.730787158128805e-06,0.0010601500980556011,0.9982810020446777,5.3464758821064606e-05,0.9988159690310567,0.0011840936895168852
ISIC_0033916,nv,0.9019994661211967,0.09800053387880325,0.001140428357757628,0.008988558314740658,0.0330563560128212,0.03229917213320732,0.09547246247529984,0.8216317296028137,0.007411264814436436,0.8943985225632787,0.10560144914779812
ISIC_0033918,nv,0.9498797580599785,0.050120241940021515,0.0019881108310073614,0.08773703873157501,0.03169383853673935,0.0016838362207636237,0.06691683083772659,0.7591038942337036,0.05087648332118988,0.8433580523123965,0.15664198040030897
ISIC_0033919,nv,0.9177317395806313,0.08226826041936874,5.749526098952629e-05,5.192539902054705e-05,0.00041316304123029113,0.00015150944818742573,0.0004981010570190847,0.9987288117408752,9.893125388771296e-05,0.9993924154841807,0.000607521717029158
ISIC_0033934,nv,0.821156457066536,0.17884354293346405,0.0864829421043396,0.0077771153301000595,0.4727872908115387,0.02505732700228691,0.06614115089178085,0.3365135192871094,0.005240619648247957,0.8395987567491829,0.1604012083262205
ISIC_0033940,nv,0.5925161242485046,0.40748387575149536,9.601094461686444e-06,5.709871766157448e-05,0.00020611649961210787,2.8049291358911432e-05,0.0073143295012414455,0.9923543930053711,3.040514638996683e-05,0.9926189639427321,0.0073810293133647065
ISIC_0033943,nv,0.8445899337530136,0.1554100662469864,0.00503287510946393,0.0019177880603820086,0.013231571763753891,0.006276438944041729,0.45337384939193726,0.5195072889328003,0.0006601809291169047,0.5396754805697128,0.4603245125617832
ISIC_0033948,nv,0.9946253849193454,0.005374615080654621,3.174624725943431e-05,3.971910246036714e-06,3.13568307319656e-05,1.0915136954281479e-05,0.00045651645632460713,0.9994590878486633,6.427364951377967e-06,0.999507787181301,0.0004922346138300782
ISIC_0033959,nv,0.35117703676223755,0.6488229632377625,0.0007268162444233894,0.014870693907141685,0.001124743139371276,0.001946966047398746,0.9680251479148865,0.013207933865487576,9.769877942744642e-05,0.016377341831685044,0.9836226580664515
ISIC_0033971,nv,0.9603155143558979,0.0396844856441021,0.0003911688691005111,0.0005546578904613853,0.00016195813077501953,0.0009806409943848848,0.3119012713432312,0.6857163906097412,0.00029390802956186235,0.687152897764463,0.3128470981027931
ISIC_0033988,nv,0.7459961175918579,0.2540038824081421,0.0001225657033501193,0.0002966966130770743,0.06417187303304672,0.00023961957776919007,0.004343058913946152,0.9307428002357483,8.331992285093293e-05,0.9952376127694151,0.004762321230373345
ISIC_0033992,nv,0.8538256734609604,0.1461743265390396,1.6681647139193956e-06,1.0903038855758496e-05,0.0007483023218810558,7.948178790684324e-07,0.0023745358921587467,0.9968585968017578,5.158194653631654e-06,0.9976128521361716,0.0023871070957284246
ISIC_0034008,nv,0.9227696508169174,0.07723034918308258,0.00010156468488276005,0.0006582569913007319,0.0016593923792243004,0.00015082696336321533,0.0016693262150511146,0.9953674077987671,0.0003932041290681809,0.9975708312704228,0.0024291478912346065
ISIC_0034010,nv,0.9217652529478073,0.07823474705219269,0.0008571352227590978,0.01381686795502901,0.00032770668622106314,0.0006018111598677933,0.0026155400555580854,0.9817634224891663,1.753969263518229e-05,0.9827104800278903,0.017289543233346194
ISIC_0034013,nv,0.8947966396808624,0.10520336031913757,9.850363130681217e-05,3.127692252746783e-05,0.0002220654278062284,0.0002657095901668072,0.0034541247878223658,0.9959123730659485,1.596305264683906e-05,0.9964161111365684,0.0035839053416566458
ISIC_0034017,nv,0.9252459332346916,0.07475406676530838,0.4169338345527649,0.49248918890953064,0.0778326764702797,0.000395716488128528,0.0005657951114699244,0.008558937348425388,0.0032238862477242947,0.0900112165545579,0.9099888185737655
ISIC_0034018,nv,0.9088168367743492,0.09118316322565079,0.00669909967109561,0.00246562622487545,0.01220078207552433,0.009071228094398975,0.11723592132329941,0.8513198494911194,0.0010074431775137782,0.8735993028385565,0.12640064721927047
ISIC_0034027,nv,0.5342114865779877,0.46578851342201233,0.00011986951722064987,0.00020719713938888162,0.020320244133472443,4.626505688065663e-05,0.9639496803283691,0.015338243916630745,1.861160490079783e-05,0.03572336471188464,0.9642767469849787
ISIC_0034029,nv,0.7226919233798981,0.27730807662010193,1.033008720696671e-05,5.3374420531326905e-05,7.439088221872225e-05,4.154260386712849e-05,0.0030583753250539303,0.9967435002326965,1.8473732779966667e-05,0.9968779074515624,0.003122079832792224
ISIC_0034030,nv,0.8483061790466309,0.15169382095336914,0.0002869920281227678,0.00037251730100251734,0.005435459781438112,0.00035362382186576724,0.3926204442977905,0.6006101369857788,0.0003207378613296896,0.6067199584504124,0.3932799536269158
ISIC_0034038,nv,0.9411168321967125,0.058883167803287506,0.00025674901553429663,0.019818779081106186,0.0801512822508812,0.0020048622973263264,0.2204141765832901,0.6768520474433899,0.0005021467804908752,0.7595103387720883,0.24048970467993058
ISIC_0034072,nv,0.6882805228233337,0.31171947717666626,0.0004143481492064893,0.0006191591382957995,0.995835542678833,0.00025204670964740217,0.0005275568109937012,0.0019144380930811167,0.0004370222450233996,0.9984390497265849,0.00156106409849599
ISIC_0034077,nv,0.9627066738903522,0.03729332610964775,0.00010432837734697387,6.95541748427786e-05,0.031762782484292984,9.951010724762455e-05,0.1121697798371315,0.8556689023971558,0.00012517864524852484,0.8876563736339449,0.11234366238932125
ISIC_0034080,nv,0.9225801229476929,0.07741987705230713,0.0008812157902866602,0.00017283580382354558,5.4917119996389374e-05,5.9963651438010857e-05,0.06558118760585785,0.9332011938095093,4.863229696638882e-05,0.9333647068779101,0.06663523919996805
ISIC_0034086,nv,0.7070797681808472,0.29292023181915283,0.00016730510105844587,8.828012505546212e-05,0.0004677175893448293,5.6127315474441275e-05,0.9422650337219238,0.05694468691945076,1.0911108802247327e-05,0.05747944293307228,0.9425206189480377
ISIC_0034090,nv,0.792103037238121,0.20789696276187897,0.002054518088698387,0.08194083720445633,0.0008915457874536514,0.025529902428388596,0.006395335774868727,0.8790603280067444,0.004127511288970709,0.9096092875115573,0.09039069106802344
ISIC_0034098,nv,0.6019389033317566,0.3980610966682434,0.0009071202948689461,0.044823355972766876,0.04145238175988197,0.0006835227832198143,0.3888816833496094,0.5232428312301636,9.099595445150044e-06,0.5653878353687105,0.4346121596172452
ISIC_0034105,nv,0.9485107809305191,0.051489219069480896,0.0001245645253220573,0.000564604124519974,0.0008503056014887989,0.0014604913303628564,0.013080975040793419,0.9830513000488281,0.0008677208097651601,0.9862298177904449,0.01377014369063545
ISIC_0034128,nv,0.8916656970977783,0.10833430290222168,0.0002206227509304881,0.00022239499958232045,0.0003539115423336625,0.00042843830306082964,0.4213007390499115,0.577363908290863,0.00010999438381986693,0.5782562525200774,0.4217437568004243
ISIC_0034130,nv,0.9720745254307985,0.02792547456920147,7.036426723061595e-06,0.00010708614718168974,0.0010467421961948276,3.765298970392905e-05,0.001717437175102532,0.9961995482444763,0.0008844762342050672,0.9981684196645801,0.0018315597490072832
ISIC_0034146,nv,0.8414736539125443,0.15852634608745575,0.0005704231443814933,0.16266146302223206,0.004759991075843573,0.0040354677475988865,0.20885930955410004,0.6189497113227844,0.00016365604824386537,0.6279088261944707,0.3720911957207136
ISIC_0034152,nv,0.7882065027952194,0.21179349720478058,0.0013178157387301326,0.5132759213447571,0.001364284660667181,0.004494865424931049,0.10174819082021713,0.3551770746707916,0.022621840238571167,0.383658064994961,0.6163419279037043
ISIC_0034153,nv,0.7184324562549591,0.2815675437450409,0.00965262483805418,0.054639216512441635,0.8082994818687439,0.0003154221922159195,0.01780856028199196,0.10821188241243362,0.001072780811227858,0.9178995672846213,0.08210040163248777
ISIC_0034157,nv,0.9458731263875961,0.05412687361240387,0.003210522700101137,0.0005618676659651101,0.017585787922143936,0.0017730536637827754,0.12203730642795563,0.8526061177253723,0.0022253652568906546,0.8741903245681897,0.12580969679402187
ISIC_0034177,nv,0.8537258207798004,0.14627417922019958,0.0014203139580786228,0.00010818939335877076,0.059218425303697586,0.006039832253009081,0.028102636337280273,0.9037537574768066,0.0013569078873842955,0.9703689229208976,0.029631139688717667
ISIC_0034179,nv,0.718940407037735,0.281059592962265,0.00045295796007849276,0.0009367140009999275,0.00066977902315557,0.0007105785771273077,0.009810131974518299,0.979662299156189,0.007757463492453098,0.9888001202489249,0.01119980393559672
ISIC_0034207,nv,0.9385515861213207,0.061448413878679276,0.0005972895887680352,0.0008817018242552876,0.00887285452336073,0.0014346608659252524,0.03324486315250397,0.951362133026123,0.0036065306048840284,0.9652761790202931,0.03472385456552729
ISIC_0034212,nv,0.8695223927497864,0.13047760725021362,0.0009724507690407336,0.00013237448001746088,0.00647500017657876,0.0008358951890841126,0.5038625597953796,0.48683232069015503,0.0008893557242117822,0.4950325717800297,0.5049673850444378
ISIC_0034215,nv,0.9171402528882027,0.08285974711179733,7.92668797657825e-05,9.667218546383083e-05,0.00014969012408982962,5.8906753110932186e-05,0.13036036491394043,0.8690882325172424,0.00016686340677551925,0.8694636928012187,0.13053630397917004
ISIC_0034217,nv,0.9080820307135582,0.0919179692864418,0.0009227063274011016,0.0013376764254644513,0.007919857278466225,0.0007028620457276702,0.028130443766713142,0.956503689289093,0.004482753574848175,0.9696091621881351,0.030390826519578695
ISIC_0034220,nv,0.9114494919776917,0.08855050802230835,0.0002973889058921486,0.00011002980318153277,0.0020692816469818354,0.00027905040769837797,0.07258941978216171,0.9245976209640503,5.725603477912955e-05,0.9270032090535096,0.0729968384912354
ISIC_0034226,nv,0.8303688019514084,0.1696311980485916,0.001864627585746348,0.2462901622056961,0.02231472358107567,0.016508981585502625,0.22627128660678864,0.4816797971725464,0.0050704204477369785,0.5255739227868617,0.4744260763982311
ISIC_0034228,nv,0.842589408159256,0.15741059184074402,0.00013786063937004656,7.747115887468681e-05,0.0015051985392346978,5.621593300020322e-05,0.007620795164257288,0.9905793070793152,2.313716322532855e-05,0.9921638587147754,0.007836126962502021
ISIC_0034229,nv,0.9556442461907864,0.04435575380921364,0.0014305980876088142,0.0004924340755678713,0.05220436304807663,0.000758672715164721,0.025194866582751274,0.9197472333908081,0.00017185433534905314,0.9728821234893985,0.02711789874592796
ISIC_0034230,nv,0.7981907427310944,0.20180925726890564,0.0004331681993789971,0.0006141256308183074,0.001843070494942367,0.0007046772516332567,0.727808952331543,0.2682923674583435,0.000303600070765242,0.27114371527568437,0.7288562461617403
ISIC_0034231,nv,0.706931859254837,0.29306814074516296,0.00010428680980112404,7.210570038296282e-05,0.4607258439064026,0.0008501318516209722,0.09321602433919907,0.4449651539325714,6.642193329753354e-05,0.9066075516238925,0.09339241684938315
ISIC_0034240,nv,0.7139381766319275,0.2860618233680725,0.0008499774849042296,5.74852128920611e-05,0.0014991568168625236,0.0008471297333016992,0.00670642452314496,0.9889605641365051,0.0010790994856506586,0.99238595017232,0.007613887220941251
ISIC_0034247,nv,0.8508190214633942,0.14918097853660583,1.026577410812024e-05,0.00015283148968592286,0.0006130061810836196,0.00011686066864058375,0.13148708641529083,0.8674267530441284,0.00019327393965795636,0.8683498938335106,0.13165018367908488
ISIC_0034250,nv,0.8293397724628448,0.17066022753715515,0.0010932665318250656,0.00043640632065944374,0.016613546758890152,0.0022640840616077185,0.011288262903690338,0.9678216576576233,0.00048272020649164915,0.9871820086846128,0.012817935756174847
ISIC_0034251,nv,0.8280933201313019,0.17190667986869812,0.0011753604048863053,0.00531779695302248,0.0014640896115452051,0.0017103186110034585,0.028508199378848076,0.9563207030296326,0.005503673572093248,0.9649987848242745,0.03500135673675686
ISIC_0034258,nv,0.8783727437257767,0.12162725627422333,0.004838156513869762,0.012305594980716705,0.010739213787019253,0.0023809392005205154,0.08352063596248627,0.8858698606491089,0.00034565565874800086,0.8993356692953967,0.10066438745707273
ISIC_0034268,nv,0.6337653398513794,0.3662346601486206,0.0006248315330594778,0.0015378486132249236,0.018297217786312103,0.00010507693514227867,0.15987113118171692,0.8183572888374329,0.001206584507599473,0.8379661680664867,0.16203381132800132
ISIC_0034271,nv,0.9017095118761063,0.09829048812389374,0.0008294809958897531,0.014532571658492088,0.013275519013404846,0.0020466747228056192,0.01150963269174099,0.9424182176589966,0.015387834049761295,0.9731282454449683,0.02687168534612283
ISIC_0034281,nv,0.7549947202205658,0.2450052797794342,0.005120435729622841,0.06719603389501572,0.029304465278983116,0.007209760136902332,0.22784629464149475,0.6412523984909058,0.022070595994591713,0.6998372199013829,0.3001627642661333
ISIC_0034288,nv,0.9021426662802696,0.09785733371973038,0.0007454663864336908,0.0017646391643211246,0.005627515725791454,0.0031701752450317144,0.2511884868144989,0.7367839813232422,0.0007197819068096578,0.746301454200875,0.2536985923652537
ISIC_0025452,vasc,0.996806699084118,0.0031933009158819914,1.0553006859481684e-06,1.0438425306347199e-05,1.18717207442387e-06,0.00011533647193573415,9.805778972804546e-06,0.0005699662142433226,0.999292254447937,0.9999787443061905,2.1299504965099914e-05
ISIC_0025599,vasc,0.9757032301276922,0.024296769872307777,1.2432101357262582e-05,0.008347860537469387,1.0458735459906165e-06,0.0001344571210211143,0.0002797480265144259,0.0020804214291274548,0.9891440272331238,0.9913599516568183,0.008640040665341076
ISIC_0025606,vasc,0.9619979821145535,0.03800201788544655,0.000456641340861097,0.004926297347992659,0.005797950550913811,0.005015886854380369,0.0011836194898933172,0.5648087859153748,0.4178108274936676,0.9934334508143365,0.006566558178747073
ISIC_0025707,vasc,0.9561470337212086,0.04385296627879143,0.012884651310741901,0.015650330111384392,0.01596931926906109,0.1346110850572586,0.013979329727590084,0.31517526507377625,0.4917300045490265,0.9574856739491224,0.04251431114971638
ISIC_0025873,vasc,0.8828151971101761,0.11718480288982391,3.295786310530957e-09,8.110294402285945e-06,1.30713189605558e-07,2.149836220155521e-08,2.3201699150376953e-05,3.3850144973257557e-05,0.9999346733093262,0.9999686756658512,3.131528933897343e-05
ISIC_0026393,vasc,0.9686222933232784,0.03137770667672157,7.994587036819212e-08,1.4046286196389701e-06,3.470121328064124e-07,3.5277282677270705e-06,3.2426189022771723e-07,2.4044942620093934e-05,0.9999703168869019,0.9999982365699225,1.8088363802348795e-06
ISIC_0026456,vasc,0.2355039119720459,0.7644960880279541,4.5996595872566104e-05,0.024440282955765724,2.0455165667954134e-06,1.977401353769892e-08,9.499390785094874e-07,1.242863049810694e-06,0.9755093455314636,0.9755126536850938,0.0244872294907168
ISIC_0026693,vasc,0.9083700329065323,0.09162996709346771,1.078964487533085e-05,0.42525941133499146,4.1341354517498985e-06,4.127865395275876e-05,0.00020444828260224313,4.4113850890425965e-05,0.5744358897209167,0.5745254163612117,0.42547464926246903
ISIC_0026713,vasc,0.8986914679408073,0.10130853205919266,0.0002826274430844933,0.9298562407493591,0.00017748147365637124,0.0012713305186480284,0.000277649553027004,0.03104494884610176,0.03708973526954651,0.06958349610795267,0.9304165177454706
ISIC_0027159,vasc,0.22258436679840088,0.7774156332015991,1.994933518290054e-05,0.012220814824104309,0.0005661004688590765,0.00034256838262081146,0.0077001252211630344,0.900246262550354,0.07890421152114868,0.9800591429229826,0.019940889380450244
ISIC_0027385,vasc,0.949185136705637,0.05081486329436302,0.0010002810740843415,0.32268664240837097,0.008580358698964119,0.005477317608892918,0.08270563930273056,0.14363665878772736,0.4359130561351776,0.593607391230762,0.4063925627851859
ISIC_0027563,vasc,0.9841667022556067,0.01583329774439335,0.00015792866179253906,0.01370389387011528,0.00038340280298143625,0.010591251775622368,0.001389464014209807,0.28620532155036926,0.687568724155426,0.9847487002843991,0.015251286546117626
ISIC_0027790,vasc,0.6187627911567688,0.3812372088432312,6.954074706300162e-06,0.000692095491103828,0.0010626085568219423,6.359219696605578e-06,2.7915157261304557e-05,0.4205106496810913,0.5776934027671814,0.9992730202247913,0.0007269647230714327
ISIC_0028680,vasc,0.9832626599818468,0.01673734001815319,0.0007275374373421073,0.004823369439691305,0.0034246938303112984,0.008987398818135262,0.005453602410852909,0.0894697830080986,0.8871136903762817,0.9889955660328269,0.011004509287886322
ISIC_0029448,vasc,0.29610151052474976,0.7038984894752502,0.0008338314946740866,0.024996653199195862,0.011114505119621754,0.00033036392414942384,0.08179479092359543,0.7013565301895142,0.17957332730293274,0.8923747265362181,0.10762527561746538
ISIC_0029486,vasc,0.8869953379034996,0.1130046620965004,0.000588331778999418,0.7904455661773682,0.0012893727980554104,0.011700613424181938,0.0012708328431472182,0.17349325120449066,0.021212102845311165,0.20769534027203918,0.7923047307995148
ISIC_0029608,vasc,0.9632025137543678,0.03679748624563217,3.967259090131847e-07,3.2091593311633915e-05,2.6885118131758645e-07,1.379153786729148e-07,5.566525373978948e-07,0.00018054664542432874,0.9997860789299011,0.9999670323418854,3.3044971758044994e-05
ISIC_0029742,vasc,0.9840222056955099,0.01597779430449009,2.014501010449976e-09,8.742274815176643e-08,2.8105962002200613e-09,1.0481907963821868e-07,8.692443742575051e-08,1.9465880995994667e-06,0.9999977350234985,0.999999789241274,1.7636168658796691e-07
ISIC_0031093,vasc,0.6306918263435364,0.3693081736564636,8.857510692905635e-05,0.004257021006196737,0.00034705683356150985,0.0017762158531695604,0.0005837454809807241,0.006562332157045603,0.986384928226471,0.9950705330702476,0.004929341594106518
ISIC_0031103,vasc,0.9839303269982338,0.016069673001766205,9.925621213824343e-09,7.464416285074549e-07,1.4637283385354749e-08,1.2725809028779622e-07,1.4455024199833133e-07,1.2422791769495234e-05,0.9999865293502808,0.9999990940374239,9.009174917196106e-07
ISIC_0031201,vasc,0.9521737061440945,0.04782629385590553,1.581440013664892e-11,2.8357160886116617e-07,5.436657200819095e-12,3.702124995452749e-10,5.343183673289786e-10,1.1784537790049399e-08,0.9999997615814209,0.9999997737416079,2.841217416286318e-07
ISIC_0031996,vasc,0.9365720897912979,0.06342791020870209,2.6029241780634038e-05,0.12428826838731766,0.003620068309828639,5.780950596090406e-05,0.0015246451366692781,0.08395956456661224,0.7865235805511475,0.8741610229335492,0.12583894276576757
ISIC_0032240,vasc,0.899657279253006,0.10034272074699402,0.00020502562983892858,0.02408365160226822,0.00019032861746381968,0.010459818877279758,0.0007926140679046512,0.07950323075056076,0.8847652673721313,0.9749186456174357,0.0250812913000118
ISIC_0032745,vasc,0.2201066017150879,0.7798933982849121,0.00010301938164047897,0.003329658880829811,0.9667556285858154,7.24865822121501e-05,0.013419581577181816,0.014339080080389977,0.0019805326592177153,0.9831477279076353,0.016852259839652106
ISIC_0033458,vasc,0.5894854962825775,0.4105145037174225,0.0018186734523624182,0.0431123785674572,0.0035812316928058863,0.0027909085620194674,0.8560693264007568,0.07464223355054855,0.017985187470912933,0.09899956127628684,0.9010003784205765
ISIC_0033565,vasc,0.5801720321178436,0.41982796788215637,4.6638747335236985e-06,0.0008292289567179978,9.639594281907193e-06,5.001255885872524e-06,1.1309437468298711e-05,0.00041491907904855907,0.9987252354621887,0.9991547953914051,0.0008452022689198202
ISIC_0033817,vasc,0.7235659956932068,0.2764340043067932,0.00034130256972275674,0.024004440754652023,5.172858072910458e-05,0.0004446536477189511,0.0018205371452495456,0.007273046299815178,0.9660643339157104,0.9738337624439737,0.026166280469624326
ISIC_0034196,vasc,0.670720785856247,0.32927921414375305,0.0021756833884865046,0.007372401654720306,0.4329124987125397,4.197980524622835e-05,0.011868324130773544,0.13552986085414886,0.41009920835494995,0.9785835477268847,0.021416409173980355
